 time_ms; accl_x; accl_y; accl_z;;;;;;;;;time;acc_x;acc_y;acc_z;;;;;;
1497532;-87;92;2123;;-42,456;44,896;1036,024;;;;;1496;-0,042456;0,044896;1,036024;;;;;;1497532
1497872;-92;84;2125;;-44,896;40,992;1037;;;;;1497,872;-0,044896;0,040992;1,037;;;;;;1497872
1498205;-92;86;2124;;-44,896;41,968;1036,512;;;;;1498,205;-0,044896;0,041968;1,036512;;;;;;1498205
1498525;-88;85;2126;;-42,944;41,48;1037,488;;;;;1498,525;-0,042944;0,04148;1,037488;;;;;;1498525
1498866;-90;85;2123;;-43,92;41,48;1036,024;;;;;1498,866;-0,04392;0,04148;1,036024;;;;;;1498866
1499098;-90;89;2122;;-43,92;43,432;1035,536;;;;;1499,098;-0,04392;0,043432;1,035536;;;;;;1499098
1499417;-90;87;2124;;-43,92;42,456;1036,512;;;;;1499,417;-0,04392;0,042456;1,036512;;;;;;1499417
1499637;-91;87;2123;;-44,408;42,456;1036,024;;;;;1499,637;-0,044408;0,042456;1,036024;;;;;;1499637
1499993;-54;46;2157;;-26,352;22,448;1052,616;;;;;1499,993;-0,026352;0,022448;1,052616;;;;;;1499993
1500524;-93;80;2128;;-45,384;39,04;1038,464;;;;;1500,524;-0,045384;0,03904;1,038464;;;;;;1500524
1500857;-110;217;2135;;-53,68;105,896;1041,88;;;;;1500,857;-0,05368;0,105896;1,04188;;;;;;1500857
1501093;-164;93;2117;;-80,032;45,384;1033,096;;;;;1501,093;-0,080032;0,045384;1,033096;;;;;;1501093
1501412;-122;118;2115;;-59,536;57,584;1032,12;;;;;1501,412;-0,059536;0,057584;1,03212;;;;;;1501412
1501856;-72;77;2127;;-35,136;37,576;1037,976;;;;;1501,856;-0,035136;0,037576;1,037976;;;;;;1501856
1502196;-47;140;2104;;-22,936;68,32;1026,752;;;;;1502,196;-0,022936;0,06832;1,026752;;;;;;1502196
1502523;-92;81;2124;;-44,896;39,528;1036,512;;;;;1502,523;-0,044896;0,039528;1,036512;;;;;;1502523
1502751;-63;94;2125;;-30,744;45,872;1037;;;;;1502,751;-0,030744;0,045872;1,037;;;;;;1502751
1503073;-74;99;2124;;-36,112;48,312;1036,512;;;;;1503,073;-0,036112;0,048312;1,036512;;;;;;1503073
1503537;-91;93;2124;;-44,408;45,384;1036,512;;;;;1503,537;-0,044408;0,045384;1,036512;;;;;;1503537
1503855;-140;73;2094;;-68,32;35,624;1021,872;;;;;1503,855;-0,06832;0,035624;1,021872;;;;;;1503855
1504173;-104;64;2126;;-50,752;31,232;1037,488;;;;;1504,173;-0,050752;0,031232;1,037488;;;;;;1504173
1504531;-73;118;2114;;-35,624;57,584;1031,632;;;;;1504,531;-0,035624;0,057584;1,031632;;;;;;1504531
1504853;-16;33;2154;;-7,808;16,104;1051,152;;;;;1504,853;-0,007808;0,016104;1,051152;;;;;;1504853
1505175;-109;79;2125;;-53,192;38,552;1037;;;;;1505,175;-0,053192;0,038552;1,037;;;;;;1505175
1505532;-101;95;2125;;-49,288;46,36;1037;;;;;1505,532;-0,049288;0,04636;1,037;;;;;;1505532
1505851;-108;87;2122;;-52,704;42,456;1035,536;;;;;1505,851;-0,052704;0,042456;1,035536;;;;;;1505851
1506397;-94;91;2123;;-45,872;44,408;1036,024;;;;;1506,397;-0,045872;0,044408;1,036024;;;;;;1506397
1506632;-78;87;2125;;-38,064;42,456;1037;;;;;1506,632;-0,038064;0,042456;1,037;;;;;;1506632
1506955;-80;92;2122;;-39,04;44,896;1035,536;;;;;1506,955;-0,03904;0,044896;1,035536;;;;;;1506955
1507183;-85;85;2121;;-41,48;41,48;1035,048;;;;;1507,183;-0,04148;0,04148;1,035048;;;;;;1507183
1507510;-80;86;2125;;-39,04;41,968;1037;;;;;1507,51;-0,03904;0,041968;1,037;;;;;;1507510
1507750;-89;91;2123;;-43,432;44,408;1036,024;;;;;1507,75;-0,043432;0,044408;1,036024;;;;;;1507750
1507978;-81;85;2127;;-39,528;41,48;1037,976;;;;;1507,978;-0,039528;0,04148;1,037976;;;;;;1507978
1508509;-89;94;2127;;-43,432;45,872;1037,976;;;;;1508,509;-0,043432;0,045872;1,037976;;;;;;1508509
1508865;-82;88;2124;;-40,016;42,944;1036,512;;;;;1508,865;-0,040016;0,042944;1,036512;;;;;;1508865
1509183;-88;91;2123;;-42,944;44,408;1036,024;;;;;1509,183;-0,042944;0,044408;1,036024;;;;;;1509183
1509502;-88;87;2122;;-42,944;42,456;1035,536;;;;;1509,502;-0,042944;0,042456;1,035536;;;;;;1509502
1509836;-90;89;2125;;-43,92;43,432;1037;;;;;1509,836;-0,04392;0,043432;1,037;;;;;;1509836
1510071;-83;86;2121;;-40,504;41,968;1035,048;;;;;1510,071;-0,040504;0,041968;1,035048;;;;;;1510071
1510504;-89;90;2125;;-43,432;43,92;1037;;;;;1510,504;-0,043432;0,04392;1,037;;;;;;1510504
1510736;-89;87;2121;;-43,432;42,456;1035,048;;;;;1510,736;-0,043432;0,042456;1,035048;;;;;;1510736
1511078;-89;90;2123;;-43,432;43,92;1036,024;;;;;1511,078;-0,043432;0,04392;1,036024;;;;;;1511078
1511397;-89;90;2121;;-43,432;43,92;1035,048;;;;;1511,397;-0,043432;0,04392;1,035048;;;;;;1511397
1511625;-88;90;2126;;-42,944;43,92;1037,488;;;;;1511,625;-0,042944;0,04392;1,037488;;;;;;1511625
1511943;-86;88;2123;;-41,968;42,944;1036,024;;;;;1511,943;-0,041968;0,042944;1,036024;;;;;;1511943
1512512;-86;92;2125;;-41,968;44,896;1037;;;;;1512,512;-0,041968;0,044896;1,037;;;;;;1512512
1512834;-86;87;2124;;-41,968;42,456;1036,512;;;;;1512,834;-0,041968;0,042456;1,036512;;;;;;1512834
1513152;-86;88;2122;;-41,968;42,944;1035,536;;;;;1513,152;-0,041968;0,042944;1,035536;;;;;;1513152
1513513;-88;87;2127;;-42,944;42,456;1037,976;;;;;1513,513;-0,042944;0,042456;1,037976;;;;;;1513513
1513836;-88;92;2128;;-42,944;44,896;1038,464;;;;;1513,836;-0,042944;0,044896;1,038464;;;;;;1513836
1514173;-85;86;2126;;-41,48;41,968;1037,488;;;;;1514,173;-0,04148;0,041968;1,037488;;;;;;1514173
1514515;-87;87;2126;;-42,456;42,456;1037,488;;;;;1514,515;-0,042456;0,042456;1,037488;;;;;;1514515
1514833;-85;91;2124;;-41,48;44,408;1036,512;;;;;1514,833;-0,04148;0,044408;1,036512;;;;;;1514833
1515166;-85;87;2123;;-41,48;42,456;1036,024;;;;;1515,166;-0,04148;0,042456;1,036024;;;;;;1515166
1515527;-87;88;2127;;-42,456;42,944;1037,976;;;;;1515,527;-0,042456;0,042944;1,037976;;;;;;1515527
1515846;-85;86;2129;;-41,48;41,968;1038,952;;;;;1515,846;-0,04148;0,041968;1,038952;;;;;;1515846
1516074;-85;90;2127;;-41,48;43,92;1037,976;;;;;1516,074;-0,04148;0,04392;1,037976;;;;;;1516074
1516498;-91;89;2120;;-44,408;43,432;1034,56;;;;;1516,498;-0,044408;0,043432;1,03456;;;;;;1516498
1516736;-87;88;2128;;-42,456;42,944;1038,464;;;;;1516,736;-0,042456;0,042944;1,038464;;;;;;1516736
1516964;-89;88;2125;;-43,432;42,944;1037;;;;;1516,964;-0,043432;0,042944;1,037;;;;;;1516964
1517389;-91;87;2121;;-44,408;42,456;1035,048;;;;;1517,389;-0,044408;0,042456;1,035048;;;;;;1517389
1517852;-88;89;2124;;-42,944;43,432;1036,512;;;;;1517,852;-0,042944;0,043432;1,036512;;;;;;1517852
1518072;-87;90;2122;;-42,456;43,92;1035,536;;;;;1518,072;-0,042456;0,04392;1,035536;;;;;;1518072
1518501;-89;89;2126;;-43,432;43,432;1037,488;;;;;1518,501;-0,043432;0,043432;1,037488;;;;;;1518501
1518729;-88;88;2124;;-42,944;42,944;1036,512;;;;;1518,729;-0,042944;0,042944;1,036512;;;;;;1518729
1518965;-88;90;2123;;-42,944;43,92;1036,024;;;;;1518,965;-0,042944;0,04392;1,036024;;;;;;1518965
1519389;-90;86;2122;;-43,92;41,968;1035,536;;;;;1519,389;-0,04392;0,041968;1,035536;;;;;;1519389
1519621;-85;91;2122;;-41,48;44,408;1035,536;;;;;1519,621;-0,04148;0,044408;1,035536;;;;;;1519621
1519963;-82;87;2125;;-40,016;42,456;1037;;;;;1519,963;-0,040016;0,042456;1,037;;;;;;1519963
1520509;-93;84;2124;;-45,384;40,992;1036,512;;;;;1520,509;-0,045384;0,040992;1,036512;;;;;;1520509
1520831;-89;84;2125;;-43,432;40,992;1037;;;;;1520,831;-0,043432;0,040992;1,037;;;;;;1520831
1521172;-89;88;2123;;-43,432;42,944;1036,024;;;;;1521,172;-0,043432;0,042944;1,036024;;;;;;1521172
1521507;-84;83;2124;;-40,992;40,504;1036,512;;;;;1521,507;-0,040992;0,040504;1,036512;;;;;;1521507
1521829;-87;87;2121;;-42,456;42,456;1035,048;;;;;1521,829;-0,042456;0,042456;1,035048;;;;;;1521829
1522186;-87;88;2123;;-42,456;42,944;1036,024;;;;;1522,186;-0,042456;0,042944;1,036024;;;;;;1522186
1522509;-89;88;2126;;-43,432;42,944;1037,488;;;;;1522,509;-0,043432;0,042944;1,037488;;;;;;1522509
1522827;-88;87;2125;;-42,944;42,456;1037;;;;;1522,827;-0,042944;0,042456;1,037;;;;;;1522827
1523161;-85;87;2121;;-41,48;42,456;1035,048;;;;;1523,161;-0,04148;0,042456;1,035048;;;;;;1523161
1523507;-89;86;2124;;-43,432;41,968;1036,512;;;;;1523,507;-0,043432;0,041968;1,036512;;;;;;1523507
1523825;-87;90;2126;;-42,456;43,92;1037,488;;;;;1523,825;-0,042456;0,04392;1,037488;;;;;;1523825
1524053;-84;89;2124;;-40,992;43,432;1036,512;;;;;1524,053;-0,040992;0,043432;1,036512;;;;;;1524053
1524504;-86;87;2124;;-41,968;42,456;1036,512;;;;;1524,504;-0,041968;0,042456;1,036512;;;;;;1524504
1524837;-90;86;2122;;-43,92;41,968;1035,536;;;;;1524,837;-0,04392;0,041968;1,035536;;;;;;1524837
1525155;-89;88;2122;;-43,432;42,944;1035,536;;;;;1525,155;-0,043432;0,042944;1,035536;;;;;;1525155
1525502;-89;91;2125;;-43,432;44,408;1037;;;;;1525,502;-0,043432;0,044408;1,037;;;;;;1525502
1525734;-91;89;2127;;-44,408;43,432;1037,976;;;;;1525,734;-0,044408;0,043432;1,037976;;;;;;1525734
1526057;-87;90;2125;;-42,456;43,92;1037;;;;;1526,057;-0,042456;0,04392;1,037;;;;;;1526057
1526376;-85;87;2125;;-41,48;42,456;1037;;;;;1526,376;-0,04148;0,042456;1,037;;;;;;1526376
1526627;-90;90;2124;;-43,92;43,92;1036,512;;;;;1526,627;-0,04392;0,04392;1,036512;;;;;;1526627
1526945;-91;86;2125;;-44,408;41,968;1037;;;;;1526,945;-0,044408;0,041968;1,037;;;;;;1526945
1527492;-90;91;2123;;-43,92;44,408;1036,024;;;;;1527,492;-0,04392;0,044408;1,036024;;;;;;1527492
1527727;-86;90;2125;;-41,968;43,92;1037;;;;;1527,727;-0,041968;0,04392;1,037;;;;;;1527727
1528045;-91;90;2122;;-44,408;43,92;1035,536;;;;;1528,045;-0,044408;0,04392;1,035536;;;;;;1528045
1528494;-91;89;2125;;-44,408;43,432;1037;;;;;1528,494;-0,044408;0,043432;1,037;;;;;;1528494
1528835;-86;85;2123;;-41,968;41,48;1036,024;;;;;1528,835;-0,041968;0,04148;1,036024;;;;;;1528835
1529157;-89;88;2124;;-43,432;42,944;1036,512;;;;;1529,157;-0,043432;0,042944;1,036512;;;;;;1529157
1529496;-87;85;2125;;-42,456;41,48;1037;;;;;1529,496;-0,042456;0,04148;1,037;;;;;;1529496
1529815;-87;89;2122;;-42,456;43,432;1035,536;;;;;1529,815;-0,042456;0,043432;1,035536;;;;;;1529815
1530050;-83;86;2123;;-40,504;41,968;1036,024;;;;;1530,05;-0,040504;0,041968;1,036024;;;;;;1530050
1530385;-89;90;2123;;-43,432;43,92;1036,024;;;;;1530,385;-0,043432;0,04392;1,036024;;;;;;1530385
1530703;-90;86;2123;;-43,92;41,968;1036,024;;;;;1530,703;-0,04392;0,041968;1,036024;;;;;;1530703
1531166;-89;87;2123;;-43,432;42,456;1036,024;;;;;1531,166;-0,043432;0,042456;1,036024;;;;;;1531166
1531492;-93;89;2124;;-45,384;43,432;1036,512;;;;;1531,492;-0,045384;0,043432;1,036512;;;;;;1531492
1531810;-89;85;2123;;-43,432;41,48;1036,024;;;;;1531,81;-0,043432;0,04148;1,036024;;;;;;1531810
1532038;-88;86;2126;;-42,944;41,968;1037,488;;;;;1532,038;-0,042944;0,041968;1,037488;;;;;;1532038
1532380;-92;90;2122;;-44,896;43,92;1035,536;;;;;1532,38;-0,044896;0,04392;1,035536;;;;;;1532380
1532703;-91;89;2126;;-44,408;43,432;1037,488;;;;;1532,703;-0,044408;0,043432;1,037488;;;;;;1532703
1532931;-89;89;2122;;-43,432;43,432;1035,536;;;;;1532,931;-0,043432;0,043432;1,035536;;;;;;1532931
1533486;-90;87;2122;;-43,92;42,456;1035,536;;;;;1533,486;-0,04392;0,042456;1,035536;;;;;;1533486
1533824;-89;85;2122;;-43,432;41,48;1035,536;;;;;1533,824;-0,043432;0,04148;1,035536;;;;;;1533824
1534141;-90;91;2126;;-43,92;44,408;1037,488;;;;;1534,141;-0,04392;0,044408;1,037488;;;;;;1534141
1534487;-90;90;2122;;-43,92;43,92;1035,536;;;;;1534,487;-0,04392;0,04392;1,035536;;;;;;1534487
1534715;-86;87;2124;;-41,968;42,456;1036,512;;;;;1534,715;-0,041968;0,042456;1,036512;;;;;;1534715
1535034;-88;87;2125;;-42,944;42,456;1037;;;;;1535,034;-0,042944;0,042456;1,037;;;;;;1535034
1535500;-88;87;2125;;-42,944;42,456;1037;;;;;1535,5;-0,042944;0,042456;1,037;;;;;;1535500
1535818;-87;87;2123;;-42,456;42,456;1036,024;;;;;1535,818;-0,042456;0,042456;1,036024;;;;;;1535818
1536137;-86;90;2124;;-41,968;43,92;1036,512;;;;;1536,137;-0,041968;0,04392;1,036512;;;;;;1536137
1536475;-86;88;2126;;-41,968;42,944;1037,488;;;;;1536,475;-0,041968;0,042944;1,037488;;;;;;1536475
1536715;-88;89;2118;;-42,944;43,432;1033,584;;;;;1536,715;-0,042944;0,043432;1,033584;;;;;;1536715
1537032;-90;85;2123;;-43,92;41,48;1036,024;;;;;1537,032;-0,04392;0,04148;1,036024;;;;;;1537032
1537477;-89;91;2122;;-43,432;44,408;1035,536;;;;;1537,477;-0,043432;0,044408;1,035536;;;;;;1537477
1537817;-86;91;2123;;-41,968;44,408;1036,024;;;;;1537,817;-0,041968;0,044408;1,036024;;;;;;1537817
1538150;-92;87;2124;;-44,896;42,456;1036,512;;;;;1538,15;-0,044896;0,042456;1,036512;;;;;;1538150
1538470;-89;89;2126;;-43,432;43,432;1037,488;;;;;1538,47;-0,043432;0,043432;1,037488;;;;;;1538470
1538811;-90;88;2129;;-43,92;42,944;1038,952;;;;;1538,811;-0,04392;0,042944;1,038952;;;;;;1538811
1539039;-89;85;2125;;-43,432;41,48;1037;;;;;1539,039;-0,043432;0,04148;1,037;;;;;;1539039
1539362;-89;89;2124;;-43,432;43,432;1036,512;;;;;1539,362;-0,043432;0,043432;1,036512;;;;;;1539362
1539681;-88;91;2125;;-42,944;44,408;1037;;;;;1539,681;-0,042944;0,044408;1,037;;;;;;1539681
1539931;-89;87;2126;;-43,432;42,456;1037,488;;;;;1539,931;-0,043432;0,042456;1,037488;;;;;;1539931
1540475;-91;88;2123;;-44,408;42,944;1036,024;;;;;1540,475;-0,044408;0,042944;1,036024;;;;;;1540475
1540809;-91;85;2125;;-44,408;41,48;1037;;;;;1540,809;-0,044408;0,04148;1,037;;;;;;1540809
1541045;-85;91;2124;;-41,48;44,408;1036,512;;;;;1541,045;-0,04148;0,044408;1,036512;;;;;;1541045
1541469;-92;87;2124;;-44,896;42,456;1036,512;;;;;1541,469;-0,044896;0,042456;1,036512;;;;;;1541469
1541807;-90;89;2126;;-43,92;43,432;1037,488;;;;;1541,807;-0,04392;0,043432;1,037488;;;;;;1541807
1542148;-89;88;2122;;-43,432;42,944;1035,536;;;;;1542,148;-0,043432;0,042944;1,035536;;;;;;1542148
1542467;-87;88;2120;;-42,456;42,944;1034,56;;;;;1542,467;-0,042456;0,042944;1,03456;;;;;;1542467
1542695;-89;90;2123;;-43,432;43,92;1036,024;;;;;1542,695;-0,043432;0,04392;1,036024;;;;;;1542695
1543013;-89;84;2122;;-43,432;40,992;1035,536;;;;;1543,013;-0,043432;0,040992;1,035536;;;;;;1543013
1543369;-89;88;2125;;-43,432;42,944;1037;;;;;1543,369;-0,043432;0,042944;1,037;;;;;;1543369
1543597;-88;87;2124;;-42,944;42,456;1036,512;;;;;1543,597;-0,042944;0,042456;1,036512;;;;;;1543597
1543915;-87;89;2124;;-42,456;43,432;1036,512;;;;;1543,915;-0,042456;0,043432;1,036512;;;;;;1543915
1544633;-92;86;2121;;-44,896;41,968;1035,048;;;;;1544,633;-0,044896;0,041968;1,035048;;;;;;1544633
1544951;-91;89;2124;;-44,408;43,432;1036,512;;;;;1544,951;-0,044408;0,043432;1,036512;;;;;;1544951
1545284;-92;87;2126;;-44,896;42,456;1037,488;;;;;1545,284;-0,044896;0,042456;1,037488;;;;;;1545284
1545627;-87;85;2128;;-42,456;41,48;1038,464;;;;;1545,627;-0,042456;0,04148;1,038464;;;;;;1545627
1545945;-91;88;2124;;-44,408;42,944;1036,512;;;;;1545,945;-0,044408;0,042944;1,036512;;;;;;1545945
1546278;-88;82;2123;;-42,944;40,016;1036,024;;;;;1546,278;-0,042944;0,040016;1,036024;;;;;;1546278
1546625;-89;92;2124;;-43,432;44,896;1036,512;;;;;1546,625;-0,043432;0,044896;1,036512;;;;;;1546625
1546943;-93;85;2123;;-45,384;41,48;1036,024;;;;;1546,943;-0,045384;0,04148;1,036024;;;;;;1546943
1547175;-86;89;2122;;-41,968;43,432;1035,536;;;;;1547,175;-0,041968;0,043432;1,035536;;;;;;1547175
1547600;-87;86;2124;;-42,456;41,968;1036,512;;;;;1547,6;-0,042456;0,041968;1,036512;;;;;;1547600
1547836;-89;91;2126;;-43,432;44,408;1037,488;;;;;1547,836;-0,043432;0,044408;1,037488;;;;;;1547836
1548068;-90;85;2123;;-43,92;41,48;1036,024;;;;;1548,068;-0,04392;0,04148;1,036024;;;;;;1548068
1548493;-91;88;2124;;-44,408;42,944;1036,512;;;;;1548,493;-0,044408;0,042944;1,036512;;;;;;1548493
1548956;-82;89;2122;;-40,016;43,432;1035,536;;;;;1548,956;-0,040016;0,043432;1,035536;;;;;;1548956
1549273;-85;93;2123;;-41,48;45,384;1036,024;;;;;1549,273;-0,04148;0,045384;1,036024;;;;;;1549273
1549597;-84;85;2121;;-40,992;41,48;1035,048;;;;;1549,597;-0,040992;0,04148;1,035048;;;;;;1549597
1549829;-91;91;2124;;-44,408;44,408;1036,512;;;;;1549,829;-0,044408;0,044408;1,036512;;;;;;1549829
1550065;-94;80;2122;;-45,872;39,04;1035,536;;;;;1550,065;-0,045872;0,03904;1,035536;;;;;;1550065
1550490;-85;91;2127;;-41,48;44,408;1037,976;;;;;1550,49;-0,04148;0,044408;1,037976;;;;;;1550490
1550718;-91;83;2125;;-44,408;40,504;1037;;;;;1550,718;-0,044408;0,040504;1,037;;;;;;1550718
1551059;-87;91;2119;;-42,456;44,408;1034,072;;;;;1551,059;-0,042456;0,044408;1,034072;;;;;;1551059
1551615;-90;89;2124;;-43,92;43,432;1036,512;;;;;1551,615;-0,04392;0,043432;1,036512;;;;;;1551615
1551933;-96;90;2125;;-46,848;43,92;1037;;;;;1551,933;-0,046848;0,04392;1,037;;;;;;1551933
1552273;-87;87;2123;;-42,456;42,456;1036,024;;;;;1552,273;-0,042456;0,042456;1,036024;;;;;;1552273
1552615;-93;87;2123;;-45,384;42,456;1036,024;;;;;1552,615;-0,045384;0,042456;1,036024;;;;;;1552615
1552933;-90;89;2125;;-43,92;43,432;1037;;;;;1552,933;-0,04392;0,043432;1,037;;;;;;1552933
1553289;-90;88;2125;;-43,92;42,944;1037;;;;;1553,289;-0,04392;0,042944;1,037;;;;;;1553289
1553609;-88;87;2123;;-42,944;42,456;1036,024;;;;;1553,609;-0,042944;0,042456;1,036024;;;;;;1553609
1553927;-88;88;2126;;-42,944;42,944;1037,488;;;;;1553,927;-0,042944;0,042944;1,037488;;;;;;1553927
1554260;-89;89;2122;;-43,432;43,432;1035,536;;;;;1554,26;-0,043432;0,043432;1,035536;;;;;;1554260
1554603;-88;84;2125;;-42,944;40,992;1037;;;;;1554,603;-0,042944;0,040992;1,037;;;;;;1554603
1554921;-91;91;2124;;-44,408;44,408;1036,512;;;;;1554,921;-0,044408;0,044408;1,036512;;;;;;1554921
1555153;-91;87;2124;;-44,408;42,456;1036,512;;;;;1555,153;-0,044408;0,042456;1,036512;;;;;;1555153
1555605;-87;87;2126;;-42,456;42,456;1037,488;;;;;1555,605;-0,042456;0,042456;1,037488;;;;;;1555605
1555943;-88;86;2127;;-42,944;41,968;1037,976;;;;;1555,943;-0,042944;0,041968;1,037976;;;;;;1555943
1556260;-91;86;2126;;-44,408;41,968;1037,488;;;;;1556,26;-0,044408;0,041968;1,037488;;;;;;1556260
1556607;-85;89;2125;;-41,48;43,432;1037;;;;;1556,607;-0,04148;0,043432;1,037;;;;;;1556607
1556835;-90;87;2126;;-43,92;42,456;1037,488;;;;;1556,835;-0,04392;0,042456;1,037488;;;;;;1556835
1557153;-92;87;2124;;-44,896;42,456;1036,512;;;;;1557,153;-0,044896;0,042456;1,036512;;;;;;1557153
1557472;-86;87;2126;;-41,968;42,456;1037,488;;;;;1557,472;-0,041968;0,042456;1,037488;;;;;;1557472
1557727;-86;85;2122;;-41,968;41,48;1035,536;;;;;1557,727;-0,041968;0,04148;1,035536;;;;;;1557727
1558045;-89;92;2124;;-43,432;44,896;1036,512;;;;;1558,045;-0,043432;0,044896;1,036512;;;;;;1558045
1558596;-88;86;2122;;-42,944;41,968;1035,536;;;;;1558,596;-0,042944;0,041968;1,035536;;;;;;1558596
1558832;-85;87;2123;;-41,48;42,456;1036,024;;;;;1558,832;-0,04148;0,042456;1,036024;;;;;;1558832
1559150;-90;89;2125;;-43,92;43,432;1037;;;;;1559,15;-0,04392;0,043432;1,037;;;;;;1559150
1559595;-92;88;2125;;-44,896;42,944;1037;;;;;1559,595;-0,044896;0,042944;1,037;;;;;;1559595
1559936;-87;86;2125;;-42,456;41,968;1037;;;;;1559,936;-0,042456;0,041968;1,037;;;;;;1559936
1560253;-81;85;2124;;-39,528;41,48;1036,512;;;;;1560,253;-0,039528;0,04148;1,036512;;;;;;1560253
1560592;-88;92;2124;;-42,944;44,896;1036,512;;;;;1560,592;-0,042944;0,044896;1,036512;;;;;;1560592
1560911;-87;85;2124;;-42,456;41,48;1036,512;;;;;1560,911;-0,042456;0,04148;1,036512;;;;;;1560911
1561146;-89;87;2124;;-43,432;42,456;1036,512;;;;;1561,146;-0,043432;0,042456;1,036512;;;;;;1561146
1561485;-89;87;2123;;-43,432;42,456;1036,024;;;;;1561,485;-0,043432;0,042456;1,036024;;;;;;1561485
1561803;-87;86;2125;;-42,456;41,968;1037;;;;;1561,803;-0,042456;0,041968;1,037;;;;;;1561803
1562265;-85;88;2123;;-41,48;42,944;1036,024;;;;;1562,265;-0,04148;0,042944;1,036024;;;;;;1562265
1562589;-90;87;2126;;-43,92;42,456;1037,488;;;;;1562,589;-0,04392;0,042456;1,037488;;;;;;1562589
1562916;-88;89;2123;;-42,944;43,432;1036,024;;;;;1562,916;-0,042944;0,043432;1,036024;;;;;;1562916
1563167;-87;87;2122;;-42,456;42,456;1035,536;;;;;1563,167;-0,042456;0,042456;1,035536;;;;;;1563167
1563486;-88;86;2123;;-42,944;41,968;1036,024;;;;;1563,486;-0,042944;0,041968;1,036024;;;;;;1563486
1563804;-87;90;2124;;-42,456;43,92;1036,512;;;;;1563,804;-0,042456;0,04392;1,036512;;;;;;1563804
1564032;-87;89;2127;;-42,456;43,432;1037,976;;;;;1564,032;-0,042456;0,043432;1,037976;;;;;;1564032
1564484;-88;89;2123;;-42,944;43,432;1036,024;;;;;1564,484;-0,042944;0,043432;1,036024;;;;;;1564484
1564924;-87;89;2124;;-42,456;43,432;1036,512;;;;;1564,924;-0,042456;0,043432;1,036512;;;;;;1564924
1565242;-87;88;2129;;-42,456;42,944;1038,952;;;;;1565,242;-0,042456;0,042944;1,038952;;;;;;1565242
1565588;-87;88;2122;;-42,456;42,944;1035,536;;;;;1565,588;-0,042456;0,042944;1,035536;;;;;;1565588
1565816;-90;88;2126;;-43,92;42,944;1037,488;;;;;1565,816;-0,04392;0,042944;1,037488;;;;;;1565816
1566135;-88;87;2124;;-42,944;42,456;1036,512;;;;;1566,135;-0,042944;0,042456;1,036512;;;;;;1566135
1566607;-90;89;2124;;-43,92;43,432;1036,512;;;;;1566,607;-0,04392;0,043432;1,036512;;;;;;1566607
1566925;-86;87;2124;;-41,968;42,456;1036,512;;;;;1566,925;-0,041968;0,042456;1,036512;;;;;;1566925
1567243;-90;91;2122;;-43,92;44,408;1035,536;;;;;1567,243;-0,04392;0,044408;1,035536;;;;;;1567243
1567609;-83;91;2123;;-40,504;44,408;1036,024;;;;;1567,609;-0,040504;0,044408;1,036024;;;;;;1567609
1567927;-91;90;2128;;-44,408;43,92;1038,464;;;;;1567,927;-0,044408;0,04392;1,038464;;;;;;1567927
1568249;-88;90;2125;;-42,944;43,92;1037;;;;;1568,249;-0,042944;0,04392;1,037;;;;;;1568249
1568584;-86;90;2124;;-41,968;43,92;1036,512;;;;;1568,584;-0,041968;0,04392;1,036512;;;;;;1568584
1568819;-88;89;2124;;-42,944;43,432;1036,512;;;;;1568,819;-0,042944;0,043432;1,036512;;;;;;1568819
1569137;-92;92;2127;;-44,896;44,896;1037,976;;;;;1569,137;-0,044896;0,044896;1,037976;;;;;;1569137
1569472;-90;86;2124;;-43,92;41,968;1036,512;;;;;1569,472;-0,04392;0,041968;1,036512;;;;;;1569472
1569919;-87;88;2124;;-42,456;42,944;1036,512;;;;;1569,919;-0,042456;0,042944;1,036512;;;;;;1569919
1570252;-89;87;2124;;-43,432;42,456;1036,512;;;;;1570,252;-0,043432;0,042456;1,036512;;;;;;1570252
1570580;-87;89;2123;;-42,456;43,432;1036,024;;;;;1570,58;-0,042456;0,043432;1,036024;;;;;;1570580
1571047;-89;91;2123;;-43,432;44,408;1036,024;;;;;1571,047;-0,043432;0,044408;1,036024;;;;;;1571047
1571577;-89;90;2123;;-43,432;43,92;1036,024;;;;;1571,577;-0,043432;0,04392;1,036024;;;;;;1571577
1571911;-88;89;2126;;-42,944;43,432;1037,488;;;;;1571,911;-0,042944;0,043432;1,037488;;;;;;1571911
1572146;-85;91;2126;;-41,48;44,408;1037,488;;;;;1572,146;-0,04148;0,044408;1,037488;;;;;;1572146
1572571;-92;90;2123;;-44,896;43,92;1036,024;;;;;1572,571;-0,044896;0,04392;1,036024;;;;;;1572571
1572904;-81;87;2126;;-39,528;42,456;1037,488;;;;;1572,904;-0,039528;0,042456;1,037488;;;;;;1572904
1573245;-91;90;2126;;-44,408;43,92;1037,488;;;;;1573,245;-0,044408;0,04392;1,037488;;;;;;1573245
1573572;-85;89;2126;;-41,48;43,432;1037,488;;;;;1573,572;-0,04148;0,043432;1,037488;;;;;;1573572
1573804;-85;89;2126;;-41,48;43,432;1037,488;;;;;1573,804;-0,04148;0,043432;1,037488;;;;;;1573804
1574126;-90;89;2125;;-43,92;43,432;1037;;;;;1574,126;-0,04392;0,043432;1,037;;;;;;1574126
1574469;-94;88;2125;;-45,872;42,944;1037;;;;;1574,469;-0,045872;0,042944;1,037;;;;;;1574469
1574697;-85;86;2124;;-41,48;41,968;1036,512;;;;;1574,697;-0,04148;0,041968;1,036512;;;;;;1574697
1575015;-84;87;2125;;-40,992;42,456;1037;;;;;1575,015;-0,040992;0,042456;1,037;;;;;;1575015
1575586;-86;91;2125;;-41,968;44,408;1037;;;;;1575,586;-0,041968;0,044408;1,037;;;;;;1575586
1575904;-84;88;2123;;-40,992;42,944;1036,024;;;;;1575,904;-0,040992;0,042944;1,036024;;;;;;1575904
1576226;-87;88;2124;;-42,456;42,944;1036,512;;;;;1576,226;-0,042456;0,042944;1,036512;;;;;;1576226
1576588;-86;88;2120;;-41,968;42,944;1034,56;;;;;1576,588;-0,041968;0,042944;1,03456;;;;;;1576588
1576906;-88;91;2125;;-42,944;44,408;1037;;;;;1576,906;-0,042944;0,044408;1,037;;;;;;1576906
1577239;-81;90;2122;;-39,528;43,92;1035,536;;;;;1577,239;-0,039528;0,04392;1,035536;;;;;;1577239
1577581;-87;91;2124;;-42,456;44,408;1036,512;;;;;1577,581;-0,042456;0,044408;1,036512;;;;;;1577581
1577904;-83;90;2126;;-40,504;43,92;1037,488;;;;;1577,904;-0,040504;0,04392;1,037488;;;;;;1577904
1578132;-86;86;2124;;-41,968;41,968;1036,512;;;;;1578,132;-0,041968;0,041968;1,036512;;;;;;1578132
1578455;-92;94;2123;;-44,896;45,872;1036,024;;;;;1578,455;-0,044896;0,045872;1,036024;;;;;;1578455
1578694;-91;89;2124;;-44,408;43,432;1036,512;;;;;1578,694;-0,044408;0,043432;1,036512;;;;;;1578694
1579134;-89;91;2124;;-43,432;44,408;1036,512;;;;;1579,134;-0,043432;0,044408;1,036512;;;;;;1579134
1579563;-89;88;2123;;-43,432;42,944;1036,024;;;;;1579,563;-0,043432;0,042944;1,036024;;;;;;1579563
1579919;-89;86;2125;;-43,432;41,968;1037;;;;;1579,919;-0,043432;0,041968;1,037;;;;;;1579919
1580237;-91;87;2122;;-44,408;42,456;1035,536;;;;;1580,237;-0,044408;0,042456;1,035536;;;;;;1580237
1580557;-87;88;2124;;-42,456;42,944;1036,512;;;;;1580,557;-0,042456;0,042944;1,036512;;;;;;1580557
1580914;-90;89;2121;;-43,92;43,432;1035,048;;;;;1580,914;-0,04392;0,043432;1,035048;;;;;;1580914
1581232;-87;87;2124;;-42,456;42,456;1036,512;;;;;1581,232;-0,042456;0,042456;1,036512;;;;;;1581232
1581559;-88;87;2125;;-42,944;42,456;1037;;;;;1581,559;-0,042944;0,042456;1,037;;;;;;1581559
1581787;-86;88;2124;;-41,968;42,944;1036,512;;;;;1581,787;-0,041968;0,042944;1,036512;;;;;;1581787
1582128;-87;85;2122;;-42,456;41,48;1035,536;;;;;1582,128;-0,042456;0,04148;1,035536;;;;;;1582128
1582572;-87;86;2125;;-42,456;41,968;1037;;;;;1582,572;-0,042456;0,041968;1,037;;;;;;1582572
1582890;-89;85;2123;;-43,432;41,48;1036,024;;;;;1582,89;-0,043432;0,04148;1,036024;;;;;;1582890
1583125;-87;87;2121;;-42,456;42,456;1035,048;;;;;1583,125;-0,042456;0,042456;1,035048;;;;;;1583125
1583566;-90;85;2125;;-43,92;41,48;1037;;;;;1583,566;-0,04392;0,04148;1,037;;;;;;1583566
1583889;-88;89;2122;;-42,944;43,432;1035,536;;;;;1583,889;-0,042944;0,043432;1,035536;;;;;;1583889
1584229;-88;86;2126;;-42,944;41,968;1037,488;;;;;1584,229;-0,042944;0,041968;1,037488;;;;;;1584229
1584568;-89;87;2125;;-43,432;42,456;1037;;;;;1584,568;-0,043432;0,042456;1,037;;;;;;1584568
1584886;-88;86;2124;;-42,944;41,968;1036,512;;;;;1584,886;-0,042944;0,041968;1,036512;;;;;;1584886
1585223;-88;89;2127;;-42,944;43,432;1037,976;;;;;1585,223;-0,042944;0,043432;1,037976;;;;;;1585223
1585568;-89;89;2123;;-43,432;43,432;1036,024;;;;;1585,568;-0,043432;0,043432;1,036024;;;;;;1585568
1585887;-87;91;2122;;-42,456;44,408;1035,536;;;;;1585,887;-0,042456;0,044408;1,035536;;;;;;1585887
1586220;-87;90;2124;;-42,456;43,92;1036,512;;;;;1586,22;-0,042456;0,04392;1,036512;;;;;;1586220
1586566;-87;86;2123;;-42,456;41,968;1036,024;;;;;1586,566;-0,042456;0,041968;1,036024;;;;;;1586566
1586885;-86;86;2122;;-41,968;41,968;1035,536;;;;;1586,885;-0,041968;0,041968;1,035536;;;;;;1586885
1587112;-87;88;2124;;-42,456;42,944;1036,512;;;;;1587,112;-0,042456;0,042944;1,036512;;;;;;1587112
1587560;-89;86;2127;;-43,432;41,968;1037,976;;;;;1587,56;-0,043432;0,041968;1,037976;;;;;;1587560
1588000;-92;86;2124;;-44,896;41,968;1036,512;;;;;1588;-0,044896;0,041968;1,036512;;;;;;1588000
1588424;-89;86;2127;;-43,432;41,968;1037,976;;;;;1588,424;-0,043432;0,041968;1,037976;;;;;;1588424
1588665;-85;86;2123;;-41,48;41,968;1036,024;;;;;1588,665;-0,04148;0,041968;1,036024;;;;;;1588665
1588897;-87;85;2125;;-42,456;41,48;1037;;;;;1588,897;-0,042456;0,04148;1,037;;;;;;1588897
1589215;-86;88;2123;;-41,968;42,944;1036,024;;;;;1589,215;-0,041968;0,042944;1,036024;;;;;;1589215
1589543;-86;89;2124;;-41,968;43,432;1036,512;;;;;1589,543;-0,041968;0,043432;1,036512;;;;;;1589543
1589794;-85;86;2122;;-41,48;41,968;1035,536;;;;;1589,794;-0,04148;0,041968;1,035536;;;;;;1589794
1590112;-88;88;2124;;-42,944;42,944;1036,512;;;;;1590,112;-0,042944;0,042944;1,036512;;;;;;1590112
1590431;-87;90;2126;;-42,456;43,92;1037,488;;;;;1590,431;-0,042456;0,04392;1,037488;;;;;;1590431
1590659;-87;89;2124;;-42,456;43,432;1036,512;;;;;1590,659;-0,042456;0,043432;1,036512;;;;;;1590659
1591000;-87;87;2122;;-42,456;42,456;1035,536;;;;;1591;-0,042456;0,042456;1,035536;;;;;;1591000
1591551;-88;89;2122;;-42,944;43,432;1035,536;;;;;1591,551;-0,042944;0,043432;1,035536;;;;;;1591551
1591873;-87;89;2121;;-42,456;43,432;1035,048;;;;;1591,873;-0,042456;0,043432;1,035048;;;;;;1591873
1592108;-88;86;2125;;-42,944;41,968;1037;;;;;1592,108;-0,042944;0,041968;1,037;;;;;;1592108
1592549;-91;85;2125;;-44,408;41,48;1037;;;;;1592,549;-0,044408;0,04148;1,037;;;;;;1592549
1592871;-86;91;2125;;-41,968;44,408;1037;;;;;1592,871;-0,041968;0,044408;1,037;;;;;;1592871
1593227;-88;86;2125;;-42,944;41,968;1037;;;;;1593,227;-0,042944;0,041968;1,037;;;;;;1593227
1593546;-89;88;2126;;-43,432;42,944;1037,488;;;;;1593,546;-0,043432;0,042944;1,037488;;;;;;1593546
1593865;-86;87;2125;;-41,968;42,456;1037;;;;;1593,865;-0,041968;0,042456;1,037;;;;;;1593865
1594221;-86;87;2124;;-41,968;42,456;1036,512;;;;;1594,221;-0,041968;0,042456;1,036512;;;;;;1594221
1594548;-88;89;2124;;-42,944;43,432;1036,512;;;;;1594,548;-0,042944;0,043432;1,036512;;;;;;1594548
1594867;-85;88;2121;;-41,48;42,944;1035,048;;;;;1594,867;-0,04148;0,042944;1,035048;;;;;;1594867
1595095;-86;90;2124;;-41,968;43,92;1036,512;;;;;1595,095;-0,041968;0,04392;1,036512;;;;;;1595095
1595547;-89;89;2125;;-43,432;43,432;1037;;;;;1595,547;-0,043432;0,043432;1,037;;;;;;1595547
1595881;-89;87;2123;;-43,432;42,456;1036,024;;;;;1595,881;-0,043432;0,042456;1,036024;;;;;;1595881
1596199;-89;90;2123;;-43,432;43,92;1036,024;;;;;1596,199;-0,043432;0,04392;1,036024;;;;;;1596199
1596541;-85;86;2125;;-41,48;41,968;1037;;;;;1596,541;-0,04148;0,041968;1,037;;;;;;1596541
1596879;-91;86;2123;;-44,408;41,968;1036,024;;;;;1596,879;-0,044408;0,041968;1,036024;;;;;;1596879
1597197;-88;86;2123;;-42,944;41,968;1036,024;;;;;1597,197;-0,042944;0,041968;1,036024;;;;;;1597197
1597546;-89;88;2125;;-43,432;42,944;1037;;;;;1597,546;-0,043432;0,042944;1,037;;;;;;1597546
1597774;-90;87;2124;;-43,92;42,456;1036,512;;;;;1597,774;-0,04392;0,042456;1,036512;;;;;;1597774
1598092;-89;90;2123;;-43,432;43,92;1036,024;;;;;1598,092;-0,043432;0,04392;1,036024;;;;;;1598092
1598532;-85;90;2124;;-41,48;43,92;1036,512;;;;;1598,532;-0,04148;0,04392;1,036512;;;;;;1598532
1598767;-88;88;2122;;-42,944;42,944;1035,536;;;;;1598,767;-0,042944;0,042944;1,035536;;;;;;1598767
1599086;-88;85;2122;;-42,944;41,48;1035,536;;;;;1599,086;-0,042944;0,04148;1,035536;;;;;;1599086
1599526;-90;89;2122;;-43,92;43,432;1035,536;;;;;1599,526;-0,04392;0,043432;1,035536;;;;;;1599526
1599866;-87;89;2125;;-42,456;43,432;1037;;;;;1599,866;-0,042456;0,043432;1,037;;;;;;1599866
1600189;-87;88;2126;;-42,456;42,944;1037,488;;;;;1600,189;-0,042456;0,042944;1,037488;;;;;;1600189
1600532;-89;88;2123;;-43,432;42,944;1036,024;;;;;1600,532;-0,043432;0,042944;1,036024;;;;;;1600532
1600875;-88;88;2124;;-42,944;42,944;1036,512;;;;;1600,875;-0,042944;0,042944;1,036512;;;;;;1600875
1601422;-87;85;2122;;-42,456;41,48;1035,536;;;;;1601,422;-0,042456;0,04148;1,035536;;;;;;1601422
1601739;-85;86;2121;;-41,48;41,968;1035,048;;;;;1601,739;-0,04148;0,041968;1,035048;;;;;;1601739
1601975;-90;87;2125;;-43,92;42,456;1037;;;;;1601,975;-0,04392;0,042456;1,037;;;;;;1601975
1602202;-88;87;2125;;-42,944;42,456;1037;;;;;1602,202;-0,042944;0,042456;1,037;;;;;;1602202
1602526;-89;87;2125;;-43,432;42,456;1037;;;;;1602,526;-0,043432;0,042456;1,037;;;;;;1602526
1602844;-89;86;2123;;-43,432;41,968;1036,024;;;;;1602,844;-0,043432;0,041968;1,036024;;;;;;1602844
1603096;-88;86;2123;;-42,944;41,968;1036,024;;;;;1603,096;-0,042944;0,041968;1,036024;;;;;;1603096
1603420;-77;95;2125;;-37,576;46,36;1037;;;;;1603,42;-0,037576;0,04636;1,037;;;;;;1603420
1603738;-103;95;2123;;-50,264;46,36;1036,024;;;;;1603,738;-0,050264;0,04636;1,036024;;;;;;1603738
1603966;-5;78;2124;;-2,44;38,064;1036,512;;;;;1603,966;-0,00244;0,038064;1,036512;;;;;;1603966
1604417;-146;-136;2138;;-71,248;-66,368;1043,344;;;;;1604,417;-0,071248;-0,066368;1,043344;;;;;;1604417
1604857;-37;-29;2137;;-18,056;-14,152;1042,856;;;;;1604,857;-0,018056;-0,014152;1,042856;;;;;;1604857
1605179;-66;47;2128;;-32,208;22,936;1038,464;;;;;1605,179;-0,032208;0,022936;1,038464;;;;;;1605179
1605521;-102;110;2122;;-49,776;53,68;1035,536;;;;;1605,521;-0,049776;0,05368;1,035536;;;;;;1605521
1605749;-118;108;2119;;-57,584;52,704;1034,072;;;;;1605,749;-0,057584;0,052704;1,034072;;;;;;1605749
1606068;-108;107;2120;;-52,704;52,216;1034,56;;;;;1606,068;-0,052704;0,052216;1,03456;;;;;;1606068
1606539;-87;98;2126;;-42,456;47,824;1037,488;;;;;1606,539;-0,042456;0,047824;1,037488;;;;;;1606539
1606857;-80;85;2127;;-39,04;41,48;1037,976;;;;;1606,857;-0,03904;0,04148;1,037976;;;;;;1606857
1607175;-81;84;2126;;-39,528;40,992;1037,488;;;;;1607,175;-0,039528;0,040992;1,037488;;;;;;1607175
1607533;-85;86;2128;;-41,48;41,968;1038,464;;;;;1607,533;-0,04148;0,041968;1,038464;;;;;;1607533
1607855;-87;90;2124;;-42,456;43,92;1036,512;;;;;1607,855;-0,042456;0,04392;1,036512;;;;;;1607855
1608177;-90;90;2123;;-43,92;43,92;1036,024;;;;;1608,177;-0,04392;0,04392;1,036024;;;;;;1608177
1608512;-86;82;2124;;-41,968;40,016;1036,512;;;;;1608,512;-0,041968;0,040016;1,036512;;;;;;1608512
1608748;-83;83;2126;;-40,504;40,504;1037,488;;;;;1608,748;-0,040504;0,040504;1,037488;;;;;;1608748
1609065;-83;82;2128;;-40,504;40,016;1038,464;;;;;1609,065;-0,040504;0,040016;1,038464;;;;;;1609065
1609404;-90;89;2123;;-43,92;43,432;1036,024;;;;;1609,404;-0,04392;0,043432;1,036024;;;;;;1609404
1609852;-91;91;2128;;-44,408;44,408;1038,464;;;;;1609,852;-0,044408;0,044408;1,038464;;;;;;1609852
1610185;-95;92;2124;;-46,36;44,896;1036,512;;;;;1610,185;-0,04636;0,044896;1,036512;;;;;;1610185
1610508;-83;87;2124;;-40,504;42,456;1036,512;;;;;1610,508;-0,040504;0,042456;1,036512;;;;;;1610508
1610851;-87;87;2123;;-42,456;42,456;1036,024;;;;;1610,851;-0,042456;0,042456;1,036024;;;;;;1610851
1611079;-90;88;2121;;-43,92;42,944;1035,048;;;;;1611,079;-0,04392;0,042944;1,035048;;;;;;1611079
1611507;-85;87;2122;;-41,48;42,456;1035,536;;;;;1611,507;-0,04148;0,042456;1,035536;;;;;;1611507
1611841;-83;85;2121;;-40,504;41,48;1035,048;;;;;1611,841;-0,040504;0,04148;1,035048;;;;;;1611841
1612081;-88;88;2124;;-42,944;42,944;1036,512;;;;;1612,081;-0,042944;0,042944;1,036512;;;;;;1612081
1612404;-88;89;2127;;-42,944;43,432;1037,976;;;;;1612,404;-0,042944;0,043432;1,037976;;;;;;1612404
1612844;-89;84;2123;;-43,432;40,992;1036,024;;;;;1612,844;-0,043432;0,040992;1,036024;;;;;;1612844
1613189;-87;90;2125;;-42,456;43,92;1037;;;;;1613,189;-0,042456;0,04392;1,037;;;;;;1613189
1613508;-90;88;2125;;-43,92;42,944;1037;;;;;1613,508;-0,04392;0,042944;1,037;;;;;;1613508
1613736;-89;90;2125;;-43,432;43,92;1037;;;;;1613,736;-0,043432;0,04392;1,037;;;;;;1613736
1614055;-88;85;2124;;-42,944;41,48;1036,512;;;;;1614,055;-0,042944;0,04148;1,036512;;;;;;1614055
1614397;-86;87;2127;;-41,968;42,456;1037,976;;;;;1614,397;-0,041968;0,042456;1,037976;;;;;;1614397
1614625;-90;85;2125;;-43,92;41,48;1037;;;;;1614,625;-0,04392;0,04148;1,037;;;;;;1614625
1614943;-90;87;2124;;-43,92;42,456;1036,512;;;;;1614,943;-0,04392;0,042456;1,036512;;;;;;1614943
1615523;-88;85;2125;;-42,944;41,48;1037;;;;;1615,523;-0,042944;0,04148;1,037;;;;;;1615523
1615841;-88;85;2124;;-42,944;41,48;1036,512;;;;;1615,841;-0,042944;0,04148;1,036512;;;;;;1615841
1616160;-88;88;2124;;-42,944;42,944;1036,512;;;;;1616,16;-0,042944;0,042944;1,036512;;;;;;1616160
1616520;-91;85;2118;;-44,408;41,48;1033,584;;;;;1616,52;-0,044408;0,04148;1,033584;;;;;;1616520
1616838;-83;88;2124;;-40,504;42,944;1036,512;;;;;1616,838;-0,040504;0,042944;1,036512;;;;;;1616838
1617171;-85;86;2123;;-41,48;41,968;1036,024;;;;;1617,171;-0,04148;0,041968;1,036024;;;;;;1617171
1617513;-87;85;2127;;-42,456;41,48;1037,976;;;;;1617,513;-0,042456;0,04148;1,037976;;;;;;1617513
1617832;-90;88;2126;;-43,92;42,944;1037,488;;;;;1617,832;-0,04392;0,042944;1,037488;;;;;;1617832
1618060;-89;88;2125;;-43,432;42,944;1037;;;;;1618,06;-0,043432;0,042944;1,037;;;;;;1618060
1618387;-91;87;2124;;-44,408;42,456;1036,512;;;;;1618,387;-0,044408;0,042456;1,036512;;;;;;1618387
1618622;-87;85;2124;;-42,456;41,48;1036,512;;;;;1618,622;-0,042456;0,04148;1,036512;;;;;;1618622
1619066;-92;88;2125;;-44,896;42,944;1037;;;;;1619,066;-0,044896;0,042944;1,037;;;;;;1619066
1619491;-85;86;2125;;-41,48;41,968;1037;;;;;1619,491;-0,04148;0,041968;1,037;;;;;;1619491
1619847;-89;88;2125;;-43,432;42,944;1037;;;;;1619,847;-0,043432;0,042944;1,037;;;;;;1619847
1620165;-86;85;2127;;-41,968;41,48;1037,976;;;;;1620,165;-0,041968;0,04148;1,037976;;;;;;1620165
1620485;-92;88;2122;;-44,896;42,944;1035,536;;;;;1620,485;-0,044896;0,042944;1,035536;;;;;;1620485
1620843;-89;89;2126;;-43,432;43,432;1037,488;;;;;1620,843;-0,043432;0,043432;1,037488;;;;;;1620843
1621162;-87;87;2125;;-42,456;42,456;1037;;;;;1621,162;-0,042456;0,042456;1,037;;;;;;1621162
1621485;-89;89;2126;;-43,432;43,432;1037,488;;;;;1621,485;-0,043432;0,043432;1,037488;;;;;;1621485
1621713;-86;86;2124;;-41,968;41,968;1036,512;;;;;1621,713;-0,041968;0,041968;1,036512;;;;;;1621713
1622054;-90;88;2122;;-43,92;42,944;1035,536;;;;;1622,054;-0,04392;0,042944;1,035536;;;;;;1622054
1622499;-89;93;2126;;-43,432;45,384;1037,488;;;;;1622,499;-0,043432;0,045384;1,037488;;;;;;1622499
1622816;-90;85;2124;;-43,92;41,48;1036,512;;;;;1622,816;-0,04392;0,04148;1,036512;;;;;;1622816
1623054;-90;85;2124;;-43,92;41,48;1036,512;;;;;1623,054;-0,04392;0,04148;1,036512;;;;;;1623054
1623499;-87;83;2123;;-42,456;40,504;1036,024;;;;;1623,499;-0,042456;0,040504;1,036024;;;;;;1623499
1623818;-88;88;2128;;-42,944;42,944;1038,464;;;;;1623,818;-0,042944;0,042944;1,038464;;;;;;1623818
1624158;-87;90;2123;;-42,456;43,92;1036,024;;;;;1624,158;-0,042456;0,04392;1,036024;;;;;;1624158
1624497;-87;87;2127;;-42,456;42,456;1037,976;;;;;1624,497;-0,042456;0,042456;1,037976;;;;;;1624497
1624816;-86;86;2122;;-41,968;41,968;1035,536;;;;;1624,816;-0,041968;0,041968;1,035536;;;;;;1624816
1625149;-88;86;2127;;-42,944;41,968;1037,976;;;;;1625,149;-0,042944;0,041968;1,037976;;;;;;1625149
1625492;-87;86;2124;;-42,456;41,968;1036,512;;;;;1625,492;-0,042456;0,041968;1,036512;;;;;;1625492
1625810;-89;83;2125;;-43,432;40,504;1037;;;;;1625,81;-0,043432;0,040504;1,037;;;;;;1625810
1626143;-90;84;2123;;-43,92;40,992;1036,024;;;;;1626,143;-0,04392;0,040992;1,036024;;;;;;1626143
1626490;-90;88;2124;;-43,92;42,944;1036,512;;;;;1626,49;-0,04392;0,042944;1,036512;;;;;;1626490
1626813;-90;88;2125;;-43,92;42,944;1037;;;;;1626,813;-0,04392;0,042944;1,037;;;;;;1626813
1627041;-90;88;2124;;-43,92;42,944;1036,512;;;;;1627,041;-0,04392;0,042944;1,036512;;;;;;1627041
1627495;-90;86;2122;;-43,92;41,968;1035,536;;;;;1627,495;-0,04392;0,041968;1,035536;;;;;;1627495
1627935;-88;86;2125;;-42,944;41,968;1037;;;;;1627,935;-0,042944;0,041968;1,037;;;;;;1627935
1628360;-88;87;2123;;-42,944;42,456;1036,024;;;;;1628,36;-0,042944;0,042456;1,036024;;;;;;1628360
1628595;-87;88;2127;;-42,456;42,944;1037,976;;;;;1628,595;-0,042456;0,042944;1,037976;;;;;;1628595
1628827;-91;85;2122;;-44,408;41,48;1035,536;;;;;1628,827;-0,044408;0,04148;1,035536;;;;;;1628827
1629145;-89;85;2126;;-43,432;41,48;1037,488;;;;;1629,145;-0,043432;0,04148;1,037488;;;;;;1629145
1629465;-89;86;2125;;-43,432;41,968;1037;;;;;1629,465;-0,043432;0,041968;1,037;;;;;;1629465
1629715;-86;89;2120;;-41,968;43,432;1034,56;;;;;1629,715;-0,041968;0,043432;1,03456;;;;;;1629715
1630034;-89;88;2125;;-43,432;42,944;1037;;;;;1630,034;-0,043432;0,042944;1,037;;;;;;1630034
1630357;-89;89;2122;;-43,432;43,432;1035,536;;;;;1630,357;-0,043432;0,043432;1,035536;;;;;;1630357
1630589;-89;89;2125;;-43,432;43,432;1037;;;;;1630,589;-0,043432;0,043432;1,037;;;;;;1630589
1630929;-89;87;2124;;-43,432;42,456;1036,512;;;;;1630,929;-0,043432;0,042456;1,036512;;;;;;1630929
1631480;-89;87;2127;;-43,432;42,456;1037,976;;;;;1631,48;-0,043432;0,042456;1,037976;;;;;;1631480
1631798;-90;89;2121;;-43,92;43,432;1035,048;;;;;1631,798;-0,04392;0,043432;1,035048;;;;;;1631798
1632033;-89;86;2124;;-43,432;41,968;1036,512;;;;;1632,033;-0,043432;0,041968;1,036512;;;;;;1632033
1632474;-89;86;2126;;-43,432;41,968;1037,488;;;;;1632,474;-0,043432;0,041968;1,037488;;;;;;1632474
1632791;-88;88;2125;;-42,944;42,944;1037;;;;;1632,791;-0,042944;0,042944;1,037;;;;;;1632791
1633148;-86;87;2127;;-41,968;42,456;1037,976;;;;;1633,148;-0,041968;0,042456;1,037976;;;;;;1633148
1633475;-88;83;2124;;-42,944;40,504;1036,512;;;;;1633,475;-0,042944;0,040504;1,036512;;;;;;1633475
1633794;-88;84;2125;;-42,944;40,992;1037;;;;;1633,794;-0,042944;0,040992;1,037;;;;;;1633794
1634153;-85;88;2124;;-41,48;42,944;1036,512;;;;;1634,153;-0,04148;0,042944;1,036512;;;;;;1634153
1634476;-86;87;2127;;-41,968;42,456;1037,976;;;;;1634,476;-0,041968;0,042456;1,037976;;;;;;1634476
1634794;-87;88;2124;;-42,456;42,944;1036,512;;;;;1634,794;-0,042456;0,042944;1,036512;;;;;;1634794
1635022;-86;87;2123;;-41,968;42,456;1036,024;;;;;1635,022;-0,041968;0,042456;1,036024;;;;;;1635022
1635470;-87;89;2122;;-42,456;43,432;1035,536;;;;;1635,47;-0,042456;0,043432;1,035536;;;;;;1635470
1635804;-87;85;2125;;-42,456;41,48;1037;;;;;1635,804;-0,042456;0,04148;1,037;;;;;;1635804
1636122;-87;88;2122;;-42,456;42,944;1035,536;;;;;1636,122;-0,042456;0,042944;1,035536;;;;;;1636122
1636468;-88;91;2128;;-42,944;44,408;1038,464;;;;;1636,468;-0,042944;0,044408;1,038464;;;;;;1636468
1636806;-88;89;2127;;-42,944;43,432;1037,976;;;;;1636,806;-0,042944;0,043432;1,037976;;;;;;1636806
1637124;-88;87;2121;;-42,944;42,456;1035,048;;;;;1637,124;-0,042944;0,042456;1,035048;;;;;;1637124
1637466;-89;90;2126;;-43,432;43,92;1037,488;;;;;1637,466;-0,043432;0,04392;1,037488;;;;;;1637466
1637694;-92;88;2120;;-44,896;42,944;1034,56;;;;;1637,694;-0,044896;0,042944;1,03456;;;;;;1637694
1638013;-89;87;2124;;-43,432;42,456;1036,512;;;;;1638,013;-0,043432;0,042456;1,036512;;;;;;1638013
1638461;-91;86;2122;;-44,408;41,968;1035,536;;;;;1638,461;-0,044408;0,041968;1,035536;;;;;;1638461
1638698;-91;87;2124;;-44,408;42,456;1036,512;;;;;1638,698;-0,044408;0,042456;1,036512;;;;;;1638698
1639017;-88;88;2126;;-42,944;42,944;1037,488;;;;;1639,017;-0,042944;0,042944;1,037488;;;;;;1639017
1639465;-89;87;2123;;-43,432;42,456;1036,024;;;;;1639,465;-0,043432;0,042456;1,036024;;;;;;1639465
1639805;-88;87;2124;;-42,944;42,456;1036,512;;;;;1639,805;-0,042944;0,042456;1,036512;;;;;;1639805
1640124;-90;88;2122;;-43,92;42,944;1035,536;;;;;1640,124;-0,04392;0,042944;1,035536;;;;;;1640124
1640459;-91;87;2124;;-44,408;42,456;1036,512;;;;;1640,459;-0,044408;0,042456;1,036512;;;;;;1640459
1640800;-89;89;2125;;-43,432;43,432;1037;;;;;1640,8;-0,043432;0,043432;1,037;;;;;;1640800
1641347;-88;85;2123;;-42,944;41,48;1036,024;;;;;1641,347;-0,042944;0,04148;1,036024;;;;;;1641347
1641665;-88;88;2126;;-42,944;42,944;1037,488;;;;;1641,665;-0,042944;0,042944;1,037488;;;;;;1641665
1641900;-90;90;2126;;-43,92;43,92;1037,488;;;;;1641,9;-0,04392;0,04392;1,037488;;;;;;1641900
1642135;-90;86;2124;;-43,92;41,968;1036,512;;;;;1642,135;-0,04392;0,041968;1,036512;;;;;;1642135
1642458;-89;88;2123;;-43,432;42,944;1036,024;;;;;1642,458;-0,043432;0,042944;1,036024;;;;;;1642458
1642777;-86;88;2126;;-41,968;42,944;1037,488;;;;;1642,777;-0,041968;0,042944;1,037488;;;;;;1642777
1643028;-90;87;2124;;-43,92;42,456;1036,512;;;;;1643,028;-0,04392;0,042456;1,036512;;;;;;1643028
1643347;-90;91;2123;;-43,92;44,408;1036,024;;;;;1643,347;-0,04392;0,044408;1,036024;;;;;;1643347
1643665;-89;86;2123;;-43,432;41,968;1036,024;;;;;1643,665;-0,043432;0,041968;1,036024;;;;;;1643665
1643893;-87;89;2125;;-42,456;43,432;1037;;;;;1643,893;-0,042456;0,043432;1,037;;;;;;1643893
1644345;-89;87;2120;;-43,432;42,456;1034,56;;;;;1644,345;-0,043432;0,042456;1,03456;;;;;;1644345
1644789;-87;89;2124;;-42,456;43,432;1036,512;;;;;1644,789;-0,042456;0,043432;1,036512;;;;;;1644789
1645106;-87;86;2122;;-42,456;41,968;1035,536;;;;;1645,106;-0,042456;0,041968;1,035536;;;;;;1645106
1645451;-86;89;2127;;-41,968;43,432;1037,976;;;;;1645,451;-0,041968;0,043432;1,037976;;;;;;1645451
1645683;-89;87;2125;;-43,432;42,456;1037;;;;;1645,683;-0,043432;0,042456;1,037;;;;;;1645683
1646002;-90;87;2124;;-43,92;42,456;1036,512;;;;;1646,002;-0,04392;0,042456;1,036512;;;;;;1646002
1646465;-85;87;2124;;-41,48;42,456;1036,512;;;;;1646,465;-0,04148;0,042456;1,036512;;;;;;1646465
1646783;-90;85;2124;;-43,92;41,48;1036,512;;;;;1646,783;-0,04392;0,04148;1,036512;;;;;;1646783
1647101;-91;90;2125;;-44,408;43,92;1037;;;;;1647,101;-0,044408;0,04392;1,037;;;;;;1647101
1647464;-85;90;2123;;-41,48;43,92;1036,024;;;;;1647,464;-0,04148;0,04392;1,036024;;;;;;1647464
1647782;-86;85;2123;;-41,968;41,48;1036,024;;;;;1647,782;-0,041968;0,04148;1,036024;;;;;;1647782
1648100;-88;84;2121;;-42,944;40,992;1035,048;;;;;1648,1;-0,042944;0,040992;1,035048;;;;;;1648100
1648439;-90;87;2124;;-43,92;42,456;1036,512;;;;;1648,439;-0,04392;0,042456;1,036512;;;;;;1648439
1648675;-88;88;2124;;-42,944;42,944;1036,512;;;;;1648,675;-0,042944;0,042944;1,036512;;;;;;1648675
1648992;-92;90;2125;;-44,896;43,92;1037;;;;;1648,992;-0,044896;0,04392;1,037;;;;;;1648992
1649331;-86;88;2123;;-41,968;42,944;1036,024;;;;;1649,331;-0,041968;0,042944;1,036024;;;;;;1649331
1649783;-89;84;2125;;-43,432;40,992;1037;;;;;1649,783;-0,043432;0,040992;1,037;;;;;;1649783
1650015;-95;86;2128;;-46,36;41,968;1038,464;;;;;1650,015;-0,04636;0,041968;1,038464;;;;;;1650015
1650334;-80;59;2151;;-39,04;28,792;1049,688;;;;;1650,334;-0,03904;0,028792;1,049688;;;;;;1650334
1650653;-474;-389;17246;;-231,312;-189,832;8416,048;;;;;1650,653;-0,231312;-0,189832;8,416048;;;;;;1650653
1650906;-364;-410;21777;;-177,632;-200,08;10627,176;;;;;1650,906;-0,177632;-0,20008;10,627176;;;;;;1650906
1651437;-648;-657;23359;;-316,224;-320,616;11399,192;;;;;1651,437;-0,316224;-0,320616;11,399192;;;;;;1651437
1651771;-442;-411;13211;;-215,696;-200,568;6446,968;;;;;1651,771;-0,215696;-0,200568;6,446968;;;;;;1651771
1652006;-295;-139;1397;;-143,96;-67,832;681,736;;;;;1652,006;-0,14396;-0,067832;0,681736;;;;;;1652006
1652435;-135;-118;-1877;;-65,88;-57,584;-915,976;;;;;1652,435;-0,06588;-0,057584;-0,915976;;;;;;1652435
1652768;-110;-108;-1994;;-53,68;-52,704;-973,072;;;;;1652,768;-0,05368;-0,052704;-0,973072;;;;;;1652768
1653109;-160;-67;-1761;;-78,08;-32,696;-859,368;;;;;1653,109;-0,07808;-0,032696;-0,859368;;;;;;1653109
1653432;-186;-113;-1432;;-90,768;-55,144;-698,816;;;;;1653,432;-0,090768;-0,055144;-0,698816;;;;;;1653432
1653667;-145;-69;-1398;;-70,76;-33,672;-682,224;;;;;1653,667;-0,07076;-0,033672;-0,682224;;;;;;1653667
1653985;-66;-72;-1128;;-32,208;-35,136;-550,464;;;;;1653,985;-0,032208;-0,035136;-0,550464;;;;;;1653985
1654339;-34;-83;-1002;;-16,592;-40,504;-488,976;;;;;1654,339;-0,016592;-0,040504;-0,488976;;;;;;1654339
1654567;-75;-30;-917;;-36,6;-14,64;-447,496;;;;;1654,567;-0,0366;-0,01464;-0,447496;;;;;;1654567
1654884;-85;-83;-766;;-41,48;-40,504;-373,808;;;;;1654,884;-0,04148;-0,040504;-0,373808;;;;;;1654884
1655464;790;656;2463;;385,52;320,128;1201,944;;;;;1655,464;0,38552;0,320128;1,201944;;;;;;1655464
1655782;-2940;-8809;-6012;;-1434,72;-4298,792;-2933,856;;;;;1655,782;-1,43472;-4,298792;-2,933856;;;;;;1655782
1656099;6448;-32764;28169;;3146,624;-15988,832;13746,472;;;;;1656,099;3,146624;-15,988832;13,746472;;;;;;1656099
1656461;165;1380;2202;;80,52;673,44;1074,576;;;;;1656,461;0,08052;0,67344;1,074576;;;;;;1656461
1656780;1078;-163;650;;526,064;-79,544;317,2;;;;;1656,78;0,526064;-0,079544;0,3172;;;;;;1656780
1657117;-690;-273;-183;;-336,72;-133,224;-89,304;;;;;1657,117;-0,33672;-0,133224;-0,089304;;;;;;1657117
1657459;-198;141;616;;-96,624;68,808;300,608;;;;;1657,459;-0,096624;0,068808;0,300608;;;;;;1657459
1657782;1626;-119;1198;;793,488;-58,072;584,624;;;;;1657,782;0,793488;-0,058072;0,584624;;;;;;1657782
1658010;-1052;330;1441;;-513,376;161,04;703,208;;;;;1658,01;-0,513376;0,16104;0,703208;;;;;;1658010
1658329;60;873;1793;;29,28;426,024;874,984;;;;;1658,329;0,02928;0,426024;0,874984;;;;;;1658329
1658564;-604;-953;1995;;-294,752;-465,064;973,56;;;;;1658,564;-0,294752;-0,465064;0,97356;;;;;;1658564
1659009;-147;-652;2070;;-71,736;-318,176;1010,16;;;;;1659,009;-0,071736;-0,318176;1,01016;;;;;;1659009
1659433;7;-655;2181;;3,416;-319,64;1064,328;;;;;1659,433;0,003416;-0,31964;1,064328;;;;;;1659433
1659789;-929;-67;2212;;-453,352;-32,696;1079,456;;;;;1659,789;-0,453352;-0,032696;1,079456;;;;;;1659789
1660108;262;403;2161;;127,856;196,664;1054,568;;;;;1660,108;0,127856;0,196664;1,054568;;;;;;1660108
1660433;26;-687;2364;;12,688;-335,256;1153,632;;;;;1660,433;0,012688;-0,335256;1,153632;;;;;;1660433
1660792;-510;-217;2308;;-248,88;-105,896;1126,304;;;;;1660,792;-0,24888;-0,105896;1,126304;;;;;;1660792
1661111;8;267;2325;;3,904;130,296;1134,6;;;;;1661,111;0,003904;0,130296;1,1346;;;;;;1661111
1661430;212;-487;2324;;103,456;-237,656;1134,112;;;;;1661,43;0,103456;-0,237656;1,134112;;;;;;1661430
1661662;-315;-243;2322;;-153,72;-118,584;1133,136;;;;;1661,662;-0,15372;-0,118584;1,133136;;;;;;1661662
1662004;-47;-416;2155;;-22,936;-203,008;1051,64;;;;;1662,004;-0,022936;-0,203008;1,05164;;;;;;1662004
1662444;-96;-146;2323;;-46,848;-71,248;1133,624;;;;;1662,444;-0,046848;-0,071248;1,133624;;;;;;1662444
1662762;119;-118;2411;;58,072;-57,584;1176,568;;;;;1662,762;0,058072;-0,057584;1,176568;;;;;;1662762
1662998;190;116;2321;;92,72;56,608;1132,648;;;;;1662,998;0,09272;0,056608;1,132648;;;;;;1662998
1663443;142;-377;2544;;69,296;-183,976;1241,472;;;;;1663,443;0,069296;-0,183976;1,241472;;;;;;1663443
1663761;55;162;2290;;26,84;79,056;1117,52;;;;;1663,761;0,02684;0,079056;1,11752;;;;;;1663761
1664101;-72;203;2248;;-35,136;99,064;1097,024;;;;;1664,101;-0,035136;0,099064;1,097024;;;;;;1664101
1664445;-292;-268;2269;;-142,496;-130,784;1107,272;;;;;1664,445;-0,142496;-0,130784;1,107272;;;;;;1664445
1664763;-160;-170;2242;;-78,08;-82,96;1094,096;;;;;1664,763;-0,07808;-0,08296;1,094096;;;;;;1664763
1665097;153;-60;2473;;74,664;-29,28;1206,824;;;;;1665,097;0,074664;-0,02928;1,206824;;;;;;1665097
1665450;94;47;2296;;45,872;22,936;1120,448;;;;;1665,45;0,045872;0,022936;1,120448;;;;;;1665450
1665815;-166;-318;2308;;-81,008;-155,184;1126,304;;;;;1665,815;-0,081008;-0,155184;1,126304;;;;;;1665815
1666043;-97;-101;2369;;-47,336;-49,288;1156,072;;;;;1666,043;-0,047336;-0,049288;1,156072;;;;;;1666043
1666627;-67;-214;2059;;-32,696;-104,432;1004,792;;;;;1666,627;-0,032696;-0,104432;1,004792;;;;;;1666627
1666960;-23;-335;2269;;-11,224;-163,48;1107,272;;;;;1666,96;-0,011224;-0,16348;1,107272;;;;;;1666960
1667282;-7;-219;2269;;-3,416;-106,872;1107,272;;;;;1667,282;-0,003416;-0,106872;1,107272;;;;;;1667282
1667625;75;-277;2145;;36,6;-135,176;1046,76;;;;;1667,625;0,0366;-0,135176;1,04676;;;;;;1667625
1667853;-462;-494;2235;;-225,456;-241,072;1090,68;;;;;1667,853;-0,225456;-0,241072;1,09068;;;;;;1667853
1668171;-265;-9;2159;;-129,32;-4,392;1053,592;;;;;1668,171;-0,12932;-0,004392;1,053592;;;;;;1668171
1668641;-106;-179;2216;;-51,728;-87,352;1081,408;;;;;1668,641;-0,051728;-0,087352;1,081408;;;;;;1668641
1668959;-170;-418;1975;;-82,96;-203,984;963,8;;;;;1668,959;-0,08296;-0,203984;0,9638;;;;;;1668959
1669278;-254;-357;2274;;-123,952;-174,216;1109,712;;;;;1669,278;-0,123952;-0,174216;1,109712;;;;;;1669278
1669617;-51;-512;2319;;-24,888;-249,856;1131,672;;;;;1669,617;-0,024888;-0,249856;1,131672;;;;;;1669617
1669852;-37;-44;2360;;-18,056;-21,472;1151,68;;;;;1669,852;-0,018056;-0,021472;1,15168;;;;;;1669852
1670170;-259;-252;2311;;-126,392;-122,976;1127,768;;;;;1670,17;-0,126392;-0,122976;1,127768;;;;;;1670170
1670611;-226;-186;2254;;-110,288;-90,768;1099,952;;;;;1670,611;-0,110288;-0,090768;1,099952;;;;;;1670611
1670952;-217;-49;2164;;-105,896;-23,912;1056,032;;;;;1670,952;-0,105896;-0,023912;1,056032;;;;;;1670952
1671285;10;-59;2014;;4,88;-28,792;982,832;;;;;1671,285;0,00488;-0,028792;0,982832;;;;;;1671285
1671612;57;-223;2013;;27,816;-108,824;982,344;;;;;1671,612;0,027816;-0,108824;0,982344;;;;;;1671612
1671953;-4;-194;2220;;-1,952;-94,672;1083,36;;;;;1671,953;-0,001952;-0,094672;1,08336;;;;;;1671953
1672181;-146;-233;2158;;-71,248;-113,704;1053,104;;;;;1672,181;-0,071248;-0,113704;1,053104;;;;;;1672181
1672505;-2;-451;2112;;-0,976;-220,088;1030,656;;;;;1672,505;-0,000976;-0,220088;1,030656;;;;;;1672505
1672828;-203;-346;2355;;-99,064;-168,848;1149,24;;;;;1672,828;-0,099064;-0,168848;1,14924;;;;;;1672828
1673079;-255;-291;2564;;-124,44;-142,008;1251,232;;;;;1673,079;-0,12444;-0,142008;1,251232;;;;;;1673079
1673610;-87;-184;2156;;-42,456;-89,792;1052,128;;;;;1673,61;-0,042456;-0,089792;1,052128;;;;;;1673610
1673948;-171;-388;2149;;-83,448;-189,344;1048,712;;;;;1673,948;-0,083448;-0,189344;1,048712;;;;;;1673948
1674183;-130;113;2074;;-63,44;55,144;1012,112;;;;;1674,183;-0,06344;0,055144;1,012112;;;;;;1674183
1674503;-217;-81;1932;;-105,896;-39,528;942,816;;;;;1674,503;-0,105896;-0,039528;0,942816;;;;;;1674503
1674947;-342;-137;2351;;-166,896;-66,856;1147,288;;;;;1674,947;-0,166896;-0,066856;1,147288;;;;;;1674947
1675287;-101;-147;2227;;-49,288;-71,736;1086,776;;;;;1675,287;-0,049288;-0,071736;1,086776;;;;;;1675287
1675607;-195;-232;2321;;-95,16;-113,216;1132,648;;;;;1675,607;-0,09516;-0,113216;1,132648;;;;;;1675607
1675835;42;22;2593;;20,496;10,736;1265,384;;;;;1675,835;0,020496;0,010736;1,265384;;;;;;1675835
1676157;77;-250;2300;;37,576;-122;1122,4;;;;;1676,157;0,037576;-0,122;1,1224;;;;;;1676157
1676624;-305;16;2344;;-148,84;7,808;1143,872;;;;;1676,624;-0,14884;0,007808;1,143872;;;;;;1676624
1676942;-35;-75;2270;;-17,08;-36,6;1107,76;;;;;1676,942;-0,01708;-0,0366;1,10776;;;;;;1676942
1677260;-56;121;2285;;-27,328;59,048;1115,08;;;;;1677,26;-0,027328;0,059048;1,11508;;;;;;1677260
1677625;-92;-83;2269;;-44,896;-40,504;1107,272;;;;;1677,625;-0,044896;-0,040504;1,107272;;;;;;1677625
1677943;-251;-178;2261;;-122,488;-86,864;1103,368;;;;;1677,943;-0,122488;-0,086864;1,103368;;;;;;1677943
1678260;-190;-282;2183;;-92,72;-137,616;1065,304;;;;;1678,26;-0,09272;-0,137616;1,065304;;;;;;1678260
1678618;-390;-224;2487;;-190,32;-109,312;1213,656;;;;;1678,618;-0,19032;-0,109312;1,213656;;;;;;1678618
1678937;-897;-50;2675;;-437,736;-24,4;1305,4;;;;;1678,937;-0,437736;-0,0244;1,3054;;;;;;1678937
1679487;-83;-381;2341;;-40,504;-185,928;1142,408;;;;;1679,487;-0,040504;-0,185928;1,142408;;;;;;1679487
1679722;175;-266;2250;;85,4;-129,808;1098;;;;;1679,722;0,0854;-0,129808;1,098;;;;;;1679722
1680045;-195;-490;2163;;-95,16;-239,12;1055,544;;;;;1680,045;-0,09516;-0,23912;1,055544;;;;;;1680045
1680277;-299;-340;2046;;-145,912;-165,92;998,448;;;;;1680,277;-0,145912;-0,16592;0,998448;;;;;;1680277
1680596;-318;-391;2405;;-155,184;-190,808;1173,64;;;;;1680,596;-0,155184;-0,190808;1,17364;;;;;;1680596
1680939;-201;80;2350;;-98,088;39,04;1146,8;;;;;1680,939;-0,098088;0,03904;1,1468;;;;;;1680939
1681166;27;-476;2499;;13,176;-232,288;1219,512;;;;;1681,166;0,013176;-0,232288;1,219512;;;;;;1681166
1681592;-55;375;2352;;-26,84;183;1147,776;;;;;1681,592;-0,02684;0,183;1,147776;;;;;;1681592
1681952;-327;-37;2202;;-159,576;-18,056;1074,576;;;;;1681,952;-0,159576;-0,018056;1,074576;;;;;;1681952
1682269;-302;-145;2310;;-147,376;-70,76;1127,28;;;;;1682,269;-0,147376;-0,07076;1,12728;;;;;;1682269
1682593;-338;-137;2353;;-164,944;-66,856;1148,264;;;;;1682,593;-0,164944;-0,066856;1,148264;;;;;;1682593
1682931;-151;-214;2326;;-73,688;-104,432;1135,088;;;;;1682,931;-0,073688;-0,104432;1,135088;;;;;;1682931
1683167;-169;-165;2521;;-82,472;-80,52;1230,248;;;;;1683,167;-0,082472;-0,08052;1,230248;;;;;;1683167
1683591;-271;-413;2640;;-132,248;-201,544;1288,32;;;;;1683,591;-0,132248;-0,201544;1,28832;;;;;;1683591
1683823;-148;-181;2170;;-72,224;-88,328;1058,96;;;;;1683,823;-0,072224;-0,088328;1,05896;;;;;;1683823
1684165;-140;85;2230;;-68,32;41,48;1088,24;;;;;1684,165;-0,06832;0,04148;1,08824;;;;;;1684165
1684612;-324;-530;2206;;-158,112;-258,64;1076,528;;;;;1684,612;-0,158112;-0,25864;1,076528;;;;;;1684612
1684930;-138;-388;2268;;-67,344;-189,344;1106,784;;;;;1684,93;-0,067344;-0,189344;1,106784;;;;;;1684930
1685617;-422;-425;2191;;-205,936;-207,4;1069,208;;;;;1685,617;-0,205936;-0,2074;1,069208;;;;;;1685617
1685939;-604;-430;2141;;-294,752;-209,84;1044,808;;;;;1685,939;-0,294752;-0,20984;1,044808;;;;;;1685939
1686257;-447;-38;2189;;-218,136;-18,544;1068,232;;;;;1686,257;-0,218136;-0,018544;1,068232;;;;;;1686257
1686615;-288;317;2354;;-140,544;154,696;1148,752;;;;;1686,615;-0,140544;0,154696;1,148752;;;;;;1686615
1686933;-804;259;2631;;-392,352;126,392;1283,928;;;;;1686,933;-0,392352;0,126392;1,283928;;;;;;1686933
1687270;-209;-85;2047;;-101,992;-41,48;998,936;;;;;1687,27;-0,101992;-0,04148;0,998936;;;;;;1687270
1687621;186;-539;2005;;90,768;-263,032;978,44;;;;;1687,621;0,090768;-0,263032;0,97844;;;;;;1687621
1687939;-191;-643;2354;;-93,208;-313,784;1148,752;;;;;1687,939;-0,093208;-0,313784;1,148752;;;;;;1687939
1688272;-425;-211;2272;;-207,4;-102,968;1108,736;;;;;1688,272;-0,2074;-0,102968;1,108736;;;;;;1688272
1688619;-344;-104;2275;;-167,872;-50,752;1110,2;;;;;1688,619;-0,167872;-0,050752;1,1102;;;;;;1688619
1688937;-280;-225;2228;;-136,64;-109,8;1087,264;;;;;1688,937;-0,13664;-0,1098;1,087264;;;;;;1688937
1689165;-364;-12;2294;;-177,632;-5,856;1119,472;;;;;1689,165;-0,177632;-0,005856;1,119472;;;;;;1689165
1689590;-142;-276;2257;;-69,296;-134,688;1101,416;;;;;1689,59;-0,069296;-0,134688;1,101416;;;;;;1689590
1689828;-357;-206;2314;;-174,216;-100,528;1129,232;;;;;1689,828;-0,174216;-0,100528;1,129232;;;;;;1689828
1690056;275;-368;2293;;134,2;-179,584;1118,984;;;;;1690,056;0,1342;-0,179584;1,118984;;;;;;1690056
1690481;56;-505;2427;;27,328;-246,44;1184,376;;;;;1690,481;0,027328;-0,24644;1,184376;;;;;;1690481
1690944;-316;567;2503;;-154,208;276,696;1221,464;;;;;1690,944;-0,154208;0,276696;1,221464;;;;;;1690944
1691164;-87;12;2273;;-42,456;5,856;1109,224;;;;;1691,164;-0,042456;0,005856;1,109224;;;;;;1691164
1691589;-300;-58;2279;;-146,4;-28,304;1112,152;;;;;1691,589;-0,1464;-0,028304;1,112152;;;;;;1691589
1691817;-451;74;2369;;-220,088;36,112;1156,072;;;;;1691,817;-0,220088;0,036112;1,156072;;;;;;1691817
1692053;157;-293;2269;;76,616;-142,984;1107,272;;;;;1692,053;0,076616;-0,142984;1,107272;;;;;;1692053
1692481;-278;-219;2332;;-135,664;-106,872;1138,016;;;;;1692,481;-0,135664;-0,106872;1,138016;;;;;;1692481
1692709;308;-131;2178;;150,304;-63,928;1062,864;;;;;1692,709;0,150304;-0,063928;1,062864;;;;;;1692709
1693051;-251;-528;2479;;-122,488;-257,664;1209,752;;;;;1693,051;-0,122488;-0,257664;1,209752;;;;;;1693051
1693605;-415;-142;2165;;-202,52;-69,296;1056,52;;;;;1693,605;-0,20252;-0,069296;1,05652;;;;;;1693605
1693923;-375;-397;2235;;-183;-193,736;1090,68;;;;;1693,923;-0,183;-0,193736;1,09068;;;;;;1693923
1694264;-194;-348;2165;;-94,672;-169,824;1056,52;;;;;1694,264;-0,094672;-0,169824;1,05652;;;;;;1694264
1694599;106;-324;2234;;51,728;-158,112;1090,192;;;;;1694,599;0,051728;-0,158112;1,090192;;;;;;1694599
1694921;-150;-391;2237;;-73,2;-190,808;1091,656;;;;;1694,921;-0,0732;-0,190808;1,091656;;;;;;1694921
1695496;-128;-305;2235;;-62,464;-148,84;1090,68;;;;;1695,496;-0,062464;-0,14884;1,09068;;;;;;1695496
1695814;-201;-418;2079;;-98,088;-203,984;1014,552;;;;;1695,814;-0,098088;-0,203984;1,014552;;;;;;1695814
1696253;-43;-128;2386;;-20,984;-62,464;1164,368;;;;;1696,253;-0,020984;-0,062464;1,164368;;;;;;1696253
1696600;-185;-263;2253;;-90,28;-128,344;1099,464;;;;;1696,6;-0,09028;-0,128344;1,099464;;;;;;1696600
1696918;-288;-74;2303;;-140,544;-36,112;1123,864;;;;;1696,918;-0,140544;-0,036112;1,123864;;;;;;1696918
1697146;23;-244;2442;;11,224;-119,072;1191,696;;;;;1697,146;0,011224;-0,119072;1,191696;;;;;;1697146
1697594;-186;-484;2299;;-90,768;-236,192;1121,912;;;;;1697,594;-0,090768;-0,236192;1,121912;;;;;;1697594
1697932;-209;-290;2321;;-101,992;-141,52;1132,648;;;;;1697,932;-0,101992;-0,14152;1,132648;;;;;;1697932
1698249;-284;20;2282;;-138,592;9,76;1113,616;;;;;1698,249;-0,138592;0,00976;1,113616;;;;;;1698249
1698598;-281;-263;2282;;-137,128;-128,344;1113,616;;;;;1698,598;-0,137128;-0,128344;1,113616;;;;;;1698598
1698826;-94;199;2134;;-45,872;97,112;1041,392;;;;;1698,826;-0,045872;0,097112;1,041392;;;;;;1698826
1699149;-259;-110;2176;;-126,392;-53,68;1061,888;;;;;1699,149;-0,126392;-0,05368;1,061888;;;;;;1699149
1699468;-309;131;2268;;-150,792;63,928;1106,784;;;;;1699,468;-0,150792;0,063928;1,106784;;;;;;1699468
1699719;352;-262;2094;;171,776;-127,856;1021,872;;;;;1699,719;0,171776;-0,127856;1,021872;;;;;;1699719
1700037;427;-229;2415;;208,376;-111,752;1178,52;;;;;1700,037;0,208376;-0,111752;1,17852;;;;;;1700037
1700588;-314;-216;2302;;-153,232;-105,408;1123,376;;;;;1700,588;-0,153232;-0,105408;1,123376;;;;;;1700588
1700824;-511;-402;2474;;-249,368;-196,176;1207,312;;;;;1700,824;-0,249368;-0,196176;1,207312;;;;;;1700824
1701142;-454;-169;2333;;-221,552;-82,472;1138,504;;;;;1701,142;-0,221552;-0,082472;1,138504;;;;;;1701142
1701583;81;-428;2185;;39,528;-208,864;1066,28;;;;;1701,583;0,039528;-0,208864;1,06628;;;;;;1701583
1701928;42;-65;2472;;20,496;-31,72;1206,336;;;;;1701,928;0,020496;-0,03172;1,206336;;;;;;1701928
1702250;140;-108;2385;;68,32;-52,704;1163,88;;;;;1702,25;0,06832;-0,052704;1,16388;;;;;;1702250
1702585;-98;10;2239;;-47,824;4,88;1092,632;;;;;1702,585;-0,047824;0,00488;1,092632;;;;;;1702585
1702908;250;-294;2008;;122;-143,472;979,904;;;;;1702,908;0,122;-0,143472;0,979904;;;;;;1702908
1703144;-237;-418;2474;;-115,656;-203,984;1207,312;;;;;1703,144;-0,115656;-0,203984;1,207312;;;;;;1703144
1703479;-199;-473;2358;;-97,112;-230,824;1150,704;;;;;1703,479;-0,097112;-0,230824;1,150704;;;;;;1703479
1703797;-461;-497;2701;;-224,968;-242,536;1318,088;;;;;1703,797;-0,224968;-0,242536;1,318088;;;;;;1703797
1704259;48;-290;2193;;23,424;-141,52;1070,184;;;;;1704,259;0,023424;-0,14152;1,070184;;;;;;1704259
1704587;15;-157;2241;;7,32;-76,616;1093,608;;;;;1704,587;0,00732;-0,076616;1,093608;;;;;;1704587
1704906;76;-221;2269;;37,088;-107,848;1107,272;;;;;1704,906;0,037088;-0,107848;1,107272;;;;;;1704906
1705134;-354;-270;2149;;-172,752;-131,76;1048,712;;;;;1705,134;-0,172752;-0,13176;1,048712;;;;;;1705134
1705480;-128;-575;2246;;-62,464;-280,6;1096,048;;;;;1705,48;-0,062464;-0,2806;1,096048;;;;;;1705480
1705802;-52;-301;2154;;-25,376;-146,888;1051,152;;;;;1705,802;-0,025376;-0,146888;1,051152;;;;;;1705802
1706030;-346;-430;2227;;-168,848;-209,84;1086,776;;;;;1706,03;-0,168848;-0,20984;1,086776;;;;;;1706030
1706584;233;-94;2197;;113,704;-45,872;1072,136;;;;;1706,584;0,113704;-0,045872;1,072136;;;;;;1706584
1706918;157;-361;2183;;76,616;-176,168;1065,304;;;;;1706,918;0,076616;-0,176168;1,065304;;;;;;1706918
1707239;-114;-486;2244;;-55,632;-237,168;1095,072;;;;;1707,239;-0,055632;-0,237168;1,095072;;;;;;1707239
1707582;-439;-275;2325;;-214,232;-134,2;1134,6;;;;;1707,582;-0,214232;-0,1342;1,1346;;;;;;1707582
1707810;-124;-478;2365;;-60,512;-233,264;1154,12;;;;;1707,81;-0,060512;-0,233264;1,15412;;;;;;1707810
1708132;-289;-376;2294;;-141,032;-183,488;1119,472;;;;;1708,132;-0,141032;-0,183488;1,119472;;;;;;1708132
1708595;-285;-128;2321;;-139,08;-62,464;1132,648;;;;;1708,595;-0,13908;-0,062464;1,132648;;;;;;1708595
1708913;-74;73;2287;;-36,112;35,624;1116,056;;;;;1708,913;-0,036112;0,035624;1,116056;;;;;;1708913
1709231;-268;-362;2210;;-130,784;-176,656;1078,48;;;;;1709,231;-0,130784;-0,176656;1,07848;;;;;;1709231
1709574;-434;-334;2247;;-211,792;-162,992;1096,536;;;;;1709,574;-0,211792;-0,162992;1,096536;;;;;;1709574
1709814;48;-395;2267;;23,424;-192,76;1106,296;;;;;1709,814;0,023424;-0,19276;1,106296;;;;;;1709814
1710131;-120;-265;2129;;-58,56;-129,32;1038,952;;;;;1710,131;-0,05856;-0,12932;1,038952;;;;;;1710131
1710572;-327;-119;2248;;-159,576;-58,072;1097,024;;;;;1710,572;-0,159576;-0,058072;1,097024;;;;;;1710572
1710917;-22;-154;2349;;-10,736;-75,152;1146,312;;;;;1710,917;-0,010736;-0,075152;1,146312;;;;;;1710917
1711250;-126;-239;2220;;-61,488;-116,632;1083,36;;;;;1711,25;-0,061488;-0,116632;1,08336;;;;;;1711250
1711569;-289;-259;2374;;-141,032;-126,392;1158,512;;;;;1711,569;-0,141032;-0,126392;1,158512;;;;;;1711569
1711911;-79;-271;2162;;-38,552;-132,248;1055,056;;;;;1711,911;-0,038552;-0,132248;1,055056;;;;;;1711911
1712139;193;-294;2000;;94,184;-143,472;976;;;;;1712,139;0,094184;-0,143472;0,976;;;;;;1712139
1712462;-23;-290;2239;;-11,224;-141,52;1092,632;;;;;1712,462;-0,011224;-0,14152;1,092632;;;;;;1712462
1712781;-172;9;2284;;-83,936;4,392;1114,592;;;;;1712,781;-0,083936;0,004392;1,114592;;;;;;1712781
1713031;-116;240;2165;;-56,608;117,12;1056,52;;;;;1713,031;-0,056608;0,11712;1,05652;;;;;;1713031
1713570;-27;-19;2136;;-13,176;-9,272;1042,368;;;;;1713,57;-0,013176;-0,009272;1,042368;;;;;;1713570
1713904;-123;-38;2096;;-60,024;-18,544;1022,848;;;;;1713,904;-0,060024;-0,018544;1,022848;;;;;;1713904
1714140;24;81;2203;;11,712;39,528;1075,064;;;;;1714,14;0,011712;0,039528;1,075064;;;;;;1714140
1714459;26;-158;2037;;12,688;-77,104;994,056;;;;;1714,459;0,012688;-0,077104;0,994056;;;;;;1714459
1714899;-190;-380;2184;;-92,72;-185,44;1065,792;;;;;1714,899;-0,09272;-0,18544;1,065792;;;;;;1714899
1715243;-366;-221;2156;;-178,608;-107,848;1052,128;;;;;1715,243;-0,178608;-0,107848;1,052128;;;;;;1715243
1715567;-237;-173;2209;;-115,656;-84,424;1077,992;;;;;1715,567;-0,115656;-0,084424;1,077992;;;;;;1715567
1715795;-40;-175;2246;;-19,52;-85,4;1096,048;;;;;1715,795;-0,01952;-0,0854;1,096048;;;;;;1715795
1716117;-13;-391;2198;;-6,344;-190,808;1072,624;;;;;1716,117;-0,006344;-0,190808;1,072624;;;;;;1716117
1716580;113;-295;2488;;55,144;-143,96;1214,144;;;;;1716,58;0,055144;-0,14396;1,214144;;;;;;1716580
1716902;86;-112;2380;;41,968;-54,656;1161,44;;;;;1716,902;0,041968;-0,054656;1,16144;;;;;;1716902
1717220;-92;-176;2290;;-44,896;-85,888;1117,52;;;;;1717,22;-0,044896;-0,085888;1,11752;;;;;;1717220
1717579;-82;-72;2328;;-40,016;-35,136;1136,064;;;;;1717,579;-0,040016;-0,035136;1,136064;;;;;;1717579
1717900;-188;121;2296;;-91,744;59,048;1120,448;;;;;1717,9;-0,091744;0,059048;1,120448;;;;;;1717900
1718218;-194;82;2300;;-94,672;40,016;1122,4;;;;;1718,218;-0,094672;0,040016;1,1224;;;;;;1718218
1718578;-71;-264;2109;;-34,648;-128,832;1029,192;;;;;1718,578;-0,034648;-0,128832;1,029192;;;;;;1718578
1718897;12;-364;2131;;5,856;-177,632;1039,928;;;;;1718,897;0,005856;-0,177632;1,039928;;;;;;1718897
1719443;110;-114;2206;;53,68;-55,632;1076,528;;;;;1719,443;0,05368;-0,055632;1,076528;;;;;;1719443
1719678;-39;9;2325;;-19,032;4,392;1134,6;;;;;1719,678;-0,019032;0,004392;1,1346;;;;;;1719678
1719996;-72;-118;2258;;-35,136;-57,584;1101,904;;;;;1719,996;-0,035136;-0,057584;1,101904;;;;;;1719996
1720224;-244;-443;2301;;-119,072;-216,184;1122,888;;;;;1720,224;-0,119072;-0,216184;1,122888;;;;;;1720224
1720551;33;-351;2324;;16,104;-171,288;1134,112;;;;;1720,551;0,016104;-0,171288;1,134112;;;;;;1720551
1720899;237;-113;2279;;115,656;-55,144;1112,152;;;;;1720,899;0,115656;-0,055144;1,112152;;;;;;1720899
1721127;-36;-108;2209;;-17,568;-52,704;1077,992;;;;;1721,127;-0,017568;-0,052704;1,077992;;;;;;1721127
1721556;-243;-160;2161;;-118,584;-78,08;1054,568;;;;;1721,556;-0,118584;-0,07808;1,054568;;;;;;1721556
1721923;-185;58;2038;;-90,28;28,304;994,544;;;;;1721,923;-0,09028;0,028304;0,994544;;;;;;1721923
1722241;-212;229;2079;;-103,456;111,752;1014,552;;;;;1722,241;-0,103456;0,111752;1,014552;;;;;;1722241
1722560;-172;-166;2046;;-83,936;-81,008;998,448;;;;;1722,56;-0,083936;-0,081008;0,998448;;;;;;1722560
1722894;-199;-105;2354;;-97,112;-51,24;1148,752;;;;;1722,894;-0,097112;-0,05124;1,148752;;;;;;1722894
1723132;-251;-432;2270;;-122,488;-210,816;1107,76;;;;;1723,132;-0,122488;-0,210816;1,10776;;;;;;1723132
1723557;-64;-189;2105;;-31,232;-92,232;1027,24;;;;;1723,557;-0,031232;-0,092232;1,02724;;;;;;1723557
1723785;-433;-94;2257;;-211,304;-45,872;1101,416;;;;;1723,785;-0,211304;-0,045872;1,101416;;;;;;1723785
1724132;-101;-164;2348;;-49,288;-80,032;1145,824;;;;;1724,132;-0,049288;-0,080032;1,145824;;;;;;1724132
1724451;-101;-463;2571;;-49,288;-225,944;1254,648;;;;;1724,451;-0,049288;-0,225944;1,254648;;;;;;1724451
1724683;-7257;-4145;31540;;-3541,416;-2022,76;15391,52;;;;;1724,683;-3,541416;-2,02276;15,39152;;;;;;1724683
1725001;-1318;-671;-1904;;-643,184;-327,448;-929,152;;;;;1725,001;-0,643184;-0,327448;-0,929152;;;;;;1725001
1725570;276;-1029;-1638;;134,688;-502,152;-799,344;;;;;1725,57;0,134688;-0,502152;-0,799344;;;;;;1725570
1725892;268;-1060;-1654;;130,784;-517,28;-807,152;;;;;1725,892;0,130784;-0,51728;-0,807152;;;;;;1725892
1726210;270;-1063;-1660;;131,76;-518,744;-810,08;;;;;1726,21;0,13176;-0,518744;-0,81008;;;;;;1726210
1726574;93;-1049;-1667;;45,384;-511,912;-813,496;;;;;1726,574;0,045384;-0,511912;-0,813496;;;;;;1726574
1726893;261;-1057;-1644;;127,368;-515,816;-802,272;;;;;1726,893;0,127368;-0,515816;-0,802272;;;;;;1726893
1727225;271;-1057;-1660;;132,248;-515,816;-810,08;;;;;1727,225;0,132248;-0,515816;-0,81008;;;;;;1727225
1727570;270;-1058;-1660;;131,76;-516,304;-810,08;;;;;1727,57;0,13176;-0,516304;-0,81008;;;;;;1727570
1727888;269;-1057;-1661;;131,272;-515,816;-810,568;;;;;1727,888;0,131272;-0,515816;-0,810568;;;;;;1727888
1728221;269;-1063;-1659;;131,272;-518,744;-809,592;;;;;1728,221;0,131272;-0,518744;-0,809592;;;;;;1728221
1728570;269;-1060;-1658;;131,272;-517,28;-809,104;;;;;1728,57;0,131272;-0,51728;-0,809104;;;;;;1728570
1728889;267;-1059;-1660;;130,296;-516,792;-810,08;;;;;1728,889;0,130296;-0,516792;-0,81008;;;;;;1728889
1729117;268;-1057;-1660;;130,784;-515,816;-810,08;;;;;1729,117;0,130784;-0,515816;-0,81008;;;;;;1729117
1729545;272;-1060;-1658;;132,736;-517,28;-809,104;;;;;1729,545;0,132736;-0,51728;-0,809104;;;;;;1729545
1729781;270;-1063;-1658;;131,76;-518,744;-809,104;;;;;1729,781;0,13176;-0,518744;-0,809104;;;;;;1729781
1730009;272;-1057;-1660;;132,736;-515,816;-810,08;;;;;1730,009;0,132736;-0,515816;-0,81008;;;;;;1730009
1730434;268;-1061;-1660;;130,784;-517,768;-810,08;;;;;1730,434;0,130784;-0,517768;-0,81008;;;;;;1730434
1730896;-3;-1019;-1133;;-1,464;-497,272;-552,904;;;;;1730,896;-0,001464;-0,497272;-0,552904;;;;;;1730896
1731214;194;-1039;-1639;;94,672;-507,032;-799,832;;;;;1731,214;0,094672;-0,507032;-0,799832;;;;;;1731214
1731542;268;-1059;-1658;;130,784;-516,792;-809,104;;;;;1731,542;0,130784;-0,516792;-0,809104;;;;;;1731542
1731774;267;-1058;-1659;;130,296;-516,304;-809,592;;;;;1731,774;0,130296;-0,516304;-0,809592;;;;;;1731774
1732010;269;-1059;-1659;;131,272;-516,792;-809,592;;;;;1732,01;0,131272;-0,516792;-0,809592;;;;;;1732010
1732440;271;-1061;-1662;;132,248;-517,768;-811,056;;;;;1732,44;0,132248;-0,517768;-0,811056;;;;;;1732440
1732668;272;-1062;-1657;;132,736;-518,256;-808,616;;;;;1732,668;0,132736;-0,518256;-0,808616;;;;;;1732668
1733008;155;-1016;-1450;;75,64;-495,808;-707,6;;;;;1733,008;0,07564;-0,495808;-0,7076;;;;;;1733008
1733555;270;-1058;-1662;;131,76;-516,304;-811,056;;;;;1733,555;0,13176;-0,516304;-0,811056;;;;;;1733555
1733873;271;-1062;-1660;;132,248;-518,256;-810,08;;;;;1733,873;0,132248;-0,518256;-0,81008;;;;;;1733873
1734218;268;-1060;-1661;;130,784;-517,28;-810,568;;;;;1734,218;0,130784;-0,51728;-0,810568;;;;;;1734218
1734557;268;-1062;-1659;;130,784;-518,256;-809,592;;;;;1734,557;0,130784;-0,518256;-0,809592;;;;;;1734557
1734875;268;-1061;-1657;;130,784;-517,768;-808,616;;;;;1734,875;0,130784;-0,517768;-0,808616;;;;;;1734875
1735231;271;-1059;-1660;;132,248;-516,792;-810,08;;;;;1735,231;0,132248;-0,516792;-0,81008;;;;;;1735231
1735551;270;-1058;-1659;;131,76;-516,304;-809,592;;;;;1735,551;0,13176;-0,516304;-0,809592;;;;;;1735551
1735869;273;-1061;-1660;;133,224;-517,768;-810,08;;;;;1735,869;0,133224;-0,517768;-0,81008;;;;;;1735869
1736206;270;-1060;-1660;;131,76;-517,28;-810,08;;;;;1736,206;0,13176;-0,51728;-0,81008;;;;;;1736206
1736549;270;-1062;-1662;;131,76;-518,256;-811,056;;;;;1736,549;0,13176;-0,518256;-0,811056;;;;;;1736549
1736867;269;-1063;-1660;;131,272;-518,744;-810,08;;;;;1736,867;0,131272;-0,518744;-0,81008;;;;;;1736867
1737103;256;-1059;-1663;;124,928;-516,792;-811,544;;;;;1737,103;0,124928;-0,516792;-0,811544;;;;;;1737103
1737553;242;-1055;-1653;;118,096;-514,84;-806,664;;;;;1737,553;0,118096;-0,51484;-0,806664;;;;;;1737553
1737887;269;-1060;-1661;;131,272;-517,28;-810,568;;;;;1737,887;0,131272;-0,51728;-0,810568;;;;;;1737887
1738205;268;-1060;-1660;;130,784;-517,28;-810,08;;;;;1738,205;0,130784;-0,51728;-0,81008;;;;;;1738205
1738547;269;-1059;-1659;;131,272;-516,792;-809,592;;;;;1738,547;0,131272;-0,516792;-0,809592;;;;;;1738547
1738775;272;-1062;-1657;;132,736;-518,256;-808,616;;;;;1738,775;0,132736;-0,518256;-0,808616;;;;;;1738775
1739093;270;-1062;-1660;;131,76;-518,256;-810,08;;;;;1739,093;0,13176;-0,518256;-0,81008;;;;;;1739093
1739412;271;-1061;-1658;;132,248;-517,768;-809,104;;;;;1739,412;0,132248;-0,517768;-0,809104;;;;;;1739412
1739667;271;-1061;-1660;;132,248;-517,768;-810,08;;;;;1739,667;0,132248;-0,517768;-0,81008;;;;;;1739667
1739888;270;-1063;-1660;;131,76;-518,744;-810,08;;;;;1739,888;0,13176;-0,518744;-0,81008;;;;;;1739888
1740206;270;-1064;-1661;;131,76;-519,232;-810,568;;;;;1740,206;0,13176;-0,519232;-0,810568;;;;;;1740206
1740541;272;-1063;-1661;;132,736;-518,744;-810,568;;;;;1740,541;0,132736;-0,518744;-0,810568;;;;;;1740541
1740776;267;-1065;-1661;;130,296;-519,72;-810,568;;;;;1740,776;0,130296;-0,51972;-0,810568;;;;;;1740776
1741095;271;-1059;-1659;;132,248;-516,792;-809,592;;;;;1741,095;0,132248;-0,516792;-0,809592;;;;;;1741095
1741536;230;-1039;-1583;;112,24;-507,032;-772,504;;;;;1741,536;0,11224;-0,507032;-0,772504;;;;;;1741536
1741876;250;-1063;-1658;;122;-518,744;-809,104;;;;;1741,876;0,122;-0,518744;-0,809104;;;;;;1741876
1742199;267;-1061;-1659;;130,296;-517,768;-809,592;;;;;1742,199;0,130296;-0,517768;-0,809592;;;;;;1742199
1742542;267;-1060;-1660;;130,296;-517,28;-810,08;;;;;1742,542;0,130296;-0,51728;-0,81008;;;;;;1742542
1742859;273;-1061;-1657;;133,224;-517,768;-808,616;;;;;1742,859;0,133224;-0,517768;-0,808616;;;;;;1742859
1743095;267;-1060;-1658;;130,296;-517,28;-809,104;;;;;1743,095;0,130296;-0,51728;-0,809104;;;;;;1743095
1743434;77;-1045;-1663;;37,576;-509,96;-811,544;;;;;1743,434;0,037576;-0,50996;-0,811544;;;;;;1743434
1743752;248;-1058;-1646;;121,024;-516,304;-803,248;;;;;1743,752;0,121024;-0,516304;-0,803248;;;;;;1743752
1744214;272;-1063;-1659;;132,736;-518,744;-809,592;;;;;1744,214;0,132736;-0,518744;-0,809592;;;;;;1744214
1744534;273;-1063;-1660;;133,224;-518,744;-810,08;;;;;1744,534;0,133224;-0,518744;-0,81008;;;;;;1744534
1744856;273;-1065;-1656;;133,224;-519,72;-808,128;;;;;1744,856;0,133224;-0,51972;-0,808128;;;;;;1744856
1745084;275;-1061;-1660;;134,2;-517,768;-810,08;;;;;1745,084;0,1342;-0,517768;-0,81008;;;;;;1745084
1745429;268;-1064;-1662;;130,784;-519,232;-811,056;;;;;1745,429;0,130784;-0,519232;-0,811056;;;;;;1745429
1745748;271;-1061;-1661;;132,248;-517,768;-810,568;;;;;1745,748;0,132248;-0,517768;-0,810568;;;;;;1745748
1745976;268;-1065;-1659;;130,784;-519,72;-809,592;;;;;1745,976;0,130784;-0,51972;-0,809592;;;;;;1745976
1746534;271;-1063;-1659;;132,248;-518,744;-809,592;;;;;1746,534;0,132248;-0,518744;-0,809592;;;;;;1746534
1746872;273;-1066;-1660;;133,224;-520,208;-810,08;;;;;1746,872;0,133224;-0,520208;-0,81008;;;;;;1746872
1747190;269;-1063;-1657;;131,272;-518,744;-808,616;;;;;1747,19;0,131272;-0,518744;-0,808616;;;;;;1747190
1747535;267;-1065;-1658;;130,296;-519,72;-809,104;;;;;1747,535;0,130296;-0,51972;-0,809104;;;;;;1747535
1747763;134;-1014;-1518;;65,392;-494,832;-740,784;;;;;1747,763;0,065392;-0,494832;-0,740784;;;;;;1747763
1748081;-81;-1057;-1221;;-39,528;-515,816;-595,848;;;;;1748,081;-0,039528;-0,515816;-0,595848;;;;;;1748081
1748552;270;-1063;-1656;;131,76;-518,744;-808,128;;;;;1748,552;0,13176;-0,518744;-0,808128;;;;;;1748552
1748870;271;-1061;-1660;;132,248;-517,768;-810,08;;;;;1748,87;0,132248;-0,517768;-0,81008;;;;;;1748870
1749188;275;-1066;-1658;;134,2;-520,208;-809,104;;;;;1749,188;0,1342;-0,520208;-0,809104;;;;;;1749188
1749523;270;-1064;-1657;;131,76;-519,232;-808,616;;;;;1749,523;0,13176;-0,519232;-0,808616;;;;;;1749523
1749758;86;-1054;-1653;;41,968;-514,352;-806,664;;;;;1749,758;0,041968;-0,514352;-0,806664;;;;;;1749758
1750080;268;-1064;-1656;;130,784;-519,232;-808,128;;;;;1750,08;0,130784;-0,519232;-0,808128;;;;;;1750080
1750520;272;-1062;-1661;;132,736;-518,256;-810,568;;;;;1750,52;0,132736;-0,518256;-0,810568;;;;;;1750520
1750861;271;-1064;-1660;;132,248;-519,232;-810,08;;;;;1750,861;0,132248;-0,519232;-0,81008;;;;;;1750861
1751202;270;-1061;-1657;;131,76;-517,768;-808,616;;;;;1751,202;0,13176;-0,517768;-0,808616;;;;;;1751202
1751522;269;-1064;-1657;;131,272;-519,232;-808,616;;;;;1751,522;0,131272;-0,519232;-0,808616;;;;;;1751522
1751863;270;-1066;-1658;;131,76;-520,208;-809,104;;;;;1751,863;0,13176;-0,520208;-0,809104;;;;;;1751863
1752091;269;-1062;-1655;;131,272;-518,256;-807,64;;;;;1752,091;0,131272;-0,518256;-0,80764;;;;;;1752091
1752410;268;-1062;-1661;;130,784;-518,256;-810,568;;;;;1752,41;0,130784;-0,518256;-0,810568;;;;;;1752410
1752733;271;-1066;-1655;;132,248;-520,208;-807,64;;;;;1752,733;0,132248;-0,520208;-0,80764;;;;;;1752733
1752984;268;-1063;-1658;;130,784;-518,744;-809,104;;;;;1752,984;0,130784;-0,518744;-0,809104;;;;;;1752984
1753518;270;-1061;-1658;;131,76;-517,768;-809,104;;;;;1753,518;0,13176;-0,517768;-0,809104;;;;;;1753518
1753852;265;-1066;-1659;;129,32;-520,208;-809,592;;;;;1753,852;0,12932;-0,520208;-0,809592;;;;;;1753852
1754093;-153;-1036;-1103;;-74,664;-505,568;-538,264;;;;;1754,093;-0,074664;-0,505568;-0,538264;;;;;;1754093
1754412;246;-1066;-1653;;120,048;-520,208;-806,664;;;;;1754,412;0,120048;-0,520208;-0,806664;;;;;;1754412
1754856;270;-1061;-1657;;131,76;-517,768;-808,616;;;;;1754,856;0,13176;-0,517768;-0,808616;;;;;;1754856
1755197;270;-1066;-1660;;131,76;-520,208;-810,08;;;;;1755,197;0,13176;-0,520208;-0,81008;;;;;;1755197
1755520;268;-1065;-1657;;130,784;-519,72;-808,616;;;;;1755,52;0,130784;-0,51972;-0,808616;;;;;;1755520
1755748;270;-1065;-1660;;131,76;-519,72;-810,08;;;;;1755,748;0,13176;-0,51972;-0,81008;;;;;;1755748
1756067;155;-1054;-1658;;75,64;-514,352;-809,104;;;;;1756,067;0,07564;-0,514352;-0,809104;;;;;;1756067
1756529;270;-1062;-1658;;131,76;-518,256;-809,104;;;;;1756,529;0,13176;-0,518256;-0,809104;;;;;;1756529
1756851;269;-1064;-1661;;131,272;-519,232;-810,568;;;;;1756,851;0,131272;-0,519232;-0,810568;;;;;;1756851
1757170;269;-1064;-1658;;131,272;-519,232;-809,104;;;;;1757,17;0,131272;-0,519232;-0,809104;;;;;;1757170
1757527;272;-1065;-1658;;132,736;-519,72;-809,104;;;;;1757,527;0,132736;-0,51972;-0,809104;;;;;;1757527
1757845;270;-1063;-1660;;131,76;-518,744;-810,08;;;;;1757,845;0,13176;-0,518744;-0,81008;;;;;;1757845
1758167;169;-1059;-1652;;82,472;-516,792;-806,176;;;;;1758,167;0,082472;-0,516792;-0,806176;;;;;;1758167
1758527;265;-994;-1666;;129,32;-485,072;-813,008;;;;;1758,527;0,12932;-0,485072;-0,813008;;;;;;1758527
1758846;201;-1001;-1503;;98,088;-488,488;-733,464;;;;;1758,846;0,098088;-0,488488;-0,733464;;;;;;1758846
1759396;269;-1064;-1657;;131,272;-519,232;-808,616;;;;;1759,396;0,131272;-0,519232;-0,808616;;;;;;1759396
1759633;270;-1065;-1657;;131,76;-519,72;-808,616;;;;;1759,633;0,13176;-0,51972;-0,808616;;;;;;1759633
1759955;268;-1065;-1657;;130,784;-519,72;-808,616;;;;;1759,955;0,130784;-0,51972;-0,808616;;;;;;1759955
1760183;267;-1066;-1659;;130,296;-520,208;-809,592;;;;;1760,183;0,130296;-0,520208;-0,809592;;;;;;1760183
1760507;266;-1058;-1657;;129,808;-516,304;-808,616;;;;;1760,507;0,129808;-0,516304;-0,808616;;;;;;1760507
1760847;269;-1063;-1654;;131,272;-518,744;-807,152;;;;;1760,847;0,131272;-0,518744;-0,807152;;;;;;1760847
1761075;266;-1065;-1658;;129,808;-519,72;-809,104;;;;;1761,075;0,129808;-0,51972;-0,809104;;;;;;1761075
1761500;268;-1068;-1658;;130,784;-521,184;-809,104;;;;;1761,5;0,130784;-0,521184;-0,809104;;;;;;1761500
1761857;270;-1064;-1659;;131,76;-519,232;-809,592;;;;;1761,857;0,13176;-0,519232;-0,809592;;;;;;1761857
1762179;273;-1062;-1657;;133,224;-518,256;-808,616;;;;;1762,179;0,133224;-0,518256;-0,808616;;;;;;1762179
1762499;269;-1068;-1659;;131,272;-521,184;-809,592;;;;;1762,499;0,131272;-0,521184;-0,809592;;;;;;1762499
1762837;268;-1064;-1658;;130,784;-519,232;-809,104;;;;;1762,837;0,130784;-0,519232;-0,809104;;;;;;1762837
1763072;270;-1066;-1659;;131,76;-520,208;-809,592;;;;;1763,072;0,13176;-0,520208;-0,809592;;;;;;1763072
1763500;269;-1065;-1660;;131,272;-519,72;-810,08;;;;;1763,5;0,131272;-0,51972;-0,81008;;;;;;1763500
1763728;265;-1067;-1657;;129,32;-520,696;-808,616;;;;;1763,728;0,12932;-0,520696;-0,808616;;;;;;1763728
1764070;267;-1063;-1659;;130,296;-518,744;-809,592;;;;;1764,07;0,130296;-0,518744;-0,809592;;;;;;1764070
1764393;269;-1064;-1658;;131,272;-519,232;-809,104;;;;;1764,393;0,131272;-0,519232;-0,809104;;;;;;1764393
1764621;154;-991;-1492;;75,152;-483,608;-728,096;;;;;1764,621;0,075152;-0,483608;-0,728096;;;;;;1764621
1764939;-38;-1056;-1313;;-18,544;-515,328;-640,744;;;;;1764,939;-0,018544;-0,515328;-0,640744;;;;;;1764939
1765512;266;-1064;-1659;;129,808;-519,232;-809,592;;;;;1765,512;0,129808;-0,519232;-0,809592;;;;;;1765512
1765834;265;-1062;-1657;;129,32;-518,256;-808,616;;;;;1765,834;0,12932;-0,518256;-0,808616;;;;;;1765834
1766156;266;-1064;-1659;;129,808;-519,232;-809,592;;;;;1766,156;0,129808;-0,519232;-0,809592;;;;;;1766156
1766514;269;-1065;-1657;;131,272;-519,72;-808,616;;;;;1766,514;0,131272;-0,51972;-0,808616;;;;;;1766514
1766832;264;-1065;-1657;;128,832;-519,72;-808,616;;;;;1766,832;0,128832;-0,51972;-0,808616;;;;;;1766832
1767165;267;-1063;-1661;;130,296;-518,744;-810,568;;;;;1767,165;0,130296;-0,518744;-0,810568;;;;;;1767165
1767508;268;-1066;-1659;;130,784;-520,208;-809,592;;;;;1767,508;0,130784;-0,520208;-0,809592;;;;;;1767508
1767826;268;-1064;-1659;;130,784;-519,232;-809,592;;;;;1767,826;0,130784;-0,519232;-0,809592;;;;;;1767826
1768159;269;-1063;-1659;;131,272;-518,744;-809,592;;;;;1768,159;0,131272;-0,518744;-0,809592;;;;;;1768159
1768509;266;-1066;-1662;;129,808;-520,208;-811,056;;;;;1768,509;0,129808;-0,520208;-0,811056;;;;;;1768509
1768828;267;-1067;-1656;;130,296;-520,696;-808,128;;;;;1768,828;0,130296;-0,520696;-0,808128;;;;;;1768828
1769056;266;-1066;-1658;;129,808;-520,208;-809,104;;;;;1769,056;0,129808;-0,520208;-0,809104;;;;;;1769056
1769480;271;-1069;-1659;;132,248;-521,672;-809,592;;;;;1769,48;0,132248;-0,521672;-0,809592;;;;;;1769480
1769716;268;-1066;-1660;;130,784;-520,208;-810,08;;;;;1769,716;0,130784;-0,520208;-0,81008;;;;;;1769716
1769948;269;-1064;-1655;;131,272;-519,232;-807,64;;;;;1769,948;0,131272;-0,519232;-0,80764;;;;;;1769948
1770377;271;-1065;-1655;;132,248;-519,72;-807,64;;;;;1770,377;0,132248;-0,51972;-0,80764;;;;;;1770377
1770839;268;-1061;-1656;;130,784;-517,768;-808,128;;;;;1770,839;0,130784;-0,517768;-0,808128;;;;;;1770839
1771161;266;-1045;-1654;;129,808;-509,96;-807,152;;;;;1771,161;0,129808;-0,50996;-0,807152;;;;;;1771161
1771484;267;-1067;-1658;;130,296;-520,696;-809,104;;;;;1771,484;0,130296;-0,520696;-0,809104;;;;;;1771484
1771712;267;-1062;-1657;;130,296;-518,256;-808,616;;;;;1771,712;0,130296;-0,518256;-0,808616;;;;;;1771712
1771948;266;-1068;-1663;;129,808;-521,184;-811,544;;;;;1771,948;0,129808;-0,521184;-0,811544;;;;;;1771948
1772373;270;-1066;-1661;;131,76;-520,208;-810,568;;;;;1772,373;0,13176;-0,520208;-0,810568;;;;;;1772373
1772601;266;-1067;-1662;;129,808;-520,696;-811,056;;;;;1772,601;0,129808;-0,520696;-0,811056;;;;;;1772601
1772942;262;-1055;-1652;;127,856;-514,84;-806,176;;;;;1772,942;0,127856;-0,51484;-0,806176;;;;;;1772942
1773493;269;-1066;-1656;;131,272;-520,208;-808,128;;;;;1773,493;0,131272;-0,520208;-0,808128;;;;;;1773493
1773815;267;-1066;-1658;;130,296;-520,208;-809,104;;;;;1773,815;0,130296;-0,520208;-0,809104;;;;;;1773815
1774054;269;-1066;-1659;;131,272;-520,208;-809,592;;;;;1774,054;0,131272;-0,520208;-0,809592;;;;;;1774054
1774495;268;-1066;-1661;;130,784;-520,208;-810,568;;;;;1774,495;0,130784;-0,520208;-0,810568;;;;;;1774495
1774814;268;-1066;-1659;;130,784;-520,208;-809,592;;;;;1774,814;0,130784;-0,520208;-0,809592;;;;;;1774814
1775170;85;-1004;-1391;;41,48;-489,952;-678,808;;;;;1775,17;0,04148;-0,489952;-0,678808;;;;;;1775170
1775493;237;-1053;-1618;;115,656;-513,864;-789,584;;;;;1775,493;0,115656;-0,513864;-0,789584;;;;;;1775493
1775812;-12;-257;-1611;;-5,856;-125,416;-786,168;;;;;1775,812;-0,005856;-0,125416;-0,786168;;;;;;1775812
1776145;-26;-923;-1771;;-12,688;-450,424;-864,248;;;;;1776,145;-0,012688;-0,450424;-0,864248;;;;;;1776145
1776492;-30;-944;-1749;;-14,64;-460,672;-853,512;;;;;1776,492;-0,01464;-0,460672;-0,853512;;;;;;1776492
1776811;-38;-951;-1750;;-18,544;-464,088;-854;;;;;1776,811;-0,018544;-0,464088;-0,854;;;;;;1776811
1777047;-25;-955;-1742;;-12,2;-466,04;-850,096;;;;;1777,047;-0,0122;-0,46604;-0,850096;;;;;;1777047
1777494;-448;-1066;-1737;;-218,624;-520,208;-847,656;;;;;1777,494;-0,218624;-0,520208;-0,847656;;;;;;1777494
1777828;28;-547;-1912;;13,664;-266,936;-933,056;;;;;1777,828;0,013664;-0,266936;-0,933056;;;;;;1777828
1778146;112;-995;-1977;;54,656;-485,56;-964,776;;;;;1778,146;0,054656;-0,48556;-0,964776;;;;;;1778146
1778488;1109;-1563;-1962;;541,192;-762,744;-957,456;;;;;1778,488;0,541192;-0,762744;-0,957456;;;;;;1778488
1778716;279;-1399;-332;;136,152;-682,712;-162,016;;;;;1778,716;0,136152;-0,682712;-0,162016;;;;;;1778716
1779039;1117;-2057;737;;545,096;-1003,816;359,656;;;;;1779,039;0,545096;-1,003816;0,359656;;;;;;1779039
1779362;596;-1310;1205;;290,848;-639,28;588,04;;;;;1779,362;0,290848;-0,63928;0,58804;;;;;;1779362
1779613;-174;-858;2125;;-84,912;-418,704;1037;;;;;1779,613;-0,084912;-0,418704;1,037;;;;;;1779613
1779931;454;-1222;1479;;221,552;-596,336;721,752;;;;;1779,931;0,221552;-0,596336;0,721752;;;;;;1779931
1780477;150;-1135;1579;;73,2;-553,88;770,552;;;;;1780,477;0,0732;-0,55388;0,770552;;;;;;1780477
1780715;-365;-1416;1666;;-178,12;-691,008;813,008;;;;;1780,715;-0,17812;-0,691008;0,813008;;;;;;1780715
1781033;-427;-1509;1483;;-208,376;-736,392;723,704;;;;;1781,033;-0,208376;-0,736392;0,723704;;;;;;1781033
1781481;-498;-1330;1630;;-243,024;-649,04;795,44;;;;;1781,481;-0,243024;-0,64904;0,79544;;;;;;1781481
1781822;-532;-1307;1550;;-259,616;-637,816;756,4;;;;;1781,822;-0,259616;-0,637816;0,7564;;;;;;1781822
1782144;-1110;-1330;1236;;-541,68;-649,04;603,168;;;;;1782,144;-0,54168;-0,64904;0,603168;;;;;;1782144
1782479;-1082;-1169;1731;;-528,016;-570,472;844,728;;;;;1782,479;-0,528016;-0,570472;0,844728;;;;;;1782479
1782797;-1098;-1125;1294;;-535,824;-549;631,472;;;;;1782,797;-0,535824;-0,549;0,631472;;;;;;1782797
1783033;-582;-2418;1093;;-284,016;-1179,984;533,384;;;;;1783,033;-0,284016;-1,179984;0,533384;;;;;;1783033
1783367;-397;-1748;1154;;-193,736;-853,024;563,152;;;;;1783,367;-0,193736;-0,853024;0,563152;;;;;;1783367
1783686;-158;-1402;1427;;-77,104;-684,176;696,376;;;;;1783,686;-0,077104;-0,684176;0,696376;;;;;;1783686
1784156;-164;-1215;1308;;-80,032;-592,92;638,304;;;;;1784,156;-0,080032;-0,59292;0,638304;;;;;;1784156
1784475;-175;-1412;1494;;-85,4;-689,056;729,072;;;;;1784,475;-0,0854;-0,689056;0,729072;;;;;;1784475
1784797;-432;-1907;1380;;-210,816;-930,616;673,44;;;;;1784,797;-0,210816;-0,930616;0,67344;;;;;;1784797
1785025;-466;-1117;1490;;-227,408;-545,096;727,12;;;;;1785,025;-0,227408;-0,545096;0,72712;;;;;;1785025
1785368;-528;-1316;1346;;-257,664;-642,208;656,848;;;;;1785,368;-0,257664;-0,642208;0,656848;;;;;;1785368
1785686;-87;-1592;1437;;-42,456;-776,896;701,256;;;;;1785,686;-0,042456;-0,776896;0,701256;;;;;;1785686
1785914;485;-1542;1019;;236,68;-752,496;497,272;;;;;1785,914;0,23668;-0,752496;0,497272;;;;;;1785914
1786472;-4;-1789;1050;;-1,952;-873,032;512,4;;;;;1786,472;-0,001952;-0,873032;0,5124;;;;;;1786472
1786810;-360;-1622;989;;-175,68;-791,536;482,632;;;;;1786,81;-0,17568;-0,791536;0,482632;;;;;;1786810
1787037;-412;-2053;930;;-201,056;-1001,864;453,84;;;;;1787,037;-0,201056;-1,001864;0,45384;;;;;;1787037
1787484;-88;-1357;1357;;-42,944;-662,216;662,216;;;;;1787,484;-0,042944;-0,662216;0,662216;;;;;;1787484
1787712;-161;-1723;1211;;-78,568;-840,824;590,968;;;;;1787,712;-0,078568;-0,840824;0,590968;;;;;;1787712
1788034;69;-1887;1030;;33,672;-920,856;502,64;;;;;1788,034;0,033672;-0,920856;0,50264;;;;;;1788034
1788497;170;-1829;1013;;82,96;-892,552;494,344;;;;;1788,497;0,08296;-0,892552;0,494344;;;;;;1788497
1788815;208;-1902;1074;;101,504;-928,176;524,112;;;;;1788,815;0,101504;-0,928176;0,524112;;;;;;1788815
1789134;104;-1885;939;;50,752;-919,88;458,232;;;;;1789,134;0,050752;-0,91988;0,458232;;;;;;1789134
1789472;89;-1886;1043;;43,432;-920,368;508,984;;;;;1789,472;0,043432;-0,920368;0,508984;;;;;;1789472
1789711;-318;-2288;611;;-155,184;-1116,544;298,168;;;;;1789,711;-0,155184;-1,116544;0,298168;;;;;;1789711
1790029;19;-1946;990;;9,272;-949,648;483,12;;;;;1790,029;0,009272;-0,949648;0,48312;;;;;;1790029
1790469;-33;-1782;763;;-16,104;-869,616;372,344;;;;;1790,469;-0,016104;-0,869616;0,372344;;;;;;1790469
1790811;-892;-1793;1008;;-435,296;-874,984;491,904;;;;;1790,811;-0,435296;-0,874984;0,491904;;;;;;1790811
1791144;-1046;-1524;1106;;-510,448;-743,712;539,728;;;;;1791,144;-0,510448;-0,743712;0,539728;;;;;;1791144
1791468;-862;-1134;842;;-420,656;-553,392;410,896;;;;;1791,468;-0,420656;-0,553392;0,410896;;;;;;1791468
1791809;-949;-1377;1087;;-463,112;-671,976;530,456;;;;;1791,809;-0,463112;-0,671976;0,530456;;;;;;1791809
1792044;-1089;-1521;1105;;-531,432;-742,248;539,24;;;;;1792,044;-0,531432;-0,742248;0,53924;;;;;;1792044
1792367;-1067;-1438;1174;;-520,696;-701,744;572,912;;;;;1792,367;-0,520696;-0,701744;0,572912;;;;;;1792367
1792686;-996;-1431;1193;;-486,048;-698,328;582,184;;;;;1792,686;-0,486048;-0,698328;0,582184;;;;;;1792686
1792937;-1001;-1422;1210;;-488,488;-693,936;590,48;;;;;1792,937;-0,488488;-0,693936;0,59048;;;;;;1792937
1793468;-313;-1583;1266;;-152,744;-772,504;617,808;;;;;1793,468;-0,152744;-0,772504;0,617808;;;;;;1793468
1793802;-205;-1640;1183;;-100,04;-800,32;577,304;;;;;1793,802;-0,10004;-0,80032;0,577304;;;;;;1793802
1794037;-230;-1478;1097;;-112,24;-721,264;535,336;;;;;1794,037;-0,11224;-0,721264;0,535336;;;;;;1794037
1794357;45;-2084;908;;21,96;-1016,992;443,104;;;;;1794,357;0,02196;-1,016992;0,443104;;;;;;1794357
1794801;-44;-1678;1073;;-21,472;-818,864;523,624;;;;;1794,801;-0,021472;-0,818864;0,523624;;;;;;1794801
1795145;1;-1995;897;;0,488;-973,56;437,736;;;;;1795,145;0,000488;-0,97356;0,437736;;;;;;1795145
1795469;34;-1903;865;;16,592;-928,664;422,12;;;;;1795,469;0,016592;-0,928664;0,42212;;;;;;1795469
1795697;-64;-1783;1007;;-31,232;-870,104;491,416;;;;;1795,697;-0,031232;-0,870104;0,491416;;;;;;1795697
1796015;-130;-1909;908;;-63,44;-931,592;443,104;;;;;1796,015;-0,06344;-0,931592;0,443104;;;;;;1796015
1796478;-279;-1830;906;;-136,152;-893,04;442,128;;;;;1796,478;-0,136152;-0,89304;0,442128;;;;;;1796478
1796796;-85;-1726;1057;;-41,48;-842,288;515,816;;;;;1796,796;-0,04148;-0,842288;0,515816;;;;;;1796796
1797114;-432;-1668;1054;;-210,816;-813,984;514,352;;;;;1797,114;-0,210816;-0,813984;0,514352;;;;;;1797114
1797479;-284;-1778;1102;;-138,592;-867,664;537,776;;;;;1797,479;-0,138592;-0,867664;0,537776;;;;;;1797479
1797801;517;-2445;704;;252,296;-1193,16;343,552;;;;;1797,801;0,252296;-1,19316;0,343552;;;;;;1797801
1798118;-147;-2128;588;;-71,736;-1038,464;286,944;;;;;1798,118;-0,071736;-1,038464;0,286944;;;;;;1798118
1798477;-158;-1638;1260;;-77,104;-799,344;614,88;;;;;1798,477;-0,077104;-0,799344;0,61488;;;;;;1798477
1798796;-304;-2074;726;;-148,352;-1012,112;354,288;;;;;1798,796;-0,148352;-1,012112;0,354288;;;;;;1798796
1799346;-211;-1695;1156;;-102,968;-827,16;564,128;;;;;1799,346;-0,102968;-0,82716;0,564128;;;;;;1799346
1799581;250;-2714;804;;122;-1324,432;392,352;;;;;1799,581;0,122;-1,324432;0,392352;;;;;;1799581
1799904;14;-1877;701;;6,832;-915,976;342,088;;;;;1799,904;0,006832;-0,915976;0,342088;;;;;;1799904
1800132;-76;-1795;903;;-37,088;-875,96;440,664;;;;;1800,132;-0,037088;-0,87596;0,440664;;;;;;1800132
1800455;-276;-1912;204;;-134,688;-933,056;99,552;;;;;1800,455;-0,134688;-0,933056;0,099552;;;;;;1800455
1800796;-39;-1767;684;;-19,032;-862,296;333,792;;;;;1800,796;-0,019032;-0,862296;0,333792;;;;;;1800796
1801024;-413;-1838;598;;-201,544;-896,944;291,824;;;;;1801,024;-0,201544;-0,896944;0,291824;;;;;;1801024
1801449;-512;-1884;351;;-249,856;-919,392;171,288;;;;;1801,449;-0,249856;-0,919392;0,171288;;;;;;1801449
1801805;-560;-1963;546;;-273,28;-957,944;266,448;;;;;1801,805;-0,27328;-0,957944;0,266448;;;;;;1801805
1802123;-184;-1671;-57;;-89,792;-815,448;-27,816;;;;;1802,123;-0,089792;-0,815448;-0,027816;;;;;;1802123
1802453;-410;-1815;67;;-200,08;-885,72;32,696;;;;;1802,453;-0,20008;-0,88572;0,032696;;;;;;1802453
1802787;-249;-1942;391;;-121,512;-947,696;190,808;;;;;1802,787;-0,121512;-0,947696;0,190808;;;;;;1802787
1803040;-1069;-1897;308;;-521,672;-925,736;150,304;;;;;1803,04;-0,521672;-0,925736;0,150304;;;;;;1803040
1803464;-879;-1935;451;;-428,952;-944,28;220,088;;;;;1803,464;-0,428952;-0,94428;0,220088;;;;;;1803464
1803692;-544;-1996;579;;-265,472;-974,048;282,552;;;;;1803,692;-0,265472;-0,974048;0,282552;;;;;;1803692
1804034;-561;-1991;124;;-273,768;-971,608;60,512;;;;;1804,034;-0,273768;-0,971608;0,060512;;;;;;1804034
1804353;-708;-1952;170;;-345,504;-952,576;82,96;;;;;1804,353;-0,345504;-0,952576;0,08296;;;;;;1804353
1804581;-552;-2107;273;;-269,376;-1028,216;133,224;;;;;1804,581;-0,269376;-1,028216;0,133224;;;;;;1804581
1804899;-214;-1941;585;;-104,432;-947,208;285,48;;;;;1804,899;-0,104432;-0,947208;0,28548;;;;;;1804899
1805478;348;-1791;111;;169,824;-874,008;54,168;;;;;1805,478;0,169824;-0,874008;0,054168;;;;;;1805478
1805795;12;-2052;324;;5,856;-1001,376;158,112;;;;;1805,795;0,005856;-1,001376;0,158112;;;;;;1805795
1806113;-229;-1847;718;;-111,752;-901,336;350,384;;;;;1806,113;-0,111752;-0,901336;0,350384;;;;;;1806113
1806471;82;-2036;762;;40,016;-993,568;371,856;;;;;1806,471;0,040016;-0,993568;0,371856;;;;;;1806471
1806789;-151;-1984;516;;-73,688;-968,192;251,808;;;;;1806,789;-0,073688;-0,968192;0,251808;;;;;;1806789
1807126;-144;-2007;417;;-70,272;-979,416;203,496;;;;;1807,126;-0,070272;-0,979416;0,203496;;;;;;1807126
1807468;-47;-2226;332;;-22,936;-1086,288;162,016;;;;;1807,468;-0,022936;-1,086288;0,162016;;;;;;1807468
1807787;160;-1931;580;;78,08;-942,328;283,04;;;;;1807,787;0,07808;-0,942328;0,28304;;;;;;1807787
1808124;267;-2181;809;;130,296;-1064,328;394,792;;;;;1808,124;0,130296;-1,064328;0,394792;;;;;;1808124
1808474;262;-1843;568;;127,856;-899,384;277,184;;;;;1808,474;0,127856;-0,899384;0,277184;;;;;;1808474
1808792;352;-1841;683;;171,776;-898,408;333,304;;;;;1808,792;0,171776;-0,898408;0,333304;;;;;;1808792
1809020;263;-2054;576;;128,344;-1002,352;281,088;;;;;1809,02;0,128344;-1,002352;0,281088;;;;;;1809020
1809445;-5;-1968;649;;-2,44;-960,384;316,712;;;;;1809,445;-0,00244;-0,960384;0,316712;;;;;;1809445
1809680;-145;-1745;762;;-70,76;-851,56;371,856;;;;;1809,68;-0,07076;-0,85156;0,371856;;;;;;1809680
1809908;-274;-1803;871;;-133,712;-879,864;425,048;;;;;1809,908;-0,133712;-0,879864;0,425048;;;;;;1809908
1810337;-268;-1756;927;;-130,784;-856,928;452,376;;;;;1810,337;-0,130784;-0,856928;0,452376;;;;;;1810337
1810803;-308;-1892;913;;-150,304;-923,296;445,544;;;;;1810,803;-0,150304;-0,923296;0,445544;;;;;;1810803
1811126;-184;-1802;951;;-89,792;-879,376;464,088;;;;;1811,126;-0,089792;-0,879376;0,464088;;;;;;1811126
1811445;-310;-2166;849;;-151,28;-1057,008;414,312;;;;;1811,445;-0,15128;-1,057008;0,414312;;;;;;1811445
1811673;330;-1655;369;;161,04;-807,64;180,072;;;;;1811,673;0,16104;-0,80764;0,180072;;;;;;1811673
1811908;308;-1933;379;;150,304;-943,304;184,952;;;;;1811,908;0,150304;-0,943304;0,184952;;;;;;1811908
1812334;365;-1931;327;;178,12;-942,328;159,576;;;;;1812,334;0,17812;-0,942328;0,159576;;;;;;1812334
1812562;1147;-1961;80;;559,736;-956,968;39,04;;;;;1812,562;0,559736;-0,956968;0,03904;;;;;;1812562
1812903;1568;-1513;22;;765,184;-738,344;10,736;;;;;1812,903;0,765184;-0,738344;0,010736;;;;;;1812903
1813458;700;-1888;129;;341,6;-921,344;62,952;;;;;1813,458;0,3416;-0,921344;0,062952;;;;;;1813458
1813780;604;-1815;-402;;294,752;-885,72;-196,176;;;;;1813,78;0,294752;-0,88572;-0,196176;;;;;;1813780
1814121;143;-1820;268;;69,784;-888,16;130,784;;;;;1814,121;0,069784;-0,88816;0,130784;;;;;;1814121
1814459;-30;-1868;864;;-14,64;-911,584;421,632;;;;;1814,459;-0,01464;-0,911584;0,421632;;;;;;1814459
1814778;-264;-1988;771;;-128,832;-970,144;376,248;;;;;1814,778;-0,128832;-0,970144;0,376248;;;;;;1814778
1815134;-152;-1857;965;;-74,176;-906,216;470,92;;;;;1815,134;-0,074176;-0,906216;0,47092;;;;;;1815134
1815453;-187;-2158;888;;-91,256;-1053,104;433,344;;;;;1815,453;-0,091256;-1,053104;0,433344;;;;;;1815453
1815776;-167;-1864;882;;-81,496;-909,632;430,416;;;;;1815,776;-0,081496;-0,909632;0,430416;;;;;;1815776
1816109;-238;-1910;830;;-116,144;-932,08;405,04;;;;;1816,109;-0,116144;-0,93208;0,40504;;;;;;1816109
1816454;-182;-1908;865;;-88,816;-931,104;422,12;;;;;1816,454;-0,088816;-0,931104;0,42212;;;;;;1816454
1816772;-242;-1985;965;;-118,096;-968,68;470,92;;;;;1816,772;-0,118096;-0,96868;0,47092;;;;;;1816772
1817000;-78;-1919;824;;-38,064;-936,472;402,112;;;;;1817;-0,038064;-0,936472;0,402112;;;;;;1817000
1817448;-24;-2001;852;;-11,712;-976,488;415,776;;;;;1817,448;-0,011712;-0,976488;0,415776;;;;;;1817448
1817782;-74;-1796;975;;-36,112;-876,448;475,8;;;;;1817,782;-0,036112;-0,876448;0,4758;;;;;;1817782
1818100;148;-1812;957;;72,224;-884,256;467,016;;;;;1818,1;0,072224;-0,884256;0,467016;;;;;;1818100
1818451;-115;-1830;931;;-56,12;-893,04;454,328;;;;;1818,451;-0,05612;-0,89304;0,454328;;;;;;1818451
1818679;-69;-1903;970;;-33,672;-928,664;473,36;;;;;1818,679;-0,033672;-0,928664;0,47336;;;;;;1818679
1819001;-213;-1975;932;;-103,944;-963,8;454,816;;;;;1819,001;-0,103944;-0,9638;0,454816;;;;;;1819001
1819324;-270;-1581;1104;;-131,76;-771,528;538,752;;;;;1819,324;-0,13176;-0,771528;0,538752;;;;;;1819324
1819576;-322;-1771;1182;;-157,136;-864,248;576,816;;;;;1819,576;-0,157136;-0,864248;0,576816;;;;;;1819576
1819894;-407;-1514;1350;;-198,616;-738,832;658,8;;;;;1819,894;-0,198616;-0,738832;0,6588;;;;;;1819894
1820441;-401;-1936;1103;;-195,688;-944,768;538,264;;;;;1820,441;-0,195688;-0,944768;0,538264;;;;;;1820441
1820677;-541;-1654;1164;;-264,008;-807,152;568,032;;;;;1820,677;-0,264008;-0,807152;0,568032;;;;;;1820677
1820999;-706;-1587;755;;-344,528;-774,456;368,44;;;;;1820,999;-0,344528;-0,774456;0,36844;;;;;;1820999
1821439;-235;-2081;299;;-114,68;-1015,528;145,912;;;;;1821,439;-0,11468;-1,015528;0,145912;;;;;;1821439
1821785;-949;-2429;712;;-463,112;-1185,352;347,456;;;;;1821,785;-0,463112;-1,185352;0,347456;;;;;;1821785
1822107;-138;-993;75;;-67,344;-484,584;36,6;;;;;1822,107;-0,067344;-0,484584;0,0366;;;;;;1822107
1822441;-17;-2361;531;;-8,296;-1152,168;259,128;;;;;1822,441;-0,008296;-1,152168;0,259128;;;;;;1822441
1822760;-229;-2122;423;;-111,752;-1035,536;206,424;;;;;1822,76;-0,111752;-1,035536;0,206424;;;;;;1822760
1822995;-148;-2050;271;;-72,224;-1000,4;132,248;;;;;1822,995;-0,072224;-1,0004;0,132248;;;;;;1822995
1823330;-81;-1925;592;;-39,528;-939,4;288,896;;;;;1823,33;-0,039528;-0,9394;0,288896;;;;;;1823330
1823652;-117;-1831;738;;-57,096;-893,528;360,144;;;;;1823,652;-0,057096;-0,893528;0,360144;;;;;;1823652
1824115;-42;-2059;730;;-20,496;-1004,792;356,24;;;;;1824,115;-0,020496;-1,004792;0,35624;;;;;;1824115
1824442;94;-1991;578;;45,872;-971,608;282,064;;;;;1824,442;0,045872;-0,971608;0,282064;;;;;;1824442
1824761;110;-2274;607;;53,68;-1109,712;296,216;;;;;1824,761;0,05368;-1,109712;0,296216;;;;;;1824761
1824989;88;-2052;397;;42,944;-1001,376;193,736;;;;;1824,989;0,042944;-1,001376;0,193736;;;;;;1824989
1825331;-124;-2276;386;;-60,512;-1110,688;188,368;;;;;1825,331;-0,060512;-1,110688;0,188368;;;;;;1825331
1825653;-216;-1845;713;;-105,408;-900,36;347,944;;;;;1825,653;-0,105408;-0,90036;0,347944;;;;;;1825653
1825881;-603;-2194;1002;;-294,264;-1070,672;488,976;;;;;1825,881;-0,294264;-1,070672;0,488976;;;;;;1825881
1826439;-220;-1647;333;;-107,36;-803,736;162,504;;;;;1826,439;-0,10736;-0,803736;0,162504;;;;;;1826439
1826773;23;-2175;512;;11,224;-1061,4;249,856;;;;;1826,773;0,011224;-1,0614;0,249856;;;;;;1826773
1827097;46;-1899;419;;22,448;-926,712;204,472;;;;;1827,097;0,022448;-0,926712;0,204472;;;;;;1827097
1827452;122;-2100;848;;59,536;-1024,8;413,824;;;;;1827,452;0,059536;-1,0248;0,413824;;;;;;1827452
1827680;-297;-1504;916;;-144,936;-733,952;447,008;;;;;1827,68;-0,144936;-0,733952;0,447008;;;;;;1827680
1827998;191;-1841;620;;93,208;-898,408;302,56;;;;;1827,998;0,093208;-0,898408;0,30256;;;;;;1827998
1828461;-311;-1900;609;;-151,768;-927,2;297,192;;;;;1828,461;-0,151768;-0,9272;0,297192;;;;;;1828461
1828783;-385;-2084;289;;-187,88;-1016,992;141,032;;;;;1828,783;-0,18788;-1,016992;0,141032;;;;;;1828783
1829102;-113;-1551;342;;-55,144;-756,888;166,896;;;;;1829,102;-0,055144;-0,756888;0,166896;;;;;;1829102
1829440;-200;-2998;-307;;-97,6;-1463,024;-149,816;;;;;1829,44;-0,0976;-1,463024;-0,149816;;;;;;1829440
1829678;-109;-1953;91;;-53,192;-953,064;44,408;;;;;1829,678;-0,053192;-0,953064;0,044408;;;;;;1829678
1829996;-326;-1918;103;;-159,088;-935,984;50,264;;;;;1829,996;-0,159088;-0,935984;0,050264;;;;;;1829996
1830441;-77;-1663;197;;-37,576;-811,544;96,136;;;;;1830,441;-0,037576;-0,811544;0,096136;;;;;;1830441
1830781;131;-2698;721;;63,928;-1316,624;351,848;;;;;1830,781;0,063928;-1,316624;0,351848;;;;;;1830781
1831115;-303;-1441;386;;-147,864;-703,208;188,368;;;;;1831,115;-0,147864;-0,703208;0,188368;;;;;;1831115
1831438;-358;-2449;465;;-174,704;-1195,112;226,92;;;;;1831,438;-0,174704;-1,195112;0,22692;;;;;;1831438
1831779;-8;-1363;751;;-3,904;-665,144;366,488;;;;;1831,779;-0,003904;-0,665144;0,366488;;;;;;1831779
1832007;253;-2236;905;;123,464;-1091,168;441,64;;;;;1832,007;0,123464;-1,091168;0,44164;;;;;;1832007
1832330;-378;-1494;660;;-184,464;-729,072;322,08;;;;;1832,33;-0,184464;-0,729072;0,32208;;;;;;1832330
1832649;-917;-2111;841;;-447,496;-1030,168;410,408;;;;;1832,649;-0,447496;-1,030168;0,410408;;;;;;1832649
1832900;-950;-1732;581;;-463,6;-845,216;283,528;;;;;1832,9;-0,4636;-0,845216;0,283528;;;;;;1832900
1833434;-908;-3290;345;;-443,104;-1605,52;168,36;;;;;1833,434;-0,443104;-1,60552;0,16836;;;;;;1833434
1833768;-613;-1500;521;;-299,144;-732;254,248;;;;;1833,768;-0,299144;-0,732;0,254248;;;;;;1833768
1834004;-628;-1802;1009;;-306,464;-879,376;492,392;;;;;1834,004;-0,306464;-0,879376;0,492392;;;;;;1834004
1834328;-427;-1754;491;;-208,376;-855,952;239,608;;;;;1834,328;-0,208376;-0,855952;0,239608;;;;;;1834328
1834768;-316;-2485;695;;-154,208;-1212,68;339,16;;;;;1834,768;-0,154208;-1,21268;0,33916;;;;;;1834768
1835113;-347;-1311;627;;-169,336;-639,768;305,976;;;;;1835,113;-0,169336;-0,639768;0,305976;;;;;;1835113
1835437;-74;-1975;547;;-36,112;-963,8;266,936;;;;;1835,437;-0,036112;-0,9638;0,266936;;;;;;1835437
1835665;-166;-1548;503;;-81,008;-755,424;245,464;;;;;1835,665;-0,081008;-0,755424;0,245464;;;;;;1835665
1835983;-311;-3508;945;;-151,768;-1711,904;461,16;;;;;1835,983;-0,151768;-1,711904;0,46116;;;;;;1835983
1836446;56;-1888;1046;;27,328;-921,344;510,448;;;;;1836,446;0,027328;-0,921344;0,510448;;;;;;1836446
1836667;-668;-2782;135;;-325,984;-1357,616;65,88;;;;;1836,667;-0,325984;-1,357616;0,06588;;;;;;1836667
1836985;160;-2338;935;;78,08;-1140,944;456,28;;;;;1836,985;0,07808;-1,140944;0,45628;;;;;;1836985
1837452;-22;-1153;276;;-10,736;-562,664;134,688;;;;;1837,452;-0,010736;-0,562664;0,134688;;;;;;1837452
1837770;-480;-1675;798;;-234,24;-817,4;389,424;;;;;1837,77;-0,23424;-0,8174;0,389424;;;;;;1837770
1838088;233;-1812;274;;113,704;-884,256;133,712;;;;;1838,088;0,113704;-0,884256;0,133712;;;;;;1838088
1838446;353;-2831;847;;172,264;-1381,528;413,336;;;;;1838,446;0,172264;-1,381528;0,413336;;;;;;1838446
1838763;-172;-785;479;;-83,936;-383,08;233,752;;;;;1838,763;-0,083936;-0,38308;0,233752;;;;;;1838763
1839314;46;-1409;306;;22,448;-687,592;149,328;;;;;1839,314;0,022448;-0,687592;0,149328;;;;;;1839314
1839550;569;-2517;128;;277,672;-1228,296;62,464;;;;;1839,55;0,277672;-1,228296;0,062464;;;;;;1839550
1839868;-247;-1915;-90;;-120,536;-934,52;-43,92;;;;;1839,868;-0,120536;-0,93452;-0,04392;;;;;;1839868
1840100;-211;-1762;309;;-102,968;-859,856;150,792;;;;;1840,1;-0,102968;-0,859856;0,150792;;;;;;1840100
1840419;11;-1591;289;;5,368;-776,408;141,032;;;;;1840,419;0,005368;-0,776408;0,141032;;;;;;1840419
1840764;-432;-2252;576;;-210,816;-1098,976;281,088;;;;;1840,764;-0,210816;-1,098976;0,281088;;;;;;1840764
1840992;566;-3354;-428;;276,208;-1636,752;-208,864;;;;;1840,992;0,276208;-1,636752;-0,208864;;;;;;1840992
1841421;-262;-1870;114;;-127,856;-912,56;55,632;;;;;1841,421;-0,127856;-0,91256;0,055632;;;;;;1841421
1841778;229;-1567;389;;111,752;-764,696;189,832;;;;;1841,778;0,111752;-0,764696;0,189832;;;;;;1841778
1842100;423;-2758;951;;206,424;-1345,904;464,088;;;;;1842,1;0,206424;-1,345904;0,464088;;;;;;1842100
1842420;-100;-1249;520;;-48,8;-609,512;253,76;;;;;1842,42;-0,0488;-0,609512;0,25376;;;;;;1842420
1842758;-368;-2321;555;;-179,584;-1132,648;270,84;;;;;1842,758;-0,179584;-1,132648;0,27084;;;;;;1842758
1842993;444;-1008;729;;216,672;-491,904;355,752;;;;;1842,993;0,216672;-0,491904;0,355752;;;;;;1842993
1843417;-147;-1743;262;;-71,736;-850,584;127,856;;;;;1843,417;-0,071736;-0,850584;0,127856;;;;;;1843417
1843645;-273;-1489;681;;-133,224;-726,632;332,328;;;;;1843,645;-0,133224;-0,726632;0,332328;;;;;;1843645
1843986;-206;-2429;351;;-100,528;-1185,352;171,288;;;;;1843,986;-0,100528;-1,185352;0,171288;;;;;;1843986
1844305;377;-1632;285;;183,976;-796,416;139,08;;;;;1844,305;0,183976;-0,796416;0,13908;;;;;;1844305
1844542;1664;-1463;-337;;812,032;-713,944;-164,456;;;;;1844,542;0,812032;-0,713944;-0,164456;;;;;;1844542
1844859;1254;-1334;-81;;611,952;-650,992;-39,528;;;;;1844,859;0,611952;-0,650992;-0,039528;;;;;;1844859
1845433;-1581;-235;1484;;-771,528;-114,68;724,192;;;;;1845,433;-0,771528;-0,11468;0,724192;;;;;;1845433
1845751;-1332;-255;1803;;-650,016;-124,44;879,864;;;;;1845,751;-0,650016;-0,12444;0,879864;;;;;;1845751
1846069;-436;212;2077;;-212,768;103,456;1013,576;;;;;1846,069;-0,212768;0,103456;1,013576;;;;;;1846069
1846430;-729;-282;2040;;-355,752;-137,616;995,52;;;;;1846,43;-0,355752;-0,137616;0,99552;;;;;;1846430
1846749;-848;-635;1610;;-413,824;-309,88;785,68;;;;;1846,749;-0,413824;-0,30988;0,78568;;;;;;1846749
1847082;-298;-799;1757;;-145,424;-389,912;857,416;;;;;1847,082;-0,145424;-0,389912;0,857416;;;;;;1847082
1847426;-123;-1450;934;;-60,024;-707,6;455,792;;;;;1847,426;-0,060024;-0,7076;0,455792;;;;;;1847426
1847749;-592;-1876;1310;;-288,896;-915,488;639,28;;;;;1847,749;-0,288896;-0,915488;0,63928;;;;;;1847749
1848082;-615;-1371;879;;-300,12;-669,048;428,952;;;;;1848,082;-0,30012;-0,669048;0,428952;;;;;;1848082
1848429;-446;-1741;1206;;-217,648;-849,608;588,528;;;;;1848,429;-0,217648;-0,849608;0,588528;;;;;;1848429
1848747;-310;-1583;825;;-151,28;-772,504;402,6;;;;;1848,747;-0,15128;-0,772504;0,4026;;;;;;1848747
1848975;-263;-1272;1371;;-128,344;-620,736;669,048;;;;;1848,975;-0,128344;-0,620736;0,669048;;;;;;1848975
1849400;-559;-1262;682;;-272,792;-615,856;332,816;;;;;1849,4;-0,272792;-0,615856;0,332816;;;;;;1849400
1849636;-260;-3055;666;;-126,88;-1490,84;325,008;;;;;1849,636;-0,12688;-1,49084;0,325008;;;;;;1849636
1849868;-50;-2635;538;;-24,4;-1285,88;262,544;;;;;1849,868;-0,0244;-1,28588;0,262544;;;;;;1849868
1850403;306;-1873;567;;149,328;-914,024;276,696;;;;;1850,403;0,149328;-0,914024;0,276696;;;;;;1850403
1850759;-575;-1655;699;;-280,6;-807,64;341,112;;;;;1850,759;-0,2806;-0,80764;0,341112;;;;;;1850759
1851077;-569;-3648;204;;-277,672;-1780,224;99,552;;;;;1851,077;-0,277672;-1,780224;0,099552;;;;;;1851077
1851396;-230;-1281;430;;-112,24;-625,128;209,84;;;;;1851,396;-0,11224;-0,625128;0,20984;;;;;;1851396
1851624;-604;-2047;822;;-294,752;-998,936;401,136;;;;;1851,624;-0,294752;-0,998936;0,401136;;;;;;1851624
1851864;-466;-1777;559;;-227,408;-867,176;272,792;;;;;1851,864;-0,227408;-0,867176;0,272792;;;;;;1851864
1852289;499;-2719;1075;;243,512;-1326,872;524,6;;;;;1852,289;0,243512;-1,326872;0,5246;;;;;;1852289
1852524;-301;-1504;425;;-146,888;-733,952;207,4;;;;;1852,524;-0,146888;-0,733952;0,2074;;;;;;1852524
1852879;-556;-2409;632;;-271,328;-1175,592;308,416;;;;;1852,879;-0,271328;-1,175592;0,308416;;;;;;1852879
1853426;119;-2088;1153;;58,072;-1018,944;562,664;;;;;1853,426;0,058072;-1,018944;0,562664;;;;;;1853426
1853744;-505;-948;440;;-246,44;-462,624;214,72;;;;;1853,744;-0,24644;-0,462624;0,21472;;;;;;1853744
1854085;-342;-2165;1136;;-166,896;-1056,52;554,368;;;;;1854,085;-0,166896;-1,05652;0,554368;;;;;;1854085
1854419;118;-2013;667;;57,584;-982,344;325,496;;;;;1854,419;0,057584;-0,982344;0,325496;;;;;;1854419
1854738;-1014;-2182;685;;-494,832;-1064,816;334,28;;;;;1854,738;-0,494832;-1,064816;0,33428;;;;;;1854738
1855094;-156;-1906;497;;-76,128;-930,128;242,536;;;;;1855,094;-0,076128;-0,930128;0,242536;;;;;;1855094
1855417;-528;-1622;936;;-257,664;-791,536;456,768;;;;;1855,417;-0,257664;-0,791536;0,456768;;;;;;1855417
1855740;80;-1766;749;;39,04;-861,808;365,512;;;;;1855,74;0,03904;-0,861808;0,365512;;;;;;1855740
1856077;-385;-1904;841;;-187,88;-929,152;410,408;;;;;1856,077;-0,18788;-0,929152;0,410408;;;;;;1856077
1856421;-308;-1661;455;;-150,304;-810,568;222,04;;;;;1856,421;-0,150304;-0,810568;0,22204;;;;;;1856421
1856739;-301;-2037;875;;-146,888;-994,056;427;;;;;1856,739;-0,146888;-0,994056;0,427;;;;;;1856739
1856967;-360;-1803;668;;-175,68;-879,864;325,984;;;;;1856,967;-0,17568;-0,879864;0,325984;;;;;;1856967
1857417;-525;-1787;1071;;-256,2;-872,056;522,648;;;;;1857,417;-0,2562;-0,872056;0,522648;;;;;;1857417
1857751;-378;-1763;696;;-184,464;-860,344;339,648;;;;;1857,751;-0,184464;-0,860344;0,339648;;;;;;1857751
1858073;-605;-1663;1152;;-295,24;-811,544;562,176;;;;;1858,073;-0,29524;-0,811544;0,562176;;;;;;1858073
1858419;-990;-1664;584;;-483,12;-812,032;284,992;;;;;1858,419;-0,48312;-0,812032;0,284992;;;;;;1858419
1858647;-622;-1564;649;;-303,536;-763,232;316,712;;;;;1858,647;-0,303536;-0,763232;0,316712;;;;;;1858647
1858966;-1425;-2239;185;;-695,4;-1092,632;90,28;;;;;1858,966;-0,6954;-1,092632;0,09028;;;;;;1858966
1859285;-1155;-1451;543;;-563,64;-708,088;264,984;;;;;1859,285;-0,56364;-0,708088;0,264984;;;;;;1859285
1859536;-1316;-2047;245;;-642,208;-998,936;119,56;;;;;1859,536;-0,642208;-0,998936;0,11956;;;;;;1859536
1859858;-435;-1614;244;;-212,28;-787,632;119,072;;;;;1859,858;-0,21228;-0,787632;0,119072;;;;;;1859858
1860409;-971;-1858;-423;;-473,848;-906,704;-206,424;;;;;1860,409;-0,473848;-0,906704;-0,206424;;;;;;1860409
1860648;-247;-1700;745;;-120,536;-829,6;363,56;;;;;1860,648;-0,120536;-0,8296;0,36356;;;;;;1860648
1860966;-887;-1846;-40;;-432,856;-900,848;-19,52;;;;;1860,966;-0,432856;-0,900848;-0,01952;;;;;;1860966
1861407;-86;-1928;732;;-41,968;-940,864;357,216;;;;;1861,407;-0,041968;-0,940864;0,357216;;;;;;1861407
1861748;-407;-2137;-72;;-198,616;-1042,856;-35,136;;;;;1861,748;-0,198616;-1,042856;-0,035136;;;;;;1861748
1862066;-391;-1714;841;;-190,808;-836,432;410,408;;;;;1862,066;-0,190808;-0,836432;0,410408;;;;;;1862066
1862405;-477;-2012;387;;-232,776;-981,856;188,856;;;;;1862,405;-0,232776;-0,981856;0,188856;;;;;;1862405
1862723;-457;-2045;769;;-223,016;-997,96;375,272;;;;;1862,723;-0,223016;-0,99796;0,375272;;;;;;1862723
1862959;-211;-2963;182;;-102,968;-1445,944;88,816;;;;;1862,959;-0,102968;-1,445944;0,088816;;;;;;1862959
1863304;-241;-1665;574;;-117,608;-812,52;280,112;;;;;1863,304;-0,117608;-0,81252;0,280112;;;;;;1863304
1863623;-155;-1971;329;;-75,64;-961,848;160,552;;;;;1863,623;-0,07564;-0,961848;0,160552;;;;;;1863623
1864087;354;-2413;635;;172,752;-1177,544;309,88;;;;;1864,087;0,172752;-1,177544;0,30988;;;;;;1864087
1864406;-27;-1169;414;;-13,176;-570,472;202,032;;;;;1864,406;-0,013176;-0,570472;0,202032;;;;;;1864406
1864724;56;-2202;488;;27,328;-1074,576;238,144;;;;;1864,724;0,027328;-1,074576;0,238144;;;;;;1864724
1864952;-150;-1985;244;;-73,2;-968,68;119,072;;;;;1864,952;-0,0732;-0,96868;0,119072;;;;;;1864952
1865294;451;-1849;704;;220,088;-902,312;343,552;;;;;1865,294;0,220088;-0,902312;0,343552;;;;;;1865294
1865617;409;-2083;151;;199,592;-1016,504;73,688;;;;;1865,617;0,199592;-1,016504;0,073688;;;;;;1865617
1865849;117;-1605;479;;57,096;-783,24;233,752;;;;;1865,849;0,057096;-0,78324;0,233752;;;;;;1865849
1866403;609;-1646;329;;297,192;-803,248;160,552;;;;;1866,403;0,297192;-0,803248;0,160552;;;;;;1866403
1866741;650;-2233;473;;317,2;-1089,704;230,824;;;;;1866,741;0,3172;-1,089704;0,230824;;;;;;1866741
1867058;93;-1424;263;;45,384;-694,912;128,344;;;;;1867,058;0,045384;-0,694912;0,128344;;;;;;1867058
1867400;336;-2385;724;;163,968;-1163,88;353,312;;;;;1867,4;0,163968;-1,16388;0,353312;;;;;;1867400
1867628;-164;-2156;85;;-80,032;-1052,128;41,48;;;;;1867,628;-0,080032;-1,052128;0,04148;;;;;;1867628
1867947;377;-2197;379;;183,976;-1072,136;184,952;;;;;1867,947;0,183976;-1,072136;0,184952;;;;;;1867947
1868167;365;-2046;320;;178,12;-998,448;156,16;;;;;1868,167;0,17812;-0,998448;0,15616;;;;;;1868167
1868420;-463;-1849;54;;-225,944;-902,312;26,352;;;;;1868,42;-0,225944;-0,902312;0,026352;;;;;;1868420
1868738;-38;-1743;756;;-18,544;-850,584;368,928;;;;;1868,738;-0,018544;-0,850584;0,368928;;;;;;1868738
1869056;-1082;-1477;603;;-528,016;-720,776;294,264;;;;;1869,056;-0,528016;-0,720776;0,294264;;;;;;1869056
1869391;-844;-1392;731;;-411,872;-679,296;356,728;;;;;1869,391;-0,411872;-0,679296;0,356728;;;;;;1869391
1869626;-1246;-2039;303;;-608,048;-995,032;147,864;;;;;1869,626;-0,608048;-0,995032;0,147864;;;;;;1869626
1869944;-2783;-870;692;;-1358,104;-424,56;337,696;;;;;1869,944;-1,358104;-0,42456;0,337696;;;;;;1869944
1870384;-1922;-932;1208;;-937,936;-454,816;589,504;;;;;1870,384;-0,937936;-0,454816;0,589504;;;;;;1870384
1870725;-2488;-271;1222;;-1214,144;-132,248;596,336;;;;;1870,725;-1,214144;-0,132248;0,596336;;;;;;1870725
1870949;-1687;-615;1340;;-823,256;-300,12;653,92;;;;;1870,949;-0,823256;-0,30012;0,65392;;;;;;1870949
1871284;-1158;-1488;369;;-565,104;-726,144;180,072;;;;;1871,284;-0,565104;-0,726144;0,180072;;;;;;1871284
1871603;-795;-2642;935;;-387,96;-1289,296;456,28;;;;;1871,603;-0,38796;-1,289296;0,45628;;;;;;1871603
1871838;-549;-2024;68;;-267,912;-987,712;33,184;;;;;1871,838;-0,267912;-0,987712;0,033184;;;;;;1871838
1872066;-236;-1801;727;;-115,168;-878,888;354,776;;;;;1872,066;-0,115168;-0,878888;0,354776;;;;;;1872066
1872385;-281;-2306;646;;-137,128;-1125,328;315,248;;;;;1872,385;-0,137128;-1,125328;0,315248;;;;;;1872385
1872704;-392;-1783;306;;-191,296;-870,104;149,328;;;;;1872,704;-0,191296;-0,870104;0,149328;;;;;;1872704
1872957;-106;-1927;737;;-51,728;-940,376;359,656;;;;;1872,957;-0,051728;-0,940376;0,359656;;;;;;1872957
1873177;-464;-2475;349;;-226,432;-1207,8;170,312;;;;;1873,177;-0,226432;-1,2078;0,170312;;;;;;1873177
1873494;296;-1627;672;;144,448;-793,976;327,936;;;;;1873,494;0,144448;-0,793976;0,327936;;;;;;1873494
1873722;-91;-2136;906;;-44,408;-1042,368;442,128;;;;;1873,722;-0,044408;-1,042368;0,442128;;;;;;1873722
1873958;-404;-2440;577;;-197,152;-1190,72;281,576;;;;;1873,958;-0,197152;-1,19072;0,281576;;;;;;1873958
1874277;-1;-1694;912;;-0,488;-826,672;445,056;;;;;1874,277;-0,000488;-0,826672;0,445056;;;;;;1874277
1874721;27;-1850;438;;13,176;-902,8;213,744;;;;;1874,721;0,013176;-0,9028;0,213744;;;;;;1874721
1875062;156;-1921;824;;76,128;-937,448;402,112;;;;;1875,062;0,076128;-0,937448;0,402112;;;;;;1875062
1875385;-610;-2638;288;;-297,68;-1287,344;140,544;;;;;1875,385;-0,29768;-1,287344;0,140544;;;;;;1875385
1875617;-41;-1353;540;;-20,008;-660,264;263,52;;;;;1875,617;-0,020008;-0,660264;0,26352;;;;;;1875617
1875935;-10;-2516;632;;-4,88;-1227,808;308,416;;;;;1875,935;-0,00488;-1,227808;0,308416;;;;;;1875935
1876398;121;-2007;587;;59,048;-979,416;286,456;;;;;1876,398;0,059048;-0,979416;0,286456;;;;;;1876398
1876716;393;-2051;441;;191,784;-1000,888;215,208;;;;;1876,716;0,191784;-1,000888;0,215208;;;;;;1876716
1877035;502;-1540;683;;244,976;-751,52;333,304;;;;;1877,035;0,244976;-0,75152;0,333304;;;;;;1877035
1877392;-400;-2352;140;;-195,2;-1147,776;68,32;;;;;1877,392;-0,1952;-1,147776;0,06832;;;;;;1877392
1877710;453;-1680;829;;221,064;-819,84;404,552;;;;;1877,71;0,221064;-0,81984;0,404552;;;;;;1877710
1878032;368;-3103;167;;179,584;-1514,264;81,496;;;;;1878,032;0,179584;-1,514264;0,081496;;;;;;1878032
1878398;176;-1390;1008;;85,888;-678,32;491,904;;;;;1878,398;0,085888;-0,67832;0,491904;;;;;;1878398
1878716;-268;-2303;703;;-130,784;-1123,864;343,064;;;;;1878,716;-0,130784;-1,123864;0,343064;;;;;;1878716
1879266;1049;-2199;1100;;511,912;-1073,112;536,8;;;;;1879,266;0,511912;-1,073112;0,5368;;;;;;1879266
1879504;-392;-2098;214;;-191,296;-1023,824;104,432;;;;;1879,504;-0,191296;-1,023824;0,104432;;;;;;1879504
1879822;111;-1721;814;;54,168;-839,848;397,232;;;;;1879,822;0,054168;-0,839848;0,397232;;;;;;1879822
1880050;-156;-2188;690;;-76,128;-1067,744;336,72;;;;;1880,05;-0,076128;-1,067744;0,33672;;;;;;1880050
1880369;619;-2635;781;;302,072;-1285,88;381,128;;;;;1880,369;0,302072;-1,28588;0,381128;;;;;;1880369
1880714;258;-1452;330;;125,904;-708,576;161,04;;;;;1880,714;0,125904;-0,708576;0,16104;;;;;;1880714
1880946;322;-1730;1051;;157,136;-844,24;512,888;;;;;1880,946;0,157136;-0,84424;0,512888;;;;;;1880946
1881372;-60;-1602;339;;-29,28;-781,776;165,432;;;;;1881,372;-0,02928;-0,781776;0,165432;;;;;;1881372
1881728;328;-1985;786;;160,064;-968,68;383,568;;;;;1881,728;0,160064;-0,96868;0,383568;;;;;;1881728
1882050;83;-1684;494;;40,504;-821,792;241,072;;;;;1882,05;0,040504;-0,821792;0,241072;;;;;;1882050
1882369;132;-1954;637;;64,416;-953,552;310,856;;;;;1882,369;0,064416;-0,953552;0,310856;;;;;;1882369
1882703;388;-1282;689;;189,344;-625,616;336,232;;;;;1882,703;0,189344;-0,625616;0,336232;;;;;;1882703
1882938;184;-3084;611;;89,792;-1504,992;298,168;;;;;1882,938;0,089792;-1,504992;0,298168;;;;;;1882938
1883367;166;-1707;379;;81,008;-833,016;184,952;;;;;1883,367;0,081008;-0,833016;0,184952;;;;;;1883367
1883599;-305;-1946;844;;-148,84;-949,648;411,872;;;;;1883,599;-0,14884;-0,949648;0,411872;;;;;;1883599
1883940;-211;-1882;685;;-102,968;-918,416;334,28;;;;;1883,94;-0,102968;-0,918416;0,33428;;;;;;1883940
1884264;15;-3733;-117;;7,32;-1821,704;-57,096;;;;;1884,264;0,00732;-1,821704;-0,057096;;;;;;1884264
1884492;400;-1798;411;;195,2;-877,424;200,568;;;;;1884,492;0,1952;-0,877424;0,200568;;;;;;1884492
1884809;-72;-2248;856;;-35,136;-1097,024;417,728;;;;;1884,809;-0,035136;-1,097024;0,417728;;;;;;1884809
1885379;302;-2657;363;;147,376;-1296,616;177,144;;;;;1885,379;0,147376;-1,296616;0,177144;;;;;;1885379
1885697;130;-1594;319;;63,44;-777,872;155,672;;;;;1885,697;0,06344;-0,777872;0,155672;;;;;;1885697
1886024;-133;-2416;724;;-64,904;-1179,008;353,312;;;;;1886,024;-0,064904;-1,179008;0,353312;;;;;;1886024
1886386;49;-1627;450;;23,912;-793,976;219,6;;;;;1886,386;0,023912;-0,793976;0,2196;;;;;;1886386
1886704;321;-2687;334;;156,648;-1311,256;162,992;;;;;1886,704;0,156648;-1,311256;0,162992;;;;;;1886704
1887037;315;-2154;-36;;153,72;-1051,152;-17,568;;;;;1887,037;0,15372;-1,051152;-0,017568;;;;;;1887037
1887379;-178;-1559;298;;-86,864;-760,792;145,424;;;;;1887,379;-0,086864;-0,760792;0,145424;;;;;;1887379
1887698;779;-2000;773;;380,152;-976;377,224;;;;;1887,698;0,380152;-0,976;0,377224;;;;;;1887698
1888031;67;-1796;303;;32,696;-876,448;147,864;;;;;1888,031;0,032696;-0,876448;0,147864;;;;;;1888031
1888373;157;-2793;306;;76,616;-1362,984;149,328;;;;;1888,373;0,076616;-1,362984;0,149328;;;;;;1888373
1888695;-98;-1630;446;;-47,824;-795,44;217,648;;;;;1888,695;-0,047824;-0,79544;0,217648;;;;;;1888695
1888927;983;-2354;903;;479,704;-1148,752;440,664;;;;;1888,927;0,479704;-1,148752;0,440664;;;;;;1888927
1889352;-15;-2024;429;;-7,32;-987,712;209,352;;;;;1889,352;-0,00732;-0,987712;0,209352;;;;;;1889352
1889587;-4;-2007;618;;-1,952;-979,416;301,584;;;;;1889,587;-0,001952;-0,979416;0,301584;;;;;;1889587
1889819;240;-1936;486;;117,12;-944,768;237,168;;;;;1889,819;0,11712;-0,944768;0,237168;;;;;;1889819
1890248;-189;-1664;323;;-92,232;-812,032;157,624;;;;;1890,248;-0,092232;-0,812032;0,157624;;;;;;1890248
1890710;118;-1913;553;;57,584;-933,544;269,864;;;;;1890,71;0,057584;-0,933544;0,269864;;;;;;1890710
1891032;142;-2161;512;;69,296;-1054,568;249,856;;;;;1891,032;0,069296;-1,054568;0,249856;;;;;;1891032
1891351;-167;-1977;698;;-81,496;-964,776;340,624;;;;;1891,351;-0,081496;-0,964776;0,340624;;;;;;1891351
1891583;115;-1686;497;;56,12;-822,768;242,536;;;;;1891,583;0,05612;-0,822768;0,242536;;;;;;1891583
1891818;128;-3213;171;;62,464;-1567,944;83,448;;;;;1891,818;0,062464;-1,567944;0,083448;;;;;;1891818
1892243;377;-2086;697;;183,976;-1017,968;340,136;;;;;1892,243;0,183976;-1,017968;0,340136;;;;;;1892243
1892471;218;-2463;811;;106,384;-1201,944;395,768;;;;;1892,471;0,106384;-1,201944;0,395768;;;;;;1892471
1892813;59;-2096;652;;28,792;-1022,848;318,176;;;;;1892,813;0,028792;-1,022848;0,318176;;;;;;1892813
1893364;19;-2535;424;;9,272;-1237,08;206,912;;;;;1893,364;0,009272;-1,23708;0,206912;;;;;;1893364
1893686;78;-1623;557;;38,064;-792,024;271,816;;;;;1893,686;0,038064;-0,792024;0,271816;;;;;;1893686
1893921;165;-1801;619;;80,52;-878,888;302,072;;;;;1893,921;0,08052;-0,878888;0,302072;;;;;;1893921
1894366;65;-1447;475;;31,72;-706,136;231,8;;;;;1894,366;0,03172;-0,706136;0,2318;;;;;;1894366
1894685;75;-3132;558;;36,6;-1528,416;272,304;;;;;1894,685;0,0366;-1,528416;0,272304;;;;;;1894685
1895041;86;-1846;388;;41,968;-900,848;189,344;;;;;1895,041;0,041968;-0,900848;0,189344;;;;;;1895041
1895364;-432;-2197;452;;-210,816;-1072,136;220,576;;;;;1895,364;-0,210816;-1,072136;0,220576;;;;;;1895364
1895683;259;-2428;414;;126,392;-1184,864;202,032;;;;;1895,683;0,126392;-1,184864;0,202032;;;;;;1895683
1896016;-17;-1715;427;;-8,296;-836,92;208,376;;;;;1896,016;-0,008296;-0,83692;0,208376;;;;;;1896016
1896361;161;-1754;797;;78,568;-855,952;388,936;;;;;1896,361;0,078568;-0,855952;0,388936;;;;;;1896361
1896679;318;-1475;446;;155,184;-719,8;217,648;;;;;1896,679;0,155184;-0,7198;0,217648;;;;;;1896679
1896915;148;-2107;516;;72,224;-1028,216;251,808;;;;;1896,915;0,072224;-1,028216;0,251808;;;;;;1896915
1897363;116;-1419;671;;56,608;-692,472;327,448;;;;;1897,363;0,056608;-0,692472;0,327448;;;;;;1897363
1897697;-120;-3243;-12;;-58,56;-1582,584;-5,856;;;;;1897,697;-0,05856;-1,582584;-0,005856;;;;;;1897697
1898015;-4;-1801;688;;-1,952;-878,888;335,744;;;;;1898,015;-0,001952;-0,878888;0,335744;;;;;;1898015
1898357;450;-2553;277;;219,6;-1245,864;135,176;;;;;1898,357;0,2196;-1,245864;0,135176;;;;;;1898357
1898585;94;-1915;544;;45,872;-934,52;265,472;;;;;1898,585;0,045872;-0,93452;0,265472;;;;;;1898585
1898908;-372;-2182;-99;;-181,536;-1064,816;-48,312;;;;;1898,908;-0,181536;-1,064816;-0,048312;;;;;;1898908
1899231;-14;-1822;440;;-6,832;-889,136;214,72;;;;;1899,231;-0,006832;-0,889136;0,21472;;;;;;1899231
1899482;-292;-2000;671;;-142,496;-976;327,448;;;;;1899,482;-0,142496;-0,976;0,327448;;;;;;1899482
1899800;366;-1937;900;;178,608;-945,256;439,2;;;;;1899,8;0,178608;-0,945256;0,4392;;;;;;1899800
1900346;-596;-2002;745;;-290,848;-976,976;363,56;;;;;1900,346;-0,290848;-0,976976;0,36356;;;;;;1900346
1900586;-339;-579;1815;;-165,432;-282,552;885,72;;;;;1900,586;-0,165432;-0,282552;0,88572;;;;;;1900586
1900903;-337;-319;2286;;-164,456;-155,672;1115,568;;;;;1900,903;-0,164456;-0,155672;1,115568;;;;;;1900903
1901349;-176;-103;1847;;-85,888;-50,264;901,336;;;;;1901,349;-0,085888;-0,050264;0,901336;;;;;;1901349
1901694;90;-287;2489;;43,92;-140,056;1214,632;;;;;1901,694;0,04392;-0,140056;1,214632;;;;;;1901694
1902016;175;-342;1982;;85,4;-166,896;967,216;;;;;1902,016;0,0854;-0,166896;0,967216;;;;;;1902016
1902351;268;129;1997;;130,784;62,952;974,536;;;;;1902,351;0,130784;0,062952;0,974536;;;;;;1902351
1902669;-77;117;1748;;-37,576;57,096;853,024;;;;;1902,669;-0,037576;0,057096;0,853024;;;;;;1902669
1902905;-26;-48;2088;;-12,688;-23,424;1018,944;;;;;1902,905;-0,012688;-0,023424;1,018944;;;;;;1902905
1903239;-101;-10;2040;;-49,288;-4,88;995,52;;;;;1903,239;-0,049288;-0,00488;0,99552;;;;;;1903239
1903558;-44;-5;2060;;-21,472;-2,44;1005,28;;;;;1903,558;-0,021472;-0,00244;1,00528;;;;;;1903558
1904024;163;-182;2120;;79,544;-88,816;1034,56;;;;;1904,024;0,079544;-0,088816;1,03456;;;;;;1904024
1904348;135;-226;2111;;65,88;-110,288;1030,168;;;;;1904,348;0,06588;-0,110288;1,030168;;;;;;1904348
1904670;-5;-231;2125;;-2,44;-112,728;1037;;;;;1904,67;-0,00244;-0,112728;1,037;;;;;;1904670
1904922;4;-245;2117;;1,952;-119,56;1033,096;;;;;1904,922;0,001952;-0,11956;1,033096;;;;;;1904922
1905241;1;-226;2121;;0,488;-110,288;1035,048;;;;;1905,241;0,000488;-0,110288;1,035048;;;;;;1905241
1905559;20;-243;2117;;9,76;-118,584;1033,096;;;;;1905,559;0,00976;-0,118584;1,033096;;;;;;1905559
1905787;15;-243;2120;;7,32;-118,584;1034,56;;;;;1905,787;0,00732;-0,118584;1,03456;;;;;;1905787
1906239;3;-235;2119;;1,464;-114,68;1034,072;;;;;1906,239;0,001464;-0,11468;1,034072;;;;;;1906239
1906679;14;-242;2118;;6,832;-118,096;1033,584;;;;;1906,679;0,006832;-0,118096;1,033584;;;;;;1906679
1906997;9;-238;2119;;4,392;-116,144;1034,072;;;;;1906,997;0,004392;-0,116144;1,034072;;;;;;1906997
1907632;5;-238;2115;;2,44;-116,144;1032,12;;;;;1907,632;0,00244;-0,116144;1,03212;;;;;;1907632
1907950;11;-237;2120;;5,368;-115,656;1034,56;;;;;1907,95;0,005368;-0,115656;1,03456;;;;;;1907950
1908690;9;-239;2119;;4,392;-116,632;1034,072;;;;;1908,69;0,004392;-0,116632;1,034072;;;;;;1908690
1909008;12;-238;2117;;5,856;-116,144;1033,096;;;;;1909,008;0,005856;-0,116144;1,033096;;;;;;1909008
1909341;11;-236;2118;;5,368;-115,168;1033,584;;;;;1909,341;0,005368;-0,115168;1,033584;;;;;;1909341
1909684;11;-239;2117;;5,368;-116,632;1033,096;;;;;1909,684;0,005368;-0,116632;1,033096;;;;;;1909684
1910002;7;-242;2118;;3,416;-118,096;1033,584;;;;;1910,002;0,003416;-0,118096;1,033584;;;;;;1910002
1910234;9;-241;2118;;4,392;-117,608;1033,584;;;;;1910,234;0,004392;-0,117608;1,033584;;;;;;1910234
1910659;9;-240;2121;;4,392;-117,12;1035,048;;;;;1910,659;0,004392;-0,11712;1,035048;;;;;;1910659
1910895;8;-238;2114;;3,904;-116,144;1031,632;;;;;1910,895;0,003904;-0,116144;1,031632;;;;;;1910895
1911127;7;-239;2115;;3,416;-116,632;1032,12;;;;;1911,127;0,003416;-0,116632;1,03212;;;;;;1911127
1911552;8;-236;2119;;3,904;-115,168;1034,072;;;;;1911,552;0,003904;-0,115168;1,034072;;;;;;1911552
1912019;9;-241;2116;;4,392;-117,608;1032,608;;;;;1912,019;0,004392;-0,117608;1,032608;;;;;;1912019
1912337;12;-238;2117;;5,856;-116,144;1033,096;;;;;1912,337;0,005856;-0,116144;1,033096;;;;;;1912337
1912660;8;-238;2115;;3,904;-116,144;1032,12;;;;;1912,66;0,003904;-0,116144;1,03212;;;;;;1912660
1912915;13;-239;2120;;6,344;-116,632;1034,56;;;;;1912,915;0,006344;-0,116632;1,03456;;;;;;1912915
1913234;7;-236;2119;;3,416;-115,168;1034,072;;;;;1913,234;0,003416;-0,115168;1,034072;;;;;;1913234
1913553;10;-240;2118;;4,88;-117,12;1033,584;;;;;1913,553;0,00488;-0,11712;1,033584;;;;;;1913553
1913781;4;-237;2115;;1,952;-115,656;1032,12;;;;;1913,781;0,001952;-0,115656;1,03212;;;;;;1913781
1914126;9;-238;2115;;4,392;-116,144;1032,12;;;;;1914,126;0,004392;-0,116144;1,03212;;;;;;1914126
1914673;11;-241;2120;;5,368;-117,608;1034,56;;;;;1914,673;0,005368;-0,117608;1,03456;;;;;;1914673
1914991;10;-239;2118;;4,88;-116,632;1033,584;;;;;1914,991;0,00488;-0,116632;1,033584;;;;;;1914991
1915226;12;-239;2116;;5,856;-116,632;1032,608;;;;;1915,226;0,005856;-0,116632;1,032608;;;;;;1915226
1915676;10;-242;2117;;4,88;-118,096;1033,096;;;;;1915,676;0,00488;-0,118096;1,033096;;;;;;1915676
1915994;11;-235;2117;;5,368;-114,68;1033,096;;;;;1915,994;0,005368;-0,11468;1,033096;;;;;;1915994
1916350;9;-237;2117;;4,392;-115,656;1033,096;;;;;1916,35;0,004392;-0,115656;1,033096;;;;;;1916350
1916670;11;-239;2117;;5,368;-116,632;1033,096;;;;;1916,67;0,005368;-0,116632;1,033096;;;;;;1916670
1916988;10;-240;2116;;4,88;-117,12;1032,608;;;;;1916,988;0,00488;-0,11712;1,032608;;;;;;1916988
1917348;9;-236;2115;;4,392;-115,168;1032,12;;;;;1917,348;0,004392;-0,115168;1,03212;;;;;;1917348
1917672;10;-238;2116;;4,88;-116,144;1032,608;;;;;1917,672;0,00488;-0,116144;1,032608;;;;;;1917672
1917991;10;-234;2117;;4,88;-114,192;1033,096;;;;;1917,991;0,00488;-0,114192;1,033096;;;;;;1917991
1918222;12;-237;2120;;5,856;-115,656;1034,56;;;;;1918,222;0,005856;-0,115656;1,03456;;;;;;1918222
1918670;8;-240;2115;;3,904;-117,12;1032,12;;;;;1918,67;0,003904;-0,11712;1,03212;;;;;;1918670
1919004;11;-237;2118;;5,368;-115,656;1033,584;;;;;1919,004;0,005368;-0,115656;1,033584;;;;;;1919004
1919322;12;-237;2119;;5,856;-115,656;1034,072;;;;;1919,322;0,005856;-0,115656;1,034072;;;;;;1919322
1919668;12;-237;2118;;5,856;-115,656;1033,584;;;;;1919,668;0,005856;-0,115656;1,033584;;;;;;1919668
1920002;11;-237;2119;;5,368;-115,656;1034,072;;;;;1920,002;0,005368;-0,115656;1,034072;;;;;;1920002
1920324;10;-239;2120;;4,88;-116,632;1034,56;;;;;1920,324;0,00488;-0,116632;1,03456;;;;;;1920324
1920667;10;-239;2117;;4,88;-116,632;1033,096;;;;;1920,667;0,00488;-0,116632;1,033096;;;;;;1920667
1920899;10;-239;2118;;4,88;-116,632;1033,584;;;;;1920,899;0,00488;-0,116632;1,033584;;;;;;1920899
1921217;389;212;2957;;189,832;103,456;1443,016;;;;;1921,217;0,189832;0,103456;1,443016;;;;;;1921217
1921657;80;-214;2027;;39,04;-104,432;989,176;;;;;1921,657;0,03904;-0,104432;0,989176;;;;;;1921657
1921893;-72;51;2006;;-35,136;24,888;978,928;;;;;1921,893;-0,035136;0,024888;0,978928;;;;;;1921893
1922211;-81;236;1992;;-39,528;115,168;972,096;;;;;1922,211;-0,039528;0,115168;0,972096;;;;;;1922211
1922656;112;102;2026;;54,656;49,776;988,688;;;;;1922,656;0,054656;0,049776;0,988688;;;;;;1922656
1922998;-20;419;2063;;-9,76;204,472;1006,744;;;;;1922,998;-0,00976;0,204472;1,006744;;;;;;1922998
1923320;526;523;2156;;256,688;255,224;1052,128;;;;;1923,32;0,256688;0,255224;1,052128;;;;;;1923320
1923659;-215;762;2041;;-104,92;371,856;996,008;;;;;1923,659;-0,10492;0,371856;0,996008;;;;;;1923659
1924003;16;467;1946;;7,808;227,896;949,648;;;;;1924,003;0,007808;0,227896;0,949648;;;;;;1924003
1924550;9;-91;1960;;4,392;-44,408;956,48;;;;;1924,55;0,004392;-0,044408;0,95648;;;;;;1924550
1924868;107;82;2261;;52,216;40,016;1103,368;;;;;1924,868;0,052216;0,040016;1,103368;;;;;;1924868
1925103;-64;192;1973;;-31,232;93,696;962,824;;;;;1925,103;-0,031232;0,093696;0,962824;;;;;;1925103
1925331;42;202;2305;;20,496;98,576;1124,84;;;;;1925,331;0,020496;0,098576;1,12484;;;;;;1925331
1925651;536;91;2185;;261,568;44,408;1066,28;;;;;1925,651;0,261568;0,044408;1,06628;;;;;;1925651
1925973;-54;163;1840;;-26,352;79,544;897,92;;;;;1925,973;-0,026352;0,079544;0,89792;;;;;;1925973
1926228;541;-379;2334;;264,008;-184,952;1138,992;;;;;1926,228;0,264008;-0,184952;1,138992;;;;;;1926228
1926548;130;-201;1991;;63,44;-98,088;971,608;;;;;1926,548;0,06344;-0,098088;0,971608;;;;;;1926548
1926866;33;-351;2312;;16,104;-171,288;1128,256;;;;;1926,866;0,016104;-0,171288;1,128256;;;;;;1926866
1927094;168;130;1945;;81,984;63,44;949,16;;;;;1927,094;0,081984;0,06344;0,94916;;;;;;1927094
1927546;95;-698;1714;;46,36;-340,624;836,432;;;;;1927,546;0,04636;-0,340624;0,836432;;;;;;1927546
1927986;-386;314;2182;;-188,368;153,232;1064,816;;;;;1927,986;-0,188368;0,153232;1,064816;;;;;;1927986
1928304;-227;328;1667;;-110,776;160,064;813,496;;;;;1928,304;-0,110776;0,160064;0,813496;;;;;;1928304
1928657;549;770;2150;;267,912;375,76;1049,2;;;;;1928,657;0,267912;0,37576;1,0492;;;;;;1928657
1928885;1510;1274;1421;;736,88;621,712;693,448;;;;;1928,885;0,73688;0,621712;0,693448;;;;;;1928885
1929204;1313;1707;686;;640,744;833,016;334,768;;;;;1929,204;0,640744;0,833016;0,334768;;;;;;1929204
1929666;2457;-24;653;;1199,016;-11,712;318,664;;;;;1929,666;1,199016;-0,011712;0,318664;;;;;;1929666
1929984;696;-2022;602;;339,648;-986,736;293,776;;;;;1929,984;0,339648;-0,986736;0,293776;;;;;;1929984
1930302;-818;-1016;2101;;-399,184;-495,808;1025,288;;;;;1930,302;-0,399184;-0,495808;1,025288;;;;;;1930302
1930661;-383;1215;1899;;-186,904;592,92;926,712;;;;;1930,661;-0,186904;0,59292;0,926712;;;;;;1930661
1930979;710;383;1484;;346,48;186,904;724,192;;;;;1930,979;0,34648;0,186904;0,724192;;;;;;1930979
1931199;611;1346;1669;;298,168;656,848;814,472;;;;;1931,199;0,298168;0,656848;0,814472;;;;;;1931199
1931644;-973;-872;1534;;-474,824;-425,536;748,592;;;;;1931,644;-0,474824;-0,425536;0,748592;;;;;;1931644
1931879;45;-1714;-70;;21,96;-836,432;-34,16;;;;;1931,879;0,02196;-0,836432;-0,03416;;;;;;1931879
1932197;450;-2372;-83;;219,6;-1157,536;-40,504;;;;;1932,197;0,2196;-1,157536;-0,040504;;;;;;1932197
1932532;720;-2326;-92;;351,36;-1135,088;-44,896;;;;;1932,532;0,35136;-1,135088;-0,044896;;;;;;1932532
1932979;444;-1623;377;;216,672;-792,024;183,976;;;;;1932,979;0,216672;-0,792024;0,183976;;;;;;1932979
1933312;265;-1742;35;;129,32;-850,096;17,08;;;;;1933,312;0,12932;-0,850096;0,01708;;;;;;1933312
1933636;491;-2592;-174;;239,608;-1264,896;-84,912;;;;;1933,636;0,239608;-1,264896;-0,084912;;;;;;1933636
1933981;820;-1777;13;;400,16;-867,176;6,344;;;;;1933,981;0,40016;-0,867176;0,006344;;;;;;1933981
1934213;136;-1817;367;;66,368;-886,696;179,096;;;;;1934,213;0,066368;-0,886696;0,179096;;;;;;1934213
1934637;278;-1907;366;;135,664;-930,616;178,608;;;;;1934,637;0,135664;-0,930616;0,178608;;;;;;1934637
1934975;184;-2099;212;;89,792;-1024,312;103,456;;;;;1934,975;0,089792;-1,024312;0,103456;;;;;;1934975
1935210;304;-2221;96;;148,352;-1083,848;46,848;;;;;1935,21;0,148352;-1,083848;0,046848;;;;;;1935210
1935635;368;-2098;391;;179,584;-1023,824;190,808;;;;;1935,635;0,179584;-1,023824;0,190808;;;;;;1935635
1935969;207;-2056;243;;101,016;-1003,328;118,584;;;;;1935,969;0,101016;-1,003328;0,118584;;;;;;1935969
1936309;123;-1990;223;;60,024;-971,12;108,824;;;;;1936,309;0,060024;-0,97112;0,108824;;;;;;1936309
1936637;102;-2226;229;;49,776;-1086,288;111,752;;;;;1936,637;0,049776;-1,086288;0,111752;;;;;;1936637
1936865;186;-1994;231;;90,768;-973,072;112,728;;;;;1936,865;0,090768;-0,973072;0,112728;;;;;;1936865
1937183;233;-2024;175;;113,704;-987,712;85,4;;;;;1937,183;0,113704;-0,987712;0,0854;;;;;;1937183
1937526;226;-2056;175;;110,288;-1003,328;85,4;;;;;1937,526;0,110288;-1,003328;0,0854;;;;;;1937526
1937754;216;-2120;199;;105,408;-1034,56;97,112;;;;;1937,754;0,105408;-1,03456;0,097112;;;;;;1937754
1938072;266;-2054;174;;129,808;-1002,352;84,912;;;;;1938,072;0,129808;-1,002352;0,084912;;;;;;1938072
1938642;248;-2029;231;;121,024;-990,152;112,728;;;;;1938,642;0,121024;-0,990152;0,112728;;;;;;1938642
1938963;242;-1921;248;;118,096;-937,448;121,024;;;;;1938,963;0,118096;-0,937448;0,121024;;;;;;1938963
1939281;237;-2013;225;;115,656;-982,344;109,8;;;;;1939,281;0,115656;-0,982344;0,1098;;;;;;1939281
1939650;195;-2148;229;;95,16;-1048,224;111,752;;;;;1939,65;0,09516;-1,048224;0,111752;;;;;;1939650
1939969;298;-1896;373;;145,424;-925,248;182,024;;;;;1939,969;0,145424;-0,925248;0,182024;;;;;;1939969
1940302;436;-1896;392;;212,768;-925,248;191,296;;;;;1940,302;0,212768;-0,925248;0,191296;;;;;;1940302
1940644;643;-1954;400;;313,784;-953,552;195,2;;;;;1940,644;0,313784;-0,953552;0,1952;;;;;;1940644
1940963;502;-1887;416;;244,976;-920,856;203,008;;;;;1940,963;0,244976;-0,920856;0,203008;;;;;;1940963
1941191;336;-1905;469;;163,968;-929,64;228,872;;;;;1941,191;0,163968;-0,92964;0,228872;;;;;;1941191
1941510;362;-1996;350;;176,656;-974,048;170,8;;;;;1941,51;0,176656;-0,974048;0,1708;;;;;;1941510
1941746;379;-2017;473;;184,952;-984,296;230,824;;;;;1941,746;0,184952;-0,984296;0,230824;;;;;;1941746
1942192;349;-2184;541;;170,312;-1065,792;264,008;;;;;1942,192;0,170312;-1,065792;0,264008;;;;;;1942192
1942621;390;-1978;493;;190,32;-965,264;240,584;;;;;1942,621;0,19032;-0,965264;0,240584;;;;;;1942621
1942977;439;-1979;545;;214,232;-965,752;265,96;;;;;1942,977;0,214232;-0,965752;0,26596;;;;;;1942977
1943296;501;-1934;492;;244,488;-943,792;240,096;;;;;1943,296;0,244488;-0,943792;0,240096;;;;;;1943296
1943615;413;-1798;587;;201,544;-877,424;286,456;;;;;1943,615;0,201544;-0,877424;0,286456;;;;;;1943615
1943971;395;-1907;561;;192,76;-930,616;273,768;;;;;1943,971;0,19276;-0,930616;0,273768;;;;;;1943971
1944289;376;-1875;569;;183,488;-915;277,672;;;;;1944,289;0,183488;-0,915;0,277672;;;;;;1944289
1944617;296;-2057;554;;144,448;-1003,816;270,352;;;;;1944,617;0,144448;-1,003816;0,270352;;;;;;1944617
1944849;213;-1902;684;;103,944;-928,176;333,792;;;;;1944,849;0,103944;-0,928176;0,333792;;;;;;1944849
1945191;21;-2053;801;;10,248;-1001,864;390,888;;;;;1945,191;0,010248;-1,001864;0,390888;;;;;;1945191
1945632;-44;-2022;590;;-21,472;-986,736;287,92;;;;;1945,632;-0,021472;-0,986736;0,28792;;;;;;1945632
1945950;258;-2191;391;;125,904;-1069,208;190,808;;;;;1945,95;0,125904;-1,069208;0,190808;;;;;;1945950
1946185;562;-1960;528;;274,256;-956,48;257,664;;;;;1946,185;0,274256;-0,95648;0,257664;;;;;;1946185
1946630;-156;-903;1832;;-76,128;-440,664;894,016;;;;;1946,63;-0,076128;-0,440664;0,894016;;;;;;1946630
1946949;215;-199;2390;;104,92;-97,112;1166,32;;;;;1946,949;0,10492;-0,097112;1,16632;;;;;;1946949
1947292;-905;-328;1836;;-441,64;-160,064;895,968;;;;;1947,292;-0,44164;-0,160064;0,895968;;;;;;1947292
1947631;-527;271;2238;;-257,176;132,248;1092,144;;;;;1947,631;-0,257176;0,132248;1,092144;;;;;;1947631
1947949;-155;-475;2846;;-75,64;-231,8;1388,848;;;;;1947,949;-0,07564;-0,2318;1,388848;;;;;;1947949
1948282;132;-636;2462;;64,416;-310,368;1201,456;;;;;1948,282;0,064416;-0,310368;1,201456;;;;;;1948282
1948625;452;-639;1997;;220,576;-311,832;974,536;;;;;1948,625;0,220576;-0,311832;0,974536;;;;;;1948625
1948943;-228;-1462;2428;;-111,264;-713,456;1184,864;;;;;1948,943;-0,111264;-0,713456;1,184864;;;;;;1948943
1949276;-708;-1053;2233;;-345,504;-513,864;1089,704;;;;;1949,276;-0,345504;-0,513864;1,089704;;;;;;1949276
1949619;266;-12;1876;;129,808;-5,856;915,488;;;;;1949,619;0,129808;-0,005856;0,915488;;;;;;1949619
1949941;-281;473;1925;;-137,128;230,824;939,4;;;;;1949,941;-0,137128;0,230824;0,9394;;;;;;1949941
1950177;20;-383;2404;;9,76;-186,904;1173,152;;;;;1950,177;0,00976;-0,186904;1,173152;;;;;;1950177
1950629;-49;-334;2422;;-23,912;-162,992;1181,936;;;;;1950,629;-0,023912;-0,162992;1,181936;;;;;;1950629
1951069;330;-38;2151;;161,04;-18,544;1049,688;;;;;1951,069;0,16104;-0,018544;1,049688;;;;;;1951069
1951494;-62;-235;2139;;-30,256;-114,68;1043,832;;;;;1951,494;-0,030256;-0,11468;1,043832;;;;;;1951494
1951729;-17;-333;2151;;-8,296;-162,504;1049,688;;;;;1951,729;-0,008296;-0,162504;1,049688;;;;;;1951729
1951957;-136;-190;2156;;-66,368;-92,72;1052,128;;;;;1951,957;-0,066368;-0,09272;1,052128;;;;;;1951957
1952275;-161;-255;2158;;-78,568;-124,44;1053,104;;;;;1952,275;-0,078568;-0,12444;1,053104;;;;;;1952275
1952599;-192;-370;2377;;-93,696;-180,56;1159,976;;;;;1952,599;-0,093696;-0,18056;1,159976;;;;;;1952599
1952855;-106;-334;2057;;-51,728;-162,992;1003,816;;;;;1952,855;-0,051728;-0,162992;1,003816;;;;;;1952855
1953173;-44;-377;2117;;-21,472;-183,976;1033,096;;;;;1953,173;-0,021472;-0,183976;1,033096;;;;;;1953173
1953493;-48;-275;2153;;-23,424;-134,2;1050,664;;;;;1953,493;-0,023424;-0,1342;1,050664;;;;;;1953493
1953725;-92;-281;2180;;-44,896;-137,128;1063,84;;;;;1953,725;-0,044896;-0,137128;1,06384;;;;;;1953725
1954066;-25;-286;2066;;-12,2;-139,568;1008,208;;;;;1954,066;-0,0122;-0,139568;1,008208;;;;;;1954066
1954612;-36;-369;2078;;-17,568;-180,072;1014,064;;;;;1954,612;-0,017568;-0,180072;1,014064;;;;;;1954612
1954930;-77;-309;2087;;-37,576;-150,792;1018,456;;;;;1954,93;-0,037576;-0,150792;1,018456;;;;;;1954930
1955168;-18;-311;2135;;-8,784;-151,768;1041,88;;;;;1955,168;-0,008784;-0,151768;1,04188;;;;;;1955168
1955617;-26;-351;2123;;-12,688;-171,288;1036,024;;;;;1955,617;-0,012688;-0,171288;1,036024;;;;;;1955617
1955935;-9;-323;2058;;-4,392;-157,624;1004,304;;;;;1955,935;-0,004392;-0,157624;1,004304;;;;;;1955935
1956291;30;-336;2097;;14,64;-163,968;1023,336;;;;;1956,291;0,01464;-0,163968;1,023336;;;;;;1956291
1956610;36;-397;2895;;17,568;-193,736;1412,76;;;;;1956,61;0,017568;-0,193736;1,41276;;;;;;1956610
1956929;-1;-493;1906;;-0,488;-240,584;930,128;;;;;1956,929;-0,000488;-0,240584;0,930128;;;;;;1956929
1957284;-36;-324;1806;;-17,568;-158,112;881,328;;;;;1957,284;-0,017568;-0,158112;0,881328;;;;;;1957284
1957604;58;-213;2201;;28,304;-103,944;1074,088;;;;;1957,604;0,028304;-0,103944;1,074088;;;;;;1957604
1957930;-46;-289;2272;;-22,448;-141,032;1108,736;;;;;1957,93;-0,022448;-0,141032;1,108736;;;;;;1957930
1958162;-142;-280;2153;;-69,296;-136,64;1050,664;;;;;1958,162;-0,069296;-0,13664;1,050664;;;;;;1958162
1958610;-196;-289;2230;;-95,648;-141,032;1088,24;;;;;1958,61;-0,095648;-0,141032;1,08824;;;;;;1958610
1958943;-130;-179;2048;;-63,44;-87,352;999,424;;;;;1958,943;-0,06344;-0,087352;0,999424;;;;;;1958943
1959261;-71;-265;2001;;-34,648;-129,32;976,488;;;;;1959,261;-0,034648;-0,12932;0,976488;;;;;;1959261
1959605;23;-183;2182;;11,224;-89,304;1064,816;;;;;1959,605;0,011224;-0,089304;1,064816;;;;;;1959605
1959938;79;-378;2108;;38,552;-184,464;1028,704;;;;;1959,938;0,038552;-0,184464;1,028704;;;;;;1959938
1960256;-7;-167;2125;;-3,416;-81,496;1037;;;;;1960,256;-0,003416;-0,081496;1,037;;;;;;1960256
1960602;-23;-408;1991;;-11,224;-199,104;971,608;;;;;1960,602;-0,011224;-0,199104;0,971608;;;;;;1960602
1960834;-56;-306;2132;;-27,328;-149,328;1040,416;;;;;1960,834;-0,027328;-0,149328;1,040416;;;;;;1960834
1961153;-86;-104;1994;;-41,968;-50,752;973,072;;;;;1961,153;-0,041968;-0,050752;0,973072;;;;;;1961153
1961597;-1;-129;2090;;-0,488;-62,952;1019,92;;;;;1961,597;-0,000488;-0,062952;1,01992;;;;;;1961597
1961839;-101;-462;2204;;-49,288;-225,456;1075,552;;;;;1961,839;-0,049288;-0,225456;1,075552;;;;;;1961839
1962157;-237;-267;2227;;-115,656;-130,296;1086,776;;;;;1962,157;-0,115656;-0,130296;1,086776;;;;;;1962157
1962597;93;-194;1953;;45,384;-94,672;953,064;;;;;1962,597;0,045384;-0,094672;0,953064;;;;;;1962597
1962949;116;-609;2000;;56,608;-297,192;976;;;;;1962,949;0,056608;-0,297192;0,976;;;;;;1962949
1963272;150;-370;1960;;73,2;-180,56;956,48;;;;;1963,272;0,0732;-0,18056;0,95648;;;;;;1963272
1963611;-25;-347;2286;;-12,2;-169,336;1115,568;;;;;1963,611;-0,0122;-0,169336;1,115568;;;;;;1963611
1963951;335;-311;2009;;163,48;-151,768;980,392;;;;;1963,951;0,16348;-0,151768;0,980392;;;;;;1963951
1964498;278;-193;1860;;135,664;-94,184;907,68;;;;;1964,498;0,135664;-0,094184;0,90768;;;;;;1964498
1964816;-62;227;2119;;-30,256;110,776;1034,072;;;;;1964,816;-0,030256;0,110776;1,034072;;;;;;1964816
1965051;-15;-316;1862;;-7,32;-154,208;908,656;;;;;1965,051;-0,00732;-0,154208;0,908656;;;;;;1965051
1965279;-549;-84;2076;;-267,912;-40,992;1013,088;;;;;1965,279;-0,267912;-0,040992;1,013088;;;;;;1965279
1965603;116;-46;2297;;56,608;-22,448;1120,936;;;;;1965,603;0,056608;-0,022448;1,120936;;;;;;1965603
1965925;-99;-142;2188;;-48,312;-69,296;1067,744;;;;;1965,925;-0,048312;-0,069296;1,067744;;;;;;1965925
1966180;-68;61;1983;;-33,184;29,768;967,704;;;;;1966,18;-0,033184;0,029768;0,967704;;;;;;1966180
1966504;-126;-162;2029;;-61,488;-79,056;990,152;;;;;1966,504;-0,061488;-0,079056;0,990152;;;;;;1966504
1966821;-71;-106;2075;;-34,648;-51,728;1012,6;;;;;1966,821;-0,034648;-0,051728;1,0126;;;;;;1966821
1967049;-138;-121;2127;;-67,344;-59,048;1037,976;;;;;1967,049;-0,067344;-0,059048;1,037976;;;;;;1967049
1967499;59;-283;2321;;28,792;-138,104;1132,648;;;;;1967,499;0,028792;-0,138104;1,132648;;;;;;1967499
1967938;-217;-15;1900;;-105,896;-7,32;927,2;;;;;1967,938;-0,105896;-0,00732;0,9272;;;;;;1967938
1968256;15;-567;2222;;7,32;-276,696;1084,336;;;;;1968,256;0,00732;-0,276696;1,084336;;;;;;1968256
1968602;-146;56;2124;;-71,248;27,328;1036,512;;;;;1968,602;-0,071248;0,027328;1,036512;;;;;;1968602
1968830;-46;-124;2042;;-22,448;-60,512;996,496;;;;;1968,83;-0,022448;-0,060512;0,996496;;;;;;1968830
1969157;-166;-281;2610;;-81,008;-137,128;1273,68;;;;;1969,157;-0,081008;-0,137128;1,27368;;;;;;1969157
1969620;-61;-308;1941;;-29,768;-150,304;947,208;;;;;1969,62;-0,029768;-0,150304;0,947208;;;;;;1969620
1969938;-109;-22;2036;;-53,192;-10,736;993,568;;;;;1969,938;-0,053192;-0,010736;0,993568;;;;;;1969938
1970256;-74;-271;2034;;-36,112;-132,248;992,592;;;;;1970,256;-0,036112;-0,132248;0,992592;;;;;;1970256
1970616;-113;-39;2240;;-55,144;-19,032;1093,12;;;;;1970,616;-0,055144;-0,019032;1,09312;;;;;;1970616
1970934;-16;-170;2043;;-7,808;-82,96;996,984;;;;;1970,934;-0,007808;-0,08296;0,996984;;;;;;1970934
1971256;-37;-86;2091;;-18,056;-41,968;1020,408;;;;;1971,256;-0,018056;-0,041968;1,020408;;;;;;1971256
1971591;-15;-145;2131;;-7,32;-70,76;1039,928;;;;;1971,591;-0,00732;-0,07076;1,039928;;;;;;1971591
1971829;12;-145;2004;;5,856;-70,76;977,952;;;;;1971,829;0,005856;-0,07076;0,977952;;;;;;1971829
1972147;-94;-108;2118;;-45,872;-52,704;1033,584;;;;;1972,147;-0,045872;-0,052704;1,033584;;;;;;1972147
1972486;82;20;2084;;40,016;9,76;1016,992;;;;;1972,486;0,040016;0,00976;1,016992;;;;;;1972486
1972938;-157;-32;1922;;-76,616;-15,616;937,936;;;;;1972,938;-0,076616;-0,015616;0,937936;;;;;;1972938
1973271;-270;-166;1977;;-131,76;-81,008;964,776;;;;;1973,271;-0,13176;-0,081008;0,964776;;;;;;1973271
1973594;-131;-345;2286;;-63,928;-168,36;1115,568;;;;;1973,594;-0,063928;-0,16836;1,115568;;;;;;1973594
1973937;-10;-256;2252;;-4,88;-124,928;1098,976;;;;;1973,937;-0,00488;-0,124928;1,098976;;;;;;1973937
1974165;-333;-143;2196;;-162,504;-69,784;1071,648;;;;;1974,165;-0,162504;-0,069784;1,071648;;;;;;1974165
1974593;478;150;1944;;233,264;73,2;948,672;;;;;1974,593;0,233264;0,0732;0,948672;;;;;;1974593
1974927;30;416;2220;;14,64;203,008;1083,36;;;;;1974,927;0,01464;0,203008;1,08336;;;;;;1974927
1975162;-152;147;1898;;-74,176;71,736;926,224;;;;;1975,162;-0,074176;0,071736;0,926224;;;;;;1975162
1975587;225;499;1839;;109,8;243,512;897,432;;;;;1975,587;0,1098;0,243512;0,897432;;;;;;1975587
1975921;-70;1050;2117;;-34,16;512,4;1033,096;;;;;1975,921;-0,03416;0,5124;1,033096;;;;;;1975921
1976261;661;1040;2018;;322,568;507,52;984,784;;;;;1976,261;0,322568;0,50752;0,984784;;;;;;1976261
1976585;235;652;2033;;114,68;318,176;992,104;;;;;1976,585;0,11468;0,318176;0,992104;;;;;;1976585
1976813;139;257;1668;;67,832;125,416;813,984;;;;;1976,813;0,067832;0,125416;0,813984;;;;;;1976813
1977139;-340;89;2421;;-165,92;43,432;1181,448;;;;;1977,139;-0,16592;0,043432;1,181448;;;;;;1977139
1977485;-134;-236;2080;;-65,392;-115,168;1015,04;;;;;1977,485;-0,065392;-0,115168;1,01504;;;;;;1977485
1977713;-161;-39;2193;;-78,568;-19,032;1070,184;;;;;1977,713;-0,078568;-0,019032;1,070184;;;;;;1977713
1978031;-23;-156;2133;;-11,224;-76,128;1040,904;;;;;1978,031;-0,011224;-0,076128;1,040904;;;;;;1978031
1978600;59;-108;2300;;28,792;-52,704;1122,4;;;;;1978,6;0,028792;-0,052704;1,1224;;;;;;1978600
1978918;-276;-47;2212;;-134,688;-22,936;1079,456;;;;;1978,918;-0,134688;-0,022936;1,079456;;;;;;1978918
1979239;-201;-32;2108;;-98,088;-15,616;1028,704;;;;;1979,239;-0,098088;-0,015616;1,028704;;;;;;1979239
1979597;-188;287;1507;;-91,744;140,056;735,416;;;;;1979,597;-0,091744;0,140056;0,735416;;;;;;1979597
1979920;379;747;1833;;184,952;364,536;894,504;;;;;1979,92;0,184952;0,364536;0,894504;;;;;;1979920
1980252;636;812;2423;;310,368;396,256;1182,424;;;;;1980,252;0,310368;0,396256;1,182424;;;;;;1980252
1980595;656;1318;1400;;320,128;643,184;683,2;;;;;1980,595;0,320128;0,643184;0,6832;;;;;;1980595
1980917;639;1482;719;;311,832;723,216;350,872;;;;;1980,917;0,311832;0,723216;0,350872;;;;;;1980917
1981145;532;1528;1348;;259,616;745,664;657,824;;;;;1981,145;0,259616;0,745664;0,657824;;;;;;1981145
1981468;680;862;1951;;331,84;420,656;952,088;;;;;1981,468;0,33184;0,420656;0,952088;;;;;;1981468
1981705;526;682;1737;;256,688;332,816;847,656;;;;;1981,705;0,256688;0,332816;0,847656;;;;;;1981705
1982145;-99;-1697;1085;;-48,312;-828,136;529,48;;;;;1982,145;-0,048312;-0,828136;0,52948;;;;;;1982145
1982578;-402;-2096;605;;-196,176;-1022,848;295,24;;;;;1982,578;-0,196176;-1,022848;0,29524;;;;;;1982578
1982934;-934;-1953;-230;;-455,792;-953,064;-112,24;;;;;1982,934;-0,455792;-0,953064;-0,11224;;;;;;1982934
1983252;129;-1298;-952;;62,952;-633,424;-464,576;;;;;1983,252;0,062952;-0,633424;-0,464576;;;;;;1983252
1983572;-711;-2241;-1470;;-346,968;-1093,608;-717,36;;;;;1983,572;-0,346968;-1,093608;-0,71736;;;;;;1983572
1983928;-179;-1367;-270;;-87,352;-667,096;-131,76;;;;;1983,928;-0,087352;-0,667096;-0,13176;;;;;;1983928
1984246;-350;-2241;-717;;-170,8;-1093,608;-349,896;;;;;1984,246;-0,1708;-1,093608;-0,349896;;;;;;1984246
1984574;323;-1640;-668;;157,624;-800,32;-325,984;;;;;1984,574;0,157624;-0,80032;-0,325984;;;;;;1984574
1984802;163;-1834;-587;;79,544;-894,992;-286,456;;;;;1984,802;0,079544;-0,894992;-0,286456;;;;;;1984802
1985147;292;-1782;-589;;142,496;-869,616;-287,432;;;;;1985,147;0,142496;-0,869616;-0,287432;;;;;;1985147
1985587;-563;-1720;-893;;-274,744;-839,36;-435,784;;;;;1985,587;-0,274744;-0,83936;-0,435784;;;;;;1985587
1985905;-741;-1555;-699;;-361,608;-758,84;-341,112;;;;;1985,905;-0,361608;-0,75884;-0,341112;;;;;;1985905
1986141;-310;-2290;-578;;-151,28;-1117,52;-282,064;;;;;1986,141;-0,15128;-1,11752;-0,282064;;;;;;1986141
1986582;-173;-2041;-209;;-84,424;-996,008;-101,992;;;;;1986,582;-0,084424;-0,996008;-0,101992;;;;;;1986582
1986904;-407;-1974;39;;-198,616;-963,312;19,032;;;;;1986,904;-0,198616;-0,963312;0,019032;;;;;;1986904
1987245;104;-2075;-70;;50,752;-1012,6;-34,16;;;;;1987,245;0,050752;-1,0126;-0,03416;;;;;;1987245
1987584;-188;-2167;-88;;-91,744;-1057,496;-42,944;;;;;1987,584;-0,091744;-1,057496;-0,042944;;;;;;1987584
1987902;94;-1882;-232;;45,872;-918,416;-113,216;;;;;1987,902;0,045872;-0,918416;-0,113216;;;;;;1987902
1988239;-237;-1799;-99;;-115,656;-877,912;-48,312;;;;;1988,239;-0,115656;-0,877912;-0,048312;;;;;;1988239
1988586;-1158;-1999;-1167;;-565,104;-975,512;-569,496;;;;;1988,586;-0,565104;-0,975512;-0,569496;;;;;;1988586
1988904;-936;-1455;-357;;-456,768;-710,04;-174,216;;;;;1988,904;-0,456768;-0,71004;-0,174216;;;;;;1988904
1989237;-1422;-1728;-220;;-693,936;-843,264;-107,36;;;;;1989,237;-0,693936;-0,843264;-0,10736;;;;;;1989237
1989585;-1125;-1788;-125;;-549;-872,544;-61;;;;;1989,585;-0,549;-0,872544;-0,061;;;;;;1989585
1989903;-1253;-1722;-31;;-611,464;-840,336;-15,128;;;;;1989,903;-0,611464;-0,840336;-0,015128;;;;;;1989903
1990135;-1435;-1471;244;;-700,28;-717,848;119,072;;;;;1990,135;-0,70028;-0,717848;0,119072;;;;;;1990135
1990583;-1178;-1684;240;;-574,864;-821,792;117,12;;;;;1990,583;-0,574864;-0,821792;0,11712;;;;;;1990583
1991023;-1430;-1566;-167;;-697,84;-764,208;-81,496;;;;;1991,023;-0,69784;-0,764208;-0,081496;;;;;;1991023
1991447;-1551;-1330;-183;;-756,888;-649,04;-89,304;;;;;1991,447;-0,756888;-0,64904;-0,089304;;;;;;1991447
1991683;-1469;-1317;-206;;-716,872;-642,696;-100,528;;;;;1991,683;-0,716872;-0,642696;-0,100528;;;;;;1991683
1991911;-1641;-1364;-26;;-800,808;-665,632;-12,688;;;;;1991,911;-0,800808;-0,665632;-0,012688;;;;;;1991911
1992235;-949;-1465;-426;;-463,112;-714,92;-207,888;;;;;1992,235;-0,463112;-0,71492;-0,207888;;;;;;1992235
1992555;-1116;-2017;-174;;-544,608;-984,296;-84,912;;;;;1992,555;-0,544608;-0,984296;-0,084912;;;;;;1992555
1992810;-1029;-1850;226;;-502,152;-902,8;110,288;;;;;1992,81;-0,502152;-0,9028;0,110288;;;;;;1992810
1993128;-1381;-1697;122;;-673,928;-828,136;59,536;;;;;1993,128;-0,673928;-0,828136;0,059536;;;;;;1993128
1993452;-1234;-1215;813;;-602,192;-592,92;396,744;;;;;1993,452;-0,602192;-0,59292;0,396744;;;;;;1993452
1993680;-1339;-1580;819;;-653,432;-771,04;399,672;;;;;1993,68;-0,653432;-0,77104;0,399672;;;;;;1993680
1994021;-1084;-1605;721;;-528,992;-783,24;351,848;;;;;1994,021;-0,528992;-0,78324;0,351848;;;;;;1994021
1994568;-1188;-1913;808;;-579,744;-933,544;394,304;;;;;1994,568;-0,579744;-0,933544;0,394304;;;;;;1994568
1994889;-1786;-1452;-128;;-871,568;-708,576;-62,464;;;;;1994,889;-0,871568;-0,708576;-0,062464;;;;;;1994889
1995127;-1033;-1390;371;;-504,104;-678,32;181,048;;;;;1995,127;-0,504104;-0,67832;0,181048;;;;;;1995127
1995568;-10;-2086;440;;-4,88;-1017,968;214,72;;;;;1995,568;-0,00488;-1,017968;0,21472;;;;;;1995568
1995890;-162;-2075;180;;-79,056;-1012,6;87,84;;;;;1995,89;-0,079056;-1,0126;0,08784;;;;;;1995890
1996247;-688;-1977;118;;-335,744;-964,776;57,584;;;;;1996,247;-0,335744;-0,964776;0,057584;;;;;;1996247
1996566;-375;-1816;514;;-183;-886,208;250,832;;;;;1996,566;-0,183;-0,886208;0,250832;;;;;;1996566
1996885;-372;-2004;499;;-181,536;-977,952;243,512;;;;;1996,885;-0,181536;-0,977952;0,243512;;;;;;1996885
1997241;-506;-2017;420;;-246,928;-984,296;204,96;;;;;1997,241;-0,246928;-0,984296;0,20496;;;;;;1997241
1997564;-327;-1577;281;;-159,576;-769,576;137,128;;;;;1997,564;-0,159576;-0,769576;0,137128;;;;;;1997564
1997889;-815;-2696;310;;-397,72;-1315,648;151,28;;;;;1997,889;-0,39772;-1,315648;0,15128;;;;;;1997889
1998117;-642;-1771;37;;-313,296;-864,248;18,056;;;;;1998,117;-0,313296;-0,864248;0,018056;;;;;;1998117
1998576;-609;-1197;26;;-297,192;-584,136;12,688;;;;;1998,576;-0,297192;-0,584136;0,012688;;;;;;1998576
1998910;-1724;-2419;504;;-841,312;-1180,472;245,952;;;;;1998,91;-0,841312;-1,180472;0,245952;;;;;;1998910
1999227;-200;-2019;863;;-97,6;-985,272;421,144;;;;;1999,227;-0,0976;-0,985272;0,421144;;;;;;1999227
1999572;524;-2019;854;;255,712;-985,272;416,752;;;;;1999,572;0,255712;-0,985272;0,416752;;;;;;1999572
1999910;-794;-1679;436;;-387,472;-819,352;212,768;;;;;1999,91;-0,387472;-0,819352;0,212768;;;;;;1999910
2000232;-788;-2200;-1185;;-384,544;-1073,6;-578,28;;;;;2000,232;-0,384544;-1,0736;-0,57828;;;;;;2000232
2000578;367;-1286;-527;;179,096;-627,568;-257,176;;;;;2000,578;0,179096;-0,627568;-0,257176;;;;;;2000578
2000806;-609;-2569;-367;;-297,192;-1253,672;-179,096;;;;;2000,806;-0,297192;-1,253672;-0,179096;;;;;;2000806
2001125;-379;-1880;-5;;-184,952;-917,44;-2,44;;;;;2001,125;-0,184952;-0,91744;-0,00244;;;;;;2001125
2001565;-703;-1134;55;;-343,064;-553,392;26,84;;;;;2001,565;-0,343064;-0,553392;0,02684;;;;;;2001565
2001802;-582;-1869;605;;-284,016;-912,072;295,24;;;;;2001,802;-0,284016;-0,912072;0,29524;;;;;;2001802
2002120;-722;-1410;685;;-352,336;-688,08;334,28;;;;;2002,12;-0,352336;-0,68808;0,33428;;;;;;2002120
2002560;-312;-1724;556;;-152,256;-841,312;271,328;;;;;2002,56;-0,152256;-0,841312;0,271328;;;;;;2002560
2002905;-666;-2230;744;;-325,008;-1088,24;363,072;;;;;2002,905;-0,325008;-1,08824;0,363072;;;;;;2002905
2003227;-284;-1306;773;;-138,592;-637,328;377,224;;;;;2003,227;-0,138592;-0,637328;0,377224;;;;;;2003227
2003562;-149;-3169;31;;-72,712;-1546,472;15,128;;;;;2003,562;-0,072712;-1,546472;0,015128;;;;;;2003562
2003907;-181;-1927;408;;-88,328;-940,376;199,104;;;;;2003,907;-0,088328;-0,940376;0,199104;;;;;;2003907
2004458;520;-1462;203;;253,76;-713,456;99,064;;;;;2004,458;0,25376;-0,713456;0,099064;;;;;;2004458
2004776;301;-1518;254;;146,888;-740,784;123,952;;;;;2004,776;0,146888;-0,740784;0,123952;;;;;;2004776
2005012;707;-1807;-333;;345,016;-881,816;-162,504;;;;;2005,012;0,345016;-0,881816;-0,162504;;;;;;2005012
2005239;994;-2485;-710;;485,072;-1212,68;-346,48;;;;;2005,239;0,485072;-1,21268;-0,34648;;;;;;2005239
2005563;-241;-1368;-491;;-117,608;-667,584;-239,608;;;;;2005,563;-0,117608;-0,667584;-0,239608;;;;;;2005563
2005886;-226;-2430;-434;;-110,288;-1185,84;-211,792;;;;;2005,886;-0,110288;-1,18584;-0,211792;;;;;;2005886
2006136;-135;-1918;-302;;-65,88;-935,984;-147,376;;;;;2006,136;-0,06588;-0,935984;-0,147376;;;;;;2006136
2006456;125;-2242;-584;;61;-1094,096;-284,992;;;;;2006,456;0,061;-1,094096;-0,284992;;;;;;2006456
2006774;130;-1914;-427;;63,44;-934,032;-208,376;;;;;2006,774;0,06344;-0,934032;-0,208376;;;;;;2006774
2007002;-505;-3041;102;;-246,44;-1484,008;49,776;;;;;2007,002;-0,24644;-1,484008;0,049776;;;;;;2007002
2007450;17;-1843;-371;;8,296;-899,384;-181,048;;;;;2007,45;0,008296;-0,899384;-0,181048;;;;;;2007450
2007894;46;-1861;-239;;22,448;-908,168;-116,632;;;;;2007,894;0,022448;-0,908168;-0,116632;;;;;;2007894
2008218;-94;-2497;-219;;-45,872;-1218,536;-106,872;;;;;2008,218;-0,045872;-1,218536;-0,106872;;;;;;2008218
2008561;-303;-1777;-507;;-147,864;-867,176;-247,416;;;;;2008,561;-0,147864;-0,867176;-0,247416;;;;;;2008561
2008789;-106;-2420;-214;;-51,728;-1180,96;-104,432;;;;;2008,789;-0,051728;-1,18096;-0,104432;;;;;;2008789
2009107;-246;-1780;-469;;-120,048;-868,64;-228,872;;;;;2009,107;-0,120048;-0,86864;-0,228872;;;;;;2009107
2009570;173;-1484;-116;;84,424;-724,192;-56,608;;;;;2009,57;0,084424;-0,724192;-0,056608;;;;;;2009570
2009888;71;-2078;-518;;34,648;-1014,064;-252,784;;;;;2009,888;0,034648;-1,014064;-0,252784;;;;;;2009888
2010206;-50;-1726;-390;;-24,4;-842,288;-190,32;;;;;2010,206;-0,0244;-0,842288;-0,19032;;;;;;2010206
2010569;-125;-2248;-322;;-61;-1097,024;-157,136;;;;;2010,569;-0,061;-1,097024;-0,157136;;;;;;2010569
2010789;24;-1474;-477;;11,712;-719,312;-232,776;;;;;2010,789;0,011712;-0,719312;-0,232776;;;;;;2010789
2011106;-155;-2573;-95;;-75,64;-1255,624;-46,36;;;;;2011,106;-0,07564;-1,255624;-0,04636;;;;;;2011106
2011551;193;-2130;-52;;94,184;-1039,44;-25,376;;;;;2011,551;0,094184;-1,03944;-0,025376;;;;;;2011551
2011787;-108;-1520;-423;;-52,704;-741,76;-206,424;;;;;2011,787;-0,052704;-0,74176;-0,206424;;;;;;2011787
2012105;163;-2499;-411;;79,544;-1219,512;-200,568;;;;;2012,105;0,079544;-1,219512;-0,200568;;;;;;2012105
2012439;212;-1565;-516;;103,456;-763,72;-251,808;;;;;2012,439;0,103456;-0,76372;-0,251808;;;;;;2012439
2012887;-307;-2239;-184;;-149,816;-1092,632;-89,792;;;;;2012,887;-0,149816;-1,092632;-0,089792;;;;;;2012887
2013220;-22;-2005;-623;;-10,736;-978,44;-304,024;;;;;2013,22;-0,010736;-0,97844;-0,304024;;;;;;2013220
2013548;-343;-1655;-385;;-167,384;-807,64;-187,88;;;;;2013,548;-0,167384;-0,80764;-0,18788;;;;;;2013548
2013889;-141;-2517;623;;-68,808;-1228,296;304,024;;;;;2013,889;-0,068808;-1,228296;0,304024;;;;;;2013889
2014117;344;-1278;30;;167,872;-623,664;14,64;;;;;2014,117;0,167872;-0,623664;0,01464;;;;;;2014117
2014542;-97;-2376;534;;-47,336;-1159,488;260,592;;;;;2014,542;-0,047336;-1,159488;0,260592;;;;;;2014542
2014875;-268;-1751;468;;-130,784;-854,488;228,384;;;;;2014,875;-0,130784;-0,854488;0,228384;;;;;;2014875
2015115;-720;-2852;423;;-351,36;-1391,776;206,424;;;;;2015,115;-0,35136;-1,391776;0,206424;;;;;;2015115
2015544;-107;-2494;-70;;-52,216;-1217,072;-34,16;;;;;2015,544;-0,052216;-1,217072;-0,03416;;;;;;2015544
2015878;-201;-1581;204;;-98,088;-771,528;99,552;;;;;2015,878;-0,098088;-0,771528;0,099552;;;;;;2015878
2016225;-449;-2825;-66;;-219,112;-1378,6;-32,208;;;;;2016,225;-0,219112;-1,3786;-0,032208;;;;;;2016225
2016544;-613;-1660;-96;;-299,144;-810,08;-46,848;;;;;2016,544;-0,299144;-0,81008;-0,046848;;;;;;2016544
2016772;-341;-2850;-17;;-166,408;-1390,8;-8,296;;;;;2016,772;-0,166408;-1,3908;-0,008296;;;;;;2016772
2017091;-88;-1572;171;;-42,944;-767,136;83,448;;;;;2017,091;-0,042944;-0,767136;0,083448;;;;;;2017091
2017433;-96;-2010;326;;-46,848;-980,88;159,088;;;;;2017,433;-0,046848;-0,98088;0,159088;;;;;;2017433
2017661;242;-1550;152;;118,096;-756,4;74,176;;;;;2017,661;0,118096;-0,7564;0,074176;;;;;;2017661
2017979;224;-1790;241;;109,312;-873,52;117,608;;;;;2017,979;0,109312;-0,87352;0,117608;;;;;;2017979
2018553;319;-2174;533;;155,672;-1060,912;260,104;;;;;2018,553;0,155672;-1,060912;0,260104;;;;;;2018553
2018774;1055;-1394;363;;514,84;-680,272;177,144;;;;;2018,774;0,51484;-0,680272;0,177144;;;;;;2018774
2019092;1255;-483;1633;;612,44;-235,704;796,904;;;;;2019,092;0,61244;-0,235704;0,796904;;;;;;2019092
2019555;129;34;2180;;62,952;16,592;1063,84;;;;;2019,555;0,062952;0,016592;1,06384;;;;;;2019555
2019873;190;-374;2978;;92,72;-182,512;1453,264;;;;;2019,873;0,09272;-0,182512;1,453264;;;;;;2019873
2020206;-237;-295;2635;;-115,656;-143,96;1285,88;;;;;2020,206;-0,115656;-0,14396;1,28588;;;;;;2020206
2020548;141;-205;1803;;68,808;-100,04;879,864;;;;;2020,548;0,068808;-0,10004;0,879864;;;;;;2020548
2020866;-247;-320;2603;;-120,536;-156,16;1270,264;;;;;2020,866;-0,120536;-0,15616;1,270264;;;;;;2020866
2021094;-296;9;2041;;-144,448;4,392;996,008;;;;;2021,094;-0,144448;0,004392;0,996008;;;;;;2021094
2021534;114;-117;1612;;55,632;-57,096;786,656;;;;;2021,534;0,055632;-0,057096;0,786656;;;;;;2021534
2021780;-256;155;2199;;-124,928;75,64;1073,112;;;;;2021,78;-0,124928;0,07564;1,073112;;;;;;2021780
2022114;-41;178;1848;;-20,008;86,864;901,824;;;;;2022,114;-0,020008;0,086864;0,901824;;;;;;2022114
2022538;-97;-695;2570;;-47,336;-339,16;1254,16;;;;;2022,538;-0,047336;-0,33916;1,25416;;;;;;2022538
2022898;-64;-524;2416;;-31,232;-255,712;1179,008;;;;;2022,898;-0,031232;-0,255712;1,179008;;;;;;2022898
2023217;10;382;1888;;4,88;186,416;921,344;;;;;2023,217;0,00488;0,186416;0,921344;;;;;;2023217
2023536;-3;339;2316;;-1,464;165,432;1130,208;;;;;2023,536;-0,001464;0,165432;1,130208;;;;;;2023536
2023892;-265;-130;1803;;-129,32;-63,44;879,864;;;;;2023,892;-0,12932;-0,06344;0,879864;;;;;;2023892
2024217;278;-308;2412;;135,664;-150,304;1177,056;;;;;2024,217;0,135664;-0,150304;1,177056;;;;;;2024217
2024536;-365;-265;2231;;-178,12;-129,32;1088,728;;;;;2024,536;-0,17812;-0,12932;1,088728;;;;;;2024536
2024764;201;229;2000;;98,088;111,752;976;;;;;2024,764;0,098088;0,111752;0,976;;;;;;2024764
2025106;-308;-319;2459;;-150,304;-155,672;1199,992;;;;;2025,106;-0,150304;-0,155672;1,199992;;;;;;2025106
2025547;-114;-208;1902;;-55,632;-101,504;928,176;;;;;2025,547;-0,055632;-0,101504;0,928176;;;;;;2025547
2025865;83;-267;2333;;40,504;-130,296;1138,504;;;;;2025,865;0,040504;-0,130296;1,138504;;;;;;2025865
2026100;45;221;1803;;21,96;107,848;879,864;;;;;2026,1;0,02196;0,107848;0,879864;;;;;;2026100
2026552;-224;-404;2065;;-109,312;-197,152;1007,72;;;;;2026,552;-0,109312;-0,197152;1,00772;;;;;;2026552
2026874;-274;258;2207;;-133,712;125,904;1077,016;;;;;2026,874;-0,133712;0,125904;1,077016;;;;;;2026874
2027550;-88;-520;2670;;-42,944;-253,76;1302,96;;;;;2027,55;-0,042944;-0,25376;1,30296;;;;;;2027550
2027867;139;187;1845;;67,832;91,256;900,36;;;;;2027,867;0,067832;0,091256;0,90036;;;;;;2027867
2028201;-354;82;2277;;-172,752;40,016;1111,176;;;;;2028,201;-0,172752;0,040016;1,111176;;;;;;2028201
2028554;111;255;1620;;54,168;124,44;790,56;;;;;2028,554;0,054168;0,12444;0,79056;;;;;;2028554
2028872;-223;-68;2419;;-108,824;-33,184;1180,472;;;;;2028,872;-0,108824;-0,033184;1,180472;;;;;;2028872
2029205;170;-40;1787;;82,96;-19,52;872,056;;;;;2029,205;0,08296;-0,01952;0,872056;;;;;;2029205
2029552;-267;-85;2411;;-130,296;-41,48;1176,568;;;;;2029,552;-0,130296;-0,04148;1,176568;;;;;;2029552
2029874;159;54;1591;;77,592;26,352;776,408;;;;;2029,874;0,077592;0,026352;0,776408;;;;;;2029874
2030106;-171;-165;2221;;-83,448;-80,52;1083,848;;;;;2030,106;-0,083448;-0,08052;1,083848;;;;;;2030106
2030554;51;-165;2359;;24,888;-80,52;1151,192;;;;;2030,554;0,024888;-0,08052;1,151192;;;;;;2030554
2030994;66;19;1862;;32,208;9,272;908,656;;;;;2030,994;0,032208;0,009272;0,908656;;;;;;2030994
2031418;-7;250;2571;;-3,416;122;1254,648;;;;;2031,418;-0,003416;0,122;1,254648;;;;;;2031418
2031654;134;-547;2113;;65,392;-266,936;1031,144;;;;;2031,654;0,065392;-0,266936;1,031144;;;;;;2031654
2031886;21;-220;2413;;10,248;-107,36;1177,544;;;;;2031,886;0,010248;-0,10736;1,177544;;;;;;2031886
2032204;-77;-181;1930;;-37,576;-88,328;941,84;;;;;2032,204;-0,037576;-0,088328;0,94184;;;;;;2032204
2032532;108;40;2583;;52,704;19,52;1260,504;;;;;2032,532;0,052704;0,01952;1,260504;;;;;;2032532
2032784;-111;-284;1982;;-54,168;-138,592;967,216;;;;;2032,784;-0,054168;-0,138592;0,967216;;;;;;2032784
2033102;-254;-11;1538;;-123,952;-5,368;750,544;;;;;2033,102;-0,123952;-0,005368;0,750544;;;;;;2033102
2033422;-134;-265;1869;;-65,392;-129,32;912,072;;;;;2033,422;-0,065392;-0,12932;0,912072;;;;;;2033422
2033654;-135;-124;2601;;-65,88;-60,512;1269,288;;;;;2033,654;-0,06588;-0,060512;1,269288;;;;;;2033654
2033995;-86;-154;2166;;-41,968;-75,152;1057,008;;;;;2033,995;-0,041968;-0,075152;1,057008;;;;;;2033995
2034546;-202;-290;2467;;-98,576;-141,52;1203,896;;;;;2034,546;-0,098576;-0,14152;1,203896;;;;;;2034546
2034863;146;-20;2022;;71,248;-9,76;986,736;;;;;2034,863;0,071248;-0,00976;0,986736;;;;;;2034863
2035099;-316;-144;2332;;-154,208;-70,272;1138,016;;;;;2035,099;-0,154208;-0,070272;1,138016;;;;;;2035099
2035544;-56;-80;1604;;-27,328;-39,04;782,752;;;;;2035,544;-0,027328;-0,03904;0,782752;;;;;;2035544
2035862;-103;-120;2042;;-50,264;-58,56;996,496;;;;;2035,862;-0,050264;-0,05856;0,996496;;;;;;2035862
2036217;-339;-212;2233;;-165,432;-103,456;1089,704;;;;;2036,217;-0,165432;-0,103456;1,089704;;;;;;2036217
2036537;147;-218;1645;;71,736;-106,384;802,76;;;;;2036,537;0,071736;-0,106384;0,80276;;;;;;2036537
2036855;-190;239;2363;;-92,72;116,632;1153,144;;;;;2036,855;-0,09272;0,116632;1,153144;;;;;;2036855
2037214;70;-227;1906;;34,16;-110,776;930,128;;;;;2037,214;0,03416;-0,110776;0,930128;;;;;;2037214
2037538;37;82;2194;;18,056;40,016;1070,672;;;;;2037,538;0,018056;0,040016;1,070672;;;;;;2037538
2037860;-156;-332;2157;;-76,128;-162,016;1052,616;;;;;2037,86;-0,076128;-0,162016;1,052616;;;;;;2037860
2038092;49;-162;2172;;23,912;-79,056;1059,936;;;;;2038,092;0,023912;-0,079056;1,059936;;;;;;2038092
2038540;-228;-154;2143;;-111,264;-75,152;1045,784;;;;;2038,54;-0,111264;-0,075152;1,045784;;;;;;2038540
2038874;89;-204;1930;;43,432;-99,552;941,84;;;;;2038,874;0,043432;-0,099552;0,94184;;;;;;2038874
2039191;-23;-277;2314;;-11,224;-135,176;1129,232;;;;;2039,191;-0,011224;-0,135176;1,129232;;;;;;2039191
2039533;-308;-287;2155;;-150,304;-140,056;1051,64;;;;;2039,533;-0,150304;-0,140056;1,05164;;;;;;2039533
2039871;189;-62;1554;;92,232;-30,256;758,352;;;;;2039,871;0,092232;-0,030256;0,758352;;;;;;2039871
2040189;-265;4;2328;;-129,32;1,952;1136,064;;;;;2040,189;-0,12932;0,001952;1,136064;;;;;;2040189
2040532;-184;193;2109;;-89,792;94,184;1029,192;;;;;2040,532;-0,089792;0,094184;1,029192;;;;;;2040532
2040764;-42;-436;2473;;-20,496;-212,768;1206,824;;;;;2040,764;-0,020496;-0,212768;1,206824;;;;;;2040764
2041083;224;147;1669;;109,312;71,736;814,472;;;;;2041,083;0,109312;0,071736;0,814472;;;;;;2041083
2041523;212;-237;2067;;103,456;-115,656;1008,696;;;;;2041,523;0,103456;-0,115656;1,008696;;;;;;2041523
2041762;-509;-192;2217;;-248,392;-93,696;1081,896;;;;;2041,762;-0,248392;-0,093696;1,081896;;;;;;2041762
2042080;59;-421;1526;;28,792;-205,448;744,688;;;;;2042,08;0,028792;-0,205448;0,744688;;;;;;2042080
2042524;35;17;1902;;17,08;8,296;928,176;;;;;2042,524;0,01708;0,008296;0,928176;;;;;;2042524
2042865;-223;-106;2413;;-108,824;-51,728;1177,544;;;;;2042,865;-0,108824;-0,051728;1,177544;;;;;;2042865
2043183;199;-134;2122;;97,112;-65,392;1035,536;;;;;2043,183;0,097112;-0,065392;1,035536;;;;;;2043183
2043526;-89;-33;2419;;-43,432;-16,104;1180,472;;;;;2043,526;-0,043432;-0,016104;1,180472;;;;;;2043526
2043867;-153;-253;2365;;-74,664;-123,464;1154,12;;;;;2043,867;-0,074664;-0,123464;1,15412;;;;;;2043867
2044414;-419;11;2557;;-204,472;5,368;1247,816;;;;;2044,414;-0,204472;0,005368;1,247816;;;;;;2044414
2044731;-105;179;1683;;-51,24;87,352;821,304;;;;;2044,731;-0,05124;0,087352;0,821304;;;;;;2044731
2044967;-89;-274;2510;;-43,432;-133,712;1224,88;;;;;2044,967;-0,043432;-0,133712;1,22488;;;;;;2044967
2045195;114;-208;1549;;55,632;-101,504;755,912;;;;;2045,195;0,055632;-0,101504;0,755912;;;;;;2045195
2045522;-495;-71;2748;;-241,56;-34,648;1341,024;;;;;2045,522;-0,24156;-0,034648;1,341024;;;;;;2045522
2045841;0;-94;1844;;0;-45,872;899,872;;;;;2045,841;0;-0,045872;0,899872;;;;;;2045841
2046096;501;-227;2578;;244,488;-110,776;1258,064;;;;;2046,096;0,244488;-0,110776;1,258064;;;;;;2046096
2046415;-173;-73;1768;;-84,424;-35,624;862,784;;;;;2046,415;-0,084424;-0,035624;0,862784;;;;;;2046415
2046733;118;-84;2030;;57,584;-40,992;990,64;;;;;2046,733;0,057584;-0,040992;0,99064;;;;;;2046733
2046961;-205;-11;1947;;-100,04;-5,368;950,136;;;;;2046,961;-0,10004;-0,005368;0,950136;;;;;;2046961
2047410;130;-299;1666;;63,44;-145,912;813,008;;;;;2047,41;0,06344;-0,145912;0,813008;;;;;;2047410
2047854;102;-219;1989;;49,776;-106,872;970,632;;;;;2047,854;0,049776;-0,106872;0,970632;;;;;;2047854
2048172;181;281;2492;;88,328;137,128;1216,096;;;;;2048,172;0,088328;0,137128;1,216096;;;;;;2048172
2048518;-83;-158;1698;;-40,504;-77,104;828,624;;;;;2048,518;-0,040504;-0,077104;0,828624;;;;;;2048518
2048751;-141;-213;2580;;-68,808;-103,944;1259,04;;;;;2048,751;-0,068808;-0,103944;1,25904;;;;;;2048751
2049073;-41;-283;1932;;-20,008;-138,104;942,816;;;;;2049,073;-0,020008;-0,138104;0,942816;;;;;;2049073
2049536;90;-28;1590;;43,92;-13,664;775,92;;;;;2049,536;0,04392;-0,013664;0,77592;;;;;;2049536
2049854;-154;629;2660;;-75,152;306,952;1298,08;;;;;2049,854;-0,075152;0,306952;1,29808;;;;;;2049854
2050172;67;-414;1717;;32,696;-202,032;837,896;;;;;2050,172;0,032696;-0,202032;0,837896;;;;;;2050172
2050534;-39;-58;1914;;-19,032;-28,304;934,032;;;;;2050,534;-0,019032;-0,028304;0,934032;;;;;;2050534
2050852;-276;-338;2538;;-134,688;-164,944;1238,544;;;;;2050,852;-0,134688;-0,164944;1,238544;;;;;;2050852
2051170;-36;-292;1920;;-17,568;-142,496;936,96;;;;;2051,17;-0,017568;-0,142496;0,93696;;;;;;2051170
2051505;16;55;2415;;7,808;26,84;1178,52;;;;;2051,505;0,007808;0,02684;1,17852;;;;;;2051505
2051743;104;-97;1582;;50,752;-47,336;772,016;;;;;2051,743;0,050752;-0,047336;0,772016;;;;;;2051743
2052061;224;212;2396;;109,312;103,456;1169,248;;;;;2052,061;0,109312;0,103456;1,169248;;;;;;2052061
2052395;-504;-66;2156;;-245,952;-32,208;1052,128;;;;;2052,395;-0,245952;-0,032208;1,052128;;;;;;2052395
2052843;-79;-351;1545;;-38,552;-171,288;753,96;;;;;2052,843;-0,038552;-0,171288;0,75396;;;;;;2052843
2053182;68;368;2621;;33,184;179,584;1279,048;;;;;2053,182;0,033184;0,179584;1,279048;;;;;;2053182
2053506;-669;243;1935;;-326,472;118,584;944,28;;;;;2053,506;-0,326472;0,118584;0,94428;;;;;;2053506
2053847;64;-182;1904;;31,232;-88,816;929,152;;;;;2053,847;0,031232;-0,088816;0,929152;;;;;;2053847
2054075;34;294;2071;;16,592;143,472;1010,648;;;;;2054,075;0,016592;0,143472;1,010648;;;;;;2054075
2054504;-169;-564;1817;;-82,472;-275,232;886,696;;;;;2054,504;-0,082472;-0,275232;0,886696;;;;;;2054504
2054838;-8;48;2217;;-3,904;23,424;1081,896;;;;;2054,838;-0,003904;0,023424;1,081896;;;;;;2054838
2055074;-91;-256;1986;;-44,408;-124,928;969,168;;;;;2055,074;-0,044408;-0,124928;0,969168;;;;;;2055074
2055499;-71;-5;1665;;-34,648;-2,44;812,52;;;;;2055,499;-0,034648;-0,00244;0,81252;;;;;;2055499
2055837;174;-187;2553;;84,912;-91,256;1245,864;;;;;2055,837;0,084912;-0,091256;1,245864;;;;;;2055837
2056177;-353;-169;2180;;-172,264;-82,472;1063,84;;;;;2056,177;-0,172264;-0,082472;1,06384;;;;;;2056177
2056497;380;452;2433;;185,44;220,576;1187,304;;;;;2056,497;0,18544;0,220576;1,187304;;;;;;2056497
2056725;262;-46;1704;;127,856;-22,448;831,552;;;;;2056,725;0,127856;-0,022448;0,831552;;;;;;2056725
2057051;-97;-90;2039;;-47,336;-43,92;995,032;;;;;2057,051;-0,047336;-0,04392;0,995032;;;;;;2057051
2057394;258;-353;2186;;125,904;-172,264;1066,768;;;;;2057,394;0,125904;-0,172264;1,066768;;;;;;2057394
2057622;-248;-67;2314;;-121,024;-32,696;1129,232;;;;;2057,622;-0,121024;-0,032696;1,129232;;;;;;2057622
2057939;-195;166;2233;;-95,16;81,008;1089,704;;;;;2057,939;-0,09516;0,081008;1,089704;;;;;;2057939
2058513;305;216;2986;;148,84;105,408;1457,168;;;;;2058,513;0,14884;0,105408;1,457168;;;;;;2058513
2058831;-224;-295;1872;;-109,312;-143,96;913,536;;;;;2058,831;-0,109312;-0,14396;0,913536;;;;;;2058831
2059149;162;330;2428;;79,056;161,04;1184,864;;;;;2059,149;0,079056;0,16104;1,184864;;;;;;2059149
2059509;-13;-228;2276;;-6,344;-111,264;1110,688;;;;;2059,509;-0,006344;-0,111264;1,110688;;;;;;2059509
2059729;2;125;2454;;0,976;61;1197,552;;;;;2059,729;0,000976;0,061;1,197552;;;;;;2059729
2060167;-415;-357;2361;;-202,52;-174,216;1152,168;;;;;2060,167;-0,20252;-0,174216;1,152168;;;;;;2060167
2060509;481;-152;2723;;234,728;-74,176;1328,824;;;;;2060,509;0,234728;-0,074176;1,328824;;;;;;2060509
2060832;96;-815;1737;;46,848;-397,72;847,656;;;;;2060,832;0,046848;-0,39772;0,847656;;;;;;2060832
2061064;-473;601;2566;;-230,824;293,288;1252,208;;;;;2061,064;-0,230824;0,293288;1,252208;;;;;;2061064
2061383;26;-235;1734;;12,688;-114,68;846,192;;;;;2061,383;0,012688;-0,11468;0,846192;;;;;;2061383
2061618;54;-74;2469;;26,352;-36,112;1204,872;;;;;2061,618;0,026352;-0,036112;1,204872;;;;;;2061618
2062058;-188;-3;2066;;-91,744;-1,464;1008,208;;;;;2062,058;-0,091744;-0,001464;1,008208;;;;;;2062058
2062487;-129;162;1379;;-62,952;79,056;672,952;;;;;2062,487;-0,062952;0,079056;0,672952;;;;;;2062487
2062844;348;285;2501;;169,824;139,08;1220,488;;;;;2062,844;0,169824;0,13908;1,220488;;;;;;2062844
2063162;-684;133;2525;;-333,792;64,904;1232,2;;;;;2063,162;-0,333792;0,064904;1,2322;;;;;;2063162
2063481;152;-462;1519;;74,176;-225,456;741,272;;;;;2063,481;0,074176;-0,225456;0,741272;;;;;;2063481
2063841;-121;-251;2669;;-59,048;-122,488;1302,472;;;;;2063,841;-0,059048;-0,122488;1,302472;;;;;;2063841
2064160;-177;-4;1836;;-86,376;-1,952;895,968;;;;;2064,16;-0,086376;-0,001952;0,895968;;;;;;2064160
2064487;-338;-408;1901;;-164,944;-199,104;927,688;;;;;2064,487;-0,164944;-0,199104;0,927688;;;;;;2064487
2064715;-138;-154;2260;;-67,344;-75,152;1102,88;;;;;2064,715;-0,067344;-0,075152;1,10288;;;;;;2064715
2065060;-32;-285;1699;;-15,616;-139,08;829,112;;;;;2065,06;-0,015616;-0,13908;0,829112;;;;;;2065060
2065500;-208;846;2155;;-101,504;412,848;1051,64;;;;;2065,5;-0,101504;0,412848;1,05164;;;;;;2065500
2065818;396;-337;2201;;193,248;-164,456;1074,088;;;;;2065,818;0,193248;-0,164456;1,074088;;;;;;2065818
2066053;-87;-173;2579;;-42,456;-84,424;1258,552;;;;;2066,053;-0,042456;-0,084424;1,258552;;;;;;2066053
2066498;251;536;2433;;122,488;261,568;1187,304;;;;;2066,498;0,122488;0,261568;1,187304;;;;;;2066498
2066816;-176;-169;1599;;-85,888;-82,472;780,312;;;;;2066,816;-0,085888;-0,082472;0,780312;;;;;;2066816
2067157;-36;-364;2291;;-17,568;-177,632;1118,008;;;;;2067,157;-0,017568;-0,177632;1,118008;;;;;;2067157
2067492;-226;-232;3074;;-110,288;-113,216;1500,112;;;;;2067,492;-0,110288;-0,113216;1,500112;;;;;;2067492
2067814;-54;20;1431;;-26,352;9,76;698,328;;;;;2067,814;-0,026352;0,00976;0,698328;;;;;;2067814
2068148;-334;-3;2919;;-162,992;-1,464;1424,472;;;;;2068,148;-0,162992;-0,001464;1,424472;;;;;;2068148
2068494;-333;-234;2375;;-162,504;-114,192;1159;;;;;2068,494;-0,162504;-0,114192;1,159;;;;;;2068494
2068812;-237;-253;1381;;-115,656;-123,464;673,928;;;;;2068,812;-0,115656;-0,123464;0,673928;;;;;;2068812
2069150;440;-18;2712;;214,72;-8,784;1323,456;;;;;2069,15;0,21472;-0,008784;1,323456;;;;;;2069150
2069493;-586;-124;1889;;-285,968;-60,512;921,832;;;;;2069,493;-0,285968;-0,060512;0,921832;;;;;;2069493
2069811;94;-14;1775;;45,872;-6,832;866,2;;;;;2069,811;0,045872;-0,006832;0,8662;;;;;;2069811
2070039;325;-474;1924;;158,6;-231,312;938,912;;;;;2070,039;0,1586;-0,231312;0,938912;;;;;;2070039
2070495;-200;-180;1691;;-97,6;-87,84;825,208;;;;;2070,495;-0,0976;-0,08784;0,825208;;;;;;2070495
2070935;-96;384;1304;;-46,848;187,392;636,352;;;;;2070,935;-0,046848;0,187392;0,636352;;;;;;2070935
2071360;-45;-68;2269;;-21,96;-33,184;1107,272;;;;;2071,36;-0,02196;-0,033184;1,107272;;;;;;2071360
2071598;-622;-105;1783;;-303,536;-51,24;870,104;;;;;2071,598;-0,303536;-0,05124;0,870104;;;;;;2071598
2071826;207;-404;2476;;101,016;-197,152;1208,288;;;;;2071,826;0,101016;-0,197152;1,208288;;;;;;2071826
2072148;57;-311;2065;;27,816;-151,768;1007,72;;;;;2072,148;0,027816;-0,151768;1,00772;;;;;;2072148
2072467;24;-428;2092;;11,712;-208,864;1020,896;;;;;2072,467;0,011712;-0,208864;1,020896;;;;;;2072467
2072718;-468;167;2327;;-228,384;81,496;1135,576;;;;;2072,718;-0,228384;0,081496;1,135576;;;;;;2072718
2073037;155;70;1442;;75,64;34,16;703,696;;;;;2073,037;0,07564;0,03416;0,703696;;;;;;2073037
2073360;-222;-543;2967;;-108,336;-264,984;1447,896;;;;;2073,36;-0,108336;-0,264984;1,447896;;;;;;2073360
2073588;-394;-135;1604;;-192,272;-65,88;782,752;;;;;2073,588;-0,192272;-0,06588;0,782752;;;;;;2073588
2073929;82;325;2946;;40,016;158,6;1437,648;;;;;2073,929;0,040016;0,1586;1,437648;;;;;;2073929
2074480;36;-38;2809;;17,568;-18,544;1370,792;;;;;2074,48;0,017568;-0,018544;1,370792;;;;;;2074480
2074798;-213;-21;1577;;-103,944;-10,248;769,576;;;;;2074,798;-0,103944;-0,010248;0,769576;;;;;;2074798
2075033;-87;91;2399;;-42,456;44,408;1170,712;;;;;2075,033;-0,042456;0,044408;1,170712;;;;;;2075033
2075478;-38;-442;2774;;-18,544;-215,696;1353,712;;;;;2075,478;-0,018544;-0,215696;1,353712;;;;;;2075478
2075800;-79;-120;1629;;-38,552;-58,56;794,952;;;;;2075,8;-0,038552;-0,05856;0,794952;;;;;;2075800
2076040;169;-236;2534;;82,472;-115,168;1236,592;;;;;2076,04;0,082472;-0,115168;1,236592;;;;;;2076040
2076374;-222;155;1182;;-108,336;75,64;576,816;;;;;2076,374;-0,108336;0,07564;0,576816;;;;;;2076374
2076697;163;404;2728;;79,544;197,152;1331,264;;;;;2076,697;0,079544;0,197152;1,331264;;;;;;2076697
2077160;395;138;2519;;192,76;67,344;1229,272;;;;;2077,16;0,19276;0,067344;1,229272;;;;;;2077160
2077480;638;467;1115;;311,344;227,896;544,12;;;;;2077,48;0,311344;0,227896;0,54412;;;;;;2077480
2077798;-1150;-495;2366;;-561,2;-241,56;1154,608;;;;;2077,798;-0,5612;-0,24156;1,154608;;;;;;2077798
2078026;209;523;1565;;101,992;255,224;763,72;;;;;2078,026;0,101992;0,255224;0,76372;;;;;;2078026
2078474;147;288;1176;;71,736;140,544;573,888;;;;;2078,474;0,071736;0,140544;0,573888;;;;;;2078474
2078812;-300;-310;2896;;-146,4;-151,28;1413,248;;;;;2078,812;-0,1464;-0,15128;1,413248;;;;;;2078812
2079129;-310;142;1774;;-151,28;69,296;865,712;;;;;2079,129;-0,15128;0,069296;0,865712;;;;;;2079129
2079479;112;153;1587;;54,656;74,664;774,456;;;;;2079,479;0,054656;0,074664;0,774456;;;;;;2079479
2079812;-365;-323;2740;;-178,12;-157,624;1337,12;;;;;2079,812;-0,17812;-0,157624;1,33712;;;;;;2079812
2080130;-133;51;1501;;-64,904;24,888;732,488;;;;;2080,13;-0,064904;0,024888;0,732488;;;;;;2080130
2080472;227;-74;2171;;110,776;-36,112;1059,448;;;;;2080,472;0,110776;-0,036112;1,059448;;;;;;2080472
2080700;-119;-49;1776;;-58,072;-23,912;866,688;;;;;2080,7;-0,058072;-0,023912;0,866688;;;;;;2080700
2081019;-534;-290;2616;;-260,592;-141,52;1276,608;;;;;2081,019;-0,260592;-0,14152;1,276608;;;;;;2081019
2081467;110;-343;2820;;53,68;-167,384;1376,16;;;;;2081,467;0,05368;-0,167384;1,37616;;;;;;2081467
2081702;532;173;1337;;259,616;84,424;652,456;;;;;2081,702;0,259616;0,084424;0,652456;;;;;;2081702
2082021;-242;-76;2875;;-118,096;-37,088;1403;;;;;2082,021;-0,118096;-0,037088;1,403;;;;;;2082021
2082465;-316;-145;2781;;-154,208;-70,76;1357,128;;;;;2082,465;-0,154208;-0,07076;1,357128;;;;;;2082465
2082805;157;75;1403;;76,616;36,6;684,664;;;;;2082,805;0,076616;0,0366;0,684664;;;;;;2082805
2083123;62;225;2518;;30,256;109,8;1228,784;;;;;2083,123;0,030256;0,1098;1,228784;;;;;;2083123
2083462;-362;114;2197;;-176,656;55,632;1072,136;;;;;2083,462;-0,176656;0,055632;1,072136;;;;;;2083462
2083802;176;-27;1244;;85,888;-13,176;607,072;;;;;2083,802;0,085888;-0,013176;0,607072;;;;;;2083802
2084353;-282;-198;1666;;-137,616;-96,624;813,008;;;;;2084,353;-0,137616;-0,096624;0,813008;;;;;;2084353
2084671;207;-230;2143;;101,016;-112,24;1045,784;;;;;2084,671;0,101016;-0,11224;1,045784;;;;;;2084671
2084911;-177;86;1367;;-86,376;41,968;667,096;;;;;2084,911;-0,086376;0,041968;0,667096;;;;;;2084911
2085139;-365;-408;2853;;-178,12;-199,104;1392,264;;;;;2085,139;-0,17812;-0,199104;1,392264;;;;;;2085139
2085458;-135;-10;1748;;-65,88;-4,88;853,024;;;;;2085,458;-0,06588;-0,00488;0,853024;;;;;;2085458
2085777;-198;-886;2534;;-96,624;-432,368;1236,592;;;;;2085,777;-0,096624;-0,432368;1,236592;;;;;;2085777
2086027;398;327;1865;;194,224;159,576;910,12;;;;;2086,027;0,194224;0,159576;0,91012;;;;;;2086027
2086351;-212;-438;2939;;-103,456;-213,744;1434,232;;;;;2086,351;-0,103456;-0,213744;1,434232;;;;;;2086351
2086673;158;173;2348;;77,104;84,424;1145,824;;;;;2086,673;0,077104;0,084424;1,145824;;;;;;2086673
2086901;218;-170;1165;;106,384;-82,96;568,52;;;;;2086,901;0,106384;-0,08296;0,56852;;;;;;2086901
2087463;-278;167;2035;;-135,664;81,496;993,08;;;;;2087,463;-0,135664;0,081496;0,99308;;;;;;2087463
2087796;-768;-474;3062;;-374,784;-231,312;1494,256;;;;;2087,796;-0,374784;-0,231312;1,494256;;;;;;2087796
2088114;-194;-180;1908;;-94,672;-87,84;931,104;;;;;2088,114;-0,094672;-0,08784;0,931104;;;;;;2088114
2088456;-272;-448;2301;;-132,736;-218,624;1122,888;;;;;2088,456;-0,132736;-0,218624;1,122888;;;;;;2088456
2088684;-117;-253;1777;;-57,096;-123,464;867,176;;;;;2088,684;-0,057096;-0,123464;0,867176;;;;;;2088684
2089003;-113;-103;2214;;-55,144;-50,264;1080,432;;;;;2089,003;-0,055144;-0,050264;1,080432;;;;;;2089003
2089470;-302;-577;2622;;-147,376;-281,576;1279,536;;;;;2089,47;-0,147376;-0,281576;1,279536;;;;;;2089470
2089788;-116;-134;2081;;-56,608;-65,392;1015,528;;;;;2089,788;-0,056608;-0,065392;1,015528;;;;;;2089788
2090110;205;-77;1852;;100,04;-37,576;903,776;;;;;2090,11;0,10004;-0,037576;0,903776;;;;;;2090110
2090468;-214;-227;2447;;-104,432;-110,776;1194,136;;;;;2090,468;-0,104432;-0,110776;1,194136;;;;;;2090468
2090786;219;-33;1775;;106,872;-16,104;866,2;;;;;2090,786;0,106872;-0,016104;0,8662;;;;;;2090786
2091108;317;-362;1835;;154,696;-176,656;895,48;;;;;2091,108;0,154696;-0,176656;0,89548;;;;;;2091108
2091443;-394;-20;2516;;-192,272;-9,76;1227,808;;;;;2091,443;-0,192272;-0,00976;1,227808;;;;;;2091443
2091682;88;-309;2017;;42,944;-150,792;984,296;;;;;2091,682;0,042944;-0,150792;0,984296;;;;;;2091682
2092004;232;198;2189;;113,216;96,624;1068,232;;;;;2092,004;0,113216;0,096624;1,068232;;;;;;2092004
2092342;-194;132;1896;;-94,672;64,416;925,248;;;;;2092,342;-0,094672;0,064416;0,925248;;;;;;2092342
2092794;-70;-12;1715;;-34,16;-5,856;836,92;;;;;2092,794;-0,03416;-0,005856;0,83692;;;;;;2092794
2093127;-117;88;2559;;-57,096;42,944;1248,792;;;;;2093,127;-0,057096;0,042944;1,248792;;;;;;2093127
2093447;-34;-332;1878;;-16,592;-162,016;916,464;;;;;2093,447;-0,016592;-0,162016;0,916464;;;;;;2093447
2093788;-15;106;2348;;-7,32;51,728;1145,824;;;;;2093,788;-0,00732;0,051728;1,145824;;;;;;2093788
2094016;554;-78;1699;;270,352;-38,064;829,112;;;;;2094,016;0,270352;-0,038064;0,829112;;;;;;2094016
2094441;-190;-195;1738;;-92,72;-95,16;848,144;;;;;2094,441;-0,09272;-0,09516;0,848144;;;;;;2094441
2094783;-467;-298;2683;;-227,896;-145,424;1309,304;;;;;2094,783;-0,227896;-0,145424;1,309304;;;;;;2094783
2095018;259;158;1583;;126,392;77,104;772,504;;;;;2095,018;0,126392;0,077104;0,772504;;;;;;2095018
2095447;144;22;1482;;70,272;10,736;723,216;;;;;2095,447;0,070272;0,010736;0,723216;;;;;;2095447
2095781;-834;-53;2569;;-406,992;-25,864;1253,672;;;;;2095,781;-0,406992;-0,025864;1,253672;;;;;;2095781
2096121;444;-597;1607;;216,672;-291,336;784,216;;;;;2096,121;0,216672;-0,291336;0,784216;;;;;;2096121
2096440;-44;25;2204;;-21,472;12,2;1075,552;;;;;2096,44;-0,021472;0,0122;1,075552;;;;;;2096440
2096668;49;-107;1889;;23,912;-52,216;921,832;;;;;2096,668;0,023912;-0,052216;0,921832;;;;;;2096668
2096987;51;-22;1942;;24,888;-10,736;947,696;;;;;2096,987;0,024888;-0,010736;0,947696;;;;;;2096987
2097336;213;44;2448;;103,944;21,472;1194,624;;;;;2097,336;0,103944;0,021472;1,194624;;;;;;2097336
2097564;193;25;1696;;94,184;12,2;827,648;;;;;2097,564;0,094184;0,0122;0,827648;;;;;;2097564
2097886;-632;-148;2935;;-308,416;-72,224;1432,28;;;;;2097,886;-0,308416;-0,072224;1,43228;;;;;;2097886
2098460;-565;4;2640;;-275,72;1,952;1288,32;;;;;2098,46;-0,27572;0,001952;1,28832;;;;;;2098460
2098777;202;63;1964;;98,576;30,744;958,432;;;;;2098,777;0,098576;0,030744;0,958432;;;;;;2098777
2099095;-259;-80;2014;;-126,392;-39,04;982,832;;;;;2099,095;-0,126392;-0,03904;0,982832;;;;;;2099095
2099454;-270;-279;2358;;-131,76;-136,152;1150,704;;;;;2099,454;-0,13176;-0,136152;1,150704;;;;;;2099454
2099772;177;290;1305;;86,376;141,52;636,84;;;;;2099,772;0,086376;0,14152;0,63684;;;;;;2099772
2100106;-503;-260;2477;;-245,464;-126,88;1208,776;;;;;2100,106;-0,245464;-0,12688;1,208776;;;;;;2100106
2100452;-117;321;2056;;-57,096;156,648;1003,328;;;;;2100,452;-0,057096;0,156648;1,003328;;;;;;2100452
2100775;467;-445;2091;;227,896;-217,16;1020,408;;;;;2100,775;0,227896;-0,21716;1,020408;;;;;;2100775
2101003;-540;76;1709;;-263,52;37,088;833,992;;;;;2101,003;-0,26352;0,037088;0,833992;;;;;;2101003
2101322;-65;-193;2961;;-31,72;-94,184;1444,968;;;;;2101,322;-0,03172;-0,094184;1,444968;;;;;;2101322
2101557;147;-113;1552;;71,736;-55,144;757,376;;;;;2101,557;0,071736;-0,055144;0,757376;;;;;;2101557
2101997;114;42;2457;;55,632;20,496;1199,016;;;;;2101,997;0,055632;0,020496;1,199016;;;;;;2101997
2102426;29;105;1831;;14,152;51,24;893,528;;;;;2102,426;0,014152;0,05124;0,893528;;;;;;2102426
2102665;411;-228;2373;;200,568;-111,264;1158,024;;;;;2102,665;0,200568;-0,111264;1,158024;;;;;;2102665
2102893;-476;-120;1919;;-232,288;-58,56;936,472;;;;;2102,893;-0,232288;-0,05856;0,936472;;;;;;2102893
2103327;155;-174;2667;;75,64;-84,912;1301,496;;;;;2103,327;0,07564;-0,084912;1,301496;;;;;;2103327
2103789;191;105;2090;;93,208;51,24;1019,92;;;;;2103,789;0,093208;0,05124;1,01992;;;;;;2103789
2104107;171;-409;1986;;83,448;-199,592;969,168;;;;;2104,107;0,083448;-0,199592;0,969168;;;;;;2104107
2104426;181;-217;2376;;88,328;-105,896;1159,488;;;;;2104,426;0,088328;-0,105896;1,159488;;;;;;2104426
2104654;-250;-182;2051;;-122;-88,816;1000,888;;;;;2104,654;-0,122;-0,088816;1,000888;;;;;;2104654
2104995;101;-144;2365;;49,288;-70,272;1154,12;;;;;2104,995;0,049288;-0,070272;1,15412;;;;;;2104995
2105439;19;-93;2087;;9,272;-45,384;1018,456;;;;;2105,439;0,009272;-0,045384;1,018456;;;;;;2105439
2105761;-2;-73;2107;;-0,976;-35,624;1028,216;;;;;2105,761;-0,000976;-0,035624;1,028216;;;;;;2105761
2106000;-107;-90;1838;;-52,216;-43,92;896,944;;;;;2106;-0,052216;-0,04392;0,896944;;;;;;2106000
2106441;-112;14;2102;;-54,656;6,832;1025,776;;;;;2106,441;-0,054656;0,006832;1,025776;;;;;;2106441
2106760;93;-253;2143;;45,384;-123,464;1045,784;;;;;2106,76;0,045384;-0,123464;1,045784;;;;;;2106760
2107100;-323;112;1933;;-157,624;54,656;943,304;;;;;2107,1;-0,157624;0,054656;0,943304;;;;;;2107100
2107435;140;-308;2111;;68,32;-150,304;1030,168;;;;;2107,435;0,06832;-0,150304;1,030168;;;;;;2107435
2107753;-230;-13;1805;;-112,24;-6,344;880,84;;;;;2107,753;-0,11224;-0,006344;0,88084;;;;;;2107753
2108090;-144;-306;2285;;-70,272;-149,328;1115,08;;;;;2108,09;-0,070272;-0,149328;1,11508;;;;;;2108090
2108439;82;-236;2175;;40,016;-115,168;1061,4;;;;;2108,439;0,040016;-0,115168;1,0614;;;;;;2108439
2108757;144;-179;2066;;70,272;-87,352;1008,208;;;;;2108,757;0,070272;-0,087352;1,008208;;;;;;2108757
2109090;-103;-129;2234;;-50,264;-62,952;1090,192;;;;;2109,09;-0,050264;-0,062952;1,090192;;;;;;2109090
2109432;-82;22;2195;;-40,016;10,736;1071,16;;;;;2109,432;-0,040016;0,010736;1,07116;;;;;;2109432
2109755;363;-178;1903;;177,144;-86,864;928,664;;;;;2109,755;0,177144;-0,086864;0,928664;;;;;;2109755
2109983;-149;-112;2245;;-72,712;-54,656;1095,56;;;;;2109,983;-0,072712;-0,054656;1,09556;;;;;;2109983
2110430;-235;-236;2229;;-114,68;-115,168;1087,752;;;;;2110,43;-0,11468;-0,115168;1,087752;;;;;;2110430
2110874;297;-106;1967;;144,936;-51,728;959,896;;;;;2110,874;0,144936;-0,051728;0,959896;;;;;;2110874
2111303;116;-306;2330;;56,608;-149,328;1137,04;;;;;2111,303;0,056608;-0,149328;1,13704;;;;;;2111303
2111538;-5;142;2228;;-2,44;69,296;1087,264;;;;;2111,538;-0,00244;0,069296;1,087264;;;;;;2111538
2111766;-8;-149;2186;;-3,904;-72,712;1066,768;;;;;2111,766;-0,003904;-0,072712;1,066768;;;;;;2111766
2112085;22;75;2051;;10,736;36,6;1000,888;;;;;2112,085;0,010736;0,0366;1,000888;;;;;;2112085
2112404;130;-450;2012;;63,44;-219,6;981,856;;;;;2112,404;0,06344;-0,2196;0,981856;;;;;;2112404
2112654;-140;87;2522;;-68,32;42,456;1230,736;;;;;2112,654;-0,06832;0,042456;1,230736;;;;;;2112654
2112973;-411;-213;2131;;-200,568;-103,944;1039,928;;;;;2112,973;-0,200568;-0,103944;1,039928;;;;;;2112973
2113300;193;-74;2167;;94,184;-36,112;1057,496;;;;;2113,3;0,094184;-0,036112;1,057496;;;;;;2113300
2113532;67;-116;2008;;32,696;-56,608;979,904;;;;;2113,532;0,032696;-0,056608;0,979904;;;;;;2113532
2113874;-162;203;2177;;-79,056;99,064;1062,376;;;;;2113,874;-0,079056;0,099064;1,062376;;;;;;2113874
2114425;-57;-5;2145;;-27,816;-2,44;1046,76;;;;;2114,425;-0,027816;-0,00244;1,04676;;;;;;2114425
2114743;82;-112;2027;;40,016;-54,656;989,176;;;;;2114,743;0,040016;-0,054656;0,989176;;;;;;2114743
2114978;-118;-28;2146;;-57,584;-13,664;1047,248;;;;;;;;;;;;;;2114978
2115419;-55;-86;2136;;-26,84;-41,968;1042,368;;;;;;;;;;;;;;2115419
2115736;34;13;2071;;16,592;6,344;1010,648;;;;;;;;;;;;;;2115736
2116092;-89;-196;2084;;-43,432;-95,648;1016,992;;;;;;;;;;;;;;2116092
2116420;-153;-113;2125;;-74,664;-55,144;1037;;;;;;;;;;;;;;2116420
2116738;-22;-78;2109;;-10,736;-38,064;1029,192;;;;;;;;;;;;;;2116738
2117094;-52;-182;2101;;-25,376;-88,816;1025,288;;;;;;;;;;;;;;2117094
2117418;-66;-88;2162;;-32,208;-42,944;1055,056;;;;;;;;;;;;;;2117418
2117736;-37;-98;2111;;-18,056;-47,824;1030,168;;;;;;;;;;;;;;2117736
2117964;-3;-118;2168;;-1,464;-57,584;1057,984;;;;;;;;;;;;;;2117964
2118411;-146;-121;2182;;-71,248;-59,048;1064,816;;;;;;;;;;;;;;2118411
2118745;-19;-36;2164;;-9,272;-17,568;1056,032;;;;;;;;;;;;;;2118745
2118965;373;-137;2106;;182,024;-66,856;1027,728;;;;;;;;;;;;;;2118965
2119415;-337;-64;2220;;-164,456;-31,232;1083,36;;;;;;;;;;;;;;2119415
2119749;129;-168;2056;;62,952;-81,984;1003,328;;;;;;;;;;;;;;2119749
2120066;8;-325;2442;;3,904;-158,6;1191,696;;;;;;;;;;;;;;2120066
2120409;-99;261;2094;;-48,312;127,368;1021,872;;;;;;;;;;;;;;2120409
2120637;599;-235;2438;;292,312;-114,68;1189,744;;;;;;;;;;;;;;2120637
2120955;-228;386;2178;;-111,264;188,368;1062,864;;;;;;;;;;;;;;2120955
2121399;221;-210;2104;;107,848;-102,48;1026,752;;;;;;;;;;;;;;2121399
2121641;-372;-279;2148;;-181,536;-136,152;1048,224;;;;;;;;;;;;;;2121641
2121960;-322;137;2248;;-157,136;66,856;1097,024;;;;;;;;;;;;;;2121960
2122400;157;53;1918;;76,616;25,864;935,984;;;;;;;;;;;;;;2122400
2122742;-405;-187;2536;;-197,64;-91,256;1237,568;;;;;;;;;;;;;;2122742
2123061;82;215;1880;;40,016;104,92;917,44;;;;;;;;;;;;;;2123061
2123396;266;-116;2623;;129,808;-56,608;1280,024;;;;;;;;;;;;;;2123396
2123736;-49;-13;1837;;-23,912;-6,344;896,456;;;;;;;;;;;;;;2123736
2124396;201;-168;2211;;98,088;-81,984;1078,968;;;;;;;;;;;;;;2124396
2124718;171;-279;2085;;83,448;-136,152;1017,48;;;;;;;;;;;;;;2124718
2124973;128;239;1661;;62,464;116,632;810,568;;;;;;;;;;;;;;2124973
2125292;-767;-708;2989;;-374,296;-345,504;1458,632;;;;;;;;;;;;;;2125292
2125610;187;18;1822;;91,256;8,784;889,136;;;;;;;;;;;;;;2125610
2125838;24;-197;2459;;11,712;-96,136;1199,992;;;;;;;;;;;;;;2125838
2126074;-313;168;2059;;-152,744;81,984;1004,792;;;;;;;;;;;;;;2126074
2126393;418;120;1525;;203,984;58,56;744,2;;;;;;;;;;;;;;2126393
2126727;-493;-143;2544;;-240,584;-69,784;1241,472;;;;;;;;;;;;;;2126727
2127287;175;-312;2243;;85,4;-152,256;1094,584;;;;;;;;;;;;;;2127287
2127727;-52;-275;2304;;-25,376;-134,2;1124,352;;;;;;;;;;;;;;2127727
2128045;-154;-57;2104;;-75,152;-27,816;1026,752;;;;;;;;;;;;;;2128045
2128392;640;-26;2574;;312,32;-12,688;1256,112;;;;;;;;;;;;;;2128392
2128620;-96;315;1307;;-46,848;153,72;637,816;;;;;;;;;;;;;;2128620
2128938;101;-136;2708;;49,288;-66,368;1321,504;;;;;;;;;;;;;;2128938
2129401;-296;-915;2540;;-144,448;-446,52;1239,52;;;;;;;;;;;;;;2129401
2129723;-261;-95;1442;;-127,368;-46,36;703,696;;;;;;;;;;;;;;2129723
2130045;-65;-383;2803;;-31,72;-186,904;1367,864;;;;;;;;;;;;;;2130045
2130407;-221;-111;1870;;-107,848;-54,168;912,56;;;;;;;;;;;;;;2130407
2130725;-235;69;1980;;-114,68;33,672;966,24;;;;;;;;;;;;;;2130725
2131043;-65;182;2708;;-31,72;88,816;1321,504;;;;;;;;;;;;;;2131043
2131378;-436;-314;1706;;-212,768;-153,232;832,528;;;;;;;;;;;;;;2131378
2131613;99;35;2746;;48,312;17,08;1340,048;;;;;;;;;;;;;;2131613
2131931;168;-365;1681;;81,984;-178,12;820,328;;;;;;;;;;;;;;2131931
2132270;-334;273;2648;;-162,992;133,224;1292,224;;;;;;;;;;;;;;2132270
2132490;-93;-172;1619;;-45,384;-83,936;790,072;;;;;;;;;;;;;;2132490
2132726;-763;-438;3096;;-372,344;-213,744;1510,848;;;;;;;;;;;;;;2132726
2133060;41;-32;1551;;20,008;-15,616;756,888;;;;;;;;;;;;;;2133060
2133379;-227;-309;2592;;-110,776;-150,792;1264,896;;;;;;;;;;;;;;2133379
2133720;801;-739;2502;;390,888;-360,632;1220,976;;;;;;;;;;;;;;2133720
2133948;-163;-598;2089;;-79,544;-291,824;1019,432;;;;;;;;;;;;;;2133948
2134373;-121;66;2983;;-59,048;32,208;1455,704;;;;;;;;;;;;;;2134373
2134710;-303;93;1570;;-147,864;45,384;766,16;;;;;;;;;;;;;;2134710
2134949;314;-37;2233;;153,232;-18,056;1089,704;;;;;;;;;;;;;;2134949
2135378;-82;43;2608;;-40,016;20,984;1272,704;;;;;;;;;;;;;;2135378
2135711;-5;59;1751;;-2,44;28,792;854,488;;;;;;;;;;;;;;2135711
2136053;-186;-299;2334;;-90,768;-145,912;1138,992;;;;;;;;;;;;;;2136053
2136376;-146;-231;2073;;-71,248;-112,728;1011,624;;;;;;;;;;;;;;2136376
2136604;159;-270;2518;;77,592;-131,76;1228,784;;;;;;;;;;;;;;2136604
2136923;400;-499;2349;;195,2;-243,512;1146,312;;;;;;;;;;;;;;2136923
2137269;-274;-173;1519;;-133,712;-84,424;741,272;;;;;;;;;;;;;;2137269
2137501;-78;38;2590;;-38,064;18,544;1263,92;;;;;;;;;;;;;;2137501
2137819;-171;-246;1823;;-83,448;-120,048;889,624;;;;;;;;;;;;;;2137819
2138389;-114;-310;1619;;-55,632;-151,28;790,072;;;;;;;;;;;;;;2138389
2138707;20;-202;2528;;9,76;-98,576;1233,664;;;;;;;;;;;;;;2138707
2139024;480;429;2359;;234,24;209,352;1151,192;;;;;;;;;;;;;;2139024
2139382;-41;-371;1464;;-20,008;-181,048;714,432;;;;;;;;;;;;;;2139382
2139701;-21;-73;2540;;-10,248;-35,624;1239,52;;;;;;;;;;;;;;2139701
2140041;109;61;1848;;53,192;29,768;901,824;;;;;;;;;;;;;;2140041
2140387;-147;12;1601;;-71,736;5,856;781,288;;;;;;;;;;;;;;2140387
2140705;-272;-47;2937;;-132,736;-22,936;1433,256;;;;;;;;;;;;;;2140705
2140933;-67;491;1923;;-32,696;239,608;938,424;;;;;;;;;;;;;;2140933
2141256;-177;-242;2683;;-86,376;-118,096;1309,304;;;;;;;;;;;;;;2141256
2141492;7;64;1363;;3,416;31,232;665,144;;;;;;;;;;;;;;2141492
2141932;105;-302;2526;;51,24;-147,376;1232,688;;;;;;;;;;;;;;2141932
2142357;-167;-431;2652;;-81,496;-210,328;1294,176;;;;;;;;;;;;;;2142357
2142717;51;-62;1872;;24,888;-30,256;913,536;;;;;;;;;;;;;;2142717
2143039;-106;129;1957;;-51,728;62,952;955,016;;;;;;;;;;;;;;2143039
2143359;61;-63;2957;;29,768;-30,744;1443,016;;;;;;;;;;;;;;2143359
2143722;-4;-174;1303;;-1,952;-84,912;635,864;;;;;;;;;;;;;;2143722
2144041;14;-330;2589;;6,832;-161,04;1263,432;;;;;;;;;;;;;;2144041
2144360;140;75;2212;;68,32;36,6;1079,456;;;;;;;;;;;;;;2144360
2144588;-132;-439;1781;;-64,416;-214,232;869,128;;;;;;;;;;;;;;2144588
2144929;-139;171;2689;;-67,832;83,448;1312,232;;;;;;;;;;;;;;2144929
2145373;185;89;1625;;90,28;43,432;793;;;;;;;;;;;;;;2145373
2145695;33;-398;1832;;16,104;-194,224;894,016;;;;;;;;;;;;;;2145695
2145930;-525;323;2089;;-256,2;157,624;1019,432;;;;;;;;;;;;;;2145930
2146375;80;-148;1727;;39,04;-72,224;842,776;;;;;;;;;;;;;;2146375
2146694;-353;-67;2173;;-172,264;-32,696;1060,424;;;;;;;;;;;;;;2146694
2147034;160;-43;2321;;78,08;-20,984;1132,648;;;;;;;;;;;;;;2147034
2147373;-27;312;1604;;-13,176;152,256;782,752;;;;;;;;;;;;;;2147373
2147691;-13;-408;3154;;-6,344;-199,104;1539,152;;;;;;;;;;;;;;2147691
2148029;-60;-176;1460;;-29,28;-85,888;712,48;;;;;;;;;;;;;;2148029
2148373;71;-77;2172;;34,648;-37,576;1059,936;;;;;;;;;;;;;;2148373
2148692;-275;297;2841;;-134,2;144,936;1386,408;;;;;;;;;;;;;;2148692
2149025;81;38;1121;;39,528;18,544;547,048;;;;;;;;;;;;;;2149025
2149367;142;12;3162;;69,296;5,856;1543,056;;;;;;;;;;;;;;2149367
2149686;421;16;1879;;205,448;7,808;916,952;;;;;;;;;;;;;;2149686
2149914;-397;-104;1832;;-193,736;-50,752;894,016;;;;;;;;;;;;;;2149914
2150640;249;-85;1264;;121,512;-41,48;616,832;;;;;;;;;;;;;;2150640
2150958;-204;37;2171;;-99,552;18,056;1059,448;;;;;;;;;;;;;;2150958
2151281;104;370;2016;;50,752;180,56;983,808;;;;;;;;;;;;;;2151281
2151513;-53;-387;2907;;-25,864;-188,856;1418,616;;;;;;;;;;;;;;2151513
2151749;129;-305;1458;;62,952;-148,84;711,504;;;;;;;;;;;;;;2151749
2152067;-1046;-7;2277;;-510,448;-3,416;1111,176;;;;;;;;;;;;;;2152067
2152409;155;12;2587;;75,64;5,856;1262,456;;;;;;;;;;;;;;2152409
2152867;261;-1087;2202;;127,368;-530,456;1074,576;;;;;;;;;;;;;;2152867
2153418;114;414;2369;;55,632;202,032;1156,072;;;;;;;;;;;;;;2153418
2153736;-62;-27;1517;;-30,256;-13,176;740,296;;;;;;;;;;;;;;2153736
2153974;355;151;2678;;173,24;73,688;1306,864;;;;;;;;;;;;;;2153974
2154415;-84;640;1960;;-40,992;312,32;956,48;;;;;;;;;;;;;;2154415
2154733;-52;278;1317;;-25,376;135,664;642,696;;;;;;;;;;;;;;2154733
2155093;-795;991;3410;;-387,96;483,608;1664,08;;;;;;;;;;;;;;2155093
2155412;-258;167;1162;;-125,904;81,496;567,056;;;;;;;;;;;;;;2155412
2155731;778;-659;2251;;379,664;-321,592;1098,488;;;;;;;;;;;;;;2155731
2156089;-441;-116;2327;;-215,208;-56,608;1135,576;;;;;;;;;;;;;;2156089
2156409;-164;120;1595;;-80,032;58,56;778,36;;;;;;;;;;;;;;2156409
2156731;-120;-165;2685;;-58,56;-80,52;1310,28;;;;;;;;;;;;;;2156731
2156959;388;-162;2241;;189,344;-79,056;1093,608;;;;;;;;;;;;;;2156959
2157412;-58;-447;2256;;-28,304;-218,136;1100,928;;;;;;;;;;;;;;2157412
2157746;17;-205;2262;;8,296;-100,04;1103,856;;;;;;;;;;;;;;2157746
2158063;202;-327;2277;;98,576;-159,576;1111,176;;;;;;;;;;;;;;2158063
2158406;-198;-162;2265;;-96,624;-79,056;1105,32;;;;;;;;;;;;;;2158406
2158744;-217;-127;1713;;-105,896;-61,976;835,944;;;;;;;;;;;;;;2158744
2159066;-271;18;2247;;-132,248;8,784;1096,536;;;;;;;;;;;;;;2159066
2159412;-63;-191;2062;;-30,744;-93,208;1006,256;;;;;;;;;;;;;;2159412
2159640;-148;-26;2192;;-72,224;-12,688;1069,696;;;;;;;;;;;;;;2159640
2159958;-163;-68;2206;;-79,544;-33,184;1076,528;;;;;;;;;;;;;;2159958
2160398;17;-118;2074;;8,296;-57,584;1012,112;;;;;;;;;;;;;;2160398
2160634;88;-87;2122;;42,944;-42,456;1035,536;;;;;;;;;;;;;;2160634
2160952;132;36;2077;;64,416;17,568;1013,576;;;;;;;;;;;;;;2160952
2161396;-9;-249;2059;;-4,392;-121,512;1004,792;;;;;;;;;;;;;;2161396
2161736;-126;-224;2120;;-61,488;-109,312;1034,56;;;;;;;;;;;;;;2161736
2162058;125;-114;2142;;61;-55,632;1045,296;;;;;;;;;;;;;;2162058
2162392;-13;-38;2111;;-6,344;-18,544;1030,168;;;;;;;;;;;;;;2162392
2162732;-4;-94;2216;;-1,952;-45,872;1081,408;;;;;;;;;;;;;;2162732
2163286;-26;458;2138;;-12,688;223,504;1043,344;;;;;;;;;;;;;;2163286
2163603;176;19;2190;;85,888;9,272;1068,72;;;;;;;;;;;;;;2163603
2163838;352;-171;2078;;171,776;-83,448;1014,064;;;;;;;;;;;;;;2163838
2164069;-131;-33;2106;;-63,928;-16,104;1027,728;;;;;;;;;;;;;;2164069
2164388;330;-384;2053;;161,04;-187,392;1001,864;;;;;;;;;;;;;;2164388
2164709;66;497;2010;;32,208;242,536;980,88;;;;;;;;;;;;;;2164709
2164961;232;1;2203;;113,216;0,488;1075,064;;;;;;;;;;;;;;2164961
2165279;3;99;2123;;1,464;48,312;1036,024;;;;;;;;;;;;;;2165279
2165597;52;-26;2132;;25,376;-12,688;1040,416;;;;;;;;;;;;;;2165597
2165825;58;15;2127;;28,304;7,32;1037,976;;;;;;;;;;;;;;2165825
2166271;69;19;2132;;33,672;9,272;1040,416;;;;;;;;;;;;;;2166271
2166719;97;-3;2134;;47,336;-1,464;1041,392;;;;;;;;;;;;;;2166719
2167036;47;17;2135;;22,936;8,296;1041,88;;;;;;;;;;;;;;2167036
2167378;58;9;2132;;28,304;4,392;1040,416;;;;;;;;;;;;;;2167378
2167609;62;17;2126;;30,256;8,296;1037,488;;;;;;;;;;;;;;2167609
2167927;58;18;2132;;28,304;8,784;1040,416;;;;;;;;;;;;;;2167927
2168392;61;17;2132;;29,768;8,296;1040,416;;;;;;;;;;;;;;2168392
2168709;57;12;2131;;27,816;5,856;1039,928;;;;;;;;;;;;;;2168709
2169026;60;18;2128;;29,28;8,784;1038,464;;;;;;;;;;;;;;2169026
2169387;59;13;2129;;28,792;6,344;1038,952;;;;;;;;;;;;;;2169387
2169704;58;14;2130;;28,304;6,832;1039,44;;;;;;;;;;;;;;2169704
2170021;57;21;2132;;27,816;10,248;1040,416;;;;;;;;;;;;;;2170021
2170355;58;14;2131;;28,304;6,832;1039,928;;;;;;;;;;;;;;2170355
2170619;60;14;2134;;29,28;6,832;1041,392;;;;;;;;;;;;;;2170619
2170936;59;12;2133;;28,792;5,856;1040,904;;;;;;;;;;;;;;2170936
2171269;64;20;2129;;31,232;9,76;1038,952;;;;;;;;;;;;;;2171269
2171717;52;15;2130;;25,376;7,32;1039,44;;;;;;;;;;;;;;2171717
2172053;56;14;2133;;27,328;6,832;1040,904;;;;;;;;;;;;;;2172053
2172372;62;15;2133;;30,256;7,32;1040,904;;;;;;;;;;;;;;2172372
2172712;60;14;2133;;29,28;6,832;1040,904;;;;;;;;;;;;;;2172712
2172939;61;19;2126;;29,768;9,272;1037,488;;;;;;;;;;;;;;2172939
2173363;57;12;2128;;27,816;5,856;1038,464;;;;;;;;;;;;;;2173363
2173700;64;15;2130;;31,232;7,32;1039,44;;;;;;;;;;;;;;2173700
2173935;61;13;2133;;29,768;6,344;1040,904;;;;;;;;;;;;;;2173935
2174366;59;14;2130;;28,792;6,832;1039,44;;;;;;;;;;;;;;2174366
2174598;55;14;2130;;26,84;6,832;1039,44;;;;;;;;;;;;;;2174598
2175044;56;14;2129;;27,328;6,832;1038,952;;;;;;;;;;;;;;2175044
2175362;58;18;2130;;28,304;8,784;1039,44;;;;;;;;;;;;;;2175362
2175590;56;17;2131;;27,328;8,296;1039,928;;;;;;;;;;;;;;2175590
2175907;59;15;2130;;28,792;7,32;1039,44;;;;;;;;;;;;;;2175907
2176248;60;16;2132;;29,28;7,808;1040,416;;;;;;;;;;;;;;2176248
2176479;60;12;2134;;29,28;5,856;1041,392;;;;;;;;;;;;;;2176479
2176797;56;9;2129;;27,328;4,392;1038,952;;;;;;;;;;;;;;2176797
2177368;57;14;2134;;27,816;6,832;1041,392;;;;;;;;;;;;;;2177368
2177689;67;-27;2129;;32,696;-13,176;1038,952;;;;;;;;;;;;;;2177689
2178007;221;287;2076;;107,848;140,056;1013,088;;;;;;;;;;;;;;2178007
2178364;16;-81;2155;;7,808;-39,528;1051,64;;;;;;;;;;;;;;2178364
2178681;73;-1;2136;;35,624;-0,488;1042,368;;;;;;;;;;;;;;2178681
2179014;74;53;2126;;36,112;25,864;1037,488;;;;;;;;;;;;;;2179014
2179360;47;-2;2128;;22,936;-0,976;1038,464;;;;;;;;;;;;;;2179360
2179581;43;-3;2134;;20,984;-1,464;1041,392;;;;;;;;;;;;;;2179581
2179913;55;11;2130;;26,84;5,368;1039,44;;;;;;;;;;;;;;2179913
2180231;44;17;2133;;21,472;8,296;1040,904;;;;;;;;;;;;;;2180231
2180468;29;66;2131;;14,152;32,208;1039,928;;;;;;;;;;;;;;2180468
2180907;89;-43;2110;;43,432;-20,984;1029,68;;;;;;;;;;;;;;2180907
2181331;15;-48;2130;;7,32;-23,424;1039,44;;;;;;;;;;;;;;2181331
2181689;96;39;2129;;46,848;19,032;1038,952;;;;;;;;;;;;;;2181689
2182005;32;-15;2134;;15,616;-7,32;1041,392;;;;;;;;;;;;;;2182005
2182327;48;12;2130;;23,424;5,856;1039,44;;;;;;;;;;;;;;2182327
2182685;64;13;2135;;31,232;6,344;1041,88;;;;;;;;;;;;;;2182685
2183001;55;14;2133;;26,84;6,832;1040,904;;;;;;;;;;;;;;2183001
2183318;59;20;2132;;28,792;9,76;1040,416;;;;;;;;;;;;;;2183318
2183545;56;20;2131;;27,328;9,76;1039,928;;;;;;;;;;;;;;2183545
2183884;61;15;2130;;29,768;7,32;1039,44;;;;;;;;;;;;;;2183884
2184322;55;14;2131;;26,84;6,832;1039,928;;;;;;;;;;;;;;2184322
2184637;56;17;2133;;27,328;8,296;1040,904;;;;;;;;;;;;;;2184637
2184872;58;15;2127;;28,304;7,32;1037,976;;;;;;;;;;;;;;2184872
2185318;56;17;2132;;27,328;8,296;1040,416;;;;;;;;;;;;;;2185318
2185634;57;14;2127;;27,816;6,832;1037,976;;;;;;;;;;;;;;2185634
2185977;60;16;2131;;29,28;7,808;1039,928;;;;;;;;;;;;;;2185977
2186310;58;14;2128;;28,304;6,832;1038,464;;;;;;;;;;;;;;2186310
2186626;55;15;2132;;26,84;7,32;1040,416;;;;;;;;;;;;;;2186626
2186957;59;13;2132;;28,792;6,344;1040,416;;;;;;;;;;;;;;2186957
2187299;59;14;2130;;28,792;6,832;1039,44;;;;;;;;;;;;;;2187299
2187619;57;14;2127;;27,816;6,832;1037,976;;;;;;;;;;;;;;2187619
2187950;55;14;2132;;26,84;6,832;1040,416;;;;;;;;;;;;;;2187950
2188290;58;17;2128;;28,304;8,296;1038,464;;;;;;;;;;;;;;2188290
2188606;59;17;2130;;28,792;8,296;1039,44;;;;;;;;;;;;;;2188606
2188837;58;18;2130;;28,304;8,784;1039,44;;;;;;;;;;;;;;2188837
2189284;57;13;2132;;27,816;6,344;1040,416;;;;;;;;;;;;;;2189284
2189724;57;15;2132;;27,816;7,32;1040,416;;;;;;;;;;;;;;2189724
2190269;58;16;2134;;28,304;7,808;1041,392;;;;;;;;;;;;;;2190269
2190531;54;12;2132;;26,352;5,856;1040,416;;;;;;;;;;;;;;2190531
2190849;58;17;2135;;28,304;8,296;1041,88;;;;;;;;;;;;;;2190849
2191173;58;15;2131;;28,304;7,32;1039,928;;;;;;;;;;;;;;2191173
2191401;56;14;2130;;27,328;6,832;1039,44;;;;;;;;;;;;;;2191401
2191636;57;15;2128;;27,816;7,32;1038,464;;;;;;;;;;;;;;2191636
2191959;58;16;2132;;28,304;7,808;1040,416;;;;;;;;;;;;;;2191959
2192293;56;17;2132;;27,328;8,296;1040,416;;;;;;;;;;;;;;2192293
2192748;56;15;2130;;27,328;7,32;1039,44;;;;;;;;;;;;;;2192748
2193294;56;16;2134;;27,328;7,808;1041,392;;;;;;;;;;;;;;2193294
2193612;53;14;2131;;25,864;6,832;1039,928;;;;;;;;;;;;;;2193612
2193849;60;15;2130;;29,28;7,32;1039,44;;;;;;;;;;;;;;2193849
2194289;58;17;2131;;28,304;8,296;1039,928;;;;;;;;;;;;;;2194289
2194607;55;17;2130;;26,84;8,296;1039,44;;;;;;;;;;;;;;2194607
2194963;57;17;2131;;27,816;8,296;1039,928;;;;;;;;;;;;;;2194963
2195286;56;15;2132;;27,328;7,32;1040,416;;;;;;;;;;;;;;2195286
2195609;60;15;2130;;29,28;7,32;1039,44;;;;;;;;;;;;;;2195609
2195965;54;17;2128;;26,352;8,296;1038,464;;;;;;;;;;;;;;2195965
2196292;57;15;2131;;27,816;7,32;1039,928;;;;;;;;;;;;;;2196292
2196611;55;17;2128;;26,84;8,296;1038,464;;;;;;;;;;;;;;2196611
2196839;58;14;2128;;28,304;6,832;1038,464;;;;;;;;;;;;;;2196839
2197286;56;14;2131;;27,328;6,832;1039,928;;;;;;;;;;;;;;2197286
2197620;57;18;2131;;27,816;8,784;1039,928;;;;;;;;;;;;;;2197620
2197938;53;14;2133;;25,864;6,832;1040,904;;;;;;;;;;;;;;2197938
2198286;58;17;2129;;28,304;8,296;1038,952;;;;;;;;;;;;;;2198286
2198621;60;15;2130;;29,28;7,32;1039,44;;;;;;;;;;;;;;2198621
2198938;61;16;2133;;29,768;7,808;1040,904;;;;;;;;;;;;;;2198938
2199280;58;15;2132;;28,304;7,32;1040,416;;;;;;;;;;;;;;2199280
2199508;59;15;2128;;28,792;7,32;1038,464;;;;;;;;;;;;;;2199508
2199827;59;16;2132;;28,792;7,808;1040,416;;;;;;;;;;;;;;2199827
2200271;55;16;2132;;26,84;7,808;1040,416;;;;;;;;;;;;;;2200271
2200506;57;14;2130;;27,816;6,832;1039,44;;;;;;;;;;;;;;2200506
2200829;54;11;2131;;26,352;5,368;1039,928;;;;;;;;;;;;;;2200829
2201275;58;16;2133;;28,304;7,808;1040,904;;;;;;;;;;;;;;2201275
2201615;56;15;2132;;27,328;7,32;1040,416;;;;;;;;;;;;;;2201615
2201934;56;16;2134;;27,328;7,808;1041,392;;;;;;;;;;;;;;2201934
2202272;56;15;2134;;27,328;7,32;1041,392;;;;;;;;;;;;;;2202272
2202613;56;15;2130;;27,328;7,32;1039,44;;;;;;;;;;;;;;2202613
2203160;56;17;2127;;27,328;8,296;1037,976;;;;;;;;;;;;;;2203160
2203482;56;17;2129;;27,328;8,296;1038,952;;;;;;;;;;;;;;2203482
2203717;57;11;2133;;27,816;5,368;1040,904;;;;;;;;;;;;;;2203717
2203960;55;19;2131;;26,84;9,272;1039,928;;;;;;;;;;;;;;2203960
2204283;54;15;2129;;26,352;7,32;1038,952;;;;;;;;;;;;;;2204283
2204601;57;17;2132;;27,816;8,296;1040,416;;;;;;;;;;;;;;2204601
2204863;58;17;2131;;28,304;8,296;1039,928;;;;;;;;;;;;;;2204863
2205183;58;18;2128;;28,304;8,784;1038,464;;;;;;;;;;;;;;2205183
2205501;59;15;2133;;28,792;7,32;1040,904;;;;;;;;;;;;;;2205501
2205729;56;14;2131;;27,328;6,832;1039,928;;;;;;;;;;;;;;2205729
2206181;55;18;2135;;26,84;8,784;1041,88;;;;;;;;;;;;;;2206181
2206621;59;15;2130;;28,792;7,32;1039,44;;;;;;;;;;;;;;2206621
2206938;53;17;2132;;25,864;8,296;1040,416;;;;;;;;;;;;;;2206938
2207287;57;15;2130;;27,816;7,32;1039,44;;;;;;;;;;;;;;2207287
2207519;57;15;2132;;27,816;7,32;1040,416;;;;;;;;;;;;;;2207519
2207838;56;16;2129;;27,328;7,808;1038,952;;;;;;;;;;;;;;2207838
2208302;55;16;2131;;26,84;7,808;1039,928;;;;;;;;;;;;;;2208302
2208624;59;16;2129;;28,792;7,808;1038,952;;;;;;;;;;;;;;2208624
2208943;59;17;2134;;28,792;8,296;1041,392;;;;;;;;;;;;;;2208943
2209300;57;17;2131;;27,816;8,296;1039,928;;;;;;;;;;;;;;2209300
2209618;56;15;2132;;27,328;7,32;1040,416;;;;;;;;;;;;;;2209618
2209936;57;14;2133;;27,816;6,832;1040,904;;;;;;;;;;;;;;2209936
2210275;58;14;2131;;28,304;6,832;1039,928;;;;;;;;;;;;;;2210275
2210511;52;19;2132;;25,376;9,272;1040,416;;;;;;;;;;;;;;2210511
2210828;59;16;2133;;28,792;7,808;1040,904;;;;;;;;;;;;;;2210828
2211167;57;13;2135;;27,816;6,344;1041,88;;;;;;;;;;;;;;2211167
2211621;57;15;2131;;27,816;7,32;1039,928;;;;;;;;;;;;;;2211621
2211954;56;16;2133;;27,328;7,808;1040,904;;;;;;;;;;;;;;2211954
2212273;52;17;2131;;25,376;8,296;1039,928;;;;;;;;;;;;;;2212273
2212614;56;14;2134;;27,328;6,832;1041,392;;;;;;;;;;;;;;2212614
2212843;55;15;2129;;26,84;7,32;1038,952;;;;;;;;;;;;;;2212843
2213271;57;16;2131;;27,816;7,808;1039,928;;;;;;;;;;;;;;2213271
2213609;57;16;2130;;27,816;7,808;1039,44;;;;;;;;;;;;;;2213609
2213845;58;13;2133;;28,304;6,344;1040,904;;;;;;;;;;;;;;2213845
2214273;58;16;2133;;28,304;7,808;1040,904;;;;;;;;;;;;;;2214273
2214607;56;12;2132;;27,328;5,856;1040,416;;;;;;;;;;;;;;2214607
2214949;57;18;2131;;27,816;8,784;1039,928;;;;;;;;;;;;;;2214949
2215272;56;15;2131;;27,328;7,32;1039,928;;;;;;;;;;;;;;2215272
2215500;54;12;2133;;26,352;5,856;1040,904;;;;;;;;;;;;;;2215500
2215819;57;14;2133;;27,816;6,832;1040,904;;;;;;;;;;;;;;2215819
2216161;55;16;2130;;26,84;7,808;1039,44;;;;;;;;;;;;;;2216161
2216397;55;16;2131;;26,84;7,808;1039,928;;;;;;;;;;;;;;2216397
2216715;54;18;2130;;26,352;8,784;1039,44;;;;;;;;;;;;;;2216715
2217285;54;15;2129;;26,352;7,32;1038,952;;;;;;;;;;;;;;2217285
2217603;56;13;2134;;27,328;6,344;1041,392;;;;;;;;;;;;;;2217603
2217921;55;14;2134;;26,84;6,832;1041,392;;;;;;;;;;;;;;2217921
2218281;56;13;2128;;27,328;6,344;1038,464;;;;;;;;;;;;;;2218281
2218599;57;12;2128;;27,816;5,856;1038,464;;;;;;;;;;;;;;2218599
2218933;57;14;2129;;27,816;6,832;1038,952;;;;;;;;;;;;;;2218933
2219281;58;16;2128;;28,304;7,808;1038,464;;;;;;;;;;;;;;2219281
2219604;57;16;2132;;27,816;7,808;1040,416;;;;;;;;;;;;;;2219604
2219832;56;15;2132;;27,328;7,32;1040,416;;;;;;;;;;;;;;2219832
2220151;56;12;2132;;27,328;5,856;1040,416;;;;;;;;;;;;;;2220151
2220387;59;15;2132;;28,792;7,32;1040,416;;;;;;;;;;;;;;2220387
2220827;56;15;2131;;27,328;7,32;1039,928;;;;;;;;;;;;;;2220827
2221251;54;14;2134;;26,352;6,832;1041,392;;;;;;;;;;;;;;2221251
2221608;58;14;2127;;28,304;6,832;1037,976;;;;;;;;;;;;;;2221608
2221930;59;16;2132;;28,792;7,808;1040,416;;;;;;;;;;;;;;2221930
2222249;53;16;2130;;25,864;7,808;1039,44;;;;;;;;;;;;;;2222249
2222611;61;13;2135;;29,768;6,344;1041,88;;;;;;;;;;;;;;2222611
2222933;52;16;2131;;25,376;7,808;1039,928;;;;;;;;;;;;;;2222933
2223253;59;15;2130;;28,792;7,32;1039,44;;;;;;;;;;;;;;2223253
2223481;59;14;2131;;28,792;6,832;1039,928;;;;;;;;;;;;;;2223481
2223822;57;15;2132;;27,816;7,32;1040,416;;;;;;;;;;;;;;2223822
2224266;54;14;2134;;26,352;6,832;1041,392;;;;;;;;;;;;;;2224266
2224588;52;17;2132;;25,376;8,296;1040,416;;;;;;;;;;;;;;2224588
2224824;55;17;2134;;26,84;8,296;1041,392;;;;;;;;;;;;;;2224824
2225265;55;15;2134;;26,84;7,32;1041,392;;;;;;;;;;;;;;2225265
2225588;58;14;2131;;28,304;6,832;1039,928;;;;;;;;;;;;;;2225588
2225928;56;15;2133;;27,328;7,32;1040,904;;;;;;;;;;;;;;2225928
2226263;56;17;2130;;27,328;8,296;1039,44;;;;;;;;;;;;;;2226263
2226586;96;-80;2091;;46,848;-39,04;1020,408;;;;;;;;;;;;;;2226586
2226919;-103;-109;2202;;-50,264;-53,192;1074,576;;;;;;;;;;;;;;2226919
2227265;-152;607;1954;;-74,176;296,216;953,552;;;;;;;;;;;;;;2227265
2227584;-131;-92;2189;;-63,928;-44,896;1068,232;;;;;;;;;;;;;;2227584
2227917;157;135;2144;;76,616;65,88;1046,272;;;;;;;;;;;;;;2227917
2228260;147;-320;2099;;71,736;-156,16;1024,312;;;;;;;;;;;;;;2228260
2228582;-619;-98;1975;;-302,072;-47,824;963,8;;;;;;;;;;;;;;2228582
2228810;-836;848;4079;;-407,968;413,824;1990,552;;;;;;;;;;;;;;2228810
2229262;358;-98;1915;;174,704;-47,824;934,52;;;;;;;;;;;;;;2229262
2229702;-378;-72;2083;;-184,464;-35,136;1016,504;;;;;;;;;;;;;;2229702
2230131;-29;161;2116;;-14,152;78,568;1032,608;;;;;;;;;;;;;;2230131
2230370;314;-39;2131;;153,232;-19,032;1039,928;;;;;;;;;;;;;;2230370
2230598;-66;-90;2166;;-32,208;-43,92;1057,008;;;;;;;;;;;;;;2230598
2230917;82;-99;2154;;40,016;-48,312;1051,152;;;;;;;;;;;;;;2230917
2231240;60;80;2130;;29,28;39,04;1039,44;;;;;;;;;;;;;;2231240
2231491;58;11;2138;;28,304;5,368;1043,344;;;;;;;;;;;;;;2231491
2231809;52;3;2136;;25,376;1,464;1042,368;;;;;;;;;;;;;;2231809
2232129;23;-31;2134;;11,224;-15,128;1041,392;;;;;;;;;;;;;;2232129
2232360;12;9;2129;;5,856;4,392;1038,952;;;;;;;;;;;;;;2232360
2232701;33;5;2130;;16,104;2,44;1039,44;;;;;;;;;;;;;;2232701
2233248;62;-64;2133;;30,256;-31,232;1040,904;;;;;;;;;;;;;;2233248
2233566;19;-14;2133;;9,272;-6,832;1040,904;;;;;;;;;;;;;;2233566
2233805;21;-14;2129;;10,248;-6,832;1038,952;;;;;;;;;;;;;;2233805
2234250;537;-36;3012;;262,056;-17,568;1469,856;;;;;;;;;;;;;;2234250
2234569;-416;443;1975;;-203,008;216,184;963,8;;;;;;;;;;;;;;2234569
2234929;9;39;2201;;4,392;19,032;1074,088;;;;;;;;;;;;;;2234929
2235252;-229;-74;2091;;-111,752;-36,112;1020,408;;;;;;;;;;;;;;2235252
2235571;16;-75;2123;;7,808;-36,6;1036,024;;;;;;;;;;;;;;2235571
2235927;71;-82;2221;;34,648;-40,016;1083,848;;;;;;;;;;;;;;2235927
2236246;384;-60;2085;;187,392;-29,28;1017,48;;;;;;;;;;;;;;2236246
2236565;-350;-89;2028;;-170,8;-43,432;989,664;;;;;;;;;;;;;;2236565
2236797;65;-71;2185;;31,72;-34,648;1066,28;;;;;;;;;;;;;;2236797
2237245;44;-91;2218;;21,472;-44,408;1082,384;;;;;;;;;;;;;;2237245
2237583;145;52;2159;;70,76;25,376;1053,592;;;;;;;;;;;;;;2237583
2237905;113;-59;2182;;55,144;-28,792;1064,816;;;;;;;;;;;;;;2237905
2238247;301;-37;2153;;146,888;-18,056;1050,664;;;;;;;;;;;;;;2238247
2238581;406;-100;2118;;198,128;-48,8;1033,584;;;;;;;;;;;;;;2238581
2238899;366;-102;2160;;178,608;-49,776;1054,08;;;;;;;;;;;;;;2238899
2239241;320;-81;2072;;156,16;-39,528;1011,136;;;;;;;;;;;;;;2239241
2239470;-399;418;2006;;-194,712;203,984;978,928;;;;;;;;;;;;;;2239470
2239792;259;-506;2052;;126,392;-246,928;1001,376;;;;;;;;;;;;;;2239792
2240240;226;-94;2209;;110,288;-45,872;1077,992;;;;;;;;;;;;;;2240240
2240476;-52;-74;2131;;-25,376;-36,112;1039,928;;;;;;;;;;;;;;2240476
2240794;-84;-71;2101;;-40,992;-34,648;1025,288;;;;;;;;;;;;;;2240794
2241234;245;-88;2128;;119,56;-42,944;1038,464;;;;;;;;;;;;;;2241234
2241575;-64;-94;2144;;-31,232;-45,872;1046,272;;;;;;;;;;;;;;2241575
2241897;-142;-71;2241;;-69,296;-34,648;1093,608;;;;;;;;;;;;;;2241897
2242232;53;-83;2101;;25,864;-40,504;1025,288;;;;;;;;;;;;;;2242232
2242579;170;41;2122;;82,96;20,008;1035,536;;;;;;;;;;;;;;2242579
2243130;-335;366;2823;;-163,48;178,608;1377,624;;;;;;;;;;;;;;2243130
2243448;11;-72;2138;;5,368;-35,136;1043,344;;;;;;;;;;;;;;2243448
2243683;-14;-75;2137;;-6,832;-36,6;1042,856;;;;;;;;;;;;;;2243683
2243911;-183;-22;2240;;-89,304;-10,736;1093,12;;;;;;;;;;;;;;2243911
2244230;109;85;2134;;53,192;41,48;1041,392;;;;;;;;;;;;;;2244230
2244549;-53;-64;2163;;-25,864;-31,232;1055,544;;;;;;;;;;;;;;2244549
2244801;-1;43;2131;;-0,488;20,984;1039,928;;;;;;;;;;;;;;2244801
2245120;33;-3;2132;;16,104;-1,464;1040,416;;;;;;;;;;;;;;2245120
2245343;15;1;2135;;7,32;0,488;1041,88;;;;;;;;;;;;;;2245343
2245571;41;-1;2127;;20,008;-0,488;1037,976;;;;;;;;;;;;;;2245571
2246130;26;6;2132;;12,688;2,928;1040,416;;;;;;;;;;;;;;2246130
2246569;771;142;2380;;376,248;69,296;1161,44;;;;;;;;;;;;;;2246569
2246887;-153;-835;2014;;-74,664;-407,48;982,832;;;;;;;;;;;;;;2246887
2247229;-753;-1220;954;;-367,464;-595,36;465,552;;;;;;;;;;;;;;2247229
2247457;-682;-1383;756;;-332,816;-674,904;368,928;;;;;;;;;;;;;;2247457
2247776;-1010;-1792;445;;-492,88;-874,496;217,16;;;;;;;;;;;;;;2247776
2248246;-921;-1762;-43;;-449,448;-859,856;-20,984;;;;;;;;;;;;;;2248246
2248564;-546;-2083;696;;-266,448;-1016,504;339,648;;;;;;;;;;;;;;2248564
2248886;-126;-1968;599;;-61,488;-960,384;292,312;;;;;;;;;;;;;;2248886
2249244;-68;-2236;468;;-33,184;-1091,168;228,384;;;;;;;;;;;;;;2249244
2249562;8;-1924;460;;3,904;-938,912;224,48;;;;;;;;;;;;;;2249562
2249881;144;-2134;466;;70,272;-1041,392;227,408;;;;;;;;;;;;;;2249881
2250215;328;-2087;558;;160,064;-1018,456;272,304;;;;;;;;;;;;;;2250215
2250451;18;-1812;715;;8,784;-884,256;348,92;;;;;;;;;;;;;;2250451
2250776;-15;-2145;539;;-7,32;-1046,76;263,032;;;;;;;;;;;;;;2250776
2251115;-26;-1998;485;;-12,688;-975,024;236,68;;;;;;;;;;;;;;2251115
2251561;271;-1956;594;;132,248;-954,528;289,872;;;;;;;;;;;;;;2251561
2251894;163;-2060;579;;79,544;-1005,28;282,552;;;;;;;;;;;;;;2251894
2252213;-88;-1979;367;;-42,944;-965,752;179,096;;;;;;;;;;;;;;2252213
2252557;-62;-2010;441;;-30,256;-980,88;215,208;;;;;;;;;;;;;;2252557
2252785;-30;-1988;448;;-14,64;-970,144;218,624;;;;;;;;;;;;;;2252785
2253208;12;-2011;492;;5,856;-981,368;240,096;;;;;;;;;;;;;;2253208
2253428;-59;-2005;423;;-28,792;-978,44;206,424;;;;;;;;;;;;;;2253428
2253783;-87;-2012;539;;-42,456;-981,856;263,032;;;;;;;;;;;;;;2253783
2254207;56;-2033;747;;27,328;-992,104;364,536;;;;;;;;;;;;;;2254207
2254540;22;-2084;401;;10,736;-1016,992;195,688;;;;;;;;;;;;;;2254540
2254880;-60;-1868;579;;-29,28;-911,584;282,552;;;;;;;;;;;;;;2254880
2255199;217;-2290;431;;105,896;-1117,52;210,328;;;;;;;;;;;;;;2255199
2255427;212;-1799;492;;103,456;-877,912;240,096;;;;;;;;;;;;;;2255427
2255745;166;-2144;587;;81,008;-1046,272;286,456;;;;;;;;;;;;;;2255745
2256093;117;-2052;397;;57,096;-1001,376;193,736;;;;;;;;;;;;;;2256093
2256320;92;-2052;320;;44,896;-1001,376;156,16;;;;;;;;;;;;;;2256320
2256642;120;-1900;573;;58,56;-927,2;279,624;;;;;;;;;;;;;;2256642
2257216;-259;-2077;327;;-126,392;-1013,576;159,576;;;;;;;;;;;;;;2257216
2257533;-130;-1833;622;;-63,44;-894,504;303,536;;;;;;;;;;;;;;2257533
2257851;34;-2227;337;;16,592;-1086,776;164,456;;;;;;;;;;;;;;2257851
2258208;126;-1782;505;;61,488;-869,616;246,44;;;;;;;;;;;;;;2258208
2258526;205;-2127;395;;100,04;-1037,976;192,76;;;;;;;;;;;;;;2258526
2258866;1;-1838;430;;0,488;-896,944;209,84;;;;;;;;;;;;;;2258866
2259209;-56;-2293;297;;-27,328;-1118,984;144,936;;;;;;;;;;;;;;2259209
2259527;-9;-1900;151;;-4,392;-927,2;73,688;;;;;;;;;;;;;;2259527
2259755;1071;-1516;1641;;522,648;-739,808;800,808;;;;;;;;;;;;;;2259755
2260074;-164;-2009;748;;-80,032;-980,392;365,024;;;;;;;;;;;;;;2260074
2260312;140;-1903;854;;68,32;-928,664;416,752;;;;;;;;;;;;;;2260312
2260752;26;-2080;541;;12,688;-1015,04;264,008;;;;;;;;;;;;;;2260752
2261181;-83;-1846;460;;-40,504;-900,848;224,48;;;;;;;;;;;;;;2261181
2261420;37;-2396;642;;18,056;-1169,248;313,296;;;;;;;;;;;;;;2261420
2261648;107;-1892;360;;52,216;-923,296;175,68;;;;;;;;;;;;;;2261648
2262078;196;-2459;518;;95,648;-1199,992;252,784;;;;;;;;;;;;;;2262078
2262540;196;-1718;912;;95,648;-838,384;445,056;;;;;;;;;;;;;;2262540
2262858;364;-1759;860;;177,632;-858,392;419,68;;;;;;;;;;;;;;2262858
2263177;562;-1875;818;;274,256;-915;399,184;;;;;;;;;;;;;;2263177
2263405;331;-2551;752;;161,528;-1244,888;366,976;;;;;;;;;;;;;;2263405
2263752;251;-1653;659;;122,488;-806,664;321,592;;;;;;;;;;;;;;2263752
2264076;552;-1908;961;;269,376;-931,104;468,968;;;;;;;;;;;;;;2264076
2264303;335;-1863;782;;163,48;-909,144;381,616;;;;;;;;;;;;;;2264303
2264622;628;-1589;918;;306,464;-775,432;447,984;;;;;;;;;;;;;;2264622
2264858;789;-2211;777;;385,032;-1078,968;379,176;;;;;;;;;;;;;;2264858
2265192;296;-1663;757;;144,448;-811,544;369,416;;;;;;;;;;;;;;2265192
2265510;389;-1640;1121;;189,832;-800,32;547,048;;;;;;;;;;;;;;2265510
2265851;849;-1724;138;;414,312;-841,312;67,344;;;;;;;;;;;;;;2265851
2266190;1010;-2279;548;;492,88;-1112,152;267,424;;;;;;;;;;;;;;2266190
2266512;704;-1970;112;;343,552;-961,36;54,656;;;;;;;;;;;;;;2266512
2267198;970;-1745;485;;473,36;-851,56;236,68;;;;;;;;;;;;;;2267198
2267516;708;-1860;297;;345,504;-907,68;144,936;;;;;;;;;;;;;;2267516
2267849;544;-1910;310;;265,472;-932,08;151,28;;;;;;;;;;;;;;2267849
2268191;-155;-2050;106;;-75,64;-1000,4;51,728;;;;;;;;;;;;;;2268191
2268510;-403;-2057;-370;;-196,664;-1003,816;-180,56;;;;;;;;;;;;;;2268510
2268738;2;-1868;-492;;0,976;-911,584;-240,096;;;;;;;;;;;;;;2268738
2269190;213;-1879;-204;;103,944;-916,952;-99,552;;;;;;;;;;;;;;2269190
2269630;-1;-1993;-214;;-0,488;-972,584;-104,432;;;;;;;;;;;;;;2269630
2270059;-6;-1977;-539;;-2,928;-964,776;-263,032;;;;;;;;;;;;;;2270059
2270563;232;-1929;-210;;113,216;-941,352;-102,48;;;;;;;;;;;;;;2270563
2270882;83;-1497;151;;40,504;-730,536;73,688;;;;;;;;;;;;;;2270882
2271205;15;-1498;140;;7,32;-731,024;68,32;;;;;;;;;;;;;;2271205
2271433;44;-1979;512;;21,472;-965,752;249,856;;;;;;;;;;;;;;2271433
2271673;-101;-1566;1096;;-49,288;-764,208;534,848;;;;;;;;;;;;;;2271673
2272099;-42;-1391;1847;;-20,496;-678,808;901,336;;;;;;;;;;;;;;2272099
2272326;112;-1096;1812;;54,656;-534,848;884,256;;;;;;;;;;;;;;2272326
2272672;-247;-1520;1403;;-120,536;-741,76;684,664;;;;;;;;;;;;;;2272672
2273223;543;-1723;634;;264,984;-840,824;309,392;;;;;;;;;;;;;;2273223
2273541;840;-2146;106;;409,92;-1047,248;51,728;;;;;;;;;;;;;;2273541
2273882;431;-2117;179;;210,328;-1033,096;87,352;;;;;;;;;;;;;;2273882
2274216;588;-1902;149;;286,944;-928,176;72,712;;;;;;;;;;;;;;2274216
2274539;896;-1692;409;;437,248;-825,696;199,592;;;;;;;;;;;;;;2274539
2274898;824;-1922;156;;402,112;-937,936;76,128;;;;;;;;;;;;;;2274898
2275217;185;-2012;-59;;90,28;-981,856;-28,792;;;;;;;;;;;;;;2275217
2275540;124;-1980;61;;60,512;-966,24;29,768;;;;;;;;;;;;;;2275540
2275873;64;-2214;438;;31,232;-1080,432;213,744;;;;;;;;;;;;;;2275873
2276215;-81;-1870;362;;-39,528;-912,56;176,656;;;;;;;;;;;;;;2276215
2276534;285;-1944;-11;;139,08;-948,672;-5,368;;;;;;;;;;;;;;2276534
2276762;76;-2402;206;;37,088;-1172,176;100,528;;;;;;;;;;;;;;2276762
2277212;12;-1856;-76;;5,856;-905,728;-37,088;;;;;;;;;;;;;;2277212
2277546;-21;-2042;-17;;-10,248;-996,496;-8,296;;;;;;;;;;;;;;2277546
2277864;17;-2081;89;;8,296;-1015,528;43,432;;;;;;;;;;;;;;2277864
2278215;-9;-2241;113;;-4,392;-1093,608;55,144;;;;;;;;;;;;;;2278215
2278443;92;-2084;63;;44,896;-1016,992;30,744;;;;;;;;;;;;;;2278443
2278766;-18;-2015;-237;;-8,784;-983,32;-115,656;;;;;;;;;;;;;;2278766
2279085;74;-1972;-191;;36,112;-962,336;-93,208;;;;;;;;;;;;;;2279085
2279336;17;-2114;-108;;8,296;-1031,632;-52,704;;;;;;;;;;;;;;2279336
2279658;-2;-1997;-266;;-0,976;-974,536;-129,808;;;;;;;;;;;;;;2279658
2280205;-101;-1952;-53;;-49,288;-952,576;-25,864;;;;;;;;;;;;;;2280205
2280440;-73;-2107;62;;-35,624;-1028,216;30,256;;;;;;;;;;;;;;2280440
2280762;-372;-1889;-102;;-181,536;-921,832;-49,776;;;;;;;;;;;;;;2280762
2281203;-95;-2237;140;;-46,36;-1091,656;68,32;;;;;;;;;;;;;;2281203
2281544;-46;-2015;145;;-22,448;-983,32;70,76;;;;;;;;;;;;;;2281544
2281862;-187;-1986;-277;;-91,256;-969,168;-135,176;;;;;;;;;;;;;;2281862
2282203;-379;-2084;-43;;-184,952;-1016,992;-20,984;;;;;;;;;;;;;;2282203
2282522;-204;-1988;209;;-99,552;-970,144;101,992;;;;;;;;;;;;;;2282522
2282757;-289;-1974;7;;-141,032;-963,312;3,416;;;;;;;;;;;;;;2282757
2283092;-556;-2097;-463;;-271,328;-1023,336;-225,944;;;;;;;;;;;;;;2283092
2283415;-682;-2113;-300;;-332,816;-1031,144;-146,4;;;;;;;;;;;;;;2283415
2283877;-375;-1811;-58;;-183;-883,768;-28,304;;;;;;;;;;;;;;2283877
2284200;-389;-2049;287;;-189,832;-999,912;140,056;;;;;;;;;;;;;;2284200
2284518;-222;-1973;322;;-108,336;-962,824;157,136;;;;;;;;;;;;;;2284518
2284750;-205;-2134;396;;-100,04;-1041,392;193,248;;;;;;;;;;;;;;2284750
2285093;-520;-1823;98;;-253,76;-889,624;47,824;;;;;;;;;;;;;;2285093
2285411;-562;-1888;29;;-274,256;-921,344;14,152;;;;;;;;;;;;;;2285411
2285648;-438;-1989;-169;;-213,744;-970,632;-82,472;;;;;;;;;;;;;;2285648
2286202;-492;-1837;1169;;-240,096;-896,456;570,472;;;;;;;;;;;;;;2286202
2286536;-15;-1904;984;;-7,32;-929,152;480,192;;;;;;;;;;;;;;2286536
2286854;-285;-2016;1109;;-139,08;-983,808;541,192;;;;;;;;;;;;;;2286854
2287196;-302;-1957;186;;-147,376;-955,016;90,768;;;;;;;;;;;;;;2287196
2287428;611;-1456;-309;;298,168;-710,528;-150,792;;;;;;;;;;;;;;2287428
2287746;1;-1698;-716;;0,488;-828,624;-349,408;;;;;;;;;;;;;;2287746
2288209;-44;-2401;-357;;-21,472;-1171,688;-174,216;;;;;;;;;;;;;;2288209
2288531;-320;-1599;270;;-156,16;-780,312;131,76;;;;;;;;;;;;;;2288531
2288850;-1025;-1655;-13;;-500,2;-807,64;-6,344;;;;;;;;;;;;;;2288850
2289188;-312;-1974;262;;-152,256;-963,312;127,856;;;;;;;;;;;;;;2289188
2289424;-665;-2040;79;;-324,52;-995,52;38,552;;;;;;;;;;;;;;2289424
2289746;-632;-1866;245;;-308,416;-910,608;119,56;;;;;;;;;;;;;;2289746
2290191;-270;-1990;190;;-131,76;-971,12;92,72;;;;;;;;;;;;;;2290191
2290532;-392;-1995;200;;-191,296;-973,56;97,6;;;;;;;;;;;;;;2290532
2290865;-359;-2009;-39;;-175,192;-980,392;-19,032;;;;;;;;;;;;;;2290865
2291188;-947;-1894;99;;-462,136;-924,272;48,312;;;;;;;;;;;;;;2291188
2291530;-196;-1931;232;;-95,648;-942,328;113,216;;;;;;;;;;;;;;2291530
2291758;-75;-2067;373;;-36,6;-1008,696;182,024;;;;;;;;;;;;;;2291758
2292077;-383;-1864;172;;-186,904;-909,632;83,936;;;;;;;;;;;;;;2292077
2292396;-680;-2099;109;;-331,84;-1024,312;53,192;;;;;;;;;;;;;;2292396
2292650;-655;-1880;-39;;-319,64;-917,44;-19,032;;;;;;;;;;;;;;2292650
2293181;-561;-2057;58;;-273,768;-1003,816;28,304;;;;;;;;;;;;;;2293181
2293519;-561;-2010;167;;-273,768;-980,88;81,496;;;;;;;;;;;;;;2293519
2293759;-636;-1991;234;;-310,368;-971,608;114,192;;;;;;;;;;;;;;2293759
2294078;-557;-1948;219;;-271,816;-950,624;106,872;;;;;;;;;;;;;;2294078
2294518;-565;-1976;97;;-275,72;-964,288;47,336;;;;;;;;;;;;;;2294518
2294859;-631;-2001;207;;-307,928;-976,488;101,016;;;;;;;;;;;;;;2294859
2295186;-759;-1869;277;;-370,392;-912,072;135,176;;;;;;;;;;;;;;2295186
2295414;-532;-1896;84;;-259,616;-925,248;40,992;;;;;;;;;;;;;;2295414
2295733;-298;-1889;273;;-145,424;-921,832;133,224;;;;;;;;;;;;;;2295733
2296196;-224;-1991;195;;-109,312;-971,608;95,16;;;;;;;;;;;;;;2296196
2296518;-440;-2022;357;;-214,72;-986,736;174,216;;;;;;;;;;;;;;2296518
2296836;-489;-1860;301;;-238,632;-907,68;146,888;;;;;;;;;;;;;;2296836
2297197;-446;-2031;248;;-217,648;-991,128;121,024;;;;;;;;;;;;;;2297197
2297515;-419;-2085;264;;-204,472;-1017,48;128,832;;;;;;;;;;;;;;2297515
2297833;-308;-2031;202;;-150,304;-991,128;98,576;;;;;;;;;;;;;;2297833
2298194;-361;-2104;310;;-176,168;-1026,752;151,28;;;;;;;;;;;;;;2298194
2298513;-404;-1955;202;;-197,152;-954,04;98,576;;;;;;;;;;;;;;2298513
2299059;-518;-1995;194;;-252,784;-973,56;94,672;;;;;;;;;;;;;;2299059
2299298;-468;-2114;197;;-228,384;-1031,632;96,136;;;;;;;;;;;;;;2299298
2299617;-406;-1745;88;;-198,128;-851,56;42,944;;;;;;;;;;;;;;2299617
2299845;-74;-1888;283;;-36,112;-921,344;138,104;;;;;;;;;;;;;;2299845
2300168;-219;-1935;255;;-106,872;-944,28;124,44;;;;;;;;;;;;;;2300168
2300510;-62;-1963;162;;-30,256;-957,944;79,056;;;;;;;;;;;;;;2300510
2300747;-127;-2081;64;;-61,976;-1015,528;31,232;;;;;;;;;;;;;;2300747
2301172;-93;-2054;84;;-45,384;-1002,352;40,992;;;;;;;;;;;;;;2301172
2301530;-161;-2009;109;;-78,568;-980,392;53,192;;;;;;;;;;;;;;2301530
2301852;-134;-2132;169;;-65,392;-1040,416;82,472;;;;;;;;;;;;;;2301852
2302171;-171;-1945;210;;-83,448;-949,16;102,48;;;;;;;;;;;;;;2302171
2302505;-270;-2137;176;;-131,76;-1042,856;85,888;;;;;;;;;;;;;;2302505
2302741;-162;-2011;220;;-79,056;-981,368;107,36;;;;;;;;;;;;;;2302741
2303169;-241;-1998;245;;-117,608;-975,024;119,56;;;;;;;;;;;;;;2303169
2303397;-217;-2053;162;;-105,896;-1001,864;79,056;;;;;;;;;;;;;;2303397
2303739;-277;-1918;196;;-135,176;-935,984;95,648;;;;;;;;;;;;;;2303739
2304058;-227;-2061;192;;-110,776;-1005,768;93,696;;;;;;;;;;;;;;2304058
2304290;-169;-2107;211;;-82,472;-1028,216;102,968;;;;;;;;;;;;;;2304290
2304608;-352;-2099;272;;-171,776;-1024,312;132,736;;;;;;;;;;;;;;2304608
2305182;-191;-2242;243;;-93,208;-1094,096;118,584;;;;;;;;;;;;;;2305182
2305499;-892;-1741;609;;-435,296;-849,608;297,192;;;;;;;;;;;;;;2305499
2305817;-875;-1841;376;;-427;-898,408;183,488;;;;;;;;;;;;;;2305817
2306181;-730;-2034;-61;;-356,24;-992,592;-29,768;;;;;;;;;;;;;;2306181
2306500;-204;-2184;-87;;-99,552;-1065,792;-42,456;;;;;;;;;;;;;;2306500
2306837;-354;-2006;-131;;-172,752;-978,928;-63,928;;;;;;;;;;;;;;2306837
2307180;-173;-2033;-185;;-84,424;-992,104;-90,28;;;;;;;;;;;;;;2307180
2307499;-153;-2080;-86;;-74,664;-1015,04;-41,968;;;;;;;;;;;;;;2307499
2307832;-287;-2074;74;;-140,056;-1012,112;36,112;;;;;;;;;;;;;;2307832
2308174;-188;-2140;0;;-91,744;-1044,32;0;;;;;;;;;;;;;;2308174
2308492;-391;-2079;36;;-190,808;-1014,552;17,568;;;;;;;;;;;;;;2308492
2308728;-366;-2052;-18;;-178,608;-1001,376;-8,784;;;;;;;;;;;;;;2308728
2309153;-271;-1987;60;;-132,248;-969,656;29,28;;;;;;;;;;;;;;2309153
2309391;-250;-2188;-34;;-122;-1067,744;-16,592;;;;;;;;;;;;;;2309391
2309619;-292;-2016;-23;;-142,496;-983,808;-11,224;;;;;;;;;;;;;;2309619
2310044;-340;-1991;58;;-165,92;-971,608;28,304;;;;;;;;;;;;;;2310044
2310506;-310;-2034;-12;;-151,28;-992,592;-5,856;;;;;;;;;;;;;;2310506
2310824;-197;-1965;107;;-96,136;-958,92;52,216;;;;;;;;;;;;;;2310824
2311150;-185;-1736;89;;-90,28;-847,168;43,432;;;;;;;;;;;;;;2311150
2311378;-238;-1934;-118;;-116,144;-943,792;-57,584;;;;;;;;;;;;;;2311378
2311613;-398;-1977;-236;;-194,224;-964,776;-115,168;;;;;;;;;;;;;;2311613
2312043;-382;-2087;-105;;-186,416;-1018,456;-51,24;;;;;;;;;;;;;;2312043
2312275;-90;-2028;-100;;-43,92;-989,664;-48,8;;;;;;;;;;;;;;2312275
2312615;-268;-2010;50;;-130,784;-980,88;24,4;;;;;;;;;;;;;;2312615
2313162;183;-2058;5;;89,304;-1004,304;2,44;;;;;;;;;;;;;;2313162
2313480;86;-1996;-110;;41,968;-974,048;-53,68;;;;;;;;;;;;;;2313480
2313825;-10;-2038;-124;;-4,88;-994,544;-60,512;;;;;;;;;;;;;;2313825
2314160;-87;-2163;-79;;-42,456;-1055,544;-38,552;;;;;;;;;;;;;;2314160
2314478;-165;-1975;-44;;-80,52;-963,8;-21,472;;;;;;;;;;;;;;2314478
2314839;-97;-2066;-9;;-47,336;-1008,208;-4,392;;;;;;;;;;;;;;2314839
2315159;-202;-1983;-63;;-98,576;-967,704;-30,744;;;;;;;;;;;;;;2315159
2315477;-108;-2048;-80;;-52,704;-999,424;-39,04;;;;;;;;;;;;;;2315477
2315810;-210;-2003;-52;;-102,48;-977,464;-25,376;;;;;;;;;;;;;;2315810
2316157;-102;-2108;4;;-49,776;-1028,704;1,952;;;;;;;;;;;;;;2316157
2316479;-14;-2045;-90;;-6,832;-997,96;-43,92;;;;;;;;;;;;;;2316479
2316707;-129;-2008;-60;;-62,952;-979,904;-29,28;;;;;;;;;;;;;;2316707
2317157;-20;-2070;-65;;-9,76;-1010,16;-31,72;;;;;;;;;;;;;;2317157
2317495;-114;-2062;-6;;-55,632;-1006,256;-2,928;;;;;;;;;;;;;;2317495
2317813;-84;-2212;-158;;-40,992;-1079,456;-77,104;;;;;;;;;;;;;;2317813
2318155;-312;-1905;-192;;-152,256;-929,64;-93,696;;;;;;;;;;;;;;2318155
2318383;-66;-2120;-161;;-32,208;-1034,56;-78,568;;;;;;;;;;;;;;2318383
2318702;-100;-1983;-55;;-48,8;-967,704;-26,84;;;;;;;;;;;;;;2318702
2319025;-107;-1951;-141;;-52,216;-952,088;-68,808;;;;;;;;;;;;;;2319025
2319276;-160;-2135;-86;;-78,08;-1041,88;-41,968;;;;;;;;;;;;;;2319276
2319594;-170;-1989;-184;;-82,96;-970,632;-89,792;;;;;;;;;;;;;;2319594
2319815;-113;-2050;-169;;-55,144;-1000,4;-82,472;;;;;;;;;;;;;;2319815
2320149;-187;-1947;-146;;-91,256;-950,136;-71,248;;;;;;;;;;;;;;2320149
2320385;-91;-2086;-137;;-44,408;-1017,968;-66,856;;;;;;;;;;;;;;2320385
2320703;-144;-2172;-141;;-70,272;-1059,936;-68,808;;;;;;;;;;;;;;2320703
2321144;-197;-2005;-98;;-96,136;-978,44;-47,824;;;;;;;;;;;;;;2321144
2321488;-28;-2048;-229;;-13,664;-999,424;-111,752;;;;;;;;;;;;;;2321488
2321806;-77;-2115;-255;;-37,576;-1032,12;-124,44;;;;;;;;;;;;;;2321806
2322145;-211;-2209;-130;;-102,968;-1077,992;-63,44;;;;;;;;;;;;;;2322145
2322463;-246;-1951;-136;;-120,048;-952,088;-66,368;;;;;;;;;;;;;;2322463
2322702;-187;-2116;-241;;-91,256;-1032,608;-117,608;;;;;;;;;;;;;;2322702
2323037;-246;-1930;-166;;-120,048;-941,84;-81,008;;;;;;;;;;;;;;2323037
2323355;-256;-2020;-138;;-124,928;-985,76;-67,344;;;;;;;;;;;;;;2323355
2323822;-468;-2019;-147;;-228,384;-985,272;-71,736;;;;;;;;;;;;;;2323822
2324145;-310;-1940;7;;-151,28;-946,72;3,416;;;;;;;;;;;;;;2324145
2324463;-455;-2010;62;;-222,04;-980,88;30,256;;;;;;;;;;;;;;2324463
2324691;-414;-1997;-80;;-202,032;-974,536;-39,04;;;;;;;;;;;;;;2324691
2325036;-398;-2000;-42;;-194,224;-976;-20,496;;;;;;;;;;;;;;2325036
2325354;-358;-2103;5;;-174,704;-1026,264;2,44;;;;;;;;;;;;;;2325354
2325582;-548;-1941;-70;;-267,424;-947,208;-34,16;;;;;;;;;;;;;;2325582
2326136;-420;-1951;8;;-204,96;-952,088;3,904;;;;;;;;;;;;;;2326136
2326470;-365;-2068;-106;;-178,12;-1009,184;-51,728;;;;;;;;;;;;;;2326470
2326791;-396;-1928;44;;-193,248;-940,864;21,472;;;;;;;;;;;;;;2326791
2327137;-587;-2117;-73;;-286,456;-1033,096;-35,624;;;;;;;;;;;;;;2327137
2327365;-341;-2045;116;;-166,408;-997,96;56,608;;;;;;;;;;;;;;2327365
2327688;-416;-2048;102;;-203,008;-999,424;49,776;;;;;;;;;;;;;;2327688
2328154;-320;-2023;-88;;-156,16;-987,224;-42,944;;;;;;;;;;;;;;2328154
2328472;-356;-2075;-29;;-173,728;-1012,6;-14,152;;;;;;;;;;;;;;2328472
2328790;-310;-2032;30;;-151,28;-991,616;14,64;;;;;;;;;;;;;;2328790
2329125;-395;-2044;64;;-192,76;-997,472;31,232;;;;;;;;;;;;;;2329125
2329364;-161;-2200;118;;-78,568;-1073,6;57,584;;;;;;;;;;;;;;2329364
2329682;-375;-1967;-32;;-183;-959,896;-15,616;;;;;;;;;;;;;;2329682
2330123;-429;-1889;208;;-209,352;-921,832;101,504;;;;;;;;;;;;;;2330123
2330467;-404;-2046;102;;-197,152;-998,448;49,776;;;;;;;;;;;;;;2330467
2330800;-274;-2026;-42;;-133,712;-988,688;-20,496;;;;;;;;;;;;;;2330800
2331124;-313;-2052;42;;-152,744;-1001,376;20,496;;;;;;;;;;;;;;2331124
2331465;-312;-2018;-8;;-152,256;-984,784;-3,904;;;;;;;;;;;;;;2331465
2331693;-345;-2042;-86;;-168,36;-996,496;-41,968;;;;;;;;;;;;;;2331693
2332016;-367;-2000;-32;;-179,096;-976;-15,616;;;;;;;;;;;;;;2332016
2332334;-486;-2027;20;;-237,168;-989,176;9,76;;;;;;;;;;;;;;2332334
2332585;-378;-2073;72;;-184,464;-1011,624;35,136;;;;;;;;;;;;;;2332585
2333120;-308;-2198;202;;-150,304;-1072,624;98,576;;;;;;;;;;;;;;2333120
2333458;-164;-1984;-19;;-80,032;-968,192;-9,272;;;;;;;;;;;;;;2333458
2333696;-219;-2120;-34;;-106,872;-1034,56;-16,592;;;;;;;;;;;;;;2333696
2334015;-33;-2032;92;;-16,104;-991,616;44,896;;;;;;;;;;;;;;2334015
2334459;-101;-2064;125;;-49,288;-1007,232;61;;;;;;;;;;;;;;2334459
2335017;-236;-1995;-108;;-115,168;-973,56;-52,704;;;;;;;;;;;;;;2335017
2335245;-175;-2295;74;;-85,4;-1119,96;36,112;;;;;;;;;;;;;;2335245
2335563;-67;-2176;157;;-32,696;-1061,888;76,616;;;;;;;;;;;;;;2335563
2336136;-636;-2247;394;;-310,368;-1096,536;192,272;;;;;;;;;;;;;;2336136
2336454;-436;-1788;608;;-212,768;-872,544;296,704;;;;;;;;;;;;;;2336454
2336773;-539;-2110;325;;-263,032;-1029,68;158,6;;;;;;;;;;;;;;2336773
2337132;-86;-1981;822;;-41,968;-966,728;401,136;;;;;;;;;;;;;;2337132
2337453;-259;-1837;1154;;-126,392;-896,456;563,152;;;;;;;;;;;;;;2337453
2337771;-42;-1808;666;;-20,496;-882,304;325,008;;;;;;;;;;;;;;2337771
2338133;-50;-1728;888;;-24,4;-843,264;433,344;;;;;;;;;;;;;;2338133
2338455;-477;-1858;1012;;-232,776;-906,704;493,856;;;;;;;;;;;;;;2338455
2339006;676;-914;1832;;329,888;-446,032;894,016;;;;;;;;;;;;;;2339006
2339241;-80;-1125;1923;;-39,04;-549;938,424;;;;;;;;;;;;;;2339241
2339560;-674;114;1621;;-328,912;55,632;791,048;;;;;;;;;;;;;;2339560
2339788;-1037;-595;1781;;-506,056;-290,36;869,128;;;;;;;;;;;;;;2339788
2340111;-1370;-577;1850;;-668,56;-281,576;902,8;;;;;;;;;;;;;;2340111
2340451;-784;-569;1726;;-382,592;-277,672;842,288;;;;;;;;;;;;;;2340451
2340679;-769;-678;2166;;-375,272;-330,864;1057,008;;;;;;;;;;;;;;2340679
2341104;-1253;-834;2215;;-611,464;-406,992;1080,92;;;;;;;;;;;;;;2341104
2341464;-4;-309;2411;;-1,952;-150,792;1176,568;;;;;;;;;;;;;;2341464
2341782;50;-214;2215;;24,4;-104,432;1080,92;;;;;;;;;;;;;;2341782
2342106;-117;-13;2212;;-57,096;-6,344;1079,456;;;;;;;;;;;;;;2342106
2342439;22;-80;2164;;10,736;-39,04;1056,032;;;;;;;;;;;;;;2342439
2342677;-202;-142;2038;;-98,576;-69,296;994,544;;;;;;;;;;;;;;2342677
2343102;209;-389;1874;;101,992;-189,832;914,512;;;;;;;;;;;;;;2343102
2343330;-255;-220;2234;;-124,44;-107,36;1090,192;;;;;;;;;;;;;;2343330
2343671;-170;204;1636;;-82,96;99,552;798,368;;;;;;;;;;;;;;2343671
2343999;-91;482;1694;;-44,408;235,216;826,672;;;;;;;;;;;;;;2343999
2344227;-30;-122;2478;;-14,64;-59,536;1209,264;;;;;;;;;;;;;;2344227
2344544;117;-335;2120;;57,096;-163,48;1034,56;;;;;;;;;;;;;;2344544
2345120;128;247;2181;;62,464;120,536;1064,328;;;;;;;;;;;;;;2345120
2345437;266;10;2110;;129,808;4,88;1029,68;;;;;;;;;;;;;;2345437
2345759;-110;-151;2241;;-53,68;-73,688;1093,608;;;;;;;;;;;;;;2345759
2346117;-18;-97;2355;;-8,784;-47,336;1149,24;;;;;;;;;;;;;;2346117
2346435;0;-103;1988;;0;-50,264;970,144;;;;;;;;;;;;;;2346435
2346772;-322;-179;2334;;-157,136;-87,352;1138,992;;;;;;;;;;;;;;2346772
2347114;174;51;2009;;84,912;24,888;980,392;;;;;;;;;;;;;;2347114
2347433;-65;96;2042;;-31,72;46,848;996,496;;;;;;;;;;;;;;2347433
2347766;-61;-273;2253;;-29,768;-133,224;1099,464;;;;;;;;;;;;;;2347766
2348112;-5;129;2111;;-2,44;62,952;1030,168;;;;;;;;;;;;;;2348112
2348430;-49;-150;2172;;-23,912;-73,2;1059,936;;;;;;;;;;;;;;2348430
2348658;83;-79;1941;;40,504;-38,552;947,208;;;;;;;;;;;;;;2348658
2349087;-101;253;2183;;-49,288;123,464;1065,304;;;;;;;;;;;;;;2349087
2349338;-148;-250;2166;;-72,224;-122;1057,008;;;;;;;;;;;;;;2349338
2349570;45;-222;2128;;21,96;-108,336;1038,464;;;;;;;;;;;;;;2349570
2349995;-115;-132;2129;;-56,12;-64,416;1038,952;;;;;;;;;;;;;;2349995
2350462;74;-28;2367;;36,112;-13,664;1155,096;;;;;;;;;;;;;;2350462
2350779;-145;-225;2054;;-70,76;-109,8;1002,352;;;;;;;;;;;;;;2350779
2351099;103;-118;2081;;50,264;-57,584;1015,528;;;;;;;;;;;;;;2351099
2351326;109;773;1982;;53,192;377,224;967,216;;;;;;;;;;;;;;2351326
2351563;-184;-172;2073;;-89,792;-83,936;1011,624;;;;;;;;;;;;;;2351563
2351992;24;-18;2212;;11,712;-8,784;1079,456;;;;;;;;;;;;;;2351992
2352220;117;-42;2189;;57,096;-20,496;1068,232;;;;;;;;;;;;;;2352220
2352560;-621;10;2329;;-303,048;4,88;1136,552;;;;;;;;;;;;;;2352560
2353115;126;-569;2393;;61,488;-277,672;1167,784;;;;;;;;;;;;;;2353115
2353433;-16;-444;2187;;-7,808;-216,672;1067,256;;;;;;;;;;;;;;2353433
2353773;59;16;1935;;28,792;7,808;944,28;;;;;;;;;;;;;;2353773
2354108;-65;77;2197;;-31,72;37,576;1072,136;;;;;;;;;;;;;;2354108
2354426;-212;-307;2287;;-103,456;-149,816;1116,056;;;;;;;;;;;;;;2354426
2354786;71;-239;1868;;34,648;-116,632;911,584;;;;;;;;;;;;;;2354786
2355110;-148;-277;2417;;-72,224;-135,176;1179,496;;;;;;;;;;;;;;2355110
2355428;-461;-496;2159;;-224,968;-242,048;1053,592;;;;;;;;;;;;;;2355428
2355761;287;-77;1967;;140,056;-37,576;959,896;;;;;;;;;;;;;;2355761
2356106;151;-5;2589;;73,688;-2,44;1263,432;;;;;;;;;;;;;;2356106
2356424;146;-28;2130;;71,248;-13,664;1039,44;;;;;;;;;;;;;;2356424
2356652;27;-4;2131;;13,176;-1,952;1039,928;;;;;;;;;;;;;;2356652
2357099;-21;-115;2127;;-10,248;-56,12;1037,976;;;;;;;;;;;;;;2357099
2357437;-8;-87;2130;;-3,904;-42,456;1039,44;;;;;;;;;;;;;;2357437
2357758;-7;-82;2132;;-3,416;-40,016;1040,416;;;;;;;;;;;;;;2357758
2358101;-2;-70;2131;;-0,976;-34,16;1039,928;;;;;;;;;;;;;;2358101
2358335;-5;-71;2127;;-2,44;-34,648;1037,976;;;;;;;;;;;;;;2358335
2358653;-1;-69;2133;;-0,488;-33,672;1040,904;;;;;;;;;;;;;;2358653
2358973;-2;-72;2132;;-0,976;-35,136;1040,416;;;;;;;;;;;;;;2358973
2359236;0;-69;2131;;0;-33,672;1039,928;;;;;;;;;;;;;;2359236
2359554;-1;-71;2132;;-0,488;-34,648;1040,416;;;;;;;;;;;;;;2359554
2360105;-1;-67;2135;;-0,488;-32,696;1041,88;;;;;;;;;;;;;;2360105
2360340;2;-70;2131;;0,976;-34,16;1039,928;;;;;;;;;;;;;;2360340
2360662;-1;-63;2131;;-0,488;-30,744;1039,928;;;;;;;;;;;;;;2360662
2361111;-1;-69;2133;;-0,488;-33,672;1040,904;;;;;;;;;;;;;;2361111
2361452;-2;-69;2130;;-0,976;-33,672;1039,44;;;;;;;;;;;;;;2361452
2361770;-4;-66;2127;;-1,952;-32,208;1037,976;;;;;;;;;;;;;;2361770
2362105;-2;-69;2132;;-0,976;-33,672;1040,416;;;;;;;;;;;;;;2362105
2362423;-4;-70;2130;;-1,952;-34,16;1039,44;;;;;;;;;;;;;;2362423
2362658;-6;-72;2130;;-2,928;-35,136;1039,44;;;;;;;;;;;;;;2362658
2362993;0;-68;2131;;0;-33,184;1039,928;;;;;;;;;;;;;;2362993
2363311;0;-76;2130;;0;-37,088;1039,44;;;;;;;;;;;;;;2363311
2363532;-1;-71;2130;;-0,488;-34,648;1039,44;;;;;;;;;;;;;;2363532
2363785;2;-68;2132;;0,976;-33,184;1040,416;;;;;;;;;;;;;;2363785
2364104;-2;-69;2130;;-0,976;-33,672;1039,44;;;;;;;;;;;;;;2364104
2364427;-3;-72;2131;;-1,464;-35,136;1039,928;;;;;;;;;;;;;;2364427
2364655;-2;-68;2127;;-0,976;-33,184;1037,976;;;;;;;;;;;;;;2364655
2364997;0;-70;2127;;0;-34,16;1037,976;;;;;;;;;;;;;;2364997
2365315;3;-68;2135;;1,464;-33,184;1041,88;;;;;;;;;;;;;;2365315
2365543;-4;-73;2131;;-1,952;-35,624;1039,928;;;;;;;;;;;;;;2365543
2366105;-9;-71;2135;;-4,392;-34,648;1041,88;;;;;;;;;;;;;;2366105
2366443;2;-73;2130;;0,976;-35,624;1039,44;;;;;;;;;;;;;;2366443
2366761;-1;-70;2132;;-0,488;-34,16;1040,416;;;;;;;;;;;;;;2366761
2367103;-3;-71;2132;;-1,464;-34,648;1040,416;;;;;;;;;;;;;;2367103
2367331;-1;-72;2130;;-0,488;-35,136;1039,44;;;;;;;;;;;;;;2367331
2367649;-5;-68;2134;;-2,44;-33,184;1041,392;;;;;;;;;;;;;;2367649
2368112;0;-71;2132;;0;-34,648;1040,416;;;;;;;;;;;;;;2368112
2368434;0;-72;2132;;0;-35,136;1040,416;;;;;;;;;;;;;;2368434
2368757;-8;-72;2130;;-3,904;-35,136;1039,44;;;;;;;;;;;;;;2368757
2369091;2;-65;2132;;0,976;-31,72;1040,416;;;;;;;;;;;;;;2369091
2369329;-3;-68;2129;;-1,464;-33,184;1038,952;;;;;;;;;;;;;;2369329
2369647;-2;-67;2131;;-0,976;-32,696;1039,928;;;;;;;;;;;;;;2369647
2370088;-83;149;2721;;-40,504;72,712;1327,848;;;;;;;;;;;;;;2370088
2370428;-381;309;2325;;-185,928;150,792;1134,6;;;;;;;;;;;;;;2370428
2370761;-114;146;1988;;-55,632;71,248;970,144;;;;;;;;;;;;;;2370761
2371085;63;170;1783;;30,744;82,96;870,104;;;;;;;;;;;;;;2371085
2371428;-44;-362;1878;;-21,472;-176,656;916,464;;;;;;;;;;;;;;2371428
2371656;-323;-1535;1635;;-157,624;-749,08;797,88;;;;;;;;;;;;;;2371656
2371980;-304;-1727;1248;;-148,352;-842,776;609,024;;;;;;;;;;;;;;2371980
2372302;440;-1510;1786;;214,72;-736,88;871,568;;;;;;;;;;;;;;2372302
2372553;957;-1455;1590;;467,016;-710,04;775,92;;;;;;;;;;;;;;2372553
2373084;244;-1608;1389;;119,072;-784,704;677,832;;;;;;;;;;;;;;2373084
2373418;11;-1465;856;;5,368;-714,92;417,728;;;;;;;;;;;;;;2373418
2373654;156;-1318;1579;;76,128;-643,184;770,552;;;;;;;;;;;;;;2373654
2373978;432;-1102;1596;;210,816;-537,776;778,848;;;;;;;;;;;;;;2373978
2374418;3;-1876;1982;;1,464;-915,488;967,216;;;;;;;;;;;;;;2374418
2374762;299;-1073;1421;;145,912;-523,624;693,448;;;;;;;;;;;;;;2374762
2375082;1034;-1444;1743;;504,592;-704,672;850,584;;;;;;;;;;;;;;2375082
2375309;233;-1144;1357;;113,704;-558,272;662,216;;;;;;;;;;;;;;2375309
2375632;1463;-1541;1691;;713,944;-752,008;825,208;;;;;;;;;;;;;;2375632
2376095;921;-791;1983;;449,448;-386,008;967,704;;;;;;;;;;;;;;2376095
2376413;851;-395;1286;;415,288;-192,76;627,568;;;;;;;;;;;;;;2376413
2376736;877;-1784;1621;;427,976;-870,592;791,048;;;;;;;;;;;;;;2376736
2377100;635;-913;1010;;309,88;-445,544;492,88;;;;;;;;;;;;;;2377100
2377418;2500;-1400;1888;;1220;-683,2;921,344;;;;;;;;;;;;;;2377418
2377735;999;-855;1112;;487,512;-417,24;542,656;;;;;;;;;;;;;;2377735
2378092;1943;-661;609;;948,184;-322,568;297,192;;;;;;;;;;;;;;2378092
2378410;1600;-641;1007;;780,8;-312,808;491,416;;;;;;;;;;;;;;2378410
2378955;1133;-312;1253;;552,904;-152,256;611,464;;;;;;;;;;;;;;2378955
2379193;2271;-388;901;;1108,248;-189,344;439,688;;;;;;;;;;;;;;2379193
2379515;1329;-466;834;;648,552;-227,408;406,992;;;;;;;;;;;;;;2379515
2379742;2242;-498;1225;;1094,096;-243,024;597,8;;;;;;;;;;;;;;2379742
2380065;960;-484;649;;468,48;-236,192;316,712;;;;;;;;;;;;;;2380065
2380406;1446;-1060;1117;;705,648;-517,28;545,096;;;;;;;;;;;;;;2380406
2380634;990;-310;647;;483,12;-151,28;315,736;;;;;;;;;;;;;;2380634
2381059;2110;-1152;876;;1029,68;-562,176;427,488;;;;;;;;;;;;;;2381059
2381414;1563;-1218;1114;;762,744;-594,384;543,632;;;;;;;;;;;;;;2381414
2381731;1321;-853;686;;644,648;-416,264;334,768;;;;;;;;;;;;;;2381731
2382057;1916;-1090;1528;;935,008;-531,92;745,664;;;;;;;;;;;;;;2382057
2382394;863;-577;837;;421,144;-281,576;408,456;;;;;;;;;;;;;;2382394
2382629;1068;-1334;1099;;521,184;-650,992;536,312;;;;;;;;;;;;;;2382629
2383053;1420;-1107;1346;;692,96;-540,216;656,848;;;;;;;;;;;;;;2383053
2383284;1838;-1550;868;;896,944;-756,4;423,584;;;;;;;;;;;;;;2383284
2383625;864;-1489;1165;;421,632;-726,632;568,52;;;;;;;;;;;;;;2383625
2383944;1029;-1484;908;;502,152;-724,192;443,104;;;;;;;;;;;;;;2383944
2384172;685;-1184;1112;;334,28;-577,792;542,656;;;;;;;;;;;;;;2384172
2384493;693;-2233;824;;338,184;-1089,704;402,112;;;;;;;;;;;;;;2384493
2385066;-748;-1872;422;;-365,024;-913,536;205,936;;;;;;;;;;;;;;2385066
2385383;-380;-1699;474;;-185,44;-829,112;231,312;;;;;;;;;;;;;;2385383
2385700;160;-2464;389;;78,08;-1202,432;189,832;;;;;;;;;;;;;;2385700
2386057;-117;-1506;1161;;-57,096;-734,928;566,568;;;;;;;;;;;;;;2386057
2386375;-32;-2061;195;;-15,616;-1005,768;95,16;;;;;;;;;;;;;;2386375
2386708;-269;-1876;986;;-131,272;-915,488;481,168;;;;;;;;;;;;;;2386708
2387053;-506;-1832;869;;-246,928;-894,016;424,072;;;;;;;;;;;;;;2387053
2387375;-318;-1660;1253;;-155,184;-810,08;611,464;;;;;;;;;;;;;;2387375
2387607;-202;-1977;674;;-98,576;-964,776;328,912;;;;;;;;;;;;;;2387607
2387930;-65;-2064;1248;;-31,72;-1007,232;609,024;;;;;;;;;;;;;;2387930
2388166;-21;-2303;705;;-10,248;-1123,864;344,04;;;;;;;;;;;;;;2388166
2388499;-160;-1864;777;;-78,08;-909,632;379,176;;;;;;;;;;;;;;2388499
2389029;243;-138;742;;118,584;-67,344;362,096;;;;;;;;;;;;;;2389029
2389264;1315;-24;2106;;641,72;-11,712;1027,728;;;;;;;;;;;;;;2389264
2389492;243;-66;1621;;118,584;-32,208;791,048;;;;;;;;;;;;;;2389492
2389920;-402;-439;2283;;-196,176;-214,232;1114,104;;;;;;;;;;;;;;2389920
2390386;460;-219;2741;;224,48;-106,872;1337,608;;;;;;;;;;;;;;2390386
2390707;259;-378;1403;;126,392;-184,464;684,664;;;;;;;;;;;;;;2390707
2391026;-1648;-1875;2187;;-804,224;-915;1067,256;;;;;;;;;;;;;;2391026
2391254;-655;-879;1597;;-319,64;-428,952;779,336;;;;;;;;;;;;;;2391254
2391650;1023;-1276;740;;499,224;-622,688;361,12;;;;;;;;;;;;;;2391650
2392090;268;-1594;1711;;130,784;-777,872;834,968;;;;;;;;;;;;;;2392090
2392411;170;-1359;1686;;82,96;-663,192;822,768;;;;;;;;;;;;;;2392411
2392751;-96;-1296;1245;;-46,848;-632,448;607,56;;;;;;;;;;;;;;2392751
2393093;27;-1918;1772;;13,176;-935,984;864,736;;;;;;;;;;;;;;2393093
2393411;-251;-1184;1024;;-122,488;-577,792;499,712;;;;;;;;;;;;;;2393411
2393767;-90;-1723;1647;;-43,92;-840,824;803,736;;;;;;;;;;;;;;2393767
2394086;-130;-927;1155;;-63,44;-452,376;563,64;;;;;;;;;;;;;;2394086
2394404;276;-1862;1963;;134,688;-908,656;957,944;;;;;;;;;;;;;;2394404
2394741;159;-933;1254;;77,592;-455,304;611,952;;;;;;;;;;;;;;2394741
2395087;-476;-1872;1277;;-232,288;-913,536;623,176;;;;;;;;;;;;;;2395087
2395404;77;-1364;1417;;37,576;-665,632;691,496;;;;;;;;;;;;;;2395404
2395636;331;-1767;1945;;161,528;-862,296;949,16;;;;;;;;;;;;;;2395636
2396083;-133;-1655;1437;;-64,904;-807,64;701,256;;;;;;;;;;;;;;2396083
2396416;-90;-1776;944;;-43,92;-866,688;460,672;;;;;;;;;;;;;;2396416
2396733;67;-1977;1531;;32,696;-964,776;747,128;;;;;;;;;;;;;;2396733
2397075;43;-776;937;;20,984;-378,688;457,256;;;;;;;;;;;;;;2397075
2397303;117;-1329;1533;;57,096;-648,552;748,104;;;;;;;;;;;;;;2397303
2397621;-205;-1089;960;;-100,04;-531,432;468,48;;;;;;;;;;;;;;2397621
2397944;540;-1828;1726;;263,52;-892,064;842,288;;;;;;;;;;;;;;2397944
2398198;241;-846;737;;117,608;-412,848;359,656;;;;;;;;;;;;;;2398198
2398516;181;-1461;1723;;88,328;-712,968;840,824;;;;;;;;;;;;;;2398516
2399070;-249;-2641;1266;;-121,512;-1288,808;617,808;;;;;;;;;;;;;;2399070
2399306;73;-948;882;;35,624;-462,624;430,416;;;;;;;;;;;;;;2399306
2399623;-363;-1983;1385;;-177,144;-967,704;675,88;;;;;;;;;;;;;;2399623
2400063;189;-2089;1527;;92,232;-1019,432;745,176;;;;;;;;;;;;;;2400063
2400408;255;-769;1109;;124,44;-375,272;541,192;;;;;;;;;;;;;;2400408
2400725;-272;-2409;1168;;-132,736;-1175,592;569,984;;;;;;;;;;;;;;2400725
2401064;57;-2093;1460;;27,816;-1021,384;712,48;;;;;;;;;;;;;;2401064
2401381;179;-1944;699;;87,352;-948,672;341,112;;;;;;;;;;;;;;2401381
2401616;-128;-1647;1406;;-62,464;-803,736;686,128;;;;;;;;;;;;;;2401616
2401951;-57;-1382;910;;-27,816;-674,416;444,08;;;;;;;;;;;;;;2401951
2402272;515;-2149;1513;;251,32;-1048,712;738,344;;;;;;;;;;;;;;2402272
2402734;-114;-1738;1295;;-55,632;-848,144;631,96;;;;;;;;;;;;;;2402734
2403057;97;-1484;923;;47,336;-724,192;450,424;;;;;;;;;;;;;;2403057
2403375;267;-2144;1399;;130,296;-1046,272;682,712;;;;;;;;;;;;;;2403375
2403606;424;-2495;583;;206,912;-1217,56;284,504;;;;;;;;;;;;;;2403606
2403953;-78;-1984;1351;;-38,064;-968,192;659,288;;;;;;;;;;;;;;2403953
2404270;-113;-1195;940;;-55,144;-583,16;458,72;;;;;;;;;;;;;;2404270
2404498;390;-2126;1379;;190,32;-1037,488;672,952;;;;;;;;;;;;;;2404498
2405051;-120;-2000;1244;;-58,56;-976;607,072;;;;;;;;;;;;;;2405051
2405388;-97;-1161;1018;;-47,336;-566,568;496,784;;;;;;;;;;;;;;2405388
2405710;463;-1634;1814;;225,944;-797,392;885,232;;;;;;;;;;;;;;2405710
2406056;34;-1301;1345;;16,592;-634,888;656,36;;;;;;;;;;;;;;2406056
2406283;-20;-1568;1701;;-9,76;-765,184;830,088;;;;;;;;;;;;;;2406283
2406601;-83;-1500;1497;;-40,504;-732;730,536;;;;;;;;;;;;;;2406601
2407064;138;-1146;835;;67,344;-559,248;407,48;;;;;;;;;;;;;;2407064
2407382;-20;-1399;1706;;-9,76;-682,712;832,528;;;;;;;;;;;;;;2407382
2407700;-39;-1137;1423;;-19,032;-554,856;694,424;;;;;;;;;;;;;;2407700
2408038;149;-2248;1203;;72,712;-1097,024;587,064;;;;;;;;;;;;;;2408038
2408273;220;-1070;1310;;107,36;-522,16;639,28;;;;;;;;;;;;;;2408273
2408594;-252;-1976;1391;;-122,976;-964,288;678,808;;;;;;;;;;;;;;2408594
2409034;208;-1786;1548;;101,504;-871,568;755,424;;;;;;;;;;;;;;2409034
2409375;25;-1239;611;;12,2;-604,632;298,168;;;;;;;;;;;;;;2409375
2409712;-94;-1833;831;;-45,872;-894,504;405,528;;;;;;;;;;;;;;2409712
2410036;-133;-2060;716;;-64,904;-1005,28;349,408;;;;;;;;;;;;;;2410036
2410376;-245;-2076;613;;-119,56;-1013,088;299,144;;;;;;;;;;;;;;2410376
2410605;-122;-2048;418;;-59,536;-999,424;203,984;;;;;;;;;;;;;;2410605
2410928;-381;-2090;314;;-185,928;-1019,92;153,232;;;;;;;;;;;;;;2410928
2411251;-215;-2017;295;;-104,92;-984,296;143,96;;;;;;;;;;;;;;2411251
2411501;-514;-2006;112;;-250,832;-978,928;54,656;;;;;;;;;;;;;;2411501
2412032;123;-1553;669;;60,024;-757,864;326,472;;;;;;;;;;;;;;2412032
2412366;113;-1510;1124;;55,144;-736,88;548,512;;;;;;;;;;;;;;2412366
2412601;704;-1189;1508;;343,552;-580,232;735,904;;;;;;;;;;;;;;2412601
2412921;209;-1256;1324;;101,992;-612,928;646,112;;;;;;;;;;;;;;2412921
2413368;681;-1850;932;;332,328;-902,8;454,816;;;;;;;;;;;;;;2413368
2413709;429;-1933;889;;209,352;-943,304;433,832;;;;;;;;;;;;;;2413709
2414033;-115;-2202;787;;-56,12;-1074,576;384,056;;;;;;;;;;;;;;2414033
2414260;-16;-1829;656;;-7,808;-892,552;320,128;;;;;;;;;;;;;;2414260
2414579;-579;-2507;620;;-282,552;-1223,416;302,56;;;;;;;;;;;;;;2414579
2415045;-917;-2391;76;;-447,496;-1166,808;37,088;;;;;;;;;;;;;;2415045
2415361;405;-1981;488;;197,64;-966,728;238,144;;;;;;;;;;;;;;2415361
2415679;-523;-2049;666;;-255,224;-999,912;325,008;;;;;;;;;;;;;;2415679
2416039;-219;-2217;513;;-106,872;-1081,896;250,344;;;;;;;;;;;;;;2416039
2416356;841;-2195;254;;410,408;-1071,16;123,952;;;;;;;;;;;;;;2416356
2416678;1705;-327;-460;;832,04;-159,576;-224,48;;;;;;;;;;;;;;2416678
2417035;1497;1246;215;;730,536;608,048;104,92;;;;;;;;;;;;;;2417035
2417357;-230;1176;83;;-112,24;573,888;40,504;;;;;;;;;;;;;;2417357
2417902;880;2422;-162;;429,44;1181,936;-79,056;;;;;;;;;;;;;;2417902
2418137;958;1840;-2;;467,504;897,92;-0,976;;;;;;;;;;;;;;2418137
2418455;483;2009;225;;235,704;980,392;109,8;;;;;;;;;;;;;;2418455
2418687;265;2359;402;;129,32;1151,192;196,176;;;;;;;;;;;;;;2418687
2419005;733;2093;133;;357,704;1021,384;64,904;;;;;;;;;;;;;;2419005
2419349;766;1519;-181;;373,808;741,272;-88,328;;;;;;;;;;;;;;2419349
2419577;58;1876;-494;;28,304;915,488;-241,072;;;;;;;;;;;;;;2419577
2420002;1244;2190;-310;;607,072;1068,72;-151,28;;;;;;;;;;;;;;2420002
2420357;1032;1066;-273;;503,616;520,208;-133,224;;;;;;;;;;;;;;2420357
2420674;1726;1656;354;;842,288;808,128;172,752;;;;;;;;;;;;;;2420674
2421001;760;1612;-63;;370,88;786,656;-30,744;;;;;;;;;;;;;;2421001
2421232;1827;1443;-236;;891,576;704,184;-115,168;;;;;;;;;;;;;;2421232
2421469;1555;1119;84;;758,84;546,072;40,992;;;;;;;;;;;;;;2421469
2422004;1257;1705;258;;613,416;832,04;125,904;;;;;;;;;;;;;;2422004
2422231;952;1439;191;;464,576;702,232;93,208;;;;;;;;;;;;;;2422231
2422573;1535;1860;376;;749,08;907,68;183,488;;;;;;;;;;;;;;2422573
2422892;1127;1440;113;;549,976;702,72;55,144;;;;;;;;;;;;;;2422892
2423120;1253;1936;166;;611,464;944,768;81,008;;;;;;;;;;;;;;2423120
2423437;1449;1333;-353;;707,112;650,504;-172,264;;;;;;;;;;;;;;2423437
2424010;1544;1208;-378;;753,472;589,504;-184,464;;;;;;;;;;;;;;2424010
2424331;1344;1875;-10;;655,872;915;-4,88;;;;;;;;;;;;;;2424331
2424653;1137;1413;-129;;554,856;689,544;-62,952;;;;;;;;;;;;;;2424653
2425010;1791;1165;168;;874,008;568,52;81,984;;;;;;;;;;;;;;2425010
2425327;1880;1409;-590;;917,44;687,592;-287,92;;;;;;;;;;;;;;2425327
2425660;1094;1513;-184;;533,872;738,344;-89,792;;;;;;;;;;;;;;2425660
2426004;1698;1256;-298;;828,624;612,928;-145,424;;;;;;;;;;;;;;2426004
2426322;1394;1372;-149;;680,272;669,536;-72,712;;;;;;;;;;;;;;2426322
2426659;1249;1900;-463;;609,512;927,2;-225,944;;;;;;;;;;;;;;2426659
2427001;1354;1223;-488;;660,752;596,824;-238,144;;;;;;;;;;;;;;2427001
2427322;1580;1817;-191;;771,04;886,696;-93,208;;;;;;;;;;;;;;2427322
2427550;1058;1170;-184;;516,304;570,96;-89,792;;;;;;;;;;;;;;2427550
2427974;787;1987;-98;;384,056;969,656;-47,824;;;;;;;;;;;;;;2427974
2428213;756;1405;-302;;368,928;685,64;-147,376;;;;;;;;;;;;;;2428213
2428441;1225;1782;-517;;597,8;869,616;-252,296;;;;;;;;;;;;;;2428441
2428865;1013;1486;-428;;494,344;725,168;-208,864;;;;;;;;;;;;;;2428865
2429332;1209;1475;-189;;589,992;719,8;-92,232;;;;;;;;;;;;;;2429332
2429649;1160;1985;-365;;566,08;968,68;-178,12;;;;;;;;;;;;;;2429649
2429972;882;1508;-64;;430,416;735,904;-31,232;;;;;;;;;;;;;;2429972
2430200;1461;1668;-398;;712,968;813,984;-194,224;;;;;;;;;;;;;;2430200
2430435;998;1992;45;;487,024;972,096;21,96;;;;;;;;;;;;;;2430435
2430859;1224;1782;-160;;597,312;869,616;-78,08;;;;;;;;;;;;;;2430859
2431087;766;1668;154;;373,808;813,984;75,152;;;;;;;;;;;;;;2431087
2431427;929;1914;-183;;453,352;934,032;-89,304;;;;;;;;;;;;;;2431427
2431986;690;2077;-178;;336,72;1013,576;-86,864;;;;;;;;;;;;;;2431986
2432302;428;1884;37;;208,864;919,392;18,056;;;;;;;;;;;;;;2432302
2432643;1064;2046;-199;;519,232;998,448;-97,112;;;;;;;;;;;;;;2432643
2432981;641;1917;-109;;312,808;935,496;-53,192;;;;;;;;;;;;;;2432981
2433299;722;2001;-250;;352,336;976,488;-122;;;;;;;;;;;;;;2433299
2433654;685;1737;97;;334,28;847,656;47,336;;;;;;;;;;;;;;2433654
2433973;828;2072;-223;;404,064;1011,136;-108,824;;;;;;;;;;;;;;2433973
2434295;477;1766;-225;;232,776;861,808;-109,8;;;;;;;;;;;;;;2434295
2434628;1143;2143;-321;;557,784;1045,784;-156,648;;;;;;;;;;;;;;2434628
2434970;699;1335;-238;;341,112;651,48;-116,144;;;;;;;;;;;;;;2434970
2435287;645;1940;-254;;314,76;946,72;-123,952;;;;;;;;;;;;;;2435287
2435519;186;1637;-100;;90,768;798,856;-48,8;;;;;;;;;;;;;;2435519
2435971;1009;1931;790;;492,392;942,328;385,52;;;;;;;;;;;;;;2435971
2436304;829;1971;44;;404,552;961,848;21,472;;;;;;;;;;;;;;2436304
2436622;304;2226;535;;148,352;1086,288;261,08;;;;;;;;;;;;;;2436622
2436971;549;1933;-246;;267,912;943,304;-120,048;;;;;;;;;;;;;;2436971
2437198;945;1903;-90;;461,16;928,664;-43,92;;;;;;;;;;;;;;2437198
2437516;835;1535;-238;;407,48;749,08;-116,144;;;;;;;;;;;;;;2437516
2437835;1363;2145;-395;;665,144;1046,76;-192,76;;;;;;;;;;;;;;2437835
2438090;822;1743;-230;;401,136;850,584;-112,24;;;;;;;;;;;;;;2438090
2438407;1042;1864;-458;;508,496;909,632;-223,504;;;;;;;;;;;;;;2438407
2438953;924;1733;-271;;450,912;845,704;-132,248;;;;;;;;;;;;;;2438953
2439188;446;2255;-155;;217,648;1100,44;-75,64;;;;;;;;;;;;;;2439188
2439509;547;1858;-281;;266,936;906,704;-137,128;;;;;;;;;;;;;;2439509
2439954;1040;2012;-199;;507,52;981,856;-97,112;;;;;;;;;;;;;;2439954
2440295;1286;2160;-277;;627,568;1054,08;-135,176;;;;;;;;;;;;;;2440295
2440613;861;1849;-28;;420,168;902,312;-13,664;;;;;;;;;;;;;;2440613
2440948;1001;2039;-224;;488,488;995,032;-109,312;;;;;;;;;;;;;;2440948
2441270;1021;1726;-126;;498,248;842,288;-61,488;;;;;;;;;;;;;;2441270
2441505;851;1799;-282;;415,288;877,912;-137,616;;;;;;;;;;;;;;2441505
2441840;965;1967;-376;;470,92;959,896;-183,488;;;;;;;;;;;;;;2441840
2442162;547;1899;-282;;266,936;926,712;-137,616;;;;;;;;;;;;;;2442162
2442624;392;1759;149;;191,296;858,392;72,712;;;;;;;;;;;;;;2442624
2442954;583;2042;-57;;284,504;996,496;-27,816;;;;;;;;;;;;;;2442954
2443272;485;1938;-93;;236,68;945,744;-45,384;;;;;;;;;;;;;;2443272
2443500;340;2083;-30;;165,92;1016,504;-14,64;;;;;;;;;;;;;;2443500
2443857;55;1875;52;;26,84;915;25,376;;;;;;;;;;;;;;2443857
2444175;330;1801;-59;;161,04;878,888;-28,792;;;;;;;;;;;;;;2444175
2444403;436;2021;-87;;212,768;986,248;-42,456;;;;;;;;;;;;;;2444403
2444959;329;2002;-83;;160,552;976,976;-40,504;;;;;;;;;;;;;;2444959
2445293;268;1941;47;;130,784;947,208;22,936;;;;;;;;;;;;;;2445293
2445610;437;1992;-5;;213,256;972,096;-2,44;;;;;;;;;;;;;;2445610
2445953;407;2065;26;;198,616;1007,72;12,688;;;;;;;;;;;;;;2445953
2446180;584;2023;5;;284,992;987,224;2,44;;;;;;;;;;;;;;2446180
2446506;495;2234;65;;241,56;1090,192;31,72;;;;;;;;;;;;;;2446506
2446969;296;1888;121;;144,448;921,344;59,048;;;;;;;;;;;;;;2446969
2447286;156;2160;153;;76,128;1054,08;74,664;;;;;;;;;;;;;;2447286
2447608;256;1901;103;;124,928;927,688;50,264;;;;;;;;;;;;;;2447608
2447946;210;2152;-15;;102,48;1050,176;-7,32;;;;;;;;;;;;;;2447946
2448182;629;1689;-65;;306,952;824,232;-31,72;;;;;;;;;;;;;;2448182
2448499;63;1799;69;;30,744;877,912;33,672;;;;;;;;;;;;;;2448499
2448939;205;1782;462;;100,04;869,616;225,456;;;;;;;;;;;;;;2448939
2449283;326;1906;113;;159,088;930,128;55,144;;;;;;;;;;;;;;2449283
2449616;371;2178;-40;;181,048;1062,864;-19,52;;;;;;;;;;;;;;2449616
2449934;710;2024;12;;346,48;987,712;5,856;;;;;;;;;;;;;;2449934
2450280;342;2264;-226;;166,896;1104,832;-110,288;;;;;;;;;;;;;;2450280
2450508;426;2260;-109;;207,888;1102,88;-53,192;;;;;;;;;;;;;;2450508
2450831;84;2256;50;;40,992;1100,928;24,4;;;;;;;;;;;;;;2450831
2451149;251;2131;-321;;122,488;1039,928;-156,648;;;;;;;;;;;;;;2451149
2451400;375;2323;107;;183;1133,624;52,216;;;;;;;;;;;;;;2451400
2451934;563;2121;-284;;274,744;1035,048;-138,592;;;;;;;;;;;;;;2451934
2452267;163;1933;144;;79,544;943,304;70,272;;;;;;;;;;;;;;2452267
2452502;133;2053;-143;;64,904;1001,864;-69,784;;;;;;;;;;;;;;2452502
2452825;209;2234;239;;101,992;1090,192;116,632;;;;;;;;;;;;;;2452825
2453264;319;1799;-129;;155,672;877,912;-62,952;;;;;;;;;;;;;;2453264
2453604;436;2428;84;;212,768;1184,864;40,992;;;;;;;;;;;;;;2453604
2453929;324;2019;-88;;158,112;985,272;-42,944;;;;;;;;;;;;;;2453929
2454161;285;2284;49;;139,08;1114,592;23,912;;;;;;;;;;;;;;2454161
2454483;650;2039;31;;317,2;995,032;15,128;;;;;;;;;;;;;;2454483
2454946;94;2203;87;;45,872;1075,064;42,456;;;;;;;;;;;;;;2454946
2455267;266;1877;-99;;129,808;915,976;-48,312;;;;;;;;;;;;;;2455267
2455585;259;2129;-51;;126,392;1038,952;-24,888;;;;;;;;;;;;;;2455585
2455942;230;1982;34;;112,24;967,216;16,592;;;;;;;;;;;;;;2455942
2456259;257;1992;-59;;125,416;972,096;-28,792;;;;;;;;;;;;;;2456259
2456576;97;1998;100;;47,336;975,024;48,8;;;;;;;;;;;;;;2456576
2456933;13;1908;-120;;6,344;931,104;-58,56;;;;;;;;;;;;;;2456933
2457255;205;2171;-90;;100,04;1059,448;-43,92;;;;;;;;;;;;;;2457255
2457914;-37;2226;-393;;-18,056;1086,288;-191,784;;;;;;;;;;;;;;2457914
2458150;180;1894;-258;;87,84;924,272;-125,904;;;;;;;;;;;;;;2458150
2458484;385;2094;38;;187,88;1021,872;18,544;;;;;;;;;;;;;;2458484
2458806;434;2156;-172;;211,792;1052,128;-83,936;;;;;;;;;;;;;;2458806
2459252;-269;1889;190;;-131,272;921,832;92,72;;;;;;;;;;;;;;2459252
2459480;-16;2180;-13;;-7,808;1063,84;-6,344;;;;;;;;;;;;;;2459480
2459904;-93;1638;395;;-45,384;799,344;192,76;;;;;;;;;;;;;;2459904
2460263;-130;1842;263;;-63,44;898,896;128,344;;;;;;;;;;;;;;2460263
2460585;287;1828;131;;140,056;892,064;63,928;;;;;;;;;;;;;;2460585
2460904;138;2327;110;;67,344;1135,576;53,68;;;;;;;;;;;;;;2460904
2461241;-240;2205;188;;-117,12;1076,04;91,744;;;;;;;;;;;;;;2461241
2461476;39;2121;167;;19,032;1035,048;81,496;;;;;;;;;;;;;;2461476
2461900;-394;1548;212;;-192,272;755,424;103,456;;;;;;;;;;;;;;2461900
2462127;-58;1702;124;;-28,304;830,576;60,512;;;;;;;;;;;;;;2462127
2462468;-28;2209;140;;-13,664;1077,992;68,32;;;;;;;;;;;;;;2462468
2462787;39;1947;-122;;19,032;950,136;-59,536;;;;;;;;;;;;;;2462787
2463021;124;2256;-93;;60,512;1100,928;-45,384;;;;;;;;;;;;;;2463021
2463338;-31;1748;27;;-15,128;853,024;13,176;;;;;;;;;;;;;;2463338
2463907;11;2170;275;;5,368;1058,96;134,2;;;;;;;;;;;;;;2463907
2464224;-28;1937;-130;;-13,664;945,256;-63,44;;;;;;;;;;;;;;2464224
2464541;-229;2169;66;;-111,752;1058,472;32,208;;;;;;;;;;;;;;2464541
2464902;-31;2058;-253;;-15,128;1004,304;-123,464;;;;;;;;;;;;;;2464902
2465224;75;2385;109;;36,6;1163,88;53,192;;;;;;;;;;;;;;2465224
2465557;-36;1739;103;;-17,568;848,632;50,264;;;;;;;;;;;;;;2465557
2465907;-278;2671;-420;;-135,664;1303,448;-204,96;;;;;;;;;;;;;;2465907
2466225;-227;1765;-176;;-110,776;861,32;-85,888;;;;;;;;;;;;;;2466225
2466557;35;2358;-318;;17,08;1150,704;-155,184;;;;;;;;;;;;;;2466557
2466899;218;1700;-145;;106,384;829,6;-70,76;;;;;;;;;;;;;;2466899
2467217;0;2355;-209;;0;1149,24;-101,992;;;;;;;;;;;;;;2467217
2467444;-231;2082;76;;-112,728;1016,016;37,088;;;;;;;;;;;;;;2467444
2467868;239;2192;46;;116,632;1069,696;22,448;;;;;;;;;;;;;;2467868
2468103;311;1956;-117;;151,768;954,528;-57,096;;;;;;;;;;;;;;2468103
2468339;159;2003;-143;;77,592;977,464;-69,784;;;;;;;;;;;;;;2468339
2468764;-83;2124;-13;;-40,504;1036,512;-6,344;;;;;;;;;;;;;;2468764
2469229;-141;1954;388;;-68,808;953,552;189,344;;;;;;;;;;;;;;2469229
2469546;207;1864;-142;;101,016;909,632;-69,296;;;;;;;;;;;;;;2469546
2469869;-159;2170;4;;-77,592;1058,96;1,952;;;;;;;;;;;;;;2469869
2470097;291;1864;-88;;142,008;909,632;-42,944;;;;;;;;;;;;;;2470097
2470332;855;2491;-255;;417,24;1215,608;-124,44;;;;;;;;;;;;;;2470332
2470756;272;1789;10;;132,736;873,032;4,88;;;;;;;;;;;;;;2470756
2470991;25;2118;-40;;12,2;1033,584;-19,52;;;;;;;;;;;;;;2470991
2471331;-167;1812;-31;;-81,496;884,256;-15,128;;;;;;;;;;;;;;2471331
2471877;218;2042;-187;;106,384;996,496;-91,256;;;;;;;;;;;;;;2471877
2472194;137;2389;-507;;66,856;1165,832;-247,416;;;;;;;;;;;;;;2472194
2472539;14;1688;-132;;6,832;823,744;-64,416;;;;;;;;;;;;;;2472539
2472873;456;2339;-205;;222,528;1141,432;-100,04;;;;;;;;;;;;;;2472873
2473191;35;2015;-335;;17,08;983,32;-163,48;;;;;;;;;;;;;;2473191
2473547;474;2129;-601;;231,312;1038,952;-293,288;;;;;;;;;;;;;;2473547
2473872;-45;1874;-377;;-21,96;914,512;-183,976;;;;;;;;;;;;;;2473872
2474190;320;1811;-270;;156,16;883,768;-131,76;;;;;;;;;;;;;;2474190
2474523;303;2151;-301;;147,864;1049,688;-146,888;;;;;;;;;;;;;;2474523
2474865;216;2222;-137;;105,408;1084,336;-66,856;;;;;;;;;;;;;;2474865
2475182;87;1638;0;;42,456;799,344;0;;;;;;;;;;;;;;2475182
2475410;-172;2092;-144;;-83,936;1020,896;-70,272;;;;;;;;;;;;;;2475410
2475859;82;2371;-135;;40,016;1157,048;-65,88;;;;;;;;;;;;;;2475859
2476192;108;1809;67;;52,704;882,792;32,696;;;;;;;;;;;;;;2476192
2476413;-101;1782;53;;-49,288;869,616;25,864;;;;;;;;;;;;;;2476413
2476736;234;1873;-287;;114,192;914,024;-140,056;;;;;;;;;;;;;;2476736
2476971;271;2354;-200;;132,248;1148,752;-97,6;;;;;;;;;;;;;;2476971
2477198;150;1932;16;;73,2;942,816;7,808;;;;;;;;;;;;;;2477198
2477516;422;2123;-219;;205,936;1036,024;-106,872;;;;;;;;;;;;;;2477516
2477835;233;2273;-143;;113,704;1109,224;-69,784;;;;;;;;;;;;;;2477835
2478085;-220;1871;-9;;-107,36;913,048;-4,392;;;;;;;;;;;;;;2478085
2478402;-101;2044;-177;;-49,288;997,472;-86,376;;;;;;;;;;;;;;2478402
2478846;96;1928;217;;46,848;940,864;105,896;;;;;;;;;;;;;;2478846
2479085;-70;2000;133;;-34,16;976;64,904;;;;;;;;;;;;;;2479085
2479403;58;2105;-71;;28,304;1027,24;-34,648;;;;;;;;;;;;;;2479403
2479847;236;2110;-120;;115,168;1029,68;-58,56;;;;;;;;;;;;;;2479847
2480189;124;2119;-45;;60,512;1034,072;-21,96;;;;;;;;;;;;;;2480189
2480506;81;2025;20;;39,528;988,2;9,76;;;;;;;;;;;;;;2480506
2480844;132;2005;30;;64,416;978,44;14,64;;;;;;;;;;;;;;2480844
2481162;15;2032;50;;7,32;991,616;24,4;;;;;;;;;;;;;;2481162
2481400;52;2047;109;;25,376;998,936;53,192;;;;;;;;;;;;;;2481400
2481738;5;2106;85;;2,44;1027,728;41,48;;;;;;;;;;;;;;2481738
2482056;-11;1935;49;;-5,368;944,28;23,912;;;;;;;;;;;;;;2482056
2482517;5;1939;76;;2,44;946,232;37,088;;;;;;;;;;;;;;2482517
2482836;8;2049;55;;3,904;999,912;26,84;;;;;;;;;;;;;;2482836
2483154;144;2059;208;;70,272;1004,792;101,504;;;;;;;;;;;;;;2483154
2483381;155;2151;117;;75,64;1049,688;57,096;;;;;;;;;;;;;;2483381
2483727;57;1922;205;;27,816;937,936;100,04;;;;;;;;;;;;;;2483727
2484045;167;2132;141;;81,496;1040,416;68,808;;;;;;;;;;;;;;2484045
2484272;43;2112;94;;20,984;1030,656;45,872;;;;;;;;;;;;;;2484272
2484829;231;2113;184;;112,728;1031,144;89,792;;;;;;;;;;;;;;2484829
2485162;87;2367;-49;;42,456;1155,096;-23,912;;;;;;;;;;;;;;2485162
2485479;-12;1956;-31;;-5,856;954,528;-15,128;;;;;;;;;;;;;;2485479
2485823;112;2006;46;;54,656;978,928;22,448;;;;;;;;;;;;;;2485823
2486051;108;1936;45;;52,704;944,768;21,96;;;;;;;;;;;;;;2486051
2486368;159;2033;26;;77,592;992,104;12,688;;;;;;;;;;;;;;2486368
2486839;196;2056;-37;;95,648;1003,328;-18,056;;;;;;;;;;;;;;2486839
2487156;141;1933;-91;;68,808;943,304;-44,408;;;;;;;;;;;;;;2487156
2487377;194;2113;-120;;94,672;1031,144;-58,56;;;;;;;;;;;;;;2487377
2487817;267;2029;-18;;130,296;990,152;-8,784;;;;;;;;;;;;;;2487817
2488053;216;2064;-71;;105,408;1007,232;-34,648;;;;;;;;;;;;;;2488053
2488370;244;2009;-24;;119,072;980,392;-11,712;;;;;;;;;;;;;;2488370
2488810;281;2100;-24;;137,128;1024,8;-11,712;;;;;;;;;;;;;;2488810
2489154;317;1989;34;;154,696;970,632;16,592;;;;;;;;;;;;;;2489154
2489486;296;2199;-31;;144,448;1073,112;-15,128;;;;;;;;;;;;;;2489486
2489805;323;2002;-118;;157,624;976,976;-57,584;;;;;;;;;;;;;;2489805
2490150;455;1900;9;;222,04;927,2;4,392;;;;;;;;;;;;;;2490150
2490378;392;1991;-211;;191,296;971,608;-102,968;;;;;;;;;;;;;;2490378
2490697;307;2046;-111;;149,816;998,448;-54,168;;;;;;;;;;;;;;2490697
2491014;391;2065;-87;;190,808;1007,72;-42,456;;;;;;;;;;;;;;2491014
2491268;487;1918;-194;;237,656;935,984;-94,672;;;;;;;;;;;;;;2491268
2491804;540;2076;-162;;263,52;1013,088;-79,056;;;;;;;;;;;;;;2491804
2492138;446;1850;9;;217,648;902,8;4,392;;;;;;;;;;;;;;2492138
2492373;450;1991;-64;;219,6;971,608;-31,232;;;;;;;;;;;;;;2492373
2492696;412;2047;-111;;201,056;998,936;-54,168;;;;;;;;;;;;;;2492696
2493135;351;1775;-155;;171,288;866,2;-75,64;;;;;;;;;;;;;;2493135
2493475;331;2000;-85;;161,528;976;-41,48;;;;;;;;;;;;;;2493475
2493794;316;2058;-133;;154,208;1004,304;-64,904;;;;;;;;;;;;;;2493794
2494021;505;2048;-162;;246,44;999,424;-79,056;;;;;;;;;;;;;;2494021
2494343;371;1988;-312;;181,048;970,144;-152,256;;;;;;;;;;;;;;2494343
2494811;254;1894;-58;;123,952;924,272;-28,304;;;;;;;;;;;;;;2494811
2495128;215;2001;-136;;104,92;976,488;-66,368;;;;;;;;;;;;;;2495128
2495450;324;1980;-124;;158,112;966,24;-60,512;;;;;;;;;;;;;;2495450
2495807;226;2108;-186;;110,288;1028,704;-90,768;;;;;;;;;;;;;;2495807
2496125;247;2078;-287;;120,536;1014,064;-140,056;;;;;;;;;;;;;;2496125
2496442;457;2040;-174;;223,016;995,52;-84,912;;;;;;;;;;;;;;2496442
2496799;330;2072;-160;;161,04;1011,136;-78,08;;;;;;;;;;;;;;2496799
2497121;486;2016;-119;;237,168;983,808;-58,072;;;;;;;;;;;;;;2497121
2497670;376;2001;-27;;183,488;976,488;-13,176;;;;;;;;;;;;;;2497670
