flag; num; time_ms; accl_x; accl_y; accl_z; gyro_x; gyro_y; gyro_z; mag_x; mag_y; mag_z; crc
48;1;1361;-775;1900;272;65;48;-620;-381;1023;-2004;21043
48;2;1676;-1448;1357;50;36;181;-795;-682;875;-1927;3708
48;3;2111;-938;2041;125;-87;-201;563;-533;1060;-1961;50914
48;4;2457;-962;2065;-57;-71;-81;179;-442;1053;-1967;59818
48;5;2772;-1024;1978;130;19;-87;436;-443;1067;-1974;8500
48;6;2998;-534;1960;70;-28;100;-714;-316;1079;-1979;1168
48;7;3440;-637;1955;173;-80;-46;208;-416;1069;-2011;30445
48;8;3774;-794;1894;141;12;3;-44;-401;1050;-2021;56968
48;9;4092;-745;1948;134;-13;-21;46;-402;1050;-2014;28934
48;10;4429;-765;1910;133;8;-18;-78;-410;1057;-2041;20539
48;11;4655;-787;1928;127;5;-38;-60;-398;1055;-2036;1111
48;12;4973;-127;1998;183;13;-71;331;-256;1090;-1990;57589
48;13;5289;-84;2108;68;-5;-35;-92;-138;1106;-1992;15661
48;14;5536;-144;2057;113;26;-47;-159;-140;1104;-1994;49039
48;15;5850;-230;2005;155;-1;5;69;-157;1117;-1991;23642
48;16;6395;-148;2129;50;29;-48;-93;-163;1108;-1974;59993
48;17;6626;-19;2052;6;23;16;164;-126;1097;-1944;63196
48;18;6944;-151;2057;102;4;-68;-145;-116;1090;-1953;50772
48;19;7384;-147;2061;57;-24;-12;18;-114;1087;-1956;28830
48;20;7721;-128;2063;119;-20;9;159;-113;1098;-1963;36944
48;21;8035;-125;2071;107;15;-23;92;-94;1087;-1960;30432
48;22;8366;-202;2072;178;57;-40;-39;-144;1102;-1964;64537
48;23;8686;-469;1951;-3;45;26;-360;-203;1079;-1918;37551
48;24;8920;-524;1981;76;-32;281;122;-318;1076;-1905;48469
48;25;9251;-574;1919;207;-63;-169;-303;-295;1075;-1919;47249
48;26;9567;-576;1970;27;36;-12;-15;-328;1065;-1911;9410
48;27;10027;-595;1991;47;36;-85;-355;-328;1066;-1930;39272
48;28;10344;-706;1946;61;-3;-98;179;-352;1066;-1937;53915
48;29;10659;-516;1973;74;22;-91;-108;-330;1068;-1913;48290
48;30;10884;-695;1934;66;-75;-49;-91;-312;1073;-1911;1361
48;31;11221;-664;1996;65;-67;-131;-160;-344;1061;-1918;15290
48;32;11540;-374;2029;-139;106;-52;668;-321;1088;-1905;29386
48;33;11766;-399;1964;8;-66;44;-124;-197;1084;-1905;6503
48;34;12312;-529;1962;113;-71;-35;-92;-259;1072;-1920;3261
48;35;12650;-192;2017;145;-250;-84;-39;-220;1077;-1921;57018
48;36;12964;-340;2049;152;-22;-151;-168;-217;1072;-1905;3488
48;37;13301;-311;2042;-29;-51;-64;122;-245;1081;-1914;6348
48;38;13527;-443;1999;192;-51;-68;24;-207;1077;-1925;60985
48;39;13842;-507;1944;214;220;186;195;-234;1074;-1910;10337
48;40;14302;-408;2020;96;-58;-103;-33;-227;1073;-1935;20386
48;41;14617;-624;1788;675;-29;100;286;-228;1084;-1890;23539
48;42;14932;-573;2064;133;247;-1;327;-247;1081;-1932;38565
48;43;15263;-533;2143;156;-29;-22;-126;-236;1072;-1962;6281
48;44;15497;-310;2045;105;17;51;-820;-201;1058;-1975;1486
48;45;15811;-560;1988;119;17;-25;-48;-319;1067;-1976;11960
48;46;16247;-617;1997;91;29;-29;-46;-303;1052;-1969;62877
48;47;16583;-648;1997;132;12;-27;-27;-303;1060;-1967;30624
48;48;16916;-643;1974;92;4;-28;-8;-310;1068;-1977;28375
48;49;17236;-623;1966;108;4;-21;4;-315;1068;-1985;13137
48;50;17574;-616;1957;129;9;-22;-14;-310;1070;-1969;17982
48;51;17799;-621;1960;111;-8;-37;23;-314;1069;-1971;22472
48;52;18115;-611;1956;118;11;-24;23;-313;1067;-1977;64483
48;53;18434;-616;1964;121;-9;-31;-4;-317;1067;-1968;27715
48;54;18681;-617;1982;104;3;-31;40;-315;1064;-1983;39598
48;55;19209;-639;1986;107;-6;-41;4;-324;1101;-1976;5414
48;56;19540;-531;2069;83;-27;-86;1042;-327;1096;-1954;47956
48;57;19771;140;2118;151;-49;105;1817;-127;1035;-1973;47257
48;58;20087;450;2072;110;47;6;-761;190;1030;-1976;28268
48;59;20523;398;2019;139;-6;-31;93;115;1060;-1920;27969
48;60;20860;428;1998;134;-5;-39;188;107;1039;-1933;63637
48;61;21176;419;2021;138;4;-17;25;119;1048;-1924;7890
48;62;21406;389;2052;135;-2;-22;35;108;1053;-1923;57480
48;63;21721;372;2008;160;6;-25;-44;116;1047;-1937;17639
48;64;22180;394;2000;164;-25;5;-85;115;1053;-1935;9457
48;65;22495;386;2020;97;19;-26;-41;80;1053;-1920;45156
48;66;22810;178;2123;128;80;-17;-181;97;1058;-1988;24367
48;67;23162;313;2033;145;17;-19;51;85;862;-2067;7388
48;68;23477;354;2038;115;-13;-33;76;157;583;-2215;59756
48;69;23791;325;2066;108;-2;-40;-14;192;408;-2400;21729
48;70;24146;367;2028;98;13;-30;-1;222;366;-2421;12653
48;71;24469;342;2054;126;23;6;-105;226;317;-2456;3960
48;72;25009;273;2027;107;-15;-35;-170;190;271;-2441;43787
48;73;25244;280;2043;69;4;-23;100;197;272;-2439;52309
48;74;25560;244;2087;133;0;-27;-6;186;297;-2436;28372
48;75;25786;300;2072;99;21;-23;-47;184;265;-2453;38957
48;76;26101;252;2029;129;32;-23;50;195;281;-2448;9548
48;77;26437;6;2067;101;12;-27;5;180;282;-2452;58121
48;78;26663;238;2093;141;18;-28;6;196;254;-2458;60738
48;79;27086;247;2081;99;-2;-32;-23;178;264;-2456;10565
48;80;27441;176;2080;163;12;-31;155;184;287;-2447;50919
48;81;27756;206;2057;114;37;-13;10;177;278;-2452;17065
48;82;28071;293;2040;90;-50;-6;-86;196;291;-2452;3889
48;83;28402;180;2014;167;19;-23;-36;187;511;-2340;19912
48;84;28634;181;2056;84;-1;-27;1;112;863;-2135;49625
48;85;29053;253;1942;201;-31;-9;312;84;995;-2099;31117
48;86;29283;240;2093;88;24;-24;262;68;999;-2125;28621
48;87;29619;102;2039;206;-3;-25;51;83;997;-2131;10430
48;88;29938;292;2069;152;38;-21;17;101;1001;-2145;61182
48;89;30164;294;2018;189;31;-25;27;106;1000;-2162;37839
48;90;30483;288;1985;147;-15;-21;-12;102;1002;-2154;60390
48;91;31046;400;2021;173;41;-26;-43;117;995;-2160;11146
48;92;31361;363;2083;166;1;-32;-78;127;998;-2154;62957
48;93;31676;341;2026;154;42;-21;-116;104;1006;-2162;956
48;94;32031;352;2064;176;10;-22;-36;90;1009;-2163;31841
48;95;32350;292;1952;191;10;-22;41;96;1012;-2158;39415
48;96;32680;260;2054;182;8;-21;-50;86;1007;-2167;53867
48;97;33018;230;1999;197;-36;-34;-184;79;1019;-2158;4696
48;98;33333;181;2044;188;30;-29;-26;39;1023;-2165;24577
48;99;33671;137;2029;197;-39;-37;23;49;1014;-2155;37697
48;100;34007;166;2066;191;14;-36;-6;47;1011;-2174;64433
48;101;34322;-40;2122;-41;-105;-83;-234;53;1015;-2155;22288
48;102;34548;91;2166;50;26;-18;-297;37;939;-2118;20199
48;103;34972;531;2023;-1;31;64;583;90;325;-2384;38059
48;104;35203;236;2037;168;12;-34;-101;189;370;-2448;29473
48;105;35429;277;2083;121;-2;-37;-23;192;384;-2449;42598
48;106;35849;259;2082;101;13;-22;-35;177;312;-2479;42072
48;107;36305;237;2015;157;16;-42;77;179;332;-2477;57755
48;108;36624;313;1973;161;27;-19;-46;190;310;-2481;54137
48;109;36939;268;2067;140;-19;-32;-17;180;307;-2478;16771
48;110;37165;216;2032;138;10;-30;-81;180;301;-2469;64967
48;111;37402;303;2071;175;-11;25;215;171;296;-2449;7776
48;112;37823;434;1997;242;-7;1;32;142;977;-2121;51983
48;113;38048;304;2024;134;0;-23;12;102;1004;-2128;29971
48;114;38384;316;1982;159;16;-33;-23;105;1007;-2151;16243
48;115;38925;203;2007;173;-32;-1;10;80;1011;-2158;8334
48;116;39239;275;2056;102;-29;17;245;61;982;-2150;11419
48;117;39584;256;2072;118;31;-25;-2;105;522;-2394;46842
48;118;39919;222;2025;129;6;-18;51;202;408;-2453;8481
48;119;40238;278;1929;148;-12;-43;-95;186;340;-2487;19394
48;120;40589;166;2006;122;42;43;-5;185;321;-2480;42207
48;121;40904;348;1951;106;-9;1;-178;157;833;-2031;37023
48;122;41219;68;2092;117;-53;-96;173;25;1041;-1984;14756
48;123;41554;170;2039;169;-8;-27;17;57;1021;-1980;8534
48;124;41890;171;2031;142;-10;-29;-47;-54;1151;-1969;18234
48;125;42205;176;2059;172;9;-22;14;-56;1194;-1973;63811
48;126;42435;214;2021;154;-15;-23;-2;-61;1173;-1954;59996
48;127;42877;219;2040;139;-18;-34;5;-49;1082;-2049;16114
48;128;43208;286;2025;155;-18;-58;453;-79;1080;-2035;330
48;129;43523;97;2089;189;62;22;-450;-47;1037;-2008;54671
48;130;43859;146;2075;134;13;-17;85;-88;1019;-1992;35218
48;131;44085;260;2094;113;40;-34;6;-77;968;-2006;49450
48;132;44400;296;2074;139;-20;-18;-28;-42;1005;-1990;1463
48;133;44716;264;2024;173;-20;-20;-20;-24;995;-1997;40402
48;134;44962;269;2071;146;-24;-42;75;-38;982;-1996;18886
48;135;45284;249;2048;154;5;-33;53;-6;1024;-2000;35288
48;136;45829;225;2063;200;4;-36;53;-27;1018;-2015;60512
48;137;46060;196;2077;168;8;-36;4;-15;1000;-1990;61232
48;138;46375;204;2037;178;11;-27;5;39;990;-1981;19454
48;139;46811;185;2074;128;19;-10;-72;-14;1025;-1995;16679
48;140;47148;234;2116;166;11;-23;-40;-8;1027;-1982;1606
48;141;47463;180;2025;98;26;25;117;4;1021;-1987;7720
48;142;47798;218;2063;156;-16;-59;110;-8;1026;-1993;11709
48;143;48113;179;2025;191;15;-60;-149;18;1011;-1981;45183
48;144;48347;146;2075;156;-6;-10;94;-18;1021;-1999;40308
48;145;48682;173;2069;188;22;-17;34;-31;1026;-2005;53168
48;146;48997;159;2032;180;22;-22;-31;-32;1029;-2009;34103
48;147;49457;209;2107;175;19;-24;-10;-35;1021;-2009;43607
48;148;49772;202;2088;96;-15;-29;-41;-27;1022;-2008;23289
48;149;50087;280;2097;163;41;-65;272;-31;1012;-2000;35958
48;150;50317;215;2059;174;23;-20;31;-25;1037;-2014;6420
48;151;50654;180;2047;169;3;-15;-32;-18;1038;-1984;52359
48;152;50969;190;2047;196;19;-30;10;11;1040;-1976;2704
48;153;51198;211;2077;148;-2;-40;3;11;1036;-1971;39087
48;154;51744;200;2031;181;3;-24;-5;0;1038;-1975;27738
48;155;52074;171;2000;169;15;-21;-45;-13;1025;-1970;38498
48;156;52389;191;2041;185;1;-29;-8;-11;1011;-1995;22617
48;157;52726;216;2047;164;-4;-28;8;-11;1002;-1972;56746
48;158;52959;220;2059;169;7;-28;38;-3;1012;-1976;1058
48;159;53274;203;2051;140;5;-28;-8;-7;1010;-1970;33775
48;160;53731;203;2033;192;2;-33;32;3;1002;-1962;31163
48;161;54045;185;2065;178;-3;-27;21;3;991;-1972;47088
48;162;54360;221;2061;154;1;-26;-1;13;1001;-1962;53598
48;163;54696;164;2074;170;3;-23;37;-4;988;-1959;14929
48;164;54928;183;2025;146;3;-15;-72;7;993;-1962;44080
48;165;55243;186;2081;138;11;-26;-9;4;996;-1979;16426
48;166;55683;213;2046;184;0;-28;53;-11;1007;-1970;3872
48;167;56018;194;2056;144;-10;-14;-43;-22;1014;-1962;19124
48;168;56348;188;2047;176;18;-28;47;-36;1009;-1969;51458
48;169;56668;208;2033;180;-8;-20;-25;-4;998;-1970;54964
48;170;57003;177;2041;154;-13;-21;-36;-17;1005;-1971;55078
48;171;57233;232;2064;150;17;-33;22;-5;1005;-1990;18780
48;172;57553;219;2005;183;-4;-26;-36;-7;1021;-1974;54330
48;173;57868;171;2062;164;12;-30;2;-6;1011;-1969;3072
48;174;58116;192;2047;166;27;-27;-21;-12;1032;-1994;22654
48;175;58642;208;2068;134;-55;18;26;-24;1022;-1971;31318
48;176;58972;408;2548;150;408;369;-336;71;1044;-2022;11638
48;177;59203;356;2020;168;-23;220;198;52;1044;-2053;25174
48;178;59519;549;2034;282;-20;10;131;118;1008;-2076;19756
48;179;59955;537;1991;233;6;-38;-21;137;999;-2094;65019
48;180;60290;501;1893;267;36;-47;-176;138;999;-2087;50326
48;181;60614;399;1987;227;-19;-128;2;103;1017;-2084;35195
48;182;60839;367;1987;332;-64;-76;-56;84;1020;-2080;29645
48;183;61158;544;1995;177;26;-7;-18;101;1011;-2073;34283
48;184;61614;123;1985;196;-41;-40;-117;67;1036;-2064;25706
48;185;61929;151;2062;222;-90;-156;-153;39;1027;-2093;17868
48;186;62244;19;2082;284;-55;-20;-437;-30;1037;-2099;43536
48;187;62599;176;2065;373;-909;-843;1035;-28;987;-2123;8042
48;188;62913;1137;1263;603;-56;-1506;1107;322;709;-2138;3874
48;189;63232;1652;1387;441;-241;-267;509;552;541;-1994;31534
48;190;63587;1486;-1314;241;-466;-888;3964;659;-369;-1691;28050
48;191;63902;1435;-2737;-241;136;-87;183;53;-599;-1634;34969
48;192;64447;802;-1389;1119;982;631;-484;135;-483;-2202;2159
48;193;64677;674;-769;1723;465;235;-458;140;-324;-2505;33713
48;194;64992;540;-435;1797;212;607;-693;94;-139;-2638;36389
48;195;65222;-85;203;2027;512;464;-667;16;-21;-2724;4120
48;196;65538;-109;35;1987;80;-15;-373;-70;35;-2743;62395
48;197;65872;51;-125;2012;-28;-12;-39;-43;15;-2724;27015
48;198;66104;-16;-27;2148;5;-48;-3;-48;7;-2728;39250
48;199;66525;16;-148;2093;-87;-54;-6;-49;-25;-2725;26035
48;200;66875;68;-68;2112;-94;-267;462;-41;-67;-2699;7437
48;201;67190;122;-200;1787;459;232;872;-47;-129;-2662;37198
48;202;67506;-166;-422;2187;-127;-14;693;-221;-119;-2664;40642
48;203;67836;-143;-322;2196;-249;26;114;-291;-109;-2655;37079
48;204;68067;-241;-382;2149;200;268;-515;-317;-132;-2629;33096
48;205;68487;-138;-512;2126;384;-255;-72;-244;-119;-2645;34270
48;206;68717;-48;-236;2130;-28;260;-56;-200;-76;-2670;54088
48;207;69057;-49;-265;2030;134;-46;-82;-250;-85;-2657;46421
48;208;69377;-191;-93;1998;327;131;-422;-230;-67;-2687;22766
48;209;69603;-246;208;2166;-23;-168;27;-260;13;-2690;37868
48;210;69918;-95;-3;1972;-1;104;629;-258;-2;-2683;49037
48;211;70479;-504;80;2047;102;-92;3;-256;14;-2693;46861
48;212;70794;-66;-189;2156;-104;-24;-12;-271;11;-2691;57121
48;213;71108;-244;-71;2103;47;38;16;-269;-19;-2693;6062
48;214;71463;-155;-26;2136;-28;76;13;-265;-15;-2672;18672
48;215;71782;-259;-215;2108;-60;-65;-2;-260;-40;-2654;28542
48;216;72111;-155;-77;2123;-34;-40;4;-259;-39;-2670;30601
48;217;72450;-139;-44;2139;-12;-80;-3;-264;-31;-2681;64520
48;218;72766;-115;-47;2182;-8;54;18;-249;-37;-2658;38179
48;219;73095;-126;-126;2084;-66;-23;-1;-253;-29;-2662;48476
48;220;73434;-107;-125;2114;27;-52;4;-267;-21;-2676;37326
48;221;73750;-148;-62;2147;21;-6;6;-257;-28;-2680;42998
48;222;73979;-133;-102;2126;17;-21;2;-256;-24;-2663;23474
48;223;74399;-121;-65;2121;12;-29;2;-262;-35;-2667;52090
48;224;74633;-135;-90;2120;8;-26;4;-260;-37;-2675;22226
48;225;74858;-129;-105;2114;5;-26;3;-257;-38;-2672;5190
48;226;75279;-122;-82;2121;10;-27;3;-257;-39;-2670;31995
48;227;75735;-135;-102;2117;5;-27;3;-267;-37;-2663;24399
48;228;76049;-133;-94;2117;2;-27;2;-254;-20;-2675;20711
48;229;76369;-131;-95;2118;5;-33;0;-268;-32;-2660;52804
48;230;76595;-138;-115;2114;6;-26;3;-276;-30;-2680;36205
48;231;76828;-133;-101;2117;4;-22;5;-272;-44;-2686;24580
48;232;77252;-134;-97;2112;0;-16;7;-264;-38;-2685;64707
48;233;77482;-116;-81;2123;2;-32;1;-268;-42;-2677;65283
48;234;77817;-144;-101;2118;8;-26;1;-257;-42;-2673;24084
48;235;78358;-131;-90;2119;5;-26;5;-258;-37;-2685;9683
48;236;78673;-132;-98;2119;8;-28;4;-254;-46;-2681;46616
48;237;79012;-146;-100;2115;1;-24;3;-265;-31;-2675;24063
48;238;79343;-130;-94;2122;-1;-26;4;-255;-31;-2682;10718
48;239;79659;-112;-58;2123;19;-39;-1;-255;-22;-2678;27896
48;240;80009;-148;-87;2126;10;5;7;-260;-24;-2672;10049
48;241;80325;-128;-102;2118;-9;-22;4;-258;-30;-2676;64927
48;242;80644;-132;-95;2119;12;-28;5;-258;-41;-2674;57691
48;243;80974;-142;-74;2134;-22;-52;-5;-270;-34;-2674;56914
48;244;81314;-136;-20;2143;40;-64;-2;-267;-31;-2664;58262
48;245;81636;-104;-33;2126;19;5;4;-272;-32;-2670;63173
48;246;81862;-140;-30;2145;9;13;3;-267;-32;-2658;55390
48;247;82302;-171;-103;2117;5;-39;3;-255;-25;-2669;3339
48;248;82633;-166;-104;2119;2;-22;2;-259;-38;-2668;33329
48;249;82947;-132;-91;2122;8;-28;3;-267;-25;-2674;53393
48;250;83284;-132;-90;2119;3;-23;3;-259;-28;-2672;32859
48;251;83514;-136;-94;2120;10;-29;4;-264;-34;-2669;46794
48;252;83829;-134;-90;2122;5;-26;2;-259;-47;-2678;34282
48;253;84148;-136;-95;2118;2;-25;2;-261;-38;-2674;49198
48;254;84396;-134;-95;2119;2;-29;2;-264;-27;-2667;24641
48;255;84711;-136;-96;2117;5;-25;3;-273;-41;-2680;11915
48;256;85252;-136;-97;2119;11;-26;7;-267;-28;-2661;51347
48;257;85486;-137;-93;2121;5;-27;1;-259;-35;-2678;43282
48;258;85800;-135;-96;2117;5;-26;3;-272;-33;-2673;13659
48;259;86236;-129;-99;2118;3;-28;4;-256;-38;-2669;22326
48;260;86577;-138;-90;2121;7;-24;3;-261;-44;-2676;39589
48;261;86895;-86;-216;2493;54;-148;11;-265;-39;-2673;61873
48;262;87226;-407;61;2156;-22;-240;-56;-244;13;-2677;57565
48;263;87541;90;-22;1989;-71;-81;19;-268;-30;-2688;46611
48;264;88195;-163;-327;2097;136;89;13;-263;-42;-2671;55716
48;265;88511;-119;-21;2118;-140;66;18;-254;-28;-2677;38338
48;266;88841;-226;-291;2084;9;-48;1;-256;-39;-2672;30363
48;267;89180;-45;-190;2103;43;-42;-3;-255;-34;-2678;43686
48;268;89495;-93;-44;2186;258;-131;-7;-263;-25;-2688;35541
48;269;89835;-95;-240;2197;-216;-66;-1;-257;-32;-2675;40694
48;270;90172;-378;-9;2095;17;15;7;-248;-29;-2681;6556
48;271;90488;-237;-221;2077;-91;-195;-6;-262;-35;-2672;42077
48;272;90714;-277;-5;2075;-93;29;7;-258;-30;-2682;1633
48;273;91133;-96;-15;2153;43;-56;7;-256;-29;-2685;40628
48;274;91364;-179;-31;2122;-14;-24;2;-259;-45;-2667;2954
48;275;91590;-171;-149;2129;-14;55;2;-257;-34;-2672;14167
48;276;92011;-226;-217;2099;63;-68;12;-261;-32;-2677;39738
48;277;92470;162;8;2061;149;305;27;-267;-6;-2685;55756
48;278;92789;-147;-21;2092;-106;160;30;-265;1;-2665;64410
48;279;93104;-165;-22;2180;247;82;25;-258;-23;-2681;40033
48;280;93330;65;-31;2111;-89;38;17;-266;-14;-2685;52643
48;281;93565;-123;-15;2119;68;-195;-33;-273;-32;-2674;51952
48;282;93986;49;-28;2095;62;16;13;-263;-23;-2665;29522
48;283;94211;-127;-32;2117;-139;-79;0;-269;-35;-2666;57064
48;284;94547;-292;-14;2182;-14;54;18;-254;-32;-2669;27821
48;285;95091;-100;-22;2251;-146;289;58;-262;-34;-2671;17954
48;286;95406;-183;-18;2098;127;75;36;-250;-35;-2668;51077
48;287;95746;-119;-11;2066;146;118;28;-255;-32;-2660;7285
48;288;96077;-243;-266;2103;-179;211;8;-244;-33;-2675;46427
48;289;96392;-437;-18;2067;69;78;19;-246;-31;-2681;43968
48;290;96743;-320;-12;2067;37;-79;-1;-258;-31;-2685;54276
48;291;97062;-197;-10;2100;151;-160;-20;-263;-11;-2690;7215
48;292;97381;-322;-83;2167;190;-93;10;-267;-45;-2664;20790
48;293;97715;-247;-406;2079;-30;-160;-9;-263;-43;-2663;49607
48;294;98051;-193;-30;2214;214;-266;-10;-268;-29;-2676;39302
48;295;98367;-139;-40;2078;-58;-192;-34;-263;-23;-2682;12803
48;296;98599;-230;-201;2279;-1692;-602;945;-244;-95;-2652;55588
48;297;99044;442;-1707;1032;-451;-125;-328;-124;-578;-2070;8377
48;298;99379;725;-1359;1382;299;199;-137;55;-508;-2204;49608
48;299;99697;607;-1358;1600;464;190;92;93;-483;-2241;23348
48;300;100039;526;-1193;1748;-52;-41;130;37;-406;-2398;24349
48;301;100267;395;-922;1709;252;492;243;38;-358;-2420;10771
48;302;100586;178;-443;2154;1249;54;1554;-30;-179;-2602;5428
48;303;100906;106;-274;1951;69;4;422;-194;-10;-2690;44126
48;304;101158;-219;469;2055;-38;429;185;-215;53;-2699;3250
48;305;101476;37;88;2144;-80;-27;-481;-310;55;-2686;22666
48;306;102027;-10;-32;2108;31;-26;-1;-304;31;-2700;46143
48;307;102260;-70;-22;2106;7;-51;-8;-310;13;-2698;9466
48;308;102578;-104;-60;2126;-17;-42;6;-302;8;-2688;21915
48;309;103027;-68;-71;2116;9;-15;1;-305;19;-2685;24161
48;310;103367;-111;-178;2102;-33;0;5;-305;-7;-2680;51690
48;311;103686;-65;-16;2202;-43;-59;1;-299;16;-2688;9071
48;312;104020;-93;-28;2039;60;26;10;-303;6;-2694;59699
48;313;104343;36;-19;2163;93;-95;-15;-310;16;-2692;46940
48;314;104576;-117;-22;2213;2;-63;1;-303;28;-2691;61176
48;315;104911;-75;246;2036;40;-125;10;-304;53;-2700;17883
48;316;105233;-74;205;2123;-33;-12;-3;-306;46;-2680;64484
48;317;105698;-120;-39;2082;-85;79;21;-310;36;-2700;3635
48;318;106017;-72;-31;2114;83;34;15;-304;45;-2703;33733
48;319;106336;-32;-39;2079;2;-99;-1;-306;43;-2688;55861
48;320;106564;-129;-35;2142;-119;-70;15;-300;42;-2694;48137
48;321;106904;-110;-31;2080;-89;-4;-8;-303;56;-2691;30173
48;322;107226;-84;-32;2090;-62;8;8;-299;57;-2693;39580
48;323;107454;-90;-40;2178;-80;12;-3;-297;50;-2681;30828
48;324;108008;-24;-45;2110;42;-42;-2;-307;46;-2687;21910
48;325;108343;-84;-30;1909;60;-69;-17;-292;41;-2694;19051
48;326;108661;-159;-37;2192;104;35;18;-303;52;-2687;253
48;327;109003;-87;-32;2142;42;-109;-18;-303;45;-2681;58837
48;328;109235;-117;-23;2101;-94;71;9;-305;46;-2678;55308
48;329;109554;-64;61;2096;-18;19;10;-296;47;-2687;60304
48;330;110015;-80;-36;2030;24;3;15;-295;54;-2687;15638
48;331;110338;-29;-29;2113;-9;-17;14;-302;37;-2680;1119
48;332;110661;-86;310;2262;-59;-68;0;-310;49;-2693;54036
48;333;110995;-64;-12;2222;90;-76;14;-306;53;-2685;9977
48;334;111228;-83;-35;2091;-15;3;13;-295;61;-2695;21429
48;335;111547;-102;-24;2130;-130;133;27;-299;46;-2679;40665
48;336;111988;-262;381;2206;12;47;-5;-292;64;-2685;57154
48;337;112326;-104;-36;2145;272;25;16;-297;46;-2689;37387
48;338;112660;-77;-34;2221;-91;-87;-10;-290;9;-2681;18393
48;339;112980;-165;-29;2151;98;44;25;-298;35;-2681;26550
48;340;113325;-122;-36;2082;-13;54;20;-302;44;-2700;19523
48;341;113557;-20;-42;2059;-100;-69;-6;-315;50;-2684;1834
48;342;113877;-53;-32;2119;54;-91;-6;-310;39;-2704;28645
48;343;114195;-118;61;2122;36;-81;5;-312;52;-2698;53179
48;344;114444;-100;-7;2139;39;8;7;-289;54;-2687;3804
48;345;114979;-111;25;2118;0;-63;3;-303;46;-2687;46367
48;346;115313;-124;27;2121;2;-13;3;-299;52;-2676;28394
48;347;115546;-85;32;2125;3;-14;1;-302;45;-2691;30872
48;348;115870;-99;28;2121;9;-23;3;-300;55;-2690;25855
48;349;116314;-103;33;2123;10;-54;3;-308;52;-2681;53929
48;350;116652;-113;14;2122;6;-14;3;-293;65;-2691;3496
48;351;116976;-95;20;2125;6;-13;5;-299;53;-2677;13785
48;352;117203;-87;18;2124;3;-34;3;-304;45;-2684;27037
48;353;117523;-89;36;2122;4;-40;1;-306;45;-2693;47199
48;354;117984;-74;37;2124;5;-27;2;-295;51;-2683;62029
48;355;118306;-94;24;2121;4;-39;1;-298;52;-2690;51453
48;356;118625;-93;24;2119;7;-22;5;-304;57;-2688;30978
48;357;118980;-98;21;2122;8;-36;4;-293;52;-2698;30665
48;358;119298;-93;30;2122;2;-19;1;-294;53;-2713;7514
48;359;119620;-105;25;2121;6;-13;4;-296;49;-2704;30690
48;360;119977;-100;30;2124;8;-14;5;-294;50;-2699;2597
48;361;120296;-84;28;2126;4;-20;4;-296;58;-2702;35328
48;362;120847;-110;14;2126;7;-24;5;-291;57;-2691;2087
48;363;121085;-78;28;2125;10;-17;4;-298;55;-2712;38129
48;364;121404;-84;19;2123;6;-37;3;-292;51;-2696;18273
48;365;121633;-99;28;2124;10;-23;5;-302;62;-2705;46210
48;366;121952;-98;11;2124;4;-25;4;-300;56;-2698;27200
48;367;122290;-87;24;2126;4;-33;5;-295;52;-2700;36076
48;368;122522;-102;25;2122;3;-35;3;-293;46;-2696;578
48;369;122948;-92;32;2122;3;-52;2;-294;55;-2697;32438
48;370;123301;-106;34;2118;6;-30;5;-307;51;-2702;5562
48;371;123620;-102;23;2121;5;-28;3;-309;50;-2682;61942
48;372;123943;-94;28;2121;8;-20;5;-293;52;-2713;49086
48;373;124277;-79;23;2125;4;-17;4;-306;58;-2688;35485
48;374;124510;-110;28;2126;1;-50;5;-307;43;-2693;52721
48;375;124935;-79;38;2122;5;-47;1;-311;65;-2700;26903
48;376;125167;-109;29;2122;0;-21;4;-290;61;-2690;51616
48;377;125617;-96;34;2122;1;-24;2;-293;55;-2696;42763
48;378;125956;-92;31;2119;6;-23;4;-294;53;-2695;14534
48;379;126278;-84;79;2139;3;-21;3;-295;56;-2706;8220
48;380;126952;-82;28;2120;10;-47;4;-304;53;-2703;38012
48;381;127270;-100;26;2126;5;-36;3;-312;50;-2700;43598
48;382;127588;-99;13;2123;2;-32;0;-297;49;-2716;25353
48;383;127943;-94;22;2123;5;-30;3;-292;54;-2701;11563
48;384;128262;-96;22;2122;4;-22;3;-295;52;-2701;16717
48;385;128596;-93;26;2123;6;-24;5;-306;55;-2692;16401
48;386;128942;-92;25;2123;5;-27;2;-298;47;-2685;10668
48;387;129264;-88;31;2121;6;-20;3;-295;69;-2705;25409
48;388;129492;-85;26;2124;6;-29;3;-291;57;-2695;42128
48;389;129812;-85;23;2127;4;-31;2;-290;47;-2701;29159
48;390;130045;-91;26;2126;6;-26;2;-288;51;-2694;63056
48;391;130379;-101;19;2124;3;-32;4;-302;51;-2685;17698
48;392;130911;-83;32;2123;8;-20;4;-301;54;-2691;811
48;393;131143;-87;38;2122;6;-36;4;-304;50;-2695;57255
48;394;131375;-94;38;2115;15;-27;5;-306;62;-2685;11667
48;395;131805;-86;16;2131;8;-38;3;-316;51;-2702;27100
48;396;132269;-91;31;2128;9;-27;4;-302;53;-2686;23403
48;397;132592;-88;27;2126;6;-21;4;-304;47;-2696;15417
48;398;132912;-103;19;2125;6;-21;5;-301;59;-2694;58382
48;399;133139;-90;19;2122;5;-17;3;-310;41;-2683;12437
48;400;133373;-95;25;2124;2;-34;1;-300;46;-2691;50377
48;401;133799;-92;21;2124;4;-14;3;-300;43;-2702;49753
48;402;134030;-91;28;2123;4;-37;3;-298;62;-2699;34780
48;403;134369;-94;25;2123;4;-38;2;-309;57;-2681;51678
48;404;134917;-95;33;2121;5;-22;2;-305;52;-2696;37074
48;405;135234;-99;20;2126;7;-21;3;-307;48;-2686;33624
48;406;135577;-90;24;2123;5;-22;2;-304;54;-2694;4877
48;407;135912;-83;21;2123;5;-22;6;-308;53;-2689;38673
48;408;136230;-83;29;2123;3;-29;0;-307;55;-2693;61624
48;409;136587;-93;25;2123;8;-17;4;-312;51;-2696;3473
48;410;136911;-80;34;2123;4;-26;4;-294;45;-2697;11674
48;411;137229;-74;23;2123;4;-39;2;-294;48;-2684;61368
48;412;137563;-78;20;2125;1;-47;4;-300;57;-2688;49942
48;413;137907;-76;23;2125;3;-43;4;-297;50;-2688;21094
48;414;138225;-88;29;2122;4;-41;6;-293;51;-2684;59990
48;415;138458;-99;28;2122;3;-22;2;-304;41;-2695;3732
48;416;138903;-92;31;2125;6;-31;5;-306;52;-2707;49733
48;417;139237;-88;24;2129;8;-24;6;-314;51;-2697;3557
48;418;139559;-101;26;2124;7;-26;4;-299;49;-2697;55
48;419;139901;-97;27;2123;10;-21;5;-301;49;-2697;52101
48;420;140128;-68;16;2124;5;-23;0;-292;51;-2698;20712
48;421;140451;-60;22;2120;8;-14;7;-300;52;-2685;35418
48;422;140771;-82;21;2120;13;-14;4;-294;56;-2690;22538
48;423;141020;-110;35;2122;7;-40;2;-300;60;-2687;46388
48;424;141338;-97;23;2120;2;-54;1;-300;56;-2690;16139
48;425;141893;-105;27;2121;11;-21;3;-300;46;-2686;9387
48;426;142125;-89;25;2124;5;-10;3;-296;56;-2683;10992
48;427;142444;-78;45;2122;10;-45;3;-301;47;-2679;38120
48;428;142889;-99;20;2125;5;-9;4;-301;43;-2686;48123
48;429;143228;-101;7;2128;1;5;4;-303;50;-2683;1441
48;430;143546;-100;38;2117;6;-18;3;-299;57;-2684;25905
48;431;143882;-74;38;2121;7;-24;4;-295;54;-2686;42181
48;432;144204;-51;39;2124;9;-36;4;-293;50;-2687;37475
48;433;144437;-109;38;2119;6;-43;5;-300;51;-2691;16136
48;434;144779;-93;28;2123;7;-28;6;-305;39;-2679;1888
48;435;145097;-113;23;2123;6;-43;3;-295;44;-2687;54443
48;436;145557;-74;14;2125;3;-48;1;-298;50;-2704;23447
48;437;145877;-88;34;2123;2;-45;0;-300;54;-2694;59515
48;438;146195;-99;34;2122;6;-33;3;-303;46;-2689;25877
48;439;146424;-102;32;2118;6;-10;4;-305;54;-2688;50538
48;440;146764;-90;28;2123;9;-17;3;-321;48;-2691;998
48;441;147086;-73;26;2122;6;-24;2;-298;52;-2686;49547
48;442;147314;-89;31;2124;5;-45;6;-301;48;-2691;2866
48;443;147871;-119;28;2121;3;-29;2;-301;52;-2692;7356
48;444;148102;-80;22;2124;5;-11;5;-303;51;-2674;11300
48;445;148421;-70;29;2122;10;-12;6;-298;48;-2702;61314
48;446;148870;-99;34;2120;11;-19;5;-299;53;-2682;12599
48;447;149098;-80;30;2125;8;-38;2;-301;50;-2683;6237
48;448;149416;-80;32;2123;5;-35;4;-307;53;-2686;57758
48;449;149882;-87;25;2122;4;-13;7;-302;50;-2699;22494
48;450;150200;-89;18;2126;3;-32;3;-295;61;-2686;40476
48;451;150518;-97;32;2121;5;-26;4;-301;49;-2681;41347
48;452;150853;-101;28;2119;6;-16;4;-301;52;-2676;17665
48;453;151091;-87;18;2123;3;-17;3;-305;54;-2690;53464
48;454;151410;-87;26;2121;4;-26;1;-303;55;-2683;33445
48;455;151854;-97;23;2124;6;-31;4;-306;47;-2684;8602
48;456;152192;-91;26;2126;4;-29;3;-303;50;-2697;64778
48;457;152530;-90;21;2125;6;-18;4;-304;50;-2682;29697
48;458;152850;-86;29;2124;5;-21;2;-308;46;-2697;55223
48;459;153188;-86;26;2122;4;-19;2;-294;47;-2693;18241
48;460;153417;-91;27;2122;5;-29;7;-298;50;-2684;6325
48;461;153737;-87;23;2125;5;-28;3;-293;54;-2685;26788
48;462;154055;-91;26;2125;6;-22;4;-307;59;-2683;54482
48;463;154308;-89;28;2123;6;-31;4;-304;53;-2688;62193
48;464;154847;-90;23;2124;5;-26;3;-304;54;-2687;6406
48;465;155181;-91;28;2123;7;-29;5;-302;53;-2680;37301
48;466;155415;-101;24;2123;6;-31;5;-296;56;-2691;46984
48;467;155739;-99;26;2128;6;-26;4;-294;50;-2685;33037
48;468;156179;-87;26;2126;5;-29;5;-299;58;-2676;13710
48;469;156518;-85;25;2123;4;-33;4;-299;55;-2693;15370
48;470;156838;-87;28;2125;5;-35;2;-302;60;-2675;58015
48;471;157066;-95;23;2120;4;-27;2;-312;49;-2678;50548
48;472;157392;-94;27;2124;4;-26;1;-295;57;-2689;18585
48;473;157853;-88;26;2123;4;-24;3;-299;51;-2678;52698
48;474;158171;-78;24;2120;5;-23;2;-300;48;-2672;53180
48;475;158490;-86;22;2123;5;-25;3;-305;53;-2674;9552
48;476;158845;-95;24;2123;5;-26;3;-304;52;-2672;49454
48;477;159163;-86;26;2124;3;-27;1;-304;54;-2682;32893
48;478;159481;-91;25;2122;6;-23;6;-297;52;-2682;20695
48;479;159839;-86;28;2123;5;-25;4;-296;50;-2684;13256
48;480;160161;-92;29;2123;5;-23;4;-293;60;-2694;44450
48;481;160712;-96;25;2127;4;-25;2;-297;40;-2702;51558
48;482;160949;-89;22;2124;5;-26;3;-292;46;-2699;23883
48;483;161267;-89;29;2127;6;-24;4;-293;44;-2691;13709
48;484;161496;-89;25;2122;3;-29;1;-299;42;-2696;49051
48;485;161816;-97;25;2125;5;-24;3;-293;46;-2694;8498
48;486;162155;-90;26;2123;6;-27;4;-304;45;-2680;39725
48;487;162383;-94;24;2123;4;-31;3;-304;47;-2685;57954
48;488;162813;-92;23;2126;4;-29;2;-291;55;-2683;45192
48;489;163166;-88;27;2124;3;-27;2;-296;50;-2686;18135
48;490;163485;-89;28;2124;4;-27;4;-303;45;-2682;644
48;491;163812;-91;24;2124;5;-25;4;-306;52;-2686;34630
48;492;164146;-92;29;2125;4;-27;2;-302;55;-2683;64613
48;493;164379;-91;27;2126;4;-30;2;-304;48;-2672;31667
48;494;164804;-93;25;2126;7;-22;6;-308;52;-2684;32342
48;495;165032;-90;23;2125;7;-24;5;-308;60;-2670;24610
48;496;165374;-93;24;2126;6;-23;4;-309;54;-2680;24516
48;497;165697;-98;25;2125;6;-21;3;-304;53;-2676;46348
48;498;165925;-91;24;2124;6;-22;5;-301;62;-2687;24092
48;499;166243;-93;26;2125;4;-30;4;-296;59;-2682;50092
48;500;166811;-92;30;2124;5;-28;3;-299;50;-2677;27699
48;501;167133;-91;27;2123;8;-24;6;-301;51;-2677;4678
48;502;167455;-93;22;2119;4;-26;2;-306;60;-2681;36361
48;503;167810;-86;27;2123;5;-30;5;-292;56;-2683;34297
48;504;168030;-98;29;2126;3;-30;1;-299;54;-2679;53735
48;505;168469;-80;21;2124;3;-30;5;-302;47;-2699;64251
48;506;168819;-92;24;2123;2;-26;1;-310;53;-2691;45677
48;507;169138;-89;24;2121;3;-26;2;-306;52;-2695;3992
48;508;169471;-103;26;2125;9;-2;6;-293;55;-2685;42945
48;509;169813;-121;29;2123;10;-14;5;-299;46;-2685;23631
48;510;170135;-107;31;2124;9;-12;2;-309;44;-2681;20387
48;511;170363;-71;33;2122;4;-15;3;-300;49;-2673;65059
48;512;170792;-95;20;2127;7;1;4;-295;48;-2687;19646
48;513;171025;-79;13;2124;3;-50;1;-307;51;-2691;43975
48;514;171253;-105;20;2123;3;-35;1;-302;48;-2681;53887
48;515;171793;-97;25;2125;11;-7;7;-294;52;-2669;60736
48;516;172146;-133;42;2120;6;-21;5;-295;50;-2674;31452
48;517;172465;-106;22;2124;6;-14;5;-306;51;-2680;61323
48;518;172785;-106;33;2123;2;-19;3;-296;54;-2682;14207
48;519;173013;-90;21;2126;2;-6;3;-305;42;-2676;40377
48;520;173250;-84;24;2127;0;-24;3;-314;50;-2690;47499
48;521;173676;-92;16;2128;2;-29;3;-302;46;-2684;13195
48;522;173905;-94;31;2120;9;-20;6;-300;51;-2680;16990
48;523;174243;-102;23;2120;7;-25;3;-300;43;-2687;45221
48;524;174791;-81;31;2121;7;-22;3;-295;61;-2685;26529
48;525;175108;-88;18;2129;7;-17;5;-313;48;-2683;64245
48;526;175451;-93;21;2124;7;-16;6;-298;57;-2686;23772
48;527;175790;-96;23;2126;6;-19;5;-300;46;-2683;20080
48;528;176109;-94;25;2125;5;-23;5;-295;55;-2677;5183
48;529;176466;-92;28;2124;4;-26;3;-303;41;-2692;9360
48;530;176786;-90;23;2125;3;-23;1;-307;51;-2688;60176
48;531;177105;-85;30;2125;6;-25;3;-297;52;-2686;12725
48;532;177438;-97;27;2123;5;-19;4;-308;39;-2683;2581
48;533;177784;-90;28;2122;7;-27;6;-297;50;-2689;50274
48;534;178102;-95;27;2122;8;-22;6;-302;42;-2687;13759
48;535;178331;-84;29;2125;7;-26;6;-311;49;-2696;64195
48;536;178779;-93;21;2122;8;-28;5;-300;52;-2677;51396
48;537;179113;-98;21;2125;5;-15;5;-298;44;-2686;9001
48;538;179431;-100;23;2124;3;-28;4;-314;48;-2681;58368
48;539;179777;-99;28;2122;5;-26;5;-306;48;-2685;38264
48;540;180006;-89;21;2127;2;-17;2;-305;62;-2677;54846
48;541;180324;-85;25;2123;4;-27;3;-302;48;-2680;43001
48;542;180644;-90;26;2120;6;-25;3;-301;42;-2680;15902
48;543;180893;-92;28;2125;4;-27;3;-308;53;-2691;4368
48;544;181214;-83;30;2123;3;-28;2;-308;50;-2691;29105
48;545;181762;-94;34;2123;1;-32;2;-305;65;-2694;3942
48;546;181997;-95;24;2122;2;-30;3;-305;47;-2673;55312
48;547;182315;-92;26;2122;3;-32;4;-301;47;-2681;11771
48;548;182764;-95;27;2123;4;-25;4;-317;41;-2691;1431
48;549;183104;-90;23;2127;4;-28;2;-301;50;-2687;17456
48;550;183426;-87;27;2121;2;-32;1;-297;55;-2693;5072
48;551;183765;-94;23;2125;5;-26;4;-301;53;-2678;60812
48;552;184083;-91;27;2124;4;-28;3;-309;53;-2678;32653
48;553;184318;-90;24;2121;6;-25;4;-298;42;-2688;45909
48;554;184653;-96;21;2125;5;-25;5;-302;54;-2681;57686
48;555;184972;-94;24;2123;5;-31;5;-301;38;-2683;13300
48;556;185432;-94;29;2123;4;-21;5;-303;52;-2685;30504
48;557;185752;-100;26;2122;5;-31;4;-307;48;-2677;40223
48;558;186074;-93;35;2120;8;-29;6;-301;44;-2675;43037
48;559;186306;-90;30;2124;7;-27;5;-301;56;-2676;16925
48;560;186646;-91;22;2126;4;-30;3;-305;45;-2683;15152
48;561;186969;-89;24;2119;4;-33;3;-298;53;-2679;58720
48;562;187197;-94;26;2123;4;-29;3;-306;51;-2687;54279
48;563;187749;-91;27;2125;5;-26;3;-297;60;-2677;61981
48;564;188083;-94;22;2121;5;-25;5;-296;50;-2689;54406
48;565;188401;-88;20;2125;5;-32;2;-306;56;-2683;23647
48;566;188744;-81;25;2123;6;-26;6;-289;53;-2694;5624
48;567;188978;-86;25;2122;4;-28;3;-299;46;-2692;2391
48;568;189296;-91;21;2125;5;-26;4;-291;55;-2684;31373
48;569;189757;-88;27;2129;5;-27;4;-301;54;-2682;476
48;570;190075;-90;24;2124;5;-27;3;-290;48;-2672;10944
48;571;190394;-93;24;2122;5;-25;3;-293;51;-2671;62645
48;572;190729;-92;25;2127;4;-26;4;-299;58;-2672;35922
48;573;190966;-93;23;2129;6;-25;5;-301;46;-2684;63123
48;574;191284;-90;24;2122;4;-27;3;-300;49;-2681;29543
48;575;191729;-88;24;2126;6;-25;6;-296;49;-2689;58825
48;576;192069;-92;27;2122;5;-24;4;-298;57;-2683;22865
48;577;192406;-91;24;2123;5;-26;3;-300;55;-2676;53558
48;578;192726;-91;29;2120;4;-29;1;-304;59;-2691;38855
48;579;193065;-90;24;2122;6;-26;4;-296;61;-2689;62076
48;580;193293;-90;26;2125;5;-25;3;-297;59;-2710;60638
48;581;193613;-90;24;2124;5;-26;2;-284;53;-2691;52555
48;582;193931;-91;25;2126;5;-27;4;-301;59;-2694;57622
48;583;194182;-83;27;2124;6;-24;4;-296;56;-2687;28977
48;584;194717;-89;26;2126;3;-26;0;-307;43;-2683;26692
48;585;195055;-89;23;2122;6;-25;7;-301;59;-2690;32545
48;586;195304;-91;27;2124;6;-25;5;-301;53;-2695;34606
48;587;195729;-90;23;2121;4;-29;2;-294;55;-2691;20473
48;588;196063;-89;24;2124;4;-27;3;-302;66;-2708;4285
48;589;196402;-91;21;2125;5;-26;3;-300;49;-2697;34305
48;590;196722;-90;24;2128;5;-26;3;-308;61;-2682;48554
48;591;196954;-90;27;2125;6;-26;3;-298;52;-2696;29412
48;592;197272;-90;27;2121;4;-28;2;-293;52;-2677;44804
48;593;197612;-90;25;2123;5;-26;3;-292;53;-2680;12064
48;594;197841;-88;28;2121;5;-27;4;-290;53;-2694;39935
48;595;198158;-88;25;2125;5;-26;3;-300;65;-2689;55493
48;596;198732;-90;25;2123;4;-28;2;-287;61;-2682;59509
48;597;199054;-88;24;2125;5;-29;3;-288;52;-2679;4738
48;598;199372;-93;22;2126;6;-24;5;-289;55;-2685;26270
48;599;199732;-91;25;2123;4;-27;3;-298;54;-2692;42981
48;600;200051;-87;22;2125;6;-25;3;-294;64;-2676;19787
48;601;200384;-92;24;2123;6;-24;4;-288;48;-2681;17005
48;602;200725;-88;26;2121;4;-29;3;-300;53;-2676;23090
48;603;201043;-89;26;2126;5;-28;2;-301;57;-2695;21451
48;604;201271;-87;24;2124;4;-29;3;-292;54;-2688;1927
48;605;201595;-89;24;2124;3;-29;2;-292;60;-2695;46635
48;606;201828;-91;24;2123;5;-27;5;-283;49;-2700;778
48;607;202272;-90;23;2126;3;-29;2;-286;55;-2688;36151
48;608;202698;-92;26;2127;4;-25;3;-291;56;-2690;27430
48;609;203056;-89;26;2123;6;-27;4;-291;56;-2680;10714
48;610;203374;-91;27;2123;3;-29;3;-295;59;-2688;41503
48;611;203694;-90;25;2123;4;-28;1;-296;51;-2690;1156
48;612;204048;-88;25;2124;4;-28;2;-297;51;-2693;25049
48;613;204367;-87;24;2124;4;-27;4;-290;43;-2689;45742
48;614;204691;-91;24;2122;5;-24;4;-304;57;-2685;46103
48;615;204923;-87;26;2125;5;-25;4;-296;56;-2687;59351
48;616;205261;-89;24;2124;7;-23;4;-295;54;-2692;31076
48;617;205706;-86;24;2124;5;-29;3;-293;58;-2682;44395
48;618;206024;-89;24;2128;7;-26;4;-293;52;-2680;20499
48;619;206258;-90;26;2124;4;-28;3;-285;44;-2673;27669
48;620;206700;-93;24;2121;5;-26;3;-292;61;-2674;3427
48;621;207023;-88;22;2122;4;-27;2;-295;51;-2683;16505
48;622;207362;-92;24;2124;5;-26;5;-292;61;-2681;53177
48;623;207701;-90;24;2125;6;-25;6;-300;50;-2692;27491
48;624;208023;-90;24;2122;6;-26;5;-306;53;-2677;11060
48;625;208357;-89;26;2125;4;-27;2;-291;46;-2677;29055
48;626;208697;-90;26;2126;6;-26;3;-294;50;-2683;35427
48;627;209016;-91;27;2124;5;-28;2;-281;60;-2682;6477
48;628;209349;-90;24;2125;4;-27;3;-301;58;-2693;25442
48;629;209700;-89;28;2122;5;-27;3;-306;55;-2677;64006
48;630;210019;-92;26;2125;6;-26;5;-298;50;-2697;6027
48;631;210250;-89;25;2123;4;-28;3;-292;53;-2682;57476
48;632;210696;-89;23;2122;5;-25;3;-292;60;-2690;2409
48;633;211140;-89;20;2123;3;-29;3;-297;53;-2693;38070
48;634;211573;-88;26;2126;6;-26;4;-280;37;-2687;9843
48;635;211806;-91;22;2124;5;-23;4;-293;50;-2686;32023
48;636;212034;-93;25;2122;6;-26;4;-294;58;-2689;12659
48;637;212353;-87;22;2121;3;-28;1;-298;49;-2690;16876
48;638;212677;-89;27;2124;5;-24;3;-297;63;-2685;43892
48;639;212925;-90;25;2121;5;-25;3;-297;57;-2694;64382
48;640;213244;-91;21;2123;5;-27;4;-296;47;-2677;25792
48;641;213564;-87;25;2123;6;-25;5;-294;52;-2677;1376
48;642;213792;-90;28;2124;5;-27;3;-300;45;-2673;27412
48;643;214135;-95;23;2126;6;-27;3;-291;53;-2684;56478
48;644;214687;-88;23;2127;5;-27;2;-302;43;-2688;12754
48;645;215005;-88;26;2126;6;-27;4;-299;54;-2679;19059
48;646;215242;-91;24;2124;4;-24;4;-300;51;-2676;46716
48;647;215683;-91;26;2123;5;-26;1;-297;51;-2683;60091
48;648;216001;-93;26;2126;5;-28;4;-308;58;-2679;25535
48;649;216355;-87;28;2122;6;-25;4;-291;57;-2686;50808
48;650;216679;-87;26;2119;5;-26;4;-297;55;-2678;59746
48;651;216998;-87;26;2125;4;-24;5;-304;48;-2679;42308
48;652;217352;-93;25;2123;5;-27;4;-292;58;-2691;56636
48;653;217675;-85;26;2124;7;-27;4;-293;48;-2687;32446
48;654;217998;-89;26;2125;5;-26;3;-299;58;-2693;18829
48;655;218226;-88;25;2124;5;-26;4;-304;50;-2696;61655
48;656;218672;-86;24;2126;4;-30;3;-296;46;-2688;11473
48;657;219010;-89;26;2126;4;-27;2;-289;55;-2693;32249
48;658;219328;-84;12;2126;3;-27;4;-301;60;-2709;24643
48;659;219668;-94;19;2126;8;-32;6;-310;54;-2696;3538
48;660;220002;-89;34;2125;5;-28;2;-306;54;-2686;11928
48;661;220320;-85;25;2119;6;-23;3;-308;54;-2688;902
48;662;220668;-85;30;2124;6;-27;4;-298;52;-2690;29082
48;663;220896;-85;30;2124;5;-30;4;-299;55;-2688;4241
48;664;221214;-92;25;2125;5;-27;4;-296;44;-2672;29079
48;665;221655;-91;28;2126;5;-22;3;-305;55;-2674;64538
48;666;221890;-88;25;2121;5;-26;4;-292;56;-2687;9504
48;667;222208;-89;26;2126;4;-23;5;-300;54;-2689;28186
48;668;222652;-88;32;2122;4;-28;3;-306;56;-2695;65054
48;669;222991;-96;25;2123;2;-34;2;-292;57;-2690;62503
48;670;223313;-89;23;2120;6;-36;4;-283;56;-2683;166
48;671;223653;-93;25;2125;5;-30;4;-292;51;-2673;23841
48;672;223995;-88;23;2122;4;-33;3;-291;56;-2695;51105
48;673;224542;280;206;2126;146;-198;-46;-303;54;-2694;43475
48;674;224860;-233;-119;2285;279;212;19;-289;3;-2674;53062
48;675;225094;-18;-47;2177;-66;-57;-20;-292;52;-2696;16006
48;676;225322;-147;21;2244;188;-189;-22;-300;52;-2696;29186
48;677;225641;-155;-37;2147;113;-95;-2;-299;51;-2683;20389
48;678;225964;-93;-34;2074;31;-103;-17;-298;48;-2699;29166
48;679;226212;-127;-66;2171;-6;60;7;-289;59;-2701;50527
48;680;226532;-70;26;2125;-11;24;7;-291;53;-2682;60610
48;681;226855;-80;23;2125;20;-40;4;-304;53;-2693;56179
48;682;227087;-121;13;2126;8;-41;1;-299;57;-2690;42971
48;683;227533;-93;11;2131;7;-31;5;-300;51;-2689;20570
48;684;227973;-98;-6;2105;-21;-23;0;-299;52;-2695;2491
48;685;228291;-94;63;2138;24;-16;6;-300;58;-2675;47631
48;686;228639;-145;-29;2100;18;12;14;-292;53;-2686;61885
48;687;228867;-11;-75;2142;-43;17;5;-293;50;-2703;61424
48;688;229185;-146;-37;2099;-58;-103;-10;-310;44;-2676;52975
48;689;229647;-73;154;2056;44;-36;16;-301;46;-2688;5376
48;690;229969;-69;-40;2116;-306;-179;-23;-310;24;-2680;27291
48;691;230287;-86;-23;2059;97;-42;-6;-293;15;-2680;55930
48;692;230643;-118;-8;2142;-12;-41;-6;-292;26;-2669;19945
48;693;230961;-113;-28;2132;-18;-11;8;-291;19;-2677;19704
48;694;231286;-85;-26;2085;102;45;12;-287;19;-2686;6105
48;695;231621;-48;-31;2121;-74;20;11;-308;19;-2672;20692
48;696;231854;-104;-150;2099;-31;-40;5;-294;11;-2668;11691
48;697;232172;-95;-26;2110;53;-13;2;-305;11;-2679;21979
48;698;232507;-89;-25;2112;-57;-31;3;-294;19;-2683;13808
48;699;232957;-76;-21;2141;-37;-33;3;-290;11;-2673;52980
48;700;233290;-74;-80;2124;-18;18;8;-295;10;-2675;23577
48;701;233610;-180;-63;2150;97;56;3;-289;15;-2662;18300
48;702;233953;-97;-67;2149;115;-49;1;-293;18;-2670;16187
48;703;234181;-126;-25;2121;-67;-94;-5;-295;14;-2673;4876
48;704;234610;-66;-40;2153;-38;-82;-11;-293;20;-2675;37964
48;705;234948;57;-38;2166;97;-341;-45;-295;22;-2663;7612
48;706;235181;-69;-40;2094;7;-292;-22;-300;57;-2683;10020
48;707;235606;-152;46;2103;44;49;10;-273;55;-2693;41968
48;708;235945;-120;-28;2106;-111;166;27;-287;55;-2690;37257
48;709;236284;-277;-37;2124;-128;-42;19;-292;28;-2675;25679
48;710;236608;-318;-250;2062;-12;-43;-6;-295;16;-2672;3978
48;711;236836;-224;-53;2175;153;99;11;-295;8;-2671;57678
48;712;237154;-185;-299;2088;-67;-33;9;-299;7;-2674;36744
48;713;237495;-153;-35;2129;54;-44;1;-309;31;-2670;30168
48;714;237723;-77;269;2078;166;-32;13;-303;61;-2693;53122
48;715;238041;-106;-34;2129;39;-37;1;-293;40;-2698;52339
48;716;238609;-75;-43;2066;-96;-22;2;-297;49;-2684;59384
48;717;238935;-88;-41;2115;64;-42;3;-307;58;-2684;22021
48;718;239257;-112;86;2109;5;-51;6;-302;55;-2700;6637
48;719;239616;-107;45;2117;6;-43;5;-311;58;-2691;52173
48;720;239934;-111;24;2123;4;-32;0;-302;51;-2696;12217
48;721;240267;-93;29;2127;9;-29;4;-301;49;-2695;49924
48;722;240608;-98;41;2124;7;-30;5;-291;55;-2679;2694
48;723;240927;-85;32;2122;5;-38;4;-307;57;-2671;14272
48;724;241155;-96;30;2125;4;-44;2;-297;54;-2680;59044
48;725;241474;-95;39;2123;2;-47;6;-295;58;-2673;2847
48;726;241716;-116;18;2124;1;-18;3;-296;53;-2693;42473
48;727;242156;-96;29;2126;8;-3;4;-304;52;-2712;26547
48;728;242581;-87;39;2123;-6;-54;4;-304;52;-2682;24768
48;729;242939;-94;16;2124;-1;-37;3;-292;56;-2680;6856
48;730;243258;-80;38;2124;-6;-35;2;-301;56;-2678;50338
48;731;243578;-92;37;2123;3;-41;2;-304;51;-2681;54459
48;732;243933;-80;42;2121;5;-31;4;-298;50;-2690;56328
48;733;244251;-104;20;2120;9;-16;4;-292;55;-2673;32529
48;734;244575;-88;18;2126;8;-28;5;-297;54;-2689;38615
48;735;244807;-96;32;2125;9;-39;3;-298;68;-2668;37601
48;736;245145;-89;30;2123;5;-32;3;-298;73;-2689;32444
48;737;245590;-87;35;2118;5;-21;4;-305;47;-2687;12801
48;738;245909;-110;26;2122;4;-13;2;-303;43;-2682;17467
48;739;246142;-98;28;2126;3;-8;4;-297;62;-2690;46302
48;740;246583;-98;21;2122;3;-46;3;-296;59;-2678;58536
48;741;246906;-106;21;2125;3;-34;3;-291;57;-2695;5543
48;742;247583;-99;25;2122;5;-36;3;-298;51;-2681;2504
48;743;247902;-115;28;2122;9;-11;6;-301;54;-2679;1084
48;744;248235;-96;14;2126;7;-22;5;-298;59;-2680;18389
48;745;248578;-86;29;2124;11;-17;5;-306;55;-2687;8849
48;746;248897;-107;26;2125;5;21;7;-298;61;-2681;28144
48;747;249230;-83;22;2121;6;-11;3;-295;68;-2683;3698
48;748;249575;-118;19;2122;6;-3;4;-293;61;-2684;19891
48;749;249894;-99;45;2121;14;-16;6;-293;62;-2677;18708
48;750;250121;-99;44;2120;6;-30;2;-289;64;-2681;52927
48;751;250567;-85;33;2122;7;-44;4;-301;64;-2681;17430
48;752;251013;-79;43;2120;15;-21;4;-302;53;-2667;37143
48;753;251441;-120;40;2120;5;-14;4;-291;51;-2687;47138
48;754;251678;-72;37;2120;-2;-8;5;-298;50;-2679;18725
48;755;251906;-59;54;2120;-1;-33;4;-290;54;-2674;1280
48;756;252225;-92;19;2128;6;-58;2;-305;55;-2672;15546
48;757;252548;-86;44;2120;10;-37;4;-299;42;-2685;25178
48;758;252797;-99;37;2121;7;-21;5;-302;47;-2687;48612
48;759;253116;-102;24;2126;4;-44;3;-293;48;-2689;38101
48;760;253435;-85;45;2121;-4;-53;3;-301;52;-2676;44331
48;761;253664;-104;30;2124;-5;-54;3;-304;53;-2691;21233
48;762;254002;-87;41;2121;2;-53;3;-304;52;-2686;31526
48;763;254556;-125;20;2123;0;-40;3;-305;59;-2678;38242
48;764;254776;-90;23;2129;3;2;6;-307;62;-2681;3405
48;765;255125;-102;0;2127;3;-20;4;-302;57;-2674;48436
48;766;255566;-92;10;2128;0;-43;2;-304;58;-2692;63389
48;767;255884;-94;44;2121;2;-59;1;-298;61;-2669;63464
48;768;256238;-101;36;2120;7;-44;5;-303;58;-2678;22562
48;769;256562;-104;29;2123;6;-40;1;-299;48;-2683;15291
48;770;256880;-99;28;2120;5;-25;5;-295;63;-2696;55291
48;771;257234;-96;23;2125;5;-26;4;-307;49;-2690;22378
48;772;257558;-84;26;2126;8;-4;6;-297;58;-2679;34319
48;773;257880;-89;21;2122;6;-8;4;-292;54;-2683;7592
48;774;258108;-91;28;2120;4;-35;3;-305;56;-2673;2170
48;775;258559;-91;28;2121;5;-30;4;-303;46;-2690;61927
48;776;258892;-106;21;2125;4;-46;1;-311;54;-2693;28509
48;777;259211;-96;30;2126;4;-39;3;-309;58;-2689;8195
48;778;259551;-99;24;2124;6;-31;4;-304;59;-2694;54600
48;779;259885;-94;33;2120;8;-26;6;-290;50;-2690;8520
48;780;260203;-94;28;2124;4;-25;4;-294;48;-2682;60906
48;781;260547;-101;29;2124;5;-30;4;-301;51;-2683;26806
48;782;260775;-92;26;2124;4;-22;3;-295;54;-2677;48725
48;783;261097;-102;32;2123;6;-26;4;-298;55;-2686;13908
48;784;261538;-96;31;2125;4;-39;4;-307;57;-2682;57799
48;785;261771;-99;27;2122;5;-20;4;-295;55;-2685;51760
48;786;262090;-89;24;2125;6;-28;3;-310;54;-2690;12167
48;787;262534;-97;30;2122;5;-20;4;-297;54;-2677;30468
48;788;262877;-96;25;2121;5;-25;3;-300;54;-2681;18518
48;789;263199;-88;20;2122;5;-20;4;-294;51;-2685;40541
48;790;263535;-93;18;2124;2;-32;5;-294;51;-2668;6364
48;791;263873;-83;33;2126;4;-21;4;-298;52;-2692;19752
48;792;264425;-111;18;2128;0;-31;2;-292;54;-2683;12731
48;793;264743;-101;30;2124;1;-35;2;-298;48;-2677;31662
48;794;264976;-98;20;2123;1;-22;2;-296;56;-2682;53950
48;795;265204;-83;23;2123;6;-25;3;-295;49;-2674;20572
48;796;265528;-89;21;2125;2;-30;3;-300;63;-2688;54686
48;797;265847;-82;28;2124;4;-28;4;-307;50;-2679;47881
48;798;266097;-97;25;2125;4;-37;3;-294;54;-2673;24877
48;799;266416;-93;29;2120;3;-39;1;-297;58;-2671;25750
48;800;266739;-90;22;2122;6;-31;5;-308;47;-2678;30554
48;801;266967;-103;23;2122;4;-28;2;-308;64;-2682;34531
48;802;267416;-93;26;2120;3;-33;2;-296;61;-2676;34484
48;803;267857;-97;25;2123;7;-23;5;-301;39;-2683;11030
48;804;268179;-95;27;2124;6;-24;5;-299;53;-2677;15683
48;805;268523;-98;25;2125;5;-25;4;-290;62;-2696;8932
48;806;268751;-94;23;2125;6;-21;5;-301;54;-2687;29638
48;807;269070;-93;25;2124;5;-30;3;-307;59;-2677;19265
48;808;269531;-90;27;2124;6;-27;4;-298;49;-2679;16012
48;809;269849;-88;31;2125;6;-22;4;-294;46;-2672;10229
48;810;270167;-90;24;2126;6;-23;4;-290;50;-2678;18426
48;811;270527;-93;31;2120;6;-27;6;-314;56;-2671;50666
48;812;270851;-95;25;2123;5;-28;5;-298;50;-2690;741
48;813;271170;-84;28;2123;5;-27;3;-298;59;-2686;52168
48;814;271505;-89;26;2120;5;-24;3;-306;48;-2676;57668
48;815;271738;-90;34;2122;5;-29;4;-304;51;-2679;24290
48;816;272056;-95;23;2125;8;-32;3;-288;45;-2688;27593
48;817;272391;-95;20;2128;4;-36;4;-296;55;-2696;32256
48;818;272840;-90;23;2125;6;-16;4;-292;50;-2673;35165
48;819;273173;-93;20;2125;7;-28;3;-300;44;-2690;49786
48;820;273394;-93;26;2124;6;-23;3;-302;53;-2677;64300
48;821;273716;-100;21;2123;3;-30;3;-303;55;-2667;64048
48;822;273964;-95;19;2126;5;-22;3;-298;58;-2680;23504
48;823;274500;-89;27;2121;5;-30;4;-294;59;-2688;2176
48;824;274834;-92;16;2124;3;-31;3;-303;55;-2673;49159
48;825;275067;-93;26;2123;5;-29;3;-300;47;-2689;25865
48;826;275492;-93;30;2125;2;-24;2;-298;51;-2680;44486
48;827;275826;-91;28;2123;4;-27;3;-289;49;-2691;40284
48;828;276168;-94;32;2121;4;-23;5;-298;46;-2689;59937
48;829;276488;-94;26;2123;5;-26;4;-291;58;-2681;63830
48;830;276720;-91;24;2127;4;-27;2;-301;55;-2673;2352
48;831;277039;-88;30;2124;2;-27;1;-304;52;-2672;8486
48;832;277379;-90;22;2123;3;-29;3;-302;63;-2678;14113
48;833;277607;-94;23;2126;6;-28;6;-303;52;-2671;8277
48;834;277926;-93;29;2124;7;-29;3;-300;44;-2684;36732
48;835;278500;-93;25;2125;4;-27;3;-306;49;-2671;49898
48;836;278818;-95;29;2124;5;-25;3;-292;60;-2685;50305
48;837;279136;-96;26;2123;2;-28;1;-303;46;-2677;31996
48;838;279494;-96;26;2123;4;-33;4;-294;43;-2680;25581
48;839;279813;-92;27;2125;4;-33;5;-306;61;-2677;12352
48;840;280150;-92;28;2126;5;-32;4;-287;53;-2673;20099
48;841;280492;-92;24;2121;4;-27;2;-297;60;-2668;44744
48;842;280810;-92;24;2125;2;-24;4;-292;62;-2684;19266
48;843;281039;-95;25;2124;4;-28;5;-295;68;-2677;2082
48;844;281362;-101;31;2120;6;-29;2;-300;55;-2681;17608
48;845;281595;-99;30;2122;7;-33;2;-297;59;-2668;34226
48;846;282040;-96;18;2130;4;-32;3;-307;51;-2682;60627
48;847;282465;-100;26;2125;5;-24;3;-305;59;-2685;29520
48;848;282819;-92;32;2121;8;-24;4;-295;48;-2681;62775
48;849;283141;-103;27;2126;3;-25;2;-305;46;-2669;22956
48;850;283461;-103;23;2122;4;-29;3;-302;47;-2678;5570
48;851;283815;-94;30;2123;6;-28;4;-297;49;-2684;50581
48;852;284137;-96;18;2123;6;-33;3;-304;44;-2689;46890
48;853;284457;-91;30;2123;4;-30;3;-303;49;-2676;51123
48;854;284685;-93;26;2123;8;-27;5;-306;55;-2682;34818
48;855;285024;-93;20;2123;3;-29;2;-292;53;-2672;61421
48;856;285469;-95;30;2122;7;-22;5;-294;51;-2684;48984
48;857;285787;-93;28;2121;7;-31;6;-299;46;-2685;22717
48;858;286020;-95;29;2119;6;-28;3;-307;49;-2678;30021
48;859;286473;-95;24;2121;4;-23;3;-299;57;-2679;14742
48;860;286792;-96;25;2124;4;-25;3;-292;51;-2683;50076
48;861;287130;-94;28;2121;4;-24;4;-295;57;-2675;17803
48;862;287465;-95;24;2122;5;-26;5;-301;58;-2683;8778
48;863;287784;-91;27;2120;4;-27;2;-309;47;-2679;42475
48;864;288117;-93;27;2124;6;-24;5;-303;60;-2677;45033
48;865;288459;-93;29;2123;5;-26;4;-311;57;-2679;48921
48;866;288778;-93;27;2122;5;-23;3;-300;62;-2667;40588
48;867;289111;-93;22;2121;5;-20;4;-301;49;-2679;27478
48;868;289352;-94;25;2124;7;-20;4;-299;51;-2679;6948
48;869;289671;-100;21;2127;4;-30;4;-310;45;-2676;38447
48;870;289899;-96;20;2123;3;-27;1;-293;49;-2685;11971
48;871;290455;-94;26;2121;3;-30;1;-297;52;-2685;40744
48;872;290895;-92;29;2127;5;-29;4;-297;55;-2681;47934
48;873;291324;-91;24;2126;5;-29;3;-297;48;-2671;7835
48;874;291557;-93;28;2123;6;-27;4;-291;46;-2672;7324
48;875;291790;-91;25;2123;5;-28;3;-301;49;-2679;4062
48;876;292108;-93;26;2124;4;-26;2;-300;58;-2695;9666
48;877;292428;-93;24;2124;6;-25;5;-307;52;-2682;46269
48;878;292680;-93;30;2120;4;-26;2;-302;57;-2681;55702
48;879;292999;-94;28;2123;4;-30;2;-315;41;-2678;10198
48;880;293319;-93;25;2122;4;-26;3;-305;57;-2673;24841
48;881;293547;-96;26;2123;5;-28;3;-307;49;-2682;33950
48;882;293890;-92;27;2122;5;-26;4;-315;51;-2672;37153
48;883;294441;-97;25;2124;3;-28;4;-314;49;-2667;11123
48;884;294759;-95;27;2125;3;-28;4;-311;45;-2687;7942
48;885;294993;-94;25;2124;4;-28;5;-305;51;-2682;12908
48;886;295434;-94;24;2125;5;-23;4;-305;50;-2680;6672
48;887;295756;-93;29;2123;4;-28;4;-308;43;-2680;12176
48;888;296110;-91;24;2123;5;-25;5;-313;49;-2681;43033
48;889;296433;-94;27;2127;6;-30;4;-307;58;-2682;41815
48;890;296752;-135;19;2129;18;-4;16;-296;50;-2685;60696
48;891;297110;-75;-32;2227;-4;-44;-10;-305;42;-2676;35707
48;892;297430;-82;-22;2187;-27;-62;1;-304;51;-2669;12249
48;893;297748;-111;-17;2188;18;-106;6;-303;39;-2667;25762
48;894;297981;-139;-37;2086;-108;-232;-55;-300;40;-2663;16550
48;895;298426;-20;-6;2328;-92;-390;-144;-302;38;-2664;45801
48;896;298764;-125;-448;2367;-209;268;66;-307;-5;-2664;53098
48;897;299082;-69;-23;2141;-86;70;13;-290;36;-2678;14158
48;898;299422;-6;-14;2093;113;35;16;-304;20;-2670;19508
48;899;299760;118;-11;2152;27;-50;-18;-293;6;-2673;50947
48;900;300078;22;-14;2140;-11;-79;-11;-308;16;-2657;37274
48;901;300418;-111;-178;2096;-17;-114;-1;-302;6;-2653;59629
48;902;300646;-170;-85;2105;-29;-35;3;-303;14;-2667;46960
48;903;300965;-128;-46;2115;19;1;7;-299;13;-2661;4350
48;904;301406;81;5;2071;366;150;16;-306;42;-2690;40366
48;905;301641;97;-27;2032;136;69;39;-309;55;-2668;26949
48;906;301964;-80;-6;2202;-66;76;7;-303;16;-2659;50266
48;907;302411;65;-18;2041;-75;-267;-49;-311;37;-2668;9264
48;908;302750;-76;-28;2052;107;77;-8;-298;8;-2657;18650
48;909;303069;156;-47;2049;-67;11;-5;-309;16;-2664;12624
48;910;303404;-494;476;2160;-50;-71;84;-282;64;-2683;276
48;911;303745;230;603;1988;271;227;-36;-316;65;-2701;55063
48;912;304292;-464;-13;2049;-477;-162;-33;-299;23;-2672;45227
48;913;304610;34;-23;2174;317;-304;-39;-322;43;-2689;63518
48;914;304847;-52;-21;2298;9;-235;-56;-305;37;-2672;30717
48;915;305079;-183;-30;2213;-147;-116;-14;-295;50;-2678;21875
48;916;305399;-137;-26;2275;116;-283;-30;-301;42;-2690;31772
48;917;305718;146;-37;2130;98;-147;-20;-318;47;-2699;46927
48;918;305969;-83;-35;2126;-36;-165;-26;-303;36;-2679;60031
48;919;306288;-89;-53;2107;1;-44;-1;-303;45;-2676;20137
48;920;306607;-128;-31;2119;9;-103;-4;-306;47;-2684;52589
48;921;306836;-154;14;2123;-7;21;8;-304;48;-2687;18535
48;922;307281;-125;-28;2149;-29;-42;5;-310;47;-2684;42901
48;923;307728;-76;88;2079;24;-38;7;-312;57;-2692;52110
48;924;308046;-82;81;2121;43;-39;2;-306;52;-2693;62860
48;925;308390;-83;18;2124;8;-28;6;-302;60;-2694;38010
48;926;308618;-97;27;2125;-3;-45;1;-313;52;-2682;56141
48;927;308937;-101;42;2127;2;-22;4;-307;54;-2675;55642
48;928;309398;-101;32;2120;7;-19;3;-307;51;-2683;49484
48;929;309716;-104;18;2120;5;-23;2;-312;64;-2689;33528
48;930;310039;-93;27;2126;6;-29;6;-309;56;-2696;62366
48;931;310399;-84;-15;2135;15;-72;-12;-302;47;-2689;63756
48;932;310721;-152;-19;2156;48;-101;-19;-306;50;-2687;8369
48;933;311040;-118;43;2255;-12;-107;-6;-301;56;-2700;38637
48;934;311375;-160;-33;2095;27;-47;18;-294;35;-2683;23503
48;935;311609;-474;-20;2034;-30;32;13;-285;41;-2677;10445
48;936;311927;-99;-13;2424;-126;-187;-37;-307;39;-2685;12869
48;937;312262;84;-14;2150;-93;31;16;-312;8;-2668;34986
48;938;312708;-52;-23;2117;-28;22;2;-304;22;-2666;63725
48;939;313045;0;-22;2027;123;112;33;-296;14;-2663;56062
48;940;313368;-106;-130;2147;39;127;16;-293;15;-2661;24253
48;941;313714;-217;-367;2071;53;12;18;-304;5;-2670;53224
48;942;313942;-74;-21;2301;121;-22;10;-306;36;-2681;42434
48;943;314367;-114;-20;2154;-51;-138;-25;-311;53;-2684;30804
48;944;314701;-92;-24;2108;-2;-83;-15;-312;34;-2672;13616
48;945;314935;-191;69;2105;30;-17;10;-305;44;-2683;42482
48;946;315363;-63;124;2118;21;-154;-8;-303;51;-2690;44673
48;947;315697;-91;-28;2109;-13;-4;2;-309;50;-2681;22667
48;948;316036;-63;34;2124;-25;-43;1;-300;53;-2681;14258
48;949;316355;-96;41;2121;23;-11;6;-297;51;-2691;60469
48;950;316588;-112;13;2124;1;-21;3;-299;52;-2682;50955
48;951;316906;-99;29;2122;3;-32;7;-305;51;-2688;49359
48;952;317246;-92;41;2122;8;-38;2;-316;47;-2685;28159
48;953;317474;-100;35;2121;9;-36;5;-310;49;-2686;20243
48;954;317797;-95;25;2124;3;-22;2;-317;52;-2675;41883
48;955;318367;-104;-29;2073;-78;-128;-33;-303;44;-2682;48447
48;956;318686;-4;-20;2154;-67;22;14;-311;45;-2684;48249
48;957;319004;-43;-20;2140;36;-14;8;-298;40;-2688;48599
48;958;319362;-118;-29;2154;-13;32;13;-304;45;-2683;4651
48;959;319684;-62;132;2032;4;-31;11;-309;47;-2682;54692
48;960;320018;-124;-10;2194;-83;110;5;-308;53;-2694;13749
48;961;320358;-186;-15;2364;64;-4;13;-305;47;-2680;55537
48;962;320677;-160;14;2117;-54;35;11;-309;55;-2670;18790
48;963;320909;-73;48;2132;-102;21;0;-306;48;-2674;15912
48;964;321228;-391;-298;2075;-136;-44;-4;-300;5;-2664;18615
48;965;321464;-516;-31;2090;-84;-191;-25;-296;12;-2669;27387
48;966;321905;-53;-28;2245;-154;132;19;-297;44;-2681;36933
48;967;322330;-143;-15;1974;67;65;6;-301;16;-2680;4148
48;968;322688;-275;-178;2095;-16;-120;-9;-304;17;-2664;762
48;969;323007;-108;-11;2075;-29;-93;-23;-302;6;-2678;20591
48;970;323330;-180;-51;2210;-112;20;10;-302;11;-2655;6852
48;971;323684;-119;-20;2126;86;3;-3;-302;24;-2687;18397
48;972;324003;-103;-114;2089;-32;-22;-8;-304;27;-2677;10117
48;973;324323;-227;-155;2097;-47;-42;-3;-290;25;-2686;9675
48;974;324551;-115;-17;2141;29;39;19;-286;4;-2664;10723
48;975;324891;-65;-23;2068;-144;9;18;-310;7;-2673;1066
48;976;325336;-131;-9;2056;-46;49;21;-306;10;-2669;35585
48;977;325556;-142;-16;2132;36;18;13;-295;23;-2683;54267
48;978;325895;-60;-18;2135;-2;24;11;-302;-6;-2679;55702
48;979;326340;-79;-81;2136;91;-2;7;-305;15;-2665;45100
48;980;326659;-95;-13;2137;20;6;5;-285;13;-2671;58813
48;981;326998;-122;-7;2241;117;-19;20;-297;7;-2664;25279
48;982;327333;-98;-54;2151;-18;76;-5;-300;7;-2667;42082
48;983;327652;-86;-17;2111;25;-1;10;-294;5;-2659;49426
48;984;327985;-124;-178;2111;14;-10;4;-296;-4;-2664;52624
48;985;328325;-149;-66;2105;-21;-5;5;-294;7;-2671;17080
48;986;328652;-99;-16;2104;-38;-27;4;-302;14;-2664;57792
48;987;328986;-140;-105;2115;-10;-51;0;-304;15;-2688;35833
48;988;329330;-106;-63;2126;-1;-35;2;-296;11;-2691;15222
48;989;329649;-99;-46;2130;-12;-62;-256;-292;6;-2689;17861
48;990;329877;-101;-31;2128;-11;-29;7;-295;5;-2687;46056
48;991;330326;-110;-91;2124;24;-49;6;-301;18;-2681;29137
48;992;330767;-108;-73;2124;-3;-6;3;-298;27;-2672;56238
48;993;331192;-111;-59;2125;2;-27;3;-295;10;-2677;42723
48;994;331440;-83;-63;2122;4;-23;3;-302;19;-2679;38930
48;995;331672;-82;-61;2124;2;-29;5;-295;19;-2676;9974
48;996;331991;-86;-85;2123;3;-39;4;-293;9;-2679;20553
48;997;332310;-90;-58;2124;-1;-24;2;-291;21;-2672;65533
48;998;332560;-117;-65;2125;0;-32;1;-298;21;-2676;41812
48;999;332879;-106;-75;2121;0;-57;2;-299;16;-2680;18157
48;1000;333203;-80;-66;2123;9;-24;5;-305;9;-2676;26522
48;1001;333431;-98;-65;2126;7;-41;4;-301;1;-2680;16954
48;1002;333774;-105;-87;2122;1;-36;4;-296;13;-2675;3161
48;1003;334321;-104;-64;2123;6;-33;5;-302;17;-2676;42636
48;1004;334643;-104;-75;2121;1;-29;1;-302;11;-2698;55792
48;1005;334877;-112;-79;2118;0;-35;2;-302;7;-2691;35323
48;1006;335318;-103;-67;2123;3;-25;3;-299;20;-2676;27766
48;1007;335636;-109;-69;2124;4;-28;6;-294;18;-2676;63222
48;1008;335990;-109;-56;2126;5;-17;5;-300;18;-2666;4468
48;1009;336314;-113;-77;2122;5;-48;3;-298;8;-2675;10212
48;1010;336639;-102;-64;2126;0;-34;2;-298;6;-2685;61565
48;1011;336871;-102;-62;2126;9;-27;4;-294;18;-2674;54244
48;1012;337222;-101;-63;2126;10;-14;4;-300;15;-2653;28876
48;1013;337544;-116;-79;2124;5;-21;6;-302;11;-2678;44804
48;1014;337772;-99;-78;2123;6;-19;5;-312;18;-2681;42766
48;1015;338325;-101;-71;2124;6;-30;2;-303;4;-2680;28343
48;1016;338659;-110;-76;2122;2;-27;3;-298;10;-2676;37012
48;1017;338977;-104;-66;2126;5;-28;3;-300;10;-2674;59607
48;1018;339322;-113;-69;2121;2;-21;3;-306;6;-2675;26164
48;1019;339656;-109;-65;2125;4;-26;4;-305;10;-2665;42421
48;1020;339975;-107;-68;2123;6;-28;4;-311;17;-2675;49787
48;1021;340315;-107;-72;2119;6;-26;4;-298;15;-2672;60083
48;1022;340547;-98;-70;2123;7;-18;5;-309;10;-2682;54888
48;1023;340869;-95;-62;2122;4;-22;5;-301;5;-2678;35844
48;1024;341310;-108;-78;2121;6;-22;0;-311;-7;-2678;36424
48;1025;341543;-60;-99;2122;-5;-46;3;-312;5;-2671;51715
48;1026;341866;-34;-68;2120;46;13;10;-296;20;-2661;715
48;1027;342310;-147;-84;2144;-16;-107;8;-306;1;-2667;31813
48;1028;342649;-93;-22;2125;-5;-50;-7;-299;12;-2678;48868
48;1029;342968;-127;-55;2125;-10;-64;-2;-305;-3;-2670;12000
48;1030;343303;-117;-65;2128;7;-48;4;-308;8;-2670;20844
48;1031;343645;-104;-66;2121;-9;-69;-4;-295;14;-2666;35448
48;1032;344192;-81;-58;2125;19;-22;2;-304;9;-2671;19194
48;1033;344514;-82;-78;2124;-4;-32;3;-300;17;-2683;29592
48;1034;344750;-128;-79;2122;-8;-36;3;-304;19;-2674;38351
48;1035;344978;-108;-61;2125;2;-16;5;-297;26;-2677;37393
48;1036;345298;-94;-57;2121;20;-21;7;-301;11;-2680;21322
48;1037;345616;-118;-84;2118;-2;-17;7;-312;10;-2672;62119
48;1038;345865;-130;-75;2123;-4;-27;2;-292;12;-2682;42134
48;1039;346184;-113;-64;2128;6;-61;2;-304;15;-2663;9239
48;1040;346507;-73;-152;2109;-13;-28;4;-298;15;-2669;27128
48;1041;346735;-22;-45;2137;-16;-80;0;-299;12;-2667;3033
48;1042;347185;-131;-195;2107;-60;-8;3;-300;1;-2675;8428
48;1043;347626;-80;-86;2129;-29;-31;1;-292;19;-2664;41665
48;1044;347944;-93;-31;2121;20;-26;1;-299;23;-2683;63004
48;1045;348288;-105;-94;2123;5;-29;3;-302;12;-2682;33734
48;1046;348520;-117;-84;2121;-3;-45;1;-300;20;-2670;62082
48;1047;348839;-98;-67;2126;5;-49;3;-295;17;-2670;68
48;1048;349299;-102;-76;2124;6;-22;4;-290;24;-2672;24480
48;1049;349621;-95;-68;2121;7;-26;4;-292;12;-2678;40370
48;1050;349944;-106;-54;2126;8;-15;4;-286;26;-2675;54427
48;1051;350299;-69;-24;2130;18;-38;6;-297;12;-2680;36049
48;1052;350617;-120;-23;2121;28;41;19;-295;27;-2683;47286
48;1053;350936;-109;-88;2112;-7;-26;2;-294;13;-2662;38741
48;1054;351271;-141;-71;2122;-19;-36;-3;-290;14;-2680;20700
48;1055;351504;-148;-18;2134;7;-29;-11;-298;12;-2669;63345
48;1056;351823;-144;-83;2122;10;40;11;-299;7;-2675;26242
48;1057;352161;-195;-53;2121;28;-23;3;-300;25;-2669;42438
48;1058;352614;-30;-50;2136;-8;-75;-1;-302;19;-2678;24944
48;1059;352948;-78;-104;2124;12;-56;2;-306;18;-2681;3769
48;1060;353271;-97;-98;2119;-8;-34;1;-302;27;-2672;21063
48;1061;353611;-96;-69;2125;-9;-34;2;-303;26;-2664;45588
48;1062;353839;-113;-78;2120;-1;-28;2;-305;30;-2671;40480
48;1063;354264;-94;-78;2117;4;-36;2;-298;19;-2681;4249
48;1064;354598;-102;-63;2127;1;-32;4;-291;23;-2670;28440
48;1065;354833;-110;-62;2116;3;-17;3;-303;22;-2669;22061
48;1066;355262;-96;-75;2121;9;-24;3;-298;21;-2667;42634
48;1067;355600;-104;-51;2127;8;-11;2;-293;17;-2673;35343
48;1068;355939;-101;-68;2125;7;-25;5;-303;18;-2667;3527
48;1069;356258;-136;-90;2123;56;35;13;-306;23;-2670;25651
48;1070;356490;-191;-216;2134;80;8;14;-292;15;-2665;26507
48;1071;356809;-61;-14;2145;-36;-123;-5;-306;37;-2663;33817
48;1072;357149;-83;-17;2122;-57;-29;1;-300;33;-2664;13507
48;1073;357377;-106;-56;2149;60;-18;3;-297;9;-2673;63689
48;1074;357699;-88;-63;2131;-52;-25;-3;-295;14;-2680;59749
48;1075;358267;-85;-23;2124;53;-79;-3;-303;30;-2676;9807
48;1076;358589;-96;-27;2172;20;-17;8;-302;34;-2667;19395
48;1077;358907;-54;-20;2102;12;-26;2;-301;27;-2687;19781
48;1078;359265;-161;-208;2116;-4;6;2;-302;17;-2661;64973
48;1079;359584;-115;-32;2136;63;-8;0;-301;15;-2683;48769
48;1080;359918;-94;-29;2125;65;-42;-7;-294;24;-2679;36731
48;1081;360262;-91;-22;2102;-14;-10;7;-298;13;-2684;2157
48;1082;360585;-131;-25;2144;35;-7;0;-301;22;-2677;58522
48;1083;360813;-50;-30;2160;34;13;3;-305;24;-2674;14197
48;1084;361132;-122;-13;2153;-54;-37;4;-296;13;-2682;29757
48;1085;361371;-187;-65;2084;-40;17;5;-293;10;-2676;40746
48;1086;361811;-101;-35;2223;-22;49;13;-307;18;-2687;34994
48;1087;362236;-270;-143;2165;60;-69;-3;-299;21;-2671;35393
48;1088;362591;-26;-29;2209;24;-96;3;-309;27;-2675;14698
48;1089;362913;-89;-26;2174;30;-35;2;-308;22;-2667;9120
48;1090;363233;-112;-17;2134;44;57;23;-306;32;-2659;21654
48;1091;363589;-72;-20;2153;125;-80;-14;-300;12;-2674;28540
48;1092;363908;-135;-295;2090;-90;-24;3;-313;19;-2669;7754
48;1093;364231;-87;-26;2156;-16;-59;3;-298;29;-2685;62986
48;1094;364464;-141;-211;2053;32;-47;8;-304;24;-2661;28689
48;1095;364802;-56;-22;2193;69;-64;-4;-310;28;-2682;32642
48;1096;365247;-309;-107;2102;426;115;-121;-299;39;-2677;42238
48;1097;365569;-327;-238;2995;-118;-712;111;-308;24;-2666;43600
48;1098;365802;598;-53;1332;-72;-398;-502;-245;-22;-2686;51063
48;1099;366243;253;-22;2008;-70;-84;-222;-135;-28;-2690;52683
48;1100;366563;311;-143;2020;116;13;75;-109;-35;-2682;852
48;1101;366901;289;-82;2150;106;-49;-107;-103;-37;-2678;53183
48;1102;367240;335;81;2074;89;-33;85;-100;-17;-2694;8780
48;1103;367559;252;-190;2129;-10;75;55;-100;-26;-2685;47570
48;1104;367892;241;36;2077;79;17;-5;-120;1;-2695;15784
48;1105;368240;258;-23;2105;-21;-49;58;-132;-2;-2696;22193
48;1106;368559;249;0;2122;-12;59;48;-136;18;-2688;65153
48;1107;368893;226;-70;2102;20;-27;-16;-137;12;-2692;1944
48;1108;369234;210;-15;2145;43;-8;-52;-131;11;-2702;48277
48;1109;369553;191;0;2134;-21;-41;1;-125;10;-2693;27733
48;1110;369781;214;28;2141;8;25;11;-124;19;-2699;20904
48;1111;370234;270;14;2096;-18;-13;26;-126;14;-2699;14836
48;1112;370675;280;31;2084;-3;-36;-14;-119;24;-2697;53502
48;1113;371104;250;1;2088;-59;12;-2;-133;19;-2698;11573
48;1114;371337;265;24;2127;31;-53;7;-127;17;-2693;52062
48;1115;371565;208;131;2191;84;10;57;-127;24;-2706;47908
48;1116;371888;274;-73;2055;-59;-74;95;-135;18;-2688;59721
48;1117;372207;290;-176;2027;-2;-50;62;-111;-60;-2676;11458
48;1118;372456;418;-58;2005;-174;-77;-22;-110;-93;-2653;29895
48;1119;372775;241;-131;2284;285;-198;3;-123;-109;-2672;13579
48;1120;373099;123;-120;2206;441;-134;479;-105;-66;-2678;57103
48;1121;373331;116;-389;1916;-458;-221;842;-162;-84;-2671;35738
48;1122;373670;31;-794;2034;-1058;534;417;-334;-208;-2530;37611
48;1123;374217;-630;-1219;2121;-39;162;1007;-547;-149;-2404;32500
48;1124;374535;-607;-356;1910;-1509;-235;1299;-727;-12;-2348;1564
48;1125;374769;-255;-1056;1662;673;-1254;226;-776;-50;-2466;6591
48;1126;375210;-197;-947;1669;-172;-145;-464;-662;80;-2547;39019
48;1127;375528;-329;-1183;1890;51;294;-910;-550;-98;-2555;50580
48;1128;375890;-284;-467;1942;285;-404;-224;-486;-101;-2568;52800
48;1129;376218;-530;-591;1836;75;-70;-229;-403;-122;-2582;40168
48;1130;376537;55;-506;1940;72;153;-1332;-293;-215;-2598;39986
48;1131;376891;-346;-925;1849;252;357;-1148;-194;-196;-2594;52260
48;1132;377211;-923;-838;2108;136;931;-1886;-151;-202;-2596;4732
48;1133;377530;26;-416;2319;362;256;-646;-68;-73;-2672;51756
48;1134;377758;-404;-363;1875;437;-429;-238;-72;29;-2685;59567
48;1135;378203;-38;-324;2167;-94;-186;194;10;72;-2699;8810
48;1136;378541;-170;-498;2046;42;-62;-110;-23;12;-2682;64142
48;1137;378863;-240;-466;2108;89;-24;45;7;27;-2699;22158
48;1138;379203;-185;-484;2070;105;43;167;-8;16;-2675;32067
48;1139;379538;-429;-399;2137;-54;-55;79;-24;26;-2689;9827
48;1140;379859;-431;-367;2043;182;-99;84;-6;5;-2683;10451
48;1141;380199;-442;-378;2101;138;-85;-38;-3;24;-2686;60509
48;1142;380428;-230;-433;2048;4;32;-151;20;29;-2682;4653
48;1143;380746;-157;-316;2122;38;-30;28;40;41;-2688;64252
48;1144;381191;-207;-424;2119;70;19;-57;32;41;-2678;59742
48;1145;381426;-110;-409;2071;63;-28;-113;27;50;-2661;18911
48;1146;381745;-148;-344;2118;25;-96;99;30;51;-2659;4780
48;1147;382189;-66;-418;2085;32;-69;24;67;45;-2672;47805
48;1148;382528;-54;-331;2093;31;-24;-23;80;52;-2667;28083
48;1149;382847;-59;-403;2098;32;-62;51;82;48;-2668;27238
48;1150;383182;-27;-360;2108;0;-24;24;98;56;-2668;60853
48;1151;383522;-18;-388;2089;-41;-45;-14;91;36;-2668;48747
48;1152;384183;-17;-360;2076;1;-2;-45;100;46;-2666;34104
48;1153;384505;336;-468;2112;20;152;-56;87;51;-2665;48683
48;1154;384754;75;-329;2069;233;72;157;71;45;-2684;8627
48;1155;385074;-406;-390;2270;88;167;333;41;27;-2681;573
48;1156;385393;-176;-248;2033;129;41;190;17;-8;-2676;28953
48;1157;385621;-39;-309;2034;34;-43;76;-19;-20;-2690;31617
48;1158;385854;277;-420;2437;-90;111;-323;-10;2;-2669;15225
48;1159;386174;-161;-525;1702;181;-4;-148;-7;9;-2675;38023
48;1160;386512;-358;-627;2181;208;-167;32;-27;-19;-2660;32457
48;1161;387068;-117;-197;2191;-729;-167;484;9;-70;-2659;49196
48;1162;387288;-576;-893;2190;-189;-246;448;-20;-174;-2590;60354
48;1163;387517;-195;-342;1826;-808;-199;984;22;-228;-2576;22694
48;1164;387836;256;-778;1933;-360;-1987;2196;-149;-346;-2461;57128
48;1165;388175;490;-304;1313;129;-1119;382;-275;-272;-2523;41585
48;1166;388404;-104;-764;1746;310;-92;314;-232;-257;-2529;58401
48;1167;388722;-192;-246;2125;512;-110;-236;-265;-99;-2633;54973
48;1168;389186;141;-135;1949;-23;-139;-116;-283;29;-2688;21408
48;1169;389504;28;44;2198;-165;-3;7;-317;80;-2685;24025
48;1170;389829;237;80;2216;309;-222;-69;-319;77;-2672;15111
48;1171;390195;739;214;1822;328;-791;-602;-303;70;-2673;2019
48;1172;390514;-175;-73;2095;-37;102;26;-320;65;-2676;11809
48;1173;390832;-1;-37;2091;-27;-68;0;-324;81;-2689;27203
48;1174;391167;-126;19;2125;-64;34;0;-329;82;-2686;13107
48;1175;391405;3;43;2193;44;59;19;-332;80;-2692;54757
48;1176;391724;-202;101;2132;15;51;5;-329;72;-2680;44433
48;1177;392063;-52;140;2082;69;-52;3;-339;86;-2676;50143
48;1178;392508;-142;40;2085;-82;-15;-6;-332;68;-2681;55520
48;1179;392846;-22;39;2117;92;-86;3;-338;81;-2679;14741
48;1180;393172;-30;-41;2081;-121;43;19;-333;85;-2690;58586
48;1181;393523;-62;-35;2172;18;-73;1;-341;83;-2677;24508
48;1182;393752;-82;-7;2219;25;-16;4;-343;89;-2679;21626
48;1183;394177;-106;116;2047;-73;-134;-16;-338;96;-2680;28110
48;1184;394515;-37;192;2128;-14;-51;7;-337;84;-2691;50381
48;1185;394748;-68;-9;2138;-30;15;14;-339;82;-2688;50760
48;1186;395177;12;119;2103;31;-5;10;-339;83;-2672;64118
48;1187;395511;-166;79;2090;-31;10;1;-337;87;-2688;791
48;1188;395854;6;-33;2131;1;-13;6;-333;90;-2685;34056
48;1189;396173;-22;84;2101;-13;-48;-1;-337;84;-2681;24763
48;1190;396402;-31;67;2044;13;-30;-1;-340;87;-2671;22773
48;1191;396720;-43;55;2140;20;-33;3;-339;87;-2677;49537
48;1192;397065;-102;18;2101;2;-36;1;-340;88;-2679;20207
48;1193;397293;-170;108;2120;67;-23;4;-332;72;-2705;44210
48;1194;397611;-3;58;2145;-19;28;11;-343;79;-2680;47020
48;1195;398180;-147;39;2090;-51;28;6;-335;80;-2673;39552
48;1196;398498;-37;-40;2133;-24;-21;9;-330;78;-2684;56315
48;1197;398820;-57;-2;2158;52;-64;5;-331;90;-2664;48541
48;1198;399182;118;-30;2135;-49;-45;-10;-344;82;-2690;56131
48;1199;399501;-121;20;2117;3;-108;-14;-327;75;-2677;18036
48;1200;399838;-146;189;2078;27;-63;3;-333;88;-2672;51723
48;1201;400178;-132;7;2134;-52;9;-1;-329;78;-2680;44041
48;1202;400497;-104;156;2080;-14;15;0;-338;78;-2673;61187
48;1203;400725;21;59;2147;-27;72;10;-339;77;-2672;36701
48;1204;401045;65;-34;2129;48;-74;5;-338;69;-2669;63908
48;1205;401278;-91;-8;2099;15;0;8;-330;74;-2674;27377
48;1206;401723;39;-49;2105;-19;-17;2;-333;74;-2666;28460
48;1207;402148;-51;-27;2142;41;-43;10;-335;77;-2672;22830
48;1208;402506;83;39;2170;9;-97;-1;-337;77;-2676;17365
48;1209;402829;16;-45;2187;-145;36;23;-327;81;-2667;25915
48;1210;403148;97;-23;2236;72;64;16;-331;80;-2687;46591
48;1211;403502;-44;97;2137;86;-89;-2;-326;80;-2688;55574
48;1212;403821;-128;289;2057;16;-118;14;-340;82;-2679;37793
48;1213;404141;59;67;2082;7;-148;-1;-333;78;-2689;19126
48;1214;404369;-2;-43;2128;115;-92;-4;-341;80;-2688;1161
48;1215;404712;-155;352;2120;71;33;30;-345;78;-2682;26520
48;1216;405159;-38;-50;2252;129;3;12;-333;71;-2669;2077
48;1217;405478;-124;255;2100;29;-64;23;-339;81;-2681;64410
48;1218;405712;-175;102;2310;156;62;15;-331;76;-2683;33367
48;1219;406154;190;-63;2052;-12;91;46;-342;92;-2705;44040
48;1220;406473;244;-68;2163;87;-65;-20;-347;77;-2689;51689
48;1221;406814;-118;-40;2270;272;-69;9;-337;54;-2688;47711
48;1222;407149;64;-38;2009;24;2;12;-344;77;-2687;17985
48;1223;407468;-67;-44;2071;-76;-39;-4;-339;78;-2660;50323
48;1224;407807;-153;33;2138;-9;-8;7;-337;78;-2682;46264
48;1225;408147;-83;28;2117;26;-51;0;-342;83;-2690;60175
48;1226;408466;-17;118;2112;42;-76;13;-338;85;-2678;30725
48;1227;408800;143;71;2121;9;-70;-21;-341;80;-2683;31604
48;1228;409140;-203;63;2196;41;67;5;-336;74;-2689;16559
48;1229;409459;2;30;2108;33;-72;0;-352;82;-2687;43699
48;1230;409687;-52;70;2117;26;-59;5;-335;79;-2686;64681
48;1231;410137;64;-63;2082;23;-16;-9;-335;71;-2694;26837
48;1232;410585;-71;247;2125;43;124;12;-337;83;-2695;24741
48;1233;411120;-177;391;2276;87;-122;849;-276;34;-2691;31937
48;1234;411368;-80;113;1739;705;275;928;-302;148;-2712;54172
48;1235;411687;-208;-480;2286;-1361;263;-637;-545;87;-2553;62370
48;1236;412007;-1762;159;1338;150;1915;-333;-818;-51;-2104;23470
48;1237;412235;-1803;-580;897;-945;-174;1419;-956;64;-1872;57362
48;1238;412469;-2136;-1025;763;285;-461;776;-1035;191;-1727;55086
48;1239;412788;-1867;-93;723;-95;253;-446;-1049;243;-1719;41890
48;1240;413127;-2459;-193;1108;147;-1636;-1788;-1032;105;-1852;61073
48;1241;413576;218;-1862;728;-739;706;-814;-410;-624;-1805;55365
48;1242;414127;37;-1858;611;862;1370;-24;-69;-647;-1834;25754
48;1243;414445;-115;-1412;1409;412;581;-822;78;-527;-2185;23114
48;1244;414678;297;-2406;951;-511;475;-200;133;-495;-2195;64076
48;1245;415119;-691;-1176;1571;390;173;-529;-23;-274;-2515;53265
48;1246;415438;175;-541;2286;604;574;-1115;85;26;-2666;39768
48;1247;415796;317;-547;1887;221;-176;-357;71;213;-2687;35238
48;1248;416119;-836;-606;2407;-161;418;91;43;169;-2699;6187
48;1249;416442;-322;-29;2091;273;50;-36;9;296;-2714;42639
48;1250;416796;288;120;2194;-130;-218;103;6;272;-2716;15952
48;1251;417115;-178;29;2223;-70;-12;260;23;317;-2720;47760
48;1252;417434;-164;-47;2090;145;-70;231;46;304;-2681;12920
48;1253;417662;88;205;2134;-82;26;63;60;299;-2694;32825
48;1254;418114;-103;-18;2154;-50;37;262;54;207;-2703;2326
48;1255;418449;23;-171;2042;-385;-62;82;38;129;-2692;29289
48;1256;418767;-691;-1203;2287;-748;259;-154;34;-8;-2660;20846
48;1257;419111;-146;-719;1924;34;103;121;-9;48;-2690;49133
48;1258;419445;-450;-878;2140;353;-334;225;-117;-34;-2670;12794
48;1259;419763;-375;-662;1992;365;-304;357;-81;-109;-2622;33019
48;1260;420105;-245;-777;1982;-28;-379;-356;-116;-134;-2621;51014
48;1261;420333;-247;-1123;2284;373;-201;-954;-80;-141;-2623;28282
48;1262;420652;-280;-684;1724;150;167;-64;-75;-37;-2654;60110
48;1263;421096;-430;-1131;1907;441;-552;-29;-160;-83;-2637;49775
48;1264;421329;-727;-1028;1611;3;781;682;-151;-99;-2646;612
48;1265;421652;-1139;-776;1628;836;63;-753;-380;25;-2644;24775
48;1266;422096;-216;-684;1688;-170;-100;477;-306;215;-2729;65252
48;1267;422439;-53;-948;1949;78;-656;-540;-201;148;-2723;32181
48;1268;422758;-279;-487;2324;325;-314;-356;-68;297;-2733;25962
48;1269;423093;360;-627;2195;-132;38;-339;70;330;-2685;11877
48;1270;423431;-8;-200;2296;-130;-455;-796;-36;348;-2708;47738
48;1271;423983;343;-230;2144;346;120;-81;-74;438;-2696;61607
48;1272;424301;-42;-101;2140;408;-8;26;-124;473;-2688;20317
48;1273;424534;-155;-272;2059;-164;188;501;-134;446;-2687;47712
48;1274;424766;633;121;2020;-498;-627;675;-138;450;-2697;39958
48;1275;425086;-89;-246;2086;-140;-142;-340;-64;399;-2708;7684
48;1276;425404;21;-115;2056;-152;14;-20;-57;405;-2716;16863
48;1277;425655;-20;-200;2006;-250;-21;-169;-82;336;-2724;53343
48;1278;426089;-174;-300;2122;-38;-342;-565;-188;426;-2697;24378
48;1279;426423;196;-428;2313;932;607;-533;-162;506;-2700;9794
48;1280;426979;-94;-20;2319;225;318;363;-258;508;-2676;46392
48;1281;427419;-15;-31;2070;-241;-362;69;-246;465;-2705;41294
48;1282;427742;-138;-133;2178;-195;-1;400;-225;428;-2710;18779
48;1283;428083;35;-127;2048;61;373;323;-231;474;-2687;53093
48;1284;428311;-250;120;1934;270;381;-180;-321;495;-2667;46883
48;1285;428630;-11;229;2000;-149;-527;-198;-323;549;-2684;9645
48;1286;429095;264;-192;1806;-418;169;2156;-230;448;-2706;44299
48;1287;429413;174;-147;2038;54;-251;400;-97;375;-2696;26281
48;1288;429736;26;-188;2132;238;276;185;-42;450;-2703;17521
48;1289;430091;-120;96;2158;-678;147;-119;-7;472;-2692;41691
48;1290;430413;12;-257;2185;74;360;-1491;-74;437;-2717;31131
48;1291;430732;-161;-247;2030;495;-54;509;-229;481;-2707;60299
48;1292;431067;-122;-39;2474;-558;-103;-29;-154;495;-2698;51946
48;1293;431301;100;-201;2105;268;-176;-164;-132;464;-2709;13869
48;1294;431623;-201;98;2090;-802;-83;187;-138;524;-2680;35665
48;1295;431958;97;-76;1964;616;144;-105;-37;462;-2694;4331
48;1296;432403;-103;-35;2168;-25;-346;420;-139;441;-2711;40931
48;1297;432737;-103;-64;2086;257;165;170;-40;509;-2687;6502
48;1298;433065;-34;-62;2166;-141;-593;-550;-3;492;-2672;25047
48;1299;433406;-309;16;1986;56;198;69;-49;548;-2686;52614
48;1300;433634;-27;123;2384;-37;-283;-498;-90;566;-2661;12893
48;1301;434063;-9;-43;1882;218;-712;207;-174;299;-2726;58964
48;1302;434397;-64;0;2218;258;8;649;20;418;-2679;34013
48;1303;434631;-34;-134;2101;14;12;142;39;396;-2687;9290
48;1304;435057;-133;-172;2222;185;-58;-136;3;381;-2707;17269
48;1305;435391;32;-63;2032;-208;-159;35;44;422;-2678;58624
48;1306;435729;-14;-90;2113;223;153;-159;57;395;-2704;39379
48;1307;436053;-88;-70;2139;-266;-184;4;-22;400;-2706;60357
48;1308;436281;7;-90;2159;203;-23;-53;18;387;-2693;58541
48;1309;436600;-71;-66;2142;-155;-84;-60;-29;404;-2713;25626
48;1310;436942;33;-94;2059;87;126;20;27;414;-2700;64788
48;1311;437170;-33;-89;2160;242;-321;-348;12;452;-2674;44630
48;1312;437492;2;-71;2122;-267;94;-302;39;459;-2681;28992
48;1313;438060;-7;-28;2067;-485;63;-136;-54;485;-2698;21004
48;1314;438378;-10;-35;2116;261;248;243;-119;470;-2685;53093
48;1315;438696;-5;-25;2082;26;77;196;-171;445;-2703;35371
48;1316;439058;-25;51;2175;-325;-829;-56;-129;515;-2678;57895
48;1317;439380;-37;-173;1877;489;-99;355;-33;397;-2709;1210
48;1318;439714;-52;-25;2220;129;186;952;42;509;-2667;30305
48;1319;440054;-2;47;2019;-255;406;816;101;305;-2702;7789
48;1320;440373;-12;93;2203;121;-253;136;34;266;-2700;49132
48;1321;440601;20;80;2048;-59;0;768;83;260;-2692;51016
48;1322;440921;67;15;2135;405;-417;66;68;253;-2695;7248
48;1323;441156;134;188;2253;-450;65;366;143;204;-2667;52002
48;1324;441600;23;75;2159;457;128;-239;107;159;-2680;46217
48;1325;442029;-141;-118;2190;380;-308;475;88;134;-2674;26381
48;1326;442384;-153;-81;1980;-821;-161;435;117;100;-2666;36803
48;1327;442703;108;48;2020;262;613;180;146;30;-2641;58266
48;1328;443023;-52;14;2420;128;278;1261;-13;67;-2702;25922
48;1329;443376;-180;-77;2230;-314;-522;285;-159;5;-2683;20291
48;1330;443695;-292;-199;2106;120;-42;539;-64;-102;-2643;39279
48;1331;444019;47;-78;2264;151;-113;427;60;72;-2667;36710
48;1332;444246;-259;-59;2199;-724;534;-215;58;40;-2685;58944
48;1333;444593;-76;-163;2142;273;324;329;-54;-84;-2659;1231
48;1334;445034;53;-132;2312;-605;164;-130;40;-43;-2657;47247
48;1335;445356;-315;-219;2150;259;-54;1399;-123;-200;-2592;13845
48;1336;445589;211;-77;2181;927;-1388;1016;-210;-12;-2676;23207
48;1337;446031;-222;-110;2141;-168;-342;-472;-267;-48;-2642;40814
48;1338;446349;172;-177;2259;-132;303;-507;-46;-98;-2634;12944
48;1339;446688;-32;19;2106;292;-482;-1421;-86;-47;-2661;54187
48;1340;447023;119;67;2425;-249;1398;710;123;-25;-2659;30139
48;1341;447243;-314;-55;2135;596;-1547;265;-236;47;-2692;33794
48;1342;447682;-315;-500;2057;-297;1332;1879;117;-91;-2642;3193
48;1343;448022;-572;-694;1474;-364;-240;-59;-235;-163;-2617;8312
48;1344;448341;-224;-193;2094;766;367;638;-84;-110;-2648;33896
48;1345;448675;-97;-327;1857;278;463;-416;-46;-205;-2598;37902
48;1346;449019;-29;-67;2037;-202;-1099;767;-112;11;-2662;23930
48;1347;449337;-17;-129;2104;494;1004;-5;72;-90;-2632;61937
48;1348;449566;-84;-26;2484;204;-474;-733;-130;34;-2683;35027
48;1349;450026;-404;-312;2490;207;252;-184;-44;-100;-2645;45532
48;1350;450467;14;-103;2126;-229;673;-90;47;63;-2673;64620
48;1351;450892;5;117;2053;-431;771;1291;-13;-53;-2659;64096
48;1352;451125;-189;-182;2216;720;267;-3955;-237;-96;-2635;59872
48;1353;451354;-226;-82;2269;645;-594;-236;-69;177;-2712;1602
48;1354;451673;-61;82;2084;-374;227;1924;88;39;-2686;166
48;1355;451992;-296;-128;2093;554;-182;-9;-88;-59;-2649;22388
48;1356;452241;484;-23;1773;170;643;529;35;101;-2671;23562
48;1357;452564;-305;252;2184;911;1020;2071;-30;-14;-2660;12734
48;1358;452892;160;30;2171;-1166;-242;630;-390;-26;-2630;57452
48;1359;453120;30;126;1913;-742;-419;375;-412;-33;-2626;57880
48;1360;453981;-62;-123;2194;-104;625;-522;-385;133;-2660;47509
48;1361;454300;-93;-91;2095;-909;-417;-473;-422;-132;-2593;49473
48;1362;454618;128;-204;2063;702;219;-565;-202;-182;-2594;711
48;1363;454974;-117;62;2264;69;104;-477;-181;92;-2714;31935
48;1364;455296;-37;-85;2233;-507;-649;-1030;-101;-71;-2653;30183
48;1365;455630;10;35;2243;-52;950;-693;145;-11;-2649;57860
48;1366;455978;-29;-72;2064;-180;-115;290;-53;45;-2701;1641
48;1367;456296;-91;-92;2213;-130;-258;-111;-51;0;-2672;57496
48;1368;456630;84;-70;1966;-37;-260;-223;78;1;-2652;23030
48;1369;456970;-48;-104;2100;370;507;404;42;-5;-2672;33192
48;1370;457293;-122;-75;2142;4;-412;274;-56;71;-2684;52124
48;1371;457521;-75;-49;2120;-264;-107;154;18;31;-2671;27011
48;1372;457950;-37;-27;2235;217;319;339;-41;65;-2697;61224
48;1373;458183;-19;-147;2010;-208;-451;-75;-112;-33;-2672;5763
48;1374;458415;44;-305;2167;-179;-239;-501;-30;-141;-2621;48357
48;1375;458841;-51;-93;2135;173;126;-96;58;-33;-2657;11730
48;1376;459302;-14;85;1984;-30;-329;200;8;101;-2689;46319
48;1377;459620;27;-268;2135;-873;403;-51;40;-136;-2633;13793
48;1378;459940;-68;87;2153;593;-504;-965;-36;27;-2669;62215
48;1379;460168;0;-51;2216;350;-538;-984;106;161;-2656;29582
48;1380;460401;149;-183;1991;130;204;-937;248;254;-2649;7939
48;1381;460835;-11;-413;2103;-379;83;-1556;-62;116;-2727;43969
48;1382;461063;-154;-58;2248;820;-6;-1246;-94;307;-2734;26849
48;1383;461406;102;-24;2100;341;113;-1420;-178;525;-2688;50954
48;1384;461958;-92;-110;2158;-824;319;-1802;-374;446;-2638;8204
48;1385;462276;111;-370;1887;734;-124;-1905;-568;132;-2630;6096
48;1386;462615;-89;-100;2568;435;-251;-2044;-478;57;-2663;16036
48;1387;462950;53;-315;2711;-364;-830;-2216;-203;26;-2691;1606
48;1388;463272;-110;-92;2607;545;422;-1794;93;197;-2700;24443
48;1389;463627;-55;-274;2154;-453;-1167;-2086;25;322;-2704;62193
48;1390;463947;-135;-238;1974;-1071;-61;-1907;120;382;-2687;32150
48;1391;464269;651;42;1721;712;75;-1107;-107;473;-2689;45970
48;1392;464603;-169;-189;2312;-208;-297;-1045;-277;308;-2701;16365
48;1393;464947;-98;253;2090;-270;97;727;-291;559;-2672;8590
48;1394;465265;-384;566;2083;-109;488;-2551;-280;659;-2554;17516
48;1395;465494;-188;371;2360;-51;-112;1584;-535;556;-2582;60252
48;1396;465942;-328;961;1598;711;-624;-386;-384;899;-2337;60403
48;1397;466276;-193;1466;2025;-584;-74;-194;-408;900;-2383;36263
48;1398;466594;-277;999;1784;-17;-270;-485;-343;888;-2399;51869
48;1399;466943;-107;612;2184;-544;85;-406;-454;722;-2525;23023
48;1400;467171;-64;-52;1775;-1084;-164;1209;-477;577;-2623;36423
48;1401;467490;107;192;2068;199;-1295;-1461;-356;416;-2701;59162
48;1402;467809;-106;-416;2561;-376;296;-438;-332;241;-2694;52725
48;1403;468060;179;81;1852;-750;-246;-2433;-419;39;-2665;14716
48;1404;468378;-69;10;2046;445;283;-70;-340;53;-2665;51364
48;1405;468598;-267;-331;2779;-194;9;722;-405;43;-2629;55839
48;1406;468933;72;-334;2134;969;-316;1248;-310;193;-2729;57358
48;1407;469169;-104;41;2292;-6;761;7;-314;442;-2659;16680
48;1408;469488;-15;-151;2132;-1619;-428;57;-586;326;-2631;51188
48;1409;469928;-21;-434;2231;-18;184;-513;-427;71;-2663;50820
48;1410;470267;203;-250;2012;1077;81;1634;-396;401;-2697;62750
48;1411;470586;-191;220;2252;-687;248;395;-359;558;-2636;1427
48;1412;470921;-20;-104;2225;508;359;418;-384;503;-2661;14324
48;1413;471263;-149;-146;2044;-414;-212;292;-442;438;-2669;59555
48;1414;471811;-211;-124;2140;-294;206;123;-350;447;-2659;30084
48;1415;472133;-29;-62;2217;44;-215;-275;-341;365;-2711;5858
48;1416;472367;-171;-83;2188;-15;-50;-1133;-320;339;-2688;11461
48;1417;472599;-95;-171;2108;325;468;-231;-341;356;-2689;23554
48;1418;472922;-132;-60;2114;-214;-158;773;-444;422;-2659;13915
48;1419;473241;-90;-154;2167;205;204;548;-361;450;-2681;29518
48;1420;473490;-107;-152;2137;-73;129;163;-377;481;-2656;51472
48;1421;473814;-151;-81;2067;-294;18;-5;-411;440;-2681;62668
48;1422;474132;-83;-228;1986;-92;-297;-391;-369;369;-2704;56854
48;1423;474364;-81;-125;2151;426;119;-819;-333;409;-2685;57637
48;1424;474810;43;-175;2202;-1;240;70;-319;408;-2696;10230
48;1425;475250;-41;-107;2078;258;53;44;-380;422;-2659;6965
48;1426;475569;-179;94;1837;70;-252;-344;-379;442;-2667;62460
48;1427;475910;-195;-37;1987;209;210;-673;-366;365;-2655;62501
48;1428;476144;-92;-222;2171;-355;-318;-580;-433;311;-2665;26160
48;1429;476463;89;-62;2181;204;363;-370;-339;301;-2691;49614
48;1430;476925;36;-181;2007;448;281;706;-343;248;-2690;48297
48;1431;477243;-14;-127;2330;-14;-458;153;-355;386;-2694;8866
48;1432;477565;83;-108;2312;122;2140;754;-293;459;-2633;19861
48;1433;477921;7;-375;2088;417;-880;1484;-506;391;-2692;49173
48;1434;478239;-85;-46;2109;-448;-229;-372;-266;535;-2657;25522
48;1435;478558;132;-56;2133;-110;225;-171;-240;508;-2671;39704
48;1436;478901;-150;-168;2223;-130;-326;968;-335;407;-2705;11422
48;1437;479134;147;-120;2095;-78;-565;932;-190;421;-2711;1879
48;1438;479452;-146;42;2125;540;680;-398;-186;570;-2660;30784
48;1439;479788;108;-115;2202;-357;-1223;-950;-294;466;-2682;46270
48;1440;480240;-17;-246;2135;-158;-61;-326;-266;416;-2695;3267
48;1441;480574;-36;-53;2126;48;94;-170;-308;486;-2684;43605
48;1442;480894;-132;-121;2161;60;-550;-167;-347;434;-2687;7419
48;1443;481233;122;-319;2363;-1394;1361;-304;-201;391;-2706;11031
48;1444;481465;-648;-626;1867;-740;890;285;-434;162;-2541;25274
48;1445;481891;-285;-520;1842;213;-557;351;-404;233;-2714;15594
48;1446;482225;-82;-390;1767;312;-42;-698;-330;221;-2699;10974
48;1447;482458;-100;-318;2890;934;-622;-1124;-339;422;-2700;16981
48;1448;482887;-247;-76;2321;92;678;1980;-161;410;-2710;13297
48;1449;483221;161;-4;1964;-806;79;3964;10;224;-2693;60440
48;1450;483561;80;-106;1881;-13;-853;-1616;-99;-60;-2660;1202
48;1451;483884;-73;-65;2000;-251;406;-1829;156;197;-2704;2420
48;1452;484118;-143;-72;2090;-167;63;-2087;82;297;-2709;29519
48;1453;484437;41;-18;1690;820;-782;987;66;314;-2693;20142
48;1454;484779;-188;-110;1871;-27;89;849;106;248;-2704;7571
48;1455;485008;-175;-224;2175;-107;-602;-417;59;142;-2702;61529
48;1456;485329;-93;66;2482;-775;231;-5281;115;488;-2683;22370
48;1457;485898;-42;-166;2137;-108;502;1008;-161;419;-2710;55169
48;1458;486215;-92;-5;2130;274;232;558;-263;586;-2651;61009
48;1459;486534;-121;-134;2176;-1074;-795;310;-213;419;-2713;42225
48;1460;486892;-85;-42;2165;1127;721;271;7;409;-2701;46833
48;1461;487210;-219;-141;2055;-512;-283;-405;-173;528;-2679;29969
48;1462;487544;-54;-190;2070;56;-276;-455;-139;445;-2703;42301
48;1463;487885;-1;56;2174;-703;-84;-662;-80;523;-2673;30103
48;1464;488105;-18;-168;2019;-113;496;18;-123;370;-2712;61037
48;1465;488439;-140;6;2124;456;-209;996;-253;554;-2664;16365
48;1466;488759;56;-291;2150;62;578;630;-45;441;-2695;61991
48;1467;488992;71;-16;1965;298;516;118;-105;503;-2692;11452
48;1468;489437;-270;-92;2063;-349;-531;-194;-250;418;-2709;46580
48;1469;489866;155;-51;2210;536;757;-442;77;494;-2684;50931
48;1470;490221;-276;-190;1886;-297;-49;-536;-353;400;-2661;42949
48;1471;490540;205;-22;2014;216;-1845;-921;-192;440;-2690;26805
48;1472;490864;-444;-226;2303;-251;1801;156;-180;483;-2650;3548
48;1473;491218;152;66;1969;-302;-544;1090;-420;549;-2677;48148
48;1474;491537;-156;-126;2204;99;-792;816;-223;441;-2707;24120
48;1475;491860;42;-193;2165;-100;814;481;22;370;-2712;49183
48;1476;492092;-184;-155;2079;763;-16;34;-116;446;-2719;10680
48;1477;492431;-82;-3;2039;-691;-490;-285;-125;549;-2693;34571
48;1478;492872;156;-184;2111;-112;174;248;23;315;-2685;18616
48;1479;493190;18;-239;2275;1292;-30;403;-62;459;-2703;59041
48;1480;493424;-92;244;2077;692;509;192;-83;751;-2544;21312
48;1481;493869;-310;-264;1974;599;339;-94;-161;345;-2704;13642
48;1482;494188;14;106;2292;-1315;-1632;-936;-114;452;-2666;711
48;1483;494527;40;-194;2055;1197;2176;235;95;308;-2738;37635
48;1484;494866;-536;296;1847;221;-1620;-679;-552;688;-2490;14658
48;1485;495185;171;62;2009;-583;-1261;-568;-98;417;-2681;45499
48;1486;495518;-141;-108;2238;707;1976;79;-44;414;-2707;1036
48;1487;495867;38;-68;1964;218;2048;1162;-411;594;-2573;57907
48;1488;496185;248;24;2294;-1022;-2623;-332;-482;569;-2675;21794
48;1489;496523;109;-245;2098;-312;1717;-369;23;273;-2729;5324
48;1490;496863;5;-444;2229;409;-852;-1190;-450;202;-2688;38398
48;1491;497182;-84;-25;2202;171;1281;-647;-378;441;-2609;18983
48;1492;497414;-255;-263;2293;-388;-1420;-641;-633;262;-2613;4583
48;1493;497861;-108;50;2251;1206;-33;1807;-266;517;-2693;58287
48;1494;498302;-111;-156;2155;-551;399;-1719;-362;306;-2657;30372
48;1495;498727;32;-47;2164;100;-618;756;-385;394;-2693;39995
48;1496;498960;-10;-149;2160;36;675;916;-261;395;-2694;20088
48;1497;499192;-92;-189;2152;-48;-75;-99;-345;454;-2678;36223
48;1498;499511;-54;-102;2142;-14;64;-455;-342;440;-2681;2803
48;1499;499835;-78;-161;2132;-33;-240;-500;-374;364;-2683;50940
48;1500;500087;27;-184;2101;106;-18;-398;-370;345;-2677;30959
48;1501;500406;-86;10;2194;80;-231;1889;-363;423;-2680;52180
48;1502;500730;-563;-272;2216;-331;-39;1893;-204;388;-2724;35350
48;1503;500958;479;-136;1916;1426;-1038;832;-52;556;-2575;51059
48;1504;501296;-270;-138;2005;-919;550;-631;-83;419;-2718;12150
48;1505;501848;-648;177;1910;-916;-622;-583;-203;548;-2657;14163
48;1506;502166;169;-466;2237;1569;392;4036;197;99;-2638;22942
48;1507;502399;-245;62;2837;1271;-61;-2125;160;433;-2668;5836
48;1508;502844;-102;-215;2342;-118;-1634;-655;-315;453;-2712;9331
48;1509;503162;229;-344;2034;-1019;-761;1301;100;295;-2645;18554
48;1510;503523;-216;199;2031;-360;263;-857;120;263;-2719;56282
48;1511;503843;28;5;1973;1339;75;-753;146;341;-2678;44250
48;1512;504161;-197;-66;1930;1065;1050;2041;-79;561;-2687;64611
48;1513;504531;-251;275;2853;-555;-2977;-2639;-205;610;-2643;4164
48;1514;504851;635;-331;1517;-835;1824;760;346;420;-2559;64939
48;1515;505169;-268;-43;2893;-2583;-1936;-344;-168;317;-2723;50948
48;1516;505404;296;-655;2408;1346;1766;759;147;165;-2714;52280
48;1517;505861;-153;410;2027;-2104;-850;-527;-348;935;-2346;33745
48;1518;506195;215;-409;2011;-1063;-923;-381;-32;220;-2684;784
48;1519;506513;-185;-177;2627;119;76;-254;110;262;-2718;44079
48;1520;506856;126;-292;2304;1416;1977;1061;-48;576;-2683;58441
48;1521;507194;-394;240;2123;-371;-722;590;-424;866;-2440;31592
48;1522;507512;152;-247;2133;-2636;-687;483;-4;176;-2667;33913
48;1523;507855;-100;-78;2595;1368;505;-21;123;58;-2694;11097
48;1524;508087;184;-174;2492;1229;367;-1573;-15;405;-2708;63100
48;1525;508405;-200;-299;1922;-57;1368;-342;-441;625;-2474;29867
48;1526;508846;608;-102;2024;-623;-2200;42;-390;494;-2690;11138
48;1527;509080;88;-142;1981;-199;568;368;92;327;-2708;64921
48;1528;509398;-114;-308;2025;950;883;-1332;-194;203;-2719;51455
48;1529;509843;-561;4;1800;545;-425;-1652;-781;444;-2240;45087
48;1530;510182;626;15;2442;-757;-1177;1332;-341;273;-2727;52784
48;1531;510500;115;-338;2313;1416;438;1364;-320;221;-2668;21611
48;1532;510840;-456;216;1667;-575;-739;1189;-369;628;-2633;50447
48;1533;511178;-32;-180;1921;406;920;1791;-106;558;-2667;30151
48;1534;511730;-374;160;2126;-79;-176;-350;-192;532;-2672;20248
48;1535;512048;-64;-81;2061;-217;-141;160;-134;518;-2702;13187
48;1536;512282;-20;-6;2119;-463;6;-283;-109;434;-2722;2501
48;1537;512515;-94;-145;2201;155;147;-688;-137;384;-2721;54264
48;1538;512838;-91;34;2125;480;-204;-499;-207;575;-2675;4843
48;1539;513157;-101;-152;2125;-522;431;374;-207;444;-2687;42075
48;1540;513410;-79;-94;2105;326;-585;-611;-265;455;-2692;32767
48;1541;513730;0;-43;2148;-262;236;245;-182;476;-2686;51744
48;1542;514048;-53;-130;2062;369;114;75;-240;443;-2702;5677
48;1543;514276;-110;-32;2145;86;-247;-409;-253;519;-2687;18555
48;1544;514722;-155;-189;2144;205;-108;82;-280;414;-2687;42831
48;1545;515163;-48;-31;2134;-346;109;445;-203;498;-2672;20498
48;1546;515489;-70;-64;2137;164;-232;261;-192;467;-2693;17195
48;1547;515835;-65;-117;2038;101;182;-33;-137;522;-2673;36581
48;1548;516063;-86;-177;2069;-31;-6;-255;-185;499;-2680;25673
48;1549;516382;-35;2;2215;-331;21;-713;-172;472;-2704;64322
48;1550;516843;-43;-57;2161;200;165;-1019;-376;343;-2693;47202
48;1551;517161;-58;-157;2297;694;-131;436;-401;326;-2693;32874
48;1552;517480;-170;22;2144;-609;308;1201;-321;508;-2677;18403
48;1553;517840;-111;-179;2090;609;-215;807;-260;467;-2696;63423
48;1554;518162;94;-394;2232;-550;-460;818;-138;418;-2705;40592
48;1555;518481;116;-164;2146;681;314;893;-69;500;-2687;50860
48;1556;518820;-80;324;2237;351;-372;677;12;412;-2696;50278
48;1557;519055;259;232;2009;1361;225;1398;126;394;-2660;56321
48;1558;519377;110;513;1865;152;219;441;130;474;-2650;18218
48;1559;519712;222;798;1944;-163;115;-194;135;513;-2638;55510
48;1560;520158;-204;661;1855;1354;557;-96;121;635;-2584;31430
48;1561;520491;41;832;1961;191;389;-647;207;531;-2603;32935
48;1562;520815;129;859;1958;42;3;-115;161;559;-2608;59884
48;1563;521157;168;887;1929;-5;-65;-30;147;580;-2611;24869
48;1564;521385;158;912;1909;-139;60;-189;154;584;-2605;45823
48;1565;521810;-125;20;2134;-865;-938;-1277;29;415;-2696;49162
48;1566;522144;160;54;2005;943;530;1553;157;370;-2666;60728
48;1567;522378;339;-76;2110;60;-202;889;120;326;-2675;8451
48;1568;522803;176;241;2126;133;-74;194;139;413;-2649;19562
48;1569;523137;216;207;2107;75;16;-110;160;408;-2642;32435
48;1570;523480;119;124;1943;254;197;-870;127;489;-2653;9838
48;1571;523811;-93;27;2160;-186;-706;-2147;-80;540;-2679;44184
48;1572;524039;137;-22;2046;-430;126;-537;-76;537;-2696;50554
48;1573;524358;58;-54;2259;-60;350;498;-179;469;-2692;42023
48;1574;524698;-128;-76;1763;-108;340;-253;-272;468;-2684;49377
48;1575;524926;-113;-141;2084;220;-973;-1288;-328;442;-2696;5335
48;1576;525244;-88;-90;2398;273;77;-341;-297;456;-2655;24399
48;1577;525812;3;-600;2827;-1365;246;104;-26;83;-2708;56199
48;1578;526130;-590;-964;1957;180;889;-198;-236;-137;-2603;33636
48;1579;526350;-663;-1044;1350;548;57;-638;-355;-72;-2590;4342
48;1580;526813;-1401;-307;1861;-99;222;2658;-470;404;-2648;50244
48;1581;527135;-326;-202;1832;275;-653;-3359;-339;237;-2733;15500
48;1582;527469;-442;-7;1963;153;-33;-39;-279;444;-2750;49460
48;1583;527809;222;6;2041;-57;-177;66;-268;467;-2705;63938
48;1584;528128;-447;-93;2108;-46;-378;-559;-231;470;-2708;62461
48;1585;528356;-113;-1;2073;-5;-89;387;-207;472;-2705;33582
48;1586;528676;-154;-40;2121;-32;-235;140;-160;463;-2698;6751
48;1587;528915;-52;87;2129;-35;-171;-153;-92;455;-2696;7088
48;1588;529356;-63;17;2145;41;-63;62;-58;468;-2697;1094
48;1589;529784;-31;-37;2127;-175;-72;224;-15;446;-2703;33416
48;1590;530138;28;123;2115;45;-71;209;34;465;-2685;11459
48;1591;530457;7;74;2168;-10;-54;28;34;456;-2675;15718
48;1592;530777;45;93;2168;-23;-60;59;40;453;-2689;50316
48;1593;531133;-79;16;2148;38;-38;2;42;462;-2679;21226
48;1594;531452;-25;9;2137;-28;19;-6;50;472;-2691;14053
48;1595;531776;23;143;2121;84;-82;-54;41;482;-2694;18172
48;1596;532008;-57;38;2162;1;-13;-40;32;470;-2700;33409
48;1597;532977;112;-35;2209;48;-63;-283;11;527;-2686;20290
48;1598;533309;-66;121;2084;-105;59;-215;2;489;-2708;4532
48;1599;533747;-21;42;2029;-169;100;-526;-81;458;-2710;46383
48;1600;534063;-417;-230;2128;-179;3;-538;-189;380;-2750;30803
48;1601;534400;-141;-568;1953;-265;-39;-498;-201;302;-2738;53940
48;1602;534739;-203;-771;1921;-224;155;-402;-174;162;-2714;7513
48;1603;535061;-320;-923;2034;-118;187;-526;-224;71;-2695;17111
48;1604;535394;279;-1011;1864;-420;-219;-114;-204;30;-2712;46883
48;1605;535740;262;-1370;1600;-153;-100;174;-84;-101;-2670;2239
48;1606;536058;196;-1129;1785;308;-90;-208;-89;-39;-2696;56737
48;1607;536391;240;-935;1851;206;0;281;-62;49;-2729;36711
48;1608;536732;36;-801;1912;-220;-54;-199;-118;119;-2732;36486
48;1609;537050;137;-977;1852;266;0;367;-76;90;-2723;52698
48;1610;537281;-244;-156;2061;70;-325;76;-87;203;-2767;1800
48;1611;537727;150;-458;1929;419;564;211;-112;329;-2746;63088
48;1612;538167;-28;88;2282;-160;-62;133;-260;456;-2716;49737
48;1613;538595;206;-121;2012;57;11;-103;-259;440;-2707;961
48;1614;538829;73;-220;2167;99;-70;33;-259;452;-2695;38791
48;1615;539060;-19;78;2194;107;77;187;-228;468;-2694;15501
48;1616;539379;-792;-239;2008;-226;22;158;-232;439;-2692;27376
48;1617;539698;-8;-312;2077;84;-48;2;-262;425;-2697;50459
48;1618;539951;-79;-199;2106;66;47;10;-267;430;-2698;62609
48;1619;540269;-30;-83;2131;-55;-92;0;-266;430;-2698;58894
48;1620;540592;24;-242;2113;6;-1;8;-257;423;-2697;29981
48;1621;540820;6;-177;2059;-21;-70;-1;-269;422;-2718;27510
48;1622;541163;-19;-175;2122;33;2;8;-267;428;-2695;1777
48;1623;541710;-30;-163;2123;10;-19;5;-257;429;-2703;36235
48;1624;542028;-33;603;2178;151;-80;424;-274;459;-2691;62497
48;1625;542261;-320;-214;2567;23;-189;277;-250;464;-2707;15766
48;1626;542710;-374;-1137;961;-2842;1608;-1713;-392;-149;-2488;25163
48;1627;543028;-148;-1912;693;236;295;14;-400;-458;-2292;34836
48;1628;543381;-99;-1674;1050;486;6;-126;-407;-373;-2388;54060
48;1629;543701;-158;-1607;1361;62;-40;-2;-408;-302;-2462;26851
48;1630;544023;-221;-1523;1493;1007;-311;752;-424;-169;-2558;62628
48;1631;544377;-301;-946;1881;75;269;-365;-454;40;-2621;58514
48;1632;544696;-466;-984;1938;28;-104;-288;-505;37;-2619;39264
48;1633;545014;-74;-1063;1934;-30;-390;-255;-445;-38;-2645;22057
48;1634;545246;150;-960;1791;174;-250;157;-387;-17;-2678;16190
48;1635;545691;-529;-507;1974;772;-273;1041;-461;290;-2665;14556
48;1636;546025;-362;-392;1931;603;332;-87;-445;355;-2638;58279
48;1637;546342;-1034;143;2153;271;33;-710;-592;571;-2514;48058
48;1638;546691;-986;-232;2208;-665;-129;-704;-687;235;-2538;29450
48;1639;547028;-434;-560;2068;777;-121;-134;-655;161;-2556;24160
48;1640;547346;-706;50;1778;139;122;593;-604;337;-2603;40738
48;1641;547685;-586;188;2111;-352;-52;99;-615;405;-2562;63688
48;1642;547917;-524;-156;2255;-829;-485;-225;-625;273;-2599;3165
48;1643;548235;-543;-299;2397;571;-50;-329;-521;273;-2624;59415
48;1644;548675;-151;-349;1990;68;522;255;-449;306;-2671;62961
48;1645;548909;-191;-133;2215;118;37;208;-533;346;-2644;48506
48;1646;549231;-308;-369;1924;266;-252;303;-500;401;-2668;6082
48;1647;549671;-223;562;2054;188;-320;-471;-464;464;-2627;26796
48;1648;550010;36;4;2113;200;-291;-344;-511;348;-2652;29405
48;1649;550328;-114;324;1953;-126;43;-696;-491;424;-2658;14307
48;1650;550667;-95;448;2265;378;573;-268;-536;354;-2611;40534
48;1651;551008;-136;184;2073;-266;-1159;242;-565;268;-2695;48654
48;1652;551558;43;-372;2292;-408;64;-1190;-268;-35;-2689;64391
48;1653;551876;175;-183;2073;-9;-395;-1652;-168;-113;-2640;55314
48;1654;552113;328;37;2015;216;-343;-909;-11;-83;-2643;39451
48;1655;552341;199;-377;2145;-104;94;-474;103;-49;-2642;1403
48;1656;552660;256;-322;2083;-138;-244;-443;139;-80;-2622;41889
48;1657;552979;297;-269;2214;-410;92;-402;172;-48;-2617;38120
48;1658;553230;165;-322;1995;-156;158;611;158;-126;-2593;25425
48;1659;553549;160;-656;2053;-36;-463;1980;46;-289;-2525;50705
48;1660;553868;207;-1154;1840;888;202;1281;-341;-183;-2554;60115
48;1661;554096;76;-314;1895;522;-625;-1335;-472;82;-2684;11082
48;1662;554545;-393;-376;2162;159;-385;-1406;-79;-47;-2670;7473
48;1663;554989;192;-873;1633;660;-2505;-440;198;137;-2507;64280
48;1664;555306;496;47;1809;547;-1613;394;393;66;-2503;57711
48;1665;555646;883;374;1961;58;725;-776;446;273;-2544;12777
48;1666;555878;715;413;2080;-628;741;381;354;193;-2594;27475
48;1667;556196;267;-50;2368;404;174;1302;262;81;-2645;29813
48;1668;556658;706;677;2006;958;-413;789;79;272;-2698;23902
48;1669;556976;1191;671;1324;1014;292;236;186;513;-2627;10057
48;1670;557294;1260;1126;1099;661;-106;353;164;670;-2521;39326
48;1671;557658;1316;1411;672;-76;-68;1598;284;617;-2386;36628
48;1672;557976;2034;175;538;-491;47;368;538;271;-2360;14684
48;1673;558294;1925;154;554;-854;86;135;550;161;-2351;32911
48;1674;558636;1896;-102;606;-373;-434;78;580;40;-2234;29972
48;1675;558870;1759;317;671;158;343;-280;594;117;-2283;18160
48;1676;559187;1532;-199;830;-205;-464;-154;522;210;-2483;53013
48;1677;559522;1628;209;1239;4;-190;159;426;137;-2493;46549
48;1678;559967;1755;6;923;-234;-85;-21;459;83;-2458;28659
48;1679;560304;1695;-394;1258;-88;-113;127;443;41;-2439;1290
48;1680;560624;1595;-112;1305;412;138;80;430;54;-2509;25819
48;1681;560963;1955;21;1235;197;-39;258;366;124;-2542;45372
48;1682;561194;1687;-93;1513;346;-55;55;346;146;-2562;35189
48;1683;561619;1676;-132;1397;176;-85;-10;354;164;-2570;47616
48;1684;561953;1747;-63;1342;-177;-237;-4;378;145;-2541;47310
48;1685;562186;1823;38;1234;-103;-187;-12;402;130;-2496;32300
48;1686;562614;1797;83;1097;390;-53;-97;448;176;-2476;38357
48;1687;562846;1642;169;1435;-213;-3;-121;421;199;-2529;52656
48;1688;563291;1201;683;761;-1234;1890;-474;255;300;-2708;20009
48;1689;563620;-351;-587;2174;1569;811;318;-226;238;-2722;55890
48;1690;563848;131;655;1923;151;-316;126;-375;365;-2694;39661
48;1691;564165;447;148;2156;149;109;452;-382;396;-2695;27764
48;1692;564505;25;318;2078;-639;200;149;-299;346;-2715;21092
48;1693;564733;485;429;2225;150;42;-410;-223;372;-2741;7543
48;1694;565051;417;145;2356;612;251;123;-253;420;-2714;56401
48;1695;565618;-38;206;2015;-56;77;-16;-263;384;-2700;20720
48;1696;565838;375;-275;2503;-908;-406;-264;-301;284;-2723;62830
48;1697;566265;-87;-168;2220;77;-190;-248;-270;247;-2727;47401
48;1698;566621;835;-186;2275;-67;1112;-894;-164;255;-2739;15727
48;1699;566939;26;-362;2268;-764;557;-1307;-359;-11;-2665;27148
48;1700;567272;-52;-621;2134;195;79;-1257;-349;-145;-2604;44675
48;1701;567612;-40;-220;1966;445;305;-1600;-241;-204;-2597;21342
48;1702;567930;208;-93;2169;142;293;-2056;-27;-64;-2665;53173
48;1703;568158;192;12;2234;125;-709;-1410;78;104;-2672;55208
48;1704;568488;445;-164;2012;173;433;-375;135;368;-2710;29371
48;1705;568733;172;123;1672;188;-264;-752;26;505;-2678;1770
48;1706;569173;-89;110;2339;-604;-450;-159;-61;557;-2665;41644
48;1707;569598;-88;-31;2013;-382;-2;77;11;419;-2692;34885
48;1708;569955;280;-97;2073;-259;98;10;54;357;-2693;8997
48;1709;570273;-459;-120;2212;5;150;26;-15;382;-2704;3607
48;1710;570593;-125;-193;2126;25;-41;2;-19;384;-2692;30875
48;1711;570948;-13;-202;2120;-4;-20;5;-12;387;-2697;35361
48;1712;571269;-11;-158;2117;8;-31;4;-10;390;-2705;39649
48;1713;571593;2;-178;2126;2;-25;7;-14;379;-2697;52955
48;1714;571821;4;-166;2129;7;-27;5;-17;384;-2713;11603
48;1715;572159;3;-181;2118;8;-33;2;-15;376;-2708;47935
48;1716;572600;-11;-175;2124;5;-26;2;-13;380;-2705;34039
48;1717;572918;22;-140;2114;5;-26;4;-9;382;-2711;26844
48;1718;573151;17;-153;2129;7;-27;5;-9;385;-2711;52647
48;1719;573596;11;-169;2122;4;-30;0;-24;379;-2709;15292
48;1720;573914;-4;-166;2120;8;-28;6;-8;372;-2704;58703
48;1721;574647;-21;-161;2070;10;-25;5;-14;386;-2693;61736
48;1722;574965;-1;-159;2110;7;-24;7;-18;386;-2718;55167
48;1723;575298;3;-166;2128;5;-26;4;-19;380;-2707;48183
48;1724;575638;3;-174;2122;2;-30;3;-21;371;-2710;57893
48;1725;575957;-8;-166;2128;4;-26;3;-24;378;-2708;11535
48;1726;576290;4;-169;2119;4;-27;4;-27;379;-2715;22569
48;1727;576630;0;-171;2122;6;-30;4;-27;387;-2706;43250
48;1728;576953;2;-174;2123;4;-26;4;-34;388;-2714;56609
48;1729;577181;7;-166;2124;6;-26;5;-25;378;-2707;61274
48;1730;577605;0;-175;2119;6;-26;6;-20;383;-2713;36916
48;1731;577845;-2;-173;2124;4;-26;4;-17;374;-2706;60680
48;1732;578073;0;-169;2122;7;-28;5;-33;379;-2709;56931
48;1733;578498;-1;-170;2121;5;-27;5;-37;378;-2707;54756
48;1734;578958;-1;-170;2120;4;-27;3;-27;388;-2713;63747
48;1735;579275;1;-173;2117;4;-27;3;-27;389;-2702;50441
48;1736;579601;-1;-170;2120;4;-27;2;-23;389;-2712;64744
48;1737;579829;-2;-172;2122;4;-29;4;-11;386;-2704;5814
48;1738;580063;-2;-175;2120;5;-27;3;-23;379;-2704;24896
48;1739;580488;-3;-167;2123;4;-27;4;-40;382;-2715;58989
48;1740;580720;-1;-168;2121;4;-26;3;-25;381;-2713;17184
48;1741;581058;2;-170;2124;6;-27;4;-32;375;-2701;60009
48;1742;581609;1;-169;2122;4;-29;2;-24;390;-2712;59226
48;1743;581927;-1;-168;2125;6;-24;5;-20;381;-2723;63185
48;1744;582270;-1;-173;2123;4;-26;3;-24;389;-2698;9639
48;1745;582605;57;24;2175;52;-176;-17;-24;375;-2714;43250
48;1746;582923;6;-790;2737;-647;723;-631;-48;308;-2716;35934
48;1747;583277;-364;-466;1753;-75;284;-24;-157;360;-2739;37736
48;1748;583597;-365;-611;1971;303;178;-744;-142;247;-2736;6155
48;1749;583919;65;-205;2136;244;285;-808;-214;315;-2736;49481
48;1750;584252;-147;-289;2046;90;85;-930;-277;336;-2730;55201
48;1751;584592;-30;-391;2005;58;156;-531;-372;309;-2704;39669
48;1752;584914;-134;-448;2068;-7;-237;460;-382;322;-2711;53496
48;1753;585142;-308;-526;2268;-197;90;604;-315;322;-2729;46421
48;1754;585594;161;-26;2073;705;339;638;-216;398;-2738;24321
48;1755;585928;19;-285;2022;-412;214;-59;-163;405;-2727;35536
48;1756;586245;-33;-409;2146;-67;-44;51;-235;409;-2719;61643
48;1757;586589;-135;-159;2146;150;-161;48;-246;421;-2731;13238
48;1758;586817;-56;-270;2080;-69;12;309;-214;404;-2739;35746
48;1759;587136;-78;-368;2124;132;19;51;-205;399;-2737;33809
48;1760;587459;-175;-38;2047;-371;240;-121;-188;504;-2714;60086
48;1761;587707;98;-271;2153;-72;-339;18;-234;407;-2730;40472
48;1762;588025;-82;-439;2118;49;-146;309;-115;373;-2738;6730
48;1763;588572;7;-181;2111;144;-95;-113;-140;432;-2728;33038
48;1764;588805;-19;-195;2092;-98;1;-67;-127;435;-2715;24042
48;1765;589127;-2;-192;2136;-4;-1;52;-133;438;-2717;9677
48;1766;589573;-25;-217;2160;-65;-52;111;-128;416;-2711;46818
48;1767;589912;-127;-200;1999;56;-315;1302;-85;350;-2728;39636
48;1768;590233;70;-173;1970;-18;170;1163;42;295;-2719;40465
48;1769;590572;-35;-204;2228;-105;-26;925;41;263;-2716;64399
48;1770;590890;-44;-330;2129;-281;-2;1442;99;114;-2686;52907
48;1771;591123;-172;-78;2147;135;74;998;37;42;-2677;58121
48;1772;591458;-375;-88;2194;15;-135;-209;-89;-40;-2659;23007
48;1773;591777;-135;-226;2028;-282;-46;-566;-16;-54;-2648;16319
48;1774;592240;325;-415;1832;-6;31;-782;151;65;-2637;43509
48;1775;592563;315;-465;2084;-227;204;-221;158;103;-2644;61029
48;1776;592886;324;-500;1928;-289;-38;60;154;113;-2665;26595
48;1777;593114;231;-410;1906;97;-64;-264;183;101;-2643;45634
48;1778;593453;154;-490;2142;147;41;128;194;102;-2653;29895
48;1779;593772;162;-439;2079;142;-93;77;164;108;-2649;43819
48;1780;594000;189;-396;2081;78;-95;7;187;106;-2652;16262
48;1781;594551;204;-297;2097;124;-55;-100;179;119;-2652;26195
48;1782;594888;254;-401;2030;47;3;-5;180;127;-2650;41929
48;1783;595210;105;-364;2104;174;21;-40;175;160;-2668;19110
48;1784;595550;238;-324;2061;-37;43;226;158;174;-2673;39180
48;1785;595778;148;-295;2121;13;-84;14;153;161;-2660;23400
48;1786;596096;223;-302;2105;-40;-48;-82;160;172;-2673;6045
48;1787;596562;117;-462;2051;98;-53;81;155;134;-2651;22152
48;1788;596883;23;-445;2799;-441;667;-106;155;168;-2693;41446
48;1789;597201;114;-253;1528;556;-338;-391;140;215;-2657;57640
48;1790;597536;-116;-339;2314;270;537;-212;121;232;-2717;11996
48;1791;597775;-235;-5;2271;242;-414;-371;-48;364;-2693;1
48;1792;598093;-72;-132;2078;-208;57;73;34;322;-2708;37116
48;1793;598534;45;37;2159;-293;64;192;76;332;-2705;11740
48;1794;598872;-82;-296;2133;104;82;-220;115;249;-2703;9809
48;1795;599205;87;-228;2137;227;353;496;122;249;-2693;3434
48;1796;599525;64;-494;2077;-41;-239;868;103;146;-2693;51772
48;1797;599864;18;-233;2104;39;-132;496;65;86;-2686;63243
48;1798;600091;-57;-235;2324;-145;283;529;95;29;-2665;15668
48;1799;600418;-25;-499;1911;-33;-305;66;72;-52;-2635;10435
48;1800;600741;131;-439;2045;-10;-104;109;96;-52;-2642;53268
48;1801;600989;-94;-544;2082;120;219;37;86;-82;-2648;3505
48;1802;601520;-9;-303;2155;234;-119;-233;74;45;-2668;28986
48;1803;601854;-20;-345;2183;-25;93;-351;86;78;-2687;8463
48;1804;602087;-67;-307;2105;133;-23;-281;82;93;-2680;24569
48;1805;602410;-528;-142;2275;24;398;-270;86;156;-2692;59843
48;1806;602850;7;-313;1916;-154;-307;617;84;198;-2687;41123
48;1807;603191;-161;319;2025;821;443;1770;169;274;-2707;50189
48;1808;603514;-128;1026;1746;619;209;516;-85;473;-2705;57455
48;1809;603742;-20;1096;1768;219;-64;411;-67;490;-2687;5874
48;1810;604061;145;1305;1532;7;55;187;-14;573;-2648;49657
48;1811;604526;-40;1476;1566;-565;-143;-249;-30;556;-2662;59081
48;1812;604844;47;148;2125;-1120;1;-405;29;122;-2698;16138
48;1813;605162;-109;-509;2270;-23;-482;87;-14;-80;-2642;11929
48;1814;605520;-46;-340;2021;320;86;110;4;-102;-2628;758
48;1815;605842;-48;-364;2088;-133;216;151;22;-118;-2629;18272
48;1816;606163;-59;-394;2119;112;100;49;-43;-111;-2643;54185
48;1817;606518;139;-420;2077;116;-184;351;-89;-81;-2647;27156
48;1818;606837;-211;-220;2177;-36;21;189;-107;-67;-2667;29608
48;1819;607387;-91;-206;2059;61;-28;-40;-85;-53;-2677;61889
48;1820;607620;-90;-107;2112;-54;-273;-146;-68;-36;-2669;40696
48;1821;607939;80;-145;2142;50;-58;-76;21;-32;-2675;48607
48;1822;608170;-4;-122;2042;-34;-61;4;45;-15;-2661;61649
48;1823;608494;142;-181;2171;-155;243;76;52;-48;-2659;60901
48;1824;608832;191;-136;2169;81;128;56;26;-40;-2658;39996
48;1825;609064;2;-75;2251;173;-215;-30;8;-11;-2678;55233
48;1826;609489;43;-141;2080;-92;84;-107;46;8;-2674;11134
48;1827;609843;-105;7;2159;1;86;-327;18;31;-2690;61182
48;1828;610161;41;-90;2133;-21;20;-191;25;29;-2680;49514
48;1829;610480;-22;-85;2101;103;-36;-278;7;24;-2683;40338
48;1830;610814;24;-113;2137;-10;-56;-113;19;40;-2684;21749
48;1831;611051;17;-108;2148;-10;-153;-182;23;45;-2686;20284
48;1832;611475;142;-193;1987;83;234;-836;151;116;-2670;60728
48;1833;611703;-138;-8;2244;228;164;-626;151;239;-2707;24466
48;1834;612047;84;58;2182;11;-318;206;123;282;-2685;11086
48;1835;612370;394;7;2082;88;-6;39;212;230;-2645;44022
48;1836;612598;327;108;2192;12;-110;133;225;244;-2645;56640
48;1837;612916;518;59;2049;35;-209;280;256;209;-2608;23466
48;1838;613487;463;15;2054;71;10;170;272;184;-2612;21741
48;1839;613809;463;9;2047;-66;219;79;265;169;-2619;44937
48;1840;614126;276;37;2057;57;122;-133;240;171;-2638;58462
48;1841;614482;211;70;2212;42;132;-717;219;238;-2659;9379
48;1842;614800;328;155;2063;-226;-261;-659;231;304;-2635;6740
48;1843;615137;286;106;2054;83;-287;-326;221;353;-2646;7630
48;1844;615477;383;59;2101;3;165;38;219;363;-2651;30034
48;1845;615795;570;38;2138;143;-136;-51;217;410;-2625;62658
48;1846;616132;509;195;2327;-186;4;-71;224;413;-2621;11763
48;1847;616476;260;-1;1856;-3;202;-518;250;419;-2615;24897
48;1848;616794;512;158;2234;-187;-108;-19;187;467;-2612;10531
48;1849;617022;376;277;1809;-184;185;282;184;430;-2643;21690
48;1850;617447;483;142;2269;87;-117;326;196;404;-2653;39713
48;1851;617682;231;224;2012;-106;-396;259;216;359;-2616;52820
48;1852;617910;550;78;1724;300;-234;302;293;358;-2572;47137
48;1853;618339;717;354;1895;140;15;704;366;257;-2556;16695
48;1854;618800;812;253;1914;300;-79;79;328;247;-2581;42670
48;1855;619121;682;321;2001;-215;-7;96;335;216;-2580;2526
48;1856;619441;597;281;2182;-41;-234;12;331;222;-2564;52927
48;1857;619669;637;226;2175;43;-247;57;334;241;-2578;45171
48;1858;619905;644;250;2021;-89;50;383;330;209;-2593;21825
48;1859;620330;812;340;1952;200;-132;103;324;180;-2598;20984
48;1860;620562;786;314;2053;40;-81;-12;322;204;-2597;34208
48;1861;620900;714;311;1922;-45;-135;-50;327;199;-2585;64466
48;1862;621451;679;218;1958;-27;-13;-92;355;214;-2564;9775
48;1863;621769;670;265;2070;76;-139;-432;325;251;-2586;28298
48;1864;622107;527;163;2100;-301;146;-268;314;293;-2609;38495
48;1865;622442;407;178;2060;-144;-234;-410;281;294;-2641;3441
48;1866;622760;450;58;2048;-59;-67;64;284;273;-2624;38642
48;1867;623114;398;71;2125;-62;-94;-86;267;243;-2627;412
48;1868;623437;402;50;2082;40;-6;-172;255;246;-2631;1380
48;1869;623759;370;51;2135;-41;-42;-111;259;253;-2627;49936
48;1870;624093;212;-35;2141;-159;214;-317;239;261;-2668;12735
48;1871;624439;155;-47;2084;-84;-12;-886;140;320;-2678;5066
48;1872;624757;248;-17;2147;4;-101;-41;111;313;-2700;44428
48;1873;624985;287;22;2146;-19;-263;89;120;306;-2677;52067
48;1874;625430;296;-41;2125;233;42;587;210;250;-2662;30846
48;1875;625764;257;-60;2135;108;-159;359;214;225;-2645;23847
48;1876;626082;328;-58;2121;30;-61;-58;226;228;-2655;42453
48;1877;626427;305;-41;2113;102;9;-86;234;267;-2651;4441
48;1878;626655;202;9;2174;34;80;-119;223;278;-2657;60047
48;1879;626977;256;-60;2184;-141;-116;-18;190;280;-2665;63204
48;1880;627296;180;-104;1982;-126;219;-131;183;239;-2694;9820
48;1881;627545;223;-102;2033;57;89;125;172;235;-2668;50199
48;1882;627866;221;-27;2054;156;62;462;208;226;-2659;60003
48;1883;628413;324;77;2018;-142;-41;87;204;173;-2664;43594
48;1884;628646;215;66;2023;-158;65;-10;195;125;-2660;10345
48;1885;628968;182;-240;2283;271;-125;54;194;181;-2661;23847
48;1886;629413;152;-300;2085;89;300;313;190;152;-2671;55119
48;1887;629751;317;0;2026;-242;131;110;173;109;-2654;61754
48;1888;630069;233;-65;2129;-70;-110;92;140;101;-2663;23335
48;1889;630404;131;-147;2137;74;-98;-340;136;110;-2664;2802
48;1890;630722;8;-19;1994;22;249;-722;163;169;-2670;39504
48;1891;630955;-76;1;2446;214;-416;-498;94;259;-2708;38170
48;1892;631294;88;-128;1944;-66;-119;297;165;241;-2673;61507
48;1893;631612;171;-231;2218;253;487;832;179;168;-2679;22182
48;1894;631832;422;-127;1981;-125;-112;909;93;170;-2706;56354
48;1895;632080;150;-59;2083;-111;-165;557;77;83;-2688;60416
48;1896;632399;56;-53;2088;-50;234;271;64;25;-2685;48751
48;1897;632718;-85;-182;2023;198;-139;-398;29;64;-2695;40192
48;1898;632946;-150;-169;2298;233;-20;-480;43;155;-2704;7475
48;1899;633285;-71;-148;2004;-74;19;-22;73;132;-2701;32788
48;1900;633604;-161;-104;2270;234;-194;-359;37;189;-2720;36131
48;1901;633832;-99;73;2190;-273;-425;-302;87;215;-2677;17216
48;1902;634392;133;-125;2030;-20;174;-326;155;192;-2678;59316
48;1903;634726;212;44;2151;126;99;-98;136;207;-2702;30078
48;1904;635047;184;-75;2129;49;101;97;113;256;-2688;7630
48;1905;635390;90;69;2164;-396;-212;312;104;190;-2688;49152
48;1906;635618;-75;-59;2094;146;-140;327;117;150;-2677;33421
48;1907;635936;229;22;2053;-93;138;315;152;170;-2661;42114
48;1908;636396;172;-56;2066;-17;-112;-39;137;139;-2671;65174
48;1909;636714;187;-61;2123;5;-34;-110;156;141;-2654;8069
48;1910;637032;161;-76;2097;13;127;-109;146;145;-2662;44024
48;1911;637372;124;-84;2105;109;86;-116;146;167;-2679;60514
48;1912;637607;60;-54;2189;72;6;-61;113;207;-2677;44075
48;1913;637925;28;-3;2119;-29;-132;-221;116;211;-2684;2769
48;1914;638365;13;65;2188;121;-189;-637;117;291;-2687;62376
48;1915;638703;89;-101;2222;-37;-437;-670;142;416;-2654;20382
48;1916;639040;417;-74;2104;-139;415;329;175;378;-2658;5738
48;1917;639359;356;-24;1926;-34;108;420;102;279;-2699;58384
48;1918;639700;224;-137;2160;-346;-362;626;107;187;-2678;28021
48;1919;639928;48;-106;2232;68;-661;1164;159;89;-2646;45258
48;1920;640250;-48;-98;2151;385;271;1242;175;32;-2648;47859
48;1921;640569;146;-53;2303;308;135;825;35;31;-2681;28281
48;1922;640818;129;-11;2151;-258;-252;427;-51;28;-2693;36692
48;1923;641353;-74;-296;2125;299;161;-810;5;-34;-2665;53932
48;1924;641686;-263;-177;2162;32;-10;-742;57;106;-2699;55129
48;1925;641920;-174;-173;2027;-119;-10;-832;105;125;-2679;25397
48;1926;642242;-23;-99;2013;-137;43;-1251;156;248;-2657;29353
48;1927;642686;96;-136;1905;190;66;-920;50;460;-2696;34193
48;1928;643240;-347;36;1992;100;-143;-681;-140;552;-2684;36451
48;1929;643468;-360;61;1827;-33;-523;-432;-186;551;-2689;12614
48;1930;643787;-107;255;2213;39;92;-310;-141;555;-2684;63865
48;1931;644353;-400;39;2237;-75;-209;-413;-228;510;-2713;49704
48;1932;644671;-499;-87;2551;9;-447;301;-294;417;-2730;36655
48;1933;644993;-124;-165;1454;-67;195;-75;-304;469;-2687;23849
48;1934;645348;-931;18;2541;226;-774;-664;-334;467;-2684;25540
48;1935;645666;-202;-408;1856;-221;-411;25;-295;392;-2721;54516
48;1936;645987;33;-237;1429;463;335;131;-208;479;-2702;41646
48;1937;646349;-300;36;2987;-86;-106;-418;-254;532;-2689;15792
48;1938;646667;-303;-40;1720;-184;-441;-351;-310;497;-2702;19949
48;1939;647213;-284;-84;2078;145;-543;109;-303;513;-2689;56133
48;1940;647447;-489;-125;2434;200;13;-421;-224;516;-2682;32550
48;1941;647769;-470;11;2024;-324;-434;-224;-296;437;-2697;47553
48;1942;647997;-202;176;2259;-43;798;615;-261;410;-2713;38551
48;1943;648316;-336;-295;2279;142;-30;12;-343;494;-2687;44042
48;1944;648660;-198;-174;1524;-335;-303;-364;-368;465;-2686;42720
48;1945;648888;-419;-196;2167;-115;-403;405;-335;386;-2717;48011
48;1946;649313;-133;-62;2078;110;-307;163;-322;483;-2693;34179
48;1947;649667;-531;56;2345;81;-10;-229;-261;511;-2697;48047
48;1948;649985;-262;-134;2423;-235;-533;318;-280;405;-2712;23177
48;1949;650312;-100;-29;1516;67;648;51;-240;527;-2684;41936
48;1950;650646;-723;-266;2464;-268;732;-249;-254;482;-2688;64681
48;1951;650879;-82;-177;1259;47;387;-222;-311;459;-2705;44013
48;1952;651307;3;42;1739;29;235;38;-237;494;-2709;32757
48;1953;651535;-186;-217;1986;-173;-222;324;-292;512;-2693;46679
48;1954;651874;-369;84;1993;69;-600;-873;-356;514;-2673;25332
48;1955;652197;-474;-128;2526;-359;-170;407;-392;445;-2689;56931
48;1956;652425;-68;-71;1851;40;-19;184;-369;432;-2695;2452
48;1957;652747;-361;26;2785;9;-744;299;-380;557;-2671;22393
48;1958;653314;-344;-146;2280;-291;-199;417;-354;433;-2696;40626
48;1959;653632;0;-348;1658;-545;215;697;-299;503;-2693;27792
48;1960;653954;-794;-265;2385;267;20;-951;-305;442;-2707;63571
48;1961;654311;-570;-260;2017;-26;63;-141;-255;374;-2714;61253
48;1962;654630;-225;-335;1710;409;-228;-219;-325;403;-2697;32893
48;1963;654963;-394;-636;2674;-74;35;-350;-381;413;-2712;4809
48;1964;655303;-107;-339;1503;-398;218;23;-380;273;-2727;13761
48;1965;655625;-241;105;2417;272;399;1066;-349;327;-2707;45274
48;1966;655958;-317;-252;2498;734;-545;1152;-360;517;-2680;47877
48;1967;656299;97;-193;1497;-519;-327;-1005;-220;414;-2730;31167
48;1968;656618;-383;-359;2383;170;116;809;-193;318;-2746;31271
48;1969;656850;-197;-343;1833;666;229;-571;-233;424;-2697;51585
48;1970;657278;-503;-30;2499;-175;-718;-1081;-337;470;-2705;31271
48;1971;657511;-40;-248;1521;-354;119;-173;-324;368;-2710;38260
48;1972;657739;-414;-607;2305;371;950;238;-357;358;-2701;26014
48;1973;658278;-520;-518;2276;575;532;442;-339;419;-2698;13097
48;1974;658631;-203;-75;1593;-285;57;-163;-387;423;-2713;60905
48;1975;658949;-436;74;2582;430;737;763;-218;450;-2702;26132
48;1976;659268;-181;-290;2157;-67;-189;35;-286;500;-2679;10719
48;1977;659500;-838;-265;2215;-186;190;-928;-285;492;-2684;4738
48;1978;659733;61;-45;1434;-260;-412;-234;-314;376;-2711;9588
48;1979;660158;146;-99;1610;194;369;351;-240;476;-2684;64027
48;1980;660386;-332;-219;2281;15;-422;400;-304;501;-2687;14979
48;1981;660728;-46;-142;1241;-526;-42;-501;-269;447;-2700;3570
48;1982;661274;40;-138;1595;321;-57;543;-242;480;-2704;10114
48;1983;661596;-625;-141;3011;158;30;-295;-250;519;-2673;6303
48;1984;661934;-41;-92;1518;-131;29;-365;-262;418;-2712;62973
48;1985;662272;73;-66;1977;493;813;646;-166;493;-2708;7351
48;1986;662591;93;-79;2441;56;566;102;-135;564;-2686;47323
48;1987;662946;-92;-50;1221;-422;-334;-784;-217;491;-2698;25075
48;1988;663272;218;319;3032;733;745;844;-151;531;-2688;14132
48;1989;663591;-280;-198;1735;201;-557;470;-303;519;-2670;40037
48;1990;663924;-481;-33;2430;-362;-669;-1160;-235;548;-2668;37878
48;1991;664264;93;-248;2119;209;-228;509;-238;396;-2722;52876
48;1992;664582;139;-129;1341;214;322;460;-302;479;-2695;61194
48;1993;664814;-803;-28;2854;-177;16;156;-343;556;-2652;14053
48;1994;665259;-43;-76;1612;-47;-204;-378;-309;389;-2718;18569
48;1995;665593;30;83;2185;81;299;200;-257;490;-2700;17355
48;1996;665915;-436;-95;2665;246;-242;75;-329;549;-2670;27133
48;1997;666258;187;-77;1430;-586;-146;-392;-323;437;-2695;41174
48;1998;666486;-243;-161;2213;75;-533;410;-306;424;-2707;510
48;1999;666805;75;-283;1448;190;509;676;-377;490;-2679;60811
48;2000;667124;-776;-65;3081;30;-162;-75;-357;545;-2661;15388
48;2001;667373;102;-57;1540;-560;-661;-757;-376;437;-2706;35559
48;2002;667694;-67;16;2626;511;1070;782;-282;393;-2717;33040
48;2003;668245;-810;-39;2881;-142;-1008;-229;-455;544;-2655;138
48;2004;668480;-127;-70;1627;-302;-255;-608;-360;430;-2708;30974
48;2005;668802;194;-439;2373;95;411;842;-275;380;-2730;7787
48;2006;669246;-363;55;2694;8;-163;2;-307;583;-2652;65516
48;2007;669586;-286;133;1924;-389;-463;-816;-322;458;-2685;25229
48;2008;669903;-8;-253;2467;102;492;1060;-268;381;-2720;30534
48;2009;670238;-100;-324;1654;265;-43;38;-302;502;-2690;32516
48;2010;670560;-885;224;2805;-279;79;-889;-284;547;-2641;60252
48;2011;670795;-16;-95;1400;-414;-12;-245;-324;395;-2695;3171
48;2012;671133;-8;11;2594;417;343;336;-252;469;-2693;61980
48;2013;671452;-186;-179;1874;114;-229;327;-344;535;-2679;8401
48;2014;671912;-423;153;1541;300;1147;-447;-356;618;-2591;13717
48;2015;672231;-1075;753;2221;-192;341;324;-585;553;-2548;11655
48;2016;672549;-804;-104;1629;-243;-388;-457;-664;570;-2465;61204
48;2017;672777;-1637;35;1979;490;-233;-587;-716;503;-2445;47569
48;2018;673123;-1193;-532;1576;-200;-506;-866;-893;206;-2318;21306
48;2019;673442;-1203;-857;1023;-351;1081;-1188;-874;-53;-2144;14454
48;2020;673676;-884;-1553;892;119;257;-718;-886;-329;-1878;61758
48;2021;674242;-245;-1670;1032;487;335;-156;-370;-608;-1882;29169
48;2022;674576;-485;-1767;669;-364;185;-216;-388;-609;-1849;25792
48;2023;674894;-76;-1622;603;-370;2522;455;-397;-605;-1706;56015
48;2024;675234;-613;-1975;221;-239;646;84;-257;-604;-1467;21141
48;2025;675462;-818;-2128;29;43;-78;49;-216;-621;-1458;45425
48;2026;675784;-208;-1905;-235;-43;89;-472;-199;-603;-1421;44514
48;2027;676244;-195;-2135;-105;18;-145;-313;-185;-608;-1449;37361
48;2028;676566;-408;-1952;97;107;-177;-83;-162;-618;-1442;54332
48;2029;676888;-447;-2004;-229;-488;-2050;223;-205;-602;-1405;51344
48;2030;677223;-572;-2415;-30;192;-284;63;-375;-573;-1480;46400
48;2031;677457;-288;-1826;51;-180;649;-513;-492;-574;-1479;53163
48;2032;677775;-515;-2158;197;134;-40;-6;-391;-598;-1498;15767
48;2033;678216;-358;-1784;306;205;-139;-42;-344;-586;-1456;55856
48;2034;678558;-247;-2042;-125;151;467;-365;-389;-596;-1459;19148
48;2035;678891;-433;-2016;217;246;-186;166;-372;-600;-1509;43270
48;2036;679214;-366;-1665;225;-113;-170;-62;-416;-585;-1503;45478
48;2037;679553;-234;-2539;-138;322;651;-724;-401;-611;-1489;46164
48;2038;679781;-1;-1992;-115;197;247;-18;-222;-625;-1492;61516
48;2039;680104;-88;-2574;-207;-406;-53;-913;-310;-589;-1435;47029
48;2040;680423;-355;-1702;-51;142;-477;404;-279;-601;-1429;15434
48;2041;680671;-443;-2210;-2;-160;-153;-111;-320;-593;-1440;41440
48;2042;680891;-240;-2254;-1;-138;23;213;-339;-587;-1435;41479
48;2043;681210;-227;-2126;165;15;131;174;-309;-570;-1362;26429
48;2044;681548;-262;-1819;-474;-32;-134;-97;-342;-589;-1394;13326
48;2045;681781;-380;-1979;-60;-123;-212;-60;-322;-569;-1350;40582
48;2046;682101;190;-2219;-111;199;288;-380;-316;-573;-1352;18777
48;2047;682541;-397;-2045;199;152;-907;-26;-342;-607;-1483;47479
48;2048;682879;-45;-2230;-588;112;-768;734;-319;-553;-1369;54881
48;2049;683202;-1104;-1904;60;-250;997;-524;-567;-542;-1564;48689
48;2050;683430;-895;-1853;230;-685;759;459;-522;-544;-1410;34895
48;2051;683748;-681;-2413;-175;-123;-215;-1254;-551;-554;-1474;55083
48;2052;684213;-49;-2217;262;130;86;-136;-308;-619;-1564;38857
48;2053;684534;-164;-1775;146;44;-240;681;-199;-630;-1528;43228
48;2054;684853;-412;-2312;231;141;-262;56;-325;-612;-1593;43221
48;2055;685212;-235;-1914;439;-48;-176;159;-350;-604;-1552;51714
48;2056;685529;-123;-2079;49;64;212;95;-353;-622;-1518;6775
48;2057;685851;-204;-2061;135;-19;-172;227;-295;-614;-1452;14642
48;2058;686206;-357;-1803;78;178;-86;218;-353;-616;-1463;33103
48;2059;686525;-107;-2407;144;195;-307;110;-328;-609;-1510;54200
48;2060;687075;-167;-2065;367;133;-64;82;-320;-615;-1529;15513
48;2061;687307;-404;-2223;-49;-426;-340;-252;-345;-597;-1489;21330
48;2062;687626;-422;-1822;427;70;74;16;-343;-598;-1520;60533
48;2063;687854;-336;-2177;423;267;-733;-458;-355;-617;-1594;43874
48;2064;688173;-131;-1819;403;177;197;70;-369;-617;-1602;49597
48;2065;688519;-241;-1988;138;-41;-9;-201;-394;-593;-1574;27710
48;2066;688747;-27;-1808;243;199;-82;63;-430;-592;-1523;3121
48;2067;689172;-187;-1732;71;-60;542;571;-257;-605;-1448;64539
48;2068;689530;-254;-2335;-132;-49;-270;-206;-284;-587;-1400;18496
48;2069;689848;-288;-1809;64;149;-12;121;-270;-592;-1387;55589
48;2070;690167;-302;-2339;-108;-178;-101;-68;-287;-596;-1432;18312
48;2071;690501;-152;-1872;150;-124;-86;-120;-301;-604;-1446;26333
48;2072;690734;-286;-2149;109;111;-308;-105;-326;-598;-1452;14891
48;2073;691166;-312;-2312;44;-150;125;-81;-331;-594;-1434;35335
48;2074;691394;-246;-1816;-123;-53;187;173;-326;-573;-1363;39085
48;2075;691733;-199;-2155;-107;-155;-392;-204;-354;-565;-1384;32222
48;2076;692056;-407;-1856;-289;-72;-86;-2;-321;-547;-1317;12861
48;2077;692289;-283;-2348;-18;170;166;112;-329;-545;-1327;14545
48;2078;692607;-22;-1621;-200;-61;185;-165;-323;-560;-1333;18591
48;2079;693174;-305;-1638;-130;373;-6;-113;-374;-544;-1317;47030
48;2080;693492;-498;-2515;-100;569;-146;271;-344;-573;-1377;41300
48;2081;693814;-212;-1814;-11;-54;-120;240;-338;-593;-1394;57038
48;2082;694169;-572;-1930;-189;137;240;-497;-384;-574;-1412;6230
48;2083;694487;-459;-1870;244;-154;-60;-9;-364;-580;-1418;28388
48;2084;694824;-249;-2046;-112;86;383;15;-330;-574;-1380;4541
48;2085;695165;-291;-2376;-337;-201;-313;202;-324;-591;-1419;54990
48;2086;695483;-338;-1581;120;-46;34;50;-362;-569;-1383;21232
48;2087;695816;-172;-2747;-558;-223;243;-251;-361;-539;-1339;42691
48;2088;696430;-705;-2042;-308;85;-218;-359;-340;-547;-1342;20672
48;2089;696662;-214;-1758;4;118;-8;202;-357;-551;-1343;29120
48;2090;697087;-164;-1719;-120;310;412;148;-348;-583;-1396;10193
48;2091;697443;-431;-2509;-232;-377;-397;137;-303;-587;-1414;663
48;2092;697761;-195;-1676;79;-91;-270;-197;-355;-579;-1387;34028
48;2093;698081;-174;-2648;-547;67;405;-281;-340;-564;-1361;11984
48;2094;698414;-338;-1715;-146;194;-112;86;-287;-599;-1427;20387
48;2095;698648;-572;-2857;-657;-729;-575;-74;-299;-556;-1333;53381
48;2096;699073;-115;-2320;7;-142;-275;-19;-327;-572;-1392;32700
48;2097;699304;-327;-2022;-78;83;529;19;-359;-569;-1400;61660
48;2098;699643;-283;-2149;-195;-341;-389;251;-336;-581;-1421;48688
48;2099;699967;-287;-1743;-115;-93;-16;45;-372;-563;-1400;59346
48;2100;700198;-314;-2017;88;-535;121;505;-347;-547;-1358;3212
48;2101;700516;-152;-1726;-169;244;491;70;-322;-579;-1358;7209
48;2102;701084;-249;-1750;-69;-159;-699;-196;-374;-559;-1360;35236
48;2103;701401;-218;-2433;-120;-151;-66;-19;-360;-557;-1351;54557
48;2104;701719;-166;-1898;-324;77;169;-6;-329;-582;-1374;23592
48;2105;702081;-225;-2348;-17;-540;-427;150;-342;-570;-1414;7965
48;2106;702399;-255;-1667;-9;-136;-61;-121;-328;-585;-1379;53407
48;2107;702732;-141;-2804;-352;112;157;95;-336;-559;-1337;59499
48;2108;703077;-175;-1721;-61;115;-237;32;-323;-585;-1421;57987
48;2109;703395;-453;-1977;-54;59;39;-233;-332;-588;-1406;44848
48;2110;703728;-43;-2926;-391;-279;197;-204;-297;-581;-1394;15349
48;2111;704068;-173;-1787;-201;80;60;26;-361;-596;-1440;33434
48;2112;704390;-136;-2280;-66;-455;-252;-142;-332;-587;-1441;42568
48;2113;704622;-228;-1882;-97;10;-302;-127;-351;-572;-1369;47723
48;2114;705047;69;-2659;40;-192;602;-340;-344;-591;-1406;29990
48;2115;705279;-120;-1521;-188;525;294;171;-264;-599;-1402;5850
48;2116;705511;-99;-2182;-247;-548;-561;-163;-284;-612;-1441;21930
48;2117;705937;-10;-1709;134;-157;-66;-112;-324;-561;-1356;56410
48;2118;706396;-162;-1676;-193;182;447;186;-301;-582;-1366;30083
48;2119;706714;-416;-2465;-415;-532;-635;-387;-311;-576;-1367;40371
48;2120;707034;-240;-1847;73;-25;-175;144;-308;-577;-1353;31072
48;2121;707265;-218;-2629;49;539;504;276;-302;-593;-1377;43031
48;2122;707498;-101;-1634;-220;386;152;77;-278;-604;-1417;14306
48;2123;708055;-18;-1485;-30;-66;-260;-189;-290;-571;-1348;3543
48;2124;708373;-109;-2831;-108;235;83;748;-294;-563;-1333;65005
48;2125;708606;-111;-1761;-135;104;524;-262;-325;-593;-1378;7293
48;2126;709047;-254;-2139;-67;-503;-141;-731;-260;-598;-1392;32716
48;2127;709364;-92;-2245;113;205;337;-100;-248;-577;-1340;37850
48;2128;709702;-89;-1530;-148;-146;-277;-207;-199;-606;-1420;52216
48;2129;710041;-383;-2486;-169;-121;-428;196;-276;-621;-1482;3960
48;2130;710359;-173;-1661;242;-104;-269;239;-298;-570;-1357;13851
48;2131;710717;-221;-1803;-142;339;475;-63;-311;-572;-1366;38852
48;2132;711036;-176;-2355;-514;-336;-486;55;-268;-554;-1326;25587
48;2133;711354;-211;-1552;-401;-458;-490;-211;-314;-503;-1219;56517
48;2134;711688;-143;-2988;-698;180;-136;538;-418;-523;-1315;41929
48;2135;712031;-361;-1381;-79;295;116;-78;-384;-598;-1487;46812
48;2136;712353;-400;-1987;-66;-289;6;-324;-425;-561;-1386;34819
48;2137;712581;-293;-2036;71;118;31;-167;-377;-557;-1349;10123
48;2138;713029;-491;-1613;-178;367;-214;367;-393;-570;-1415;55868
48;2139;713366;-496;-2146;-230;-824;-383;-301;-416;-573;-1433;8412
48;2140;713684;-339;-2561;-50;-9;-172;410;-356;-550;-1354;16494
48;2141;714024;-308;-1525;-177;413;260;-88;-438;-550;-1369;34299
48;2142;714252;-361;-2174;-268;13;-382;236;-407;-582;-1469;30700
48;2143;714570;-355;-1499;-37;34;-177;286;-366;-578;-1416;63761
48;2144;714893;-2;-2826;-316;-217;85;-67;-434;-547;-1392;35027
48;2145;715142;-395;-1547;-130;411;78;-115;-406;-591;-1433;10361
48;2146;715460;-586;-2592;-305;-726;-425;87;-407;-553;-1379;4140
48;2147;716014;-109;-2518;-488;700;483;-185;-413;-541;-1357;42655
48;2148;716246;-169;-1256;-72;760;301;296;-386;-600;-1503;18248
48;2149;716565;-344;-2340;-398;-538;164;-521;-382;-573;-1403;122
48;2150;717006;182;-2737;-102;51;-6;-148;-385;-563;-1366;4573
48;2151;717344;-170;-1463;-146;631;166;298;-356;-577;-1437;39186
48;2152;717666;-359;-2096;-307;68;151;-133;-368;-565;-1412;57289
48;2153;718001;-115;-2898;-369;-468;-203;-525;-392;-565;-1379;61828
48;2154;718319;-64;-1484;-72;338;247;-97;-389;-596;-1472;26759
48;2155;718555;-48;-2149;-217;-207;-462;-17;-363;-611;-1511;11754
48;2156;718894;-78;-1543;152;100;-22;-21;-323;-611;-1472;45977
48;2157;719212;238;-2957;-33;53;103;432;-315;-616;-1518;39044
48;2158;719676;-19;-2239;-49;-177;-400;88;-328;-612;-1582;45862
48;2159;719996;-13;-1785;-120;7;-248;25;-348;-615;-1497;31987
48;2160;720318;182;-2874;-192;289;332;124;-325;-609;-1486;47365
48;2161;720546;-41;-1939;-144;148;482;226;-303;-626;-1546;38033
48;2162;720889;32;-2186;29;-400;-911;5;-341;-628;-1637;32001
48;2163;721207;147;-2079;-72;-11;-346;-88;-340;-625;-1532;53081
48;2164;721436;189;-2191;95;228;504;-63;-286;-633;-1550;57722
48;2165;721987;-35;-1862;117;202;-318;160;-268;-642;-1620;44265
48;2166;722321;37;-1973;59;-219;-466;373;-340;-622;-1633;50571
48;2167;722638;-297;-2225;-77;-147;-1272;58;-402;-603;-1635;11085
48;2168;722982;58;-2013;95;181;-672;-356;-404;-611;-1771;60769
48;2169;723213;424;-1851;123;-139;145;-247;-329;-644;-1787;27838
48;2170;723532;215;-2101;163;148;-165;124;-304;-640;-1728;5221
48;2171;724000;300;-1798;43;154;252;-66;-279;-637;-1816;26893
48;2172;724318;290;-1736;239;189;101;36;-284;-648;-1812;51096
48;2173;724636;259;-2120;27;55;17;-28;-275;-645;-1795;33849
48;2174;724971;253;-2029;60;-36;-11;23;-275;-632;-1808;34367
48;2175;725205;294;-1988;92;87;67;-65;-288;-632;-1829;39149
48;2176;725523;62;-2049;63;54;-73;199;-296;-629;-1851;52714
48;2177;725968;-77;-2058;105;97;-300;55;-377;-582;-1857;22036
48;2178;726310;103;-2285;-82;-190;-759;-312;-369;-618;-1848;48389
48;2179;726643;178;-1951;55;57;11;24;-284;-621;-1894;40490
48;2180;726962;-25;-2022;-23;183;-156;55;-286;-627;-1929;7755
48;2181;727306;317;-2076;64;-443;323;11;-288;-617;-1863;6231
48;2182;727534;93;-2172;-83;339;136;-123;-337;-619;-1855;43062
48;2183;727853;0;-1816;-106;-42;231;481;-247;-608;-1935;13207
48;2184;728171;585;-2145;83;-21;-37;16;-362;-614;-1847;7687
48;2185;728424;334;-1986;39;118;422;-234;-380;-609;-1865;40418
48;2186;728959;279;-1914;204;-359;-12;46;-284;-637;-1733;44161
48;2187;729292;362;-2248;99;283;505;101;-329;-614;-1752;24723
48;2188;729525;347;-1899;-70;-240;818;-95;-332;-623;-1691;16171
48;2189;729849;338;-2095;116;-42;124;59;-309;-626;-1645;35090
48;2190;730288;232;-1783;48;142;52;328;-266;-615;-1516;41856
48;2191;730627;453;-2359;0;14;1075;207;-320;-617;-1514;44598
48;2192;730950;209;-1829;-47;208;312;323;-280;-622;-1559;25237
48;2193;731182;-15;-1954;-257;-501;-208;-609;-310;-598;-1448;33392
48;2194;731504;118;-2441;145;-65;-85;129;-314;-582;-1423;25387
48;2195;731965;116;-1649;-235;559;674;184;-260;-628;-1513;47433
48;2196;732283;-168;-1553;19;-379;-437;-273;-234;-610;-1462;59557
48;2197;732601;427;-2857;253;735;-193;-141;-316;-575;-1428;50139
48;2198;732958;143;-1361;1;593;866;64;-288;-628;-1535;35542
48;2199;733275;-74;-2028;-113;-300;-363;-418;-230;-608;-1458;42528
48;2200;733593;669;-3524;-463;0;-983;54;-240;-579;-1419;45989
48;2201;733953;81;-1342;-34;841;814;-267;-256;-629;-1529;65264
48;2202;734274;-285;-2221;-15;276;-34;-349;-249;-611;-1490;50006
48;2203;734935;-48;-1346;97;437;250;67;-222;-615;-1438;48673
48;2204;735168;64;-2731;-338;-385;-529;175;-220;-626;-1496;20592
48;2205;735502;274;-1581;202;-131;-107;482;-233;-604;-1430;8492
48;2206;735821;126;-2531;-394;-208;397;-318;-316;-580;-1422;20930
48;2207;736265;-363;-2386;-284;-723;-785;-669;-373;-584;-1412;32684
48;2208;736494;-2;-1468;33;160;-272;406;-338;-570;-1367;18999
48;2209;736926;156;-1784;-176;275;899;-304;-397;-543;-1324;44752
48;2210;737280;60;-2078;-21;-539;-209;-743;-346;-582;-1424;60292
48;2211;737598;-94;-1411;395;13;-251;242;-270;-585;-1373;15307
48;2212;737917;427;-2280;-283;436;793;-526;-286;-588;-1386;4475
48;2213;738251;-23;-1408;98;130;-285;42;-309;-633;-1626;33971
48;2214;738488;-152;-2077;5;-143;-75;-353;-296;-608;-1434;6043
48;2215;738913;429;-2414;376;554;502;-41;-199;-641;-1522;7647
48;2216;739140;138;-1661;-16;-217;394;274;-52;-629;-1504;41192
48;2217;739486;141;-2407;126;-407;-871;-162;-131;-618;-1479;56519
48;2218;739805;374;-1912;-118;-524;185;-296;-109;-580;-1330;3982
48;2219;740033;969;-2501;-743;197;378;380;-81;-571;-1343;5866
48;2220;740351;75;-1756;-204;751;238;465;-125;-612;-1411;15389
48;2221;740923;614;-2177;271;-315;283;-191;-107;-600;-1390;37559
48;2222;741241;130;-1792;-48;62;-430;-415;-151;-626;-1494;27710
48;2223;741559;-50;-2765;-29;-216;-75;1425;-139;-625;-1498;51801
48;2224;741914;-99;-1514;-50;423;-854;-185;-278;-612;-1486;8982
48;2225;742243;198;-3177;-123;91;-53;735;-322;-608;-1528;16001
48;2226;742576;322;-1974;-141;-72;465;54;-337;-607;-1533;1348
48;2227;742916;47;-1750;-264;-186;-464;447;-250;-604;-1461;59765
48;2228;743234;665;-2763;-357;-249;207;-425;-318;-604;-1429;1937
48;2229;743568;197;-1423;-193;346;941;81;-268;-597;-1390;37869
48;2230;743908;51;-2311;-448;112;-120;-36;-228;-599;-1405;42010
48;2231;744226;161;-2264;-42;-595;-87;-25;-260;-568;-1323;32866
48;2232;744454;-51;-2622;-686;88;596;383;-335;-541;-1297;8989
48;2233;744889;198;-2178;-297;-278;-305;-320;-266;-601;-1438;61694
48;2234;745132;117;-1653;-5;284;-347;1;-255;-577;-1366;18170
48;2235;745360;52;-1965;155;59;361;-418;-283;-594;-1419;14775
48;2236;745786;352;-1554;-150;-99;23;-1274;-218;-574;-1347;42919
48;2237;746249;-73;-1580;-198;395;100;-302;-156;-579;-1354;6869
48;2238;746567;92;-2303;156;-272;-105;83;-206;-594;-1367;48322
48;2239;746891;247;-1687;-270;364;280;428;-220;-604;-1386;9959
48;2240;747118;344;-1978;-333;-436;-255;-134;-233;-593;-1399;65302
48;2241;747357;138;-2018;-590;110;-149;-533;-195;-575;-1328;46499
48;2242;747783;276;-2934;-319;252;96;840;-206;-573;-1317;34880
48;2243;748011;113;-1833;-460;-139;492;-17;-312;-596;-1385;28930
48;2244;748348;-367;-1979;592;1047;-354;-56;-384;-543;-1746;6216
48;2245;748896;27;-2661;485;258;-206;-175;-445;-614;-1743;11698
48;2246;749213;-34;-1757;352;-285;411;42;-287;-642;-1716;49440
48;2247;749551;-242;-2368;521;120;632;-41;-306;-623;-1722;43222
48;2248;749895;-197;-1842;623;-1;-582;66;-332;-630;-1624;2840
48;2249;750217;109;-2093;217;108;-156;-352;-391;-630;-1671;26976
48;2250;750795;-219;-2239;138;-327;-452;-158;-359;-618;-1662;63735
48;2251;751113;-92;-1914;310;-282;716;-54;-357;-624;-1632;3270
48;2252;751552;-113;-1804;201;132;-76;165;-346;-613;-1549;35336
48;2253;751899;-284;-2243;105;-126;-282;2;-396;-618;-1587;50020
48;2254;752216;-285;-2037;169;-9;152;-286;-356;-617;-1514;36392
48;2255;752444;65;-2184;-109;18;-415;-59;-321;-619;-1556;56779
48;2256;752903;24;-2336;72;95;-531;124;-368;-603;-1569;11140
48;2257;753240;-81;-1641;122;-148;-97;-104;-372;-607;-1601;16737
48;2258;753558;-7;-2495;-194;-78;253;657;-371;-594;-1544;41564
48;2259;753901;-18;-1888;90;-17;345;-172;-450;-593;-1536;56257
48;2260;754129;-273;-2490;-86;-272;308;-380;-413;-605;-1530;60970
48;2261;754448;-209;-1787;200;27;32;15;-363;-598;-1532;2472
48;2262;754767;121;-2323;-187;-252;18;-437;-366;-616;-1518;8618
48;2263;755015;3;-1702;175;4;147;-115;-335;-602;-1517;38143
48;2264;755337;-224;-2336;-135;-495;-344;-289;-371;-598;-1520;23700
48;2265;755888;-106;-2375;130;-136;153;6;-337;-629;-1605;38029
48;2266;756121;-185;-1699;337;228;59;232;-323;-623;-1626;30887
48;2267;756438;-391;-2546;348;504;-227;19;-365;-615;-1687;47838
48;2268;756879;-131;-2021;752;252;179;-76;-343;-634;-1755;50688
48;2269;757222;-155;-1723;444;43;435;194;-357;-619;-1704;58624
48;2270;757540;-221;-2456;616;-138;-307;291;-372;-608;-1740;20400
48;2271;757881;-244;-1590;588;100;-185;-136;-380;-620;-1700;29466
48;2272;758199;-136;-2358;487;120;63;155;-365;-636;-1701;17329
48;2273;758435;-57;-1452;446;40;2;276;-342;-623;-1662;58970
48;2274;758770;-92;-2149;655;168;-213;-35;-404;-607;-1705;57814
48;2275;759088;-218;-1758;554;-88;-83;-41;-393;-619;-1706;29670
48;2276;759548;-9;-1879;119;-449;297;-358;-367;-633;-1617;26533
48;2277;759868;-74;-2305;413;120;70;-238;-320;-638;-1648;34200
48;2278;760186;22;-2001;42;-136;-146;304;-298;-633;-1559;46240
48;2279;760417;-117;-2391;194;172;1;223;-316;-624;-1539;20650
48;2280;760758;-87;-1844;82;-172;416;-93;-299;-626;-1517;55325
48;2281;760978;-68;-2058;122;289;-24;339;-315;-620;-1504;6480
48;2282;761312;-224;-1940;7;6;-77;45;-326;-607;-1490;26125
48;2283;761865;548;-1763;-21;-91;498;-782;-281;-628;-1496;4321
48;2284;762197;316;-2271;-28;-9;386;-22;-227;-616;-1452;37958
48;2285;762516;-320;-1985;-270;59;-159;-704;-285;-632;-1535;10260
48;2286;762859;193;-2009;154;75;35;152;-281;-626;-1493;59410
48;2287;763090;99;-2231;39;104;0;55;-273;-619;-1506;48119
48;2288;763408;-85;-2047;-33;64;64;148;-285;-605;-1471;10231
48;2289;763870;-106;-2177;-126;-385;435;-63;-339;-605;-1473;13373
48;2290;764191;150;-1904;-67;-193;1448;-335;-277;-612;-1423;51426
48;2291;764509;-258;-2087;58;220;1427;501;3;-613;-1479;31579
48;2292;764847;-8;-1846;126;122;78;25;74;-619;-1529;22292
48;2293;765081;-39;-2342;-81;-257;-12;142;67;-613;-1511;38934
48;2294;765399;213;-1953;-188;37;-194;-83;68;-606;-1509;45684
48;2295;765843;110;-2094;23;480;361;-354;45;-615;-1556;54230
48;2296;766181;-274;-1660;243;-99;-428;53;-14;-632;-1550;32906
48;2297;766515;246;-2627;-658;-321;-562;-319;-44;-629;-1501;65085
48;2298;766838;28;-1897;92;56;223;-41;48;-625;-1548;25700
48;2299;767176;121;-1871;144;-70;112;-94;18;-619;-1555;58728
48;2300;767404;-224;-1880;318;61;-798;-675;48;-615;-1524;3421
48;2301;767724;333;-2469;-344;-313;-1364;-86;-12;-609;-1403;35655
48;2302;768042;99;-1840;206;137;207;-74;-68;-620;-1442;6905
48;2303;768294;59;-2261;232;-217;11;-242;-79;-634;-1491;16018
48;2304;768832;-45;-2407;61;222;-428;-24;-106;-623;-1447;57057
48;2305;769166;-42;-1680;82;-29;-656;200;-131;-626;-1446;58461
48;2306;769403;-157;-2443;108;6;-197;176;-173;-628;-1468;465
48;2307;769722;-194;-1717;50;151;-5;52;-238;-619;-1458;38460
48;2308;770162;-285;-1958;-150;461;-81;-406;-275;-613;-1477;6125
48;2309;770501;-346;-2187;-61;-503;51;267;-238;-594;-1396;5692
48;2310;770824;275;-2172;-144;604;-469;112;-252;-581;-1352;49928
48;2311;771052;-33;-1680;-220;338;-440;162;-244;-614;-1446;38394
48;2312;771370;34;-2232;-461;73;-463;303;-272;-593;-1407;50455
48;2313;771831;385;-2584;549;330;571;527;-274;-632;-1549;9507
48;2314;772152;-18;-1527;-5;249;391;-174;-269;-623;-1490;58876
48;2315;772475;181;-2149;-166;16;-344;-350;-215;-609;-1398;59336
48;2316;772830;111;-1723;309;-166;12;-37;-187;-612;-1417;38414
48;2317;773148;45;-1459;367;639;-497;-71;-284;-636;-1530;50746
48;2318;773466;-189;-2238;-160;-263;-482;-348;-257;-619;-1466;4620
48;2319;773829;11;-1286;95;58;-489;461;-210;-610;-1447;60547
48;2320;774147;33;-2812;-264;821;308;-163;-295;-599;-1430;4620
48;2321;774694;-117;-2737;-318;-730;-623;-101;-254;-589;-1381;47430
48;2322;774931;-14;-1324;19;276;-495;128;-240;-590;-1404;9281
48;2323;775249;197;-3128;-213;-242;-405;-108;-314;-567;-1389;61463
48;2324;775477;-6;-1845;-390;274;49;52;-319;-581;-1411;15446
48;2325;775796;-49;-2142;-124;-108;-538;-274;-326;-607;-1471;61189
48;2326;776140;54;-1738;37;-101;-156;113;-292;-576;-1406;48776
48;2327;776371;347;-2577;-13;475;251;163;-329;-600;-1409;25070
48;2328;776797;-99;-1684;54;479;-129;96;-298;-614;-1475;35711
48;2329;777150;-45;-1782;-101;-254;-164;-339;-267;-614;-1482;46076
48;2330;777472;169;-2177;171;475;60;124;-267;-610;-1452;36914
48;2331;777791;250;-1692;-216;-204;593;4;-247;-636;-1479;17087
48;2332;778125;17;-2225;190;-76;38;344;-224;-622;-1446;44940
48;2333;778358;-242;-2090;49;-161;1278;81;-258;-626;-1451;34610
48;2334;778786;-334;-2238;-154;439;552;-257;-246;-620;-1433;6352
48;2335;779014;-211;-2265;-35;-404;44;255;-179;-621;-1462;43324
48;2336;779353;-467;-2047;-83;75;-659;-266;-171;-610;-1423;12397
48;2337;779676;-146;-1911;-291;-227;519;-93;-218;-610;-1428;32503
48;2338;779908;-515;-1808;116;-2;-505;-100;-149;-587;-1398;20836
48;2339;780229;-166;-2004;138;198;360;-102;-196;-599;-1432;18848
48;2340;780797;-73;-2669;-482;24;-470;-619;-149;-591;-1392;506
48;2341;781114;-126;-1636;66;-74;23;-31;-121;-608;-1440;37947
48;2342;781432;-59;-2540;138;-69;198;423;-118;-595;-1399;56962
48;2343;781790;-255;-1624;91;195;-330;295;-76;-598;-1374;22839
48;2344;782108;22;-1972;-510;-45;-577;-705;-210;-611;-1409;26887
48;2345;782441;0;-1991;-211;-158;-59;-47;-178;-598;-1376;31232
48;2346;782785;-122;-1770;-69;-41;594;444;-142;-599;-1370;49941
48;2347;783104;170;-2355;-400;157;-392;-178;-132;-598;-1380;58351
48;2348;783437;-302;-1649;-13;53;-505;11;-90;-602;-1406;24790
48;2349;783778;565;-2669;-181;-334;-67;-282;-140;-564;-1324;8813
48;2350;784100;311;-1442;-175;240;-318;-297;-106;-582;-1352;46620
48;2351;784331;556;-2195;-287;-88;115;-376;-118;-574;-1337;16416
48;2352;784756;160;-1890;101;387;24;-266;-135;-601;-1394;62974
48;2353;784989;453;-2403;-220;-378;358;-282;-102;-605;-1390;63768
48;2354;785221;-35;-1632;-54;157;12;865;-87;-622;-1415;11474
48;2355;785650;-201;-2056;-284;-143;42;283;-221;-579;-1309;2793
48;2356;786110;271;-2614;-580;147;184;222;-277;-570;-1331;37639
48;2357;786428;-242;-1494;80;264;-97;325;-353;-617;-1583;24428
48;2358;786751;-138;-2358;-274;-536;-12;-209;-385;-595;-1477;19473
48;2359;786979;-127;-1701;228;-114;36;248;-369;-595;-1477;30873
48;2360;787212;345;-2061;336;-309;203;-593;-341;-598;-1513;62894
48;2361;787638;-278;-1951;-55;41;764;-1175;-369;-603;-1427;56039
48;2362;787873;96;-2472;-119;-562;-540;239;-263;-614;-1419;44090
48;2363;788211;101;-1794;195;-436;-401;212;-314;-591;-1436;40842
48;2364;788758;120;-1194;-249;655;202;-83;-209;-650;-1616;56825
48;2365;789076;-3;-2659;172;-193;-730;3;-247;-606;-1450;544
48;2366;789420;314;-1734;335;178;-91;-38;-310;-602;-1444;55432
48;2367;789755;63;-2080;-167;596;285;-264;-254;-641;-1522;42437
48;2368;790073;-36;-1388;326;-615;-788;307;-216;-643;-1674;50332
48;2369;790428;-163;-1672;-147;3;-951;-233;-228;-612;-1480;6855
48;2370;790755;617;-3336;28;-584;556;49;-278;-625;-1512;27101
48;2371;791073;-19;-1492;-241;951;129;425;-287;-635;-1560;26926
48;2372;791406;7;-2222;320;-129;-70;20;-342;-622;-1597;50537
48;2373;791746;198;-2413;-41;-386;213;-64;-414;-578;-1515;40864
48;2374;791966;326;-2272;-208;390;862;-193;-416;-587;-1455;45528
48;2375;792299;-2;-1604;-304;212;-56;-38;-401;-617;-1554;7809
48;2376;792744;-50;-1656;-102;-179;-366;52;-378;-577;-1428;196
48;2377;793078;19;-3206;36;84;431;-111;-438;-608;-1512;12404
48;2378;793399;-217;-1533;-72;366;180;361;-396;-594;-1554;57846
48;2379;793740;-421;-2177;-82;-144;560;-369;-447;-585;-1449;40037
48;2380;793968;318;-1504;23;-301;-551;-568;-411;-595;-1482;8073
48;2381;794286;31;-2418;-229;1145;1494;500;-387;-603;-1507;25370
48;2382;794609;-353;-1446;-124;123;-740;179;-407;-606;-1654;60619
48;2383;794858;-268;-2760;-148;-1327;-1022;-208;-411;-606;-1545;41246
48;2384;795175;-28;-1619;175;-21;-326;150;-448;-573;-1527;50960
48;2385;795726;-454;-1511;37;246;-380;412;-451;-586;-1644;26283
48;2386;795963;-463;-2719;-187;-1381;-940;-404;-527;-570;-1641;8554
48;2387;796280;-104;-1417;548;140;-131;-87;-471;-589;-1601;1498
48;2388;796725;-298;-1490;88;134;442;39;-456;-597;-1591;26527
48;2389;797064;-149;-2302;115;-443;-210;-341;-483;-586;-1568;62336
48;2390;797386;-111;-1566;104;-330;-36;319;-395;-602;-1489;39144
48;2391;797721;-87;-2126;-254;399;771;-305;-415;-562;-1406;20388
48;2392;798039;-273;-1572;-168;330;-390;82;-417;-582;-1499;20648
48;2393;798273;-225;-3003;-570;-729;-781;-650;-418;-567;-1440;1813
48;2394;798612;-75;-1983;-70;-176;-260;111;-409;-581;-1496;279
48;2395;798930;-86;-2287;-311;118;320;599;-381;-594;-1476;20262
48;2396;799394;-534;-3131;-359;-1031;-571;-269;-469;-558;-1479;50415
48;2397;799717;-98;-1633;120;-42;-251;-69;-423;-583;-1525;22485
48;2398;800035;90;-2278;-84;77;711;-317;-405;-604;-1498;10521
48;2399;800263;-158;-1620;-182;528;121;280;-408;-582;-1550;37008
48;2400;800603;-121;-2542;-506;-997;-894;-824;-440;-577;-1488;28503
48;2401;800921;-3;-1579;310;9;-273;149;-419;-590;-1552;31067
48;2402;801153;-98;-2814;-179;178;459;315;-431;-571;-1488;18144
48;2403;801708;-425;-2707;-150;-593;-627;-42;-479;-571;-1533;53824
48;2404;802042;-129;-1577;259;-250;-192;64;-458;-584;-1545;44839
48;2405;802359;78;-2499;-121;295;1004;26;-461;-582;-1494;30281
48;2406;802703;-302;-1725;-107;218;-79;-31;-430;-599;-1593;7025
48;2407;802935;-198;-2192;-209;-604;-527;-715;-434;-593;-1512;37455
48;2408;803253;-167;-2037;67;-220;-129;31;-414;-591;-1511;41148
48;2409;803714;-303;-1866;-183;400;495;222;-402;-602;-1575;5070
48;2410;804036;-327;-3017;-559;-1234;-561;-853;-411;-588;-1488;39066
48;2411;804354;-233;-1577;52;-62;-707;-6;-405;-600;-1495;24282
48;2412;804689;-132;-2943;-422;712;182;-298;-438;-540;-1451;52195
48;2413;804926;-163;-1614;-97;775;248;5;-431;-580;-1543;47664
48;2414;805244;-241;-2783;164;-684;-248;22;-417;-602;-1604;23511
48;2415;805685;35;-2450;504;587;1070;-84;-410;-604;-1544;12778
48;2416;806024;-206;-1401;116;896;317;109;-389;-612;-1594;58228
48;2417;806357;-62;-2619;136;-769;-457;-235;-412;-623;-1649;10485
48;2418;806681;-67;-1684;414;-564;-428;101;-377;-596;-1573;39834
48;2419;807020;-133;-2082;175;175;492;368;-357;-629;-1552;51601
48;2420;807251;-44;-1383;96;-167;-322;-162;-356;-619;-1589;31680
48;2421;807577;-87;-2536;-427;-415;-995;-650;-360;-606;-1477;14775
48;2422;807895;-41;-1909;196;17;37;177;-349;-610;-1491;19381
48;2423;808144;91;-2739;-273;307;213;247;-342;-594;-1464;19827
48;2424;808674;-84;-2431;110;-209;-251;121;-376;-622;-1609;43724
48;2425;809008;-33;-1751;18;-424;-391;-67;-353;-613;-1559;14177
48;2426;809245;245;-3071;-121;149;144;277;-369;-603;-1519;64744
48;2427;809564;-328;-1541;-105;519;-16;267;-416;-593;-1642;63467
48;2428;810004;-616;-2043;-136;-103;-1285;-94;-500;-578;-1618;27329
48;2429;810345;7;-2063;289;-164;-482;-233;-476;-598;-1760;52636
48;2430;810668;-14;-1918;49;132;110;434;-472;-578;-1824;37700
48;2431;810896;-191;-1637;117;245;-302;236;-512;-544;-1860;23135
48;2432;811214;-646;-2092;-115;-170;-458;59;-455;-611;-1834;62056
48;2433;811675;-168;-2516;65;328;175;348;-454;-581;-1827;23950
48;2434;811996;-225;-1795;-101;445;373;39;-514;-548;-1859;33986
48;2435;812314;-127;-1991;258;22;-260;-211;-525;-553;-1874;45182
48;2436;812674;-265;-1999;157;-40;-255;-47;-437;-584;-1852;7053
48;2437;812995;-106;-2044;363;217;324;209;-470;-580;-1836;36925
48;2438;813313;-125;-2334;-406;633;1767;-123;-509;-565;-1686;39535
48;2439;813668;-105;-1805;249;-203;518;-36;-476;-584;-1609;55597
48;2440;813987;-201;-1864;328;759;483;213;-419;-604;-1538;12298
48;2441;814533;-34;-2552;155;555;217;-18;-446;-580;-1551;65188
48;2442;814772;-334;-1506;179;464;499;161;-448;-588;-1569;16193
48;2443;815091;-360;-2774;-86;-841;-727;-127;-413;-601;-1573;59508
48;2444;815318;-24;-1436;295;-30;-208;-17;-365;-592;-1582;38932
48;2445;815642;-51;-2475;114;-183;-60;168;-406;-587;-1514;32635
48;2446;815991;-235;-1589;-1;473;304;143;-389;-597;-1558;31910
48;2447;816219;-420;-2312;7;-891;-612;-174;-414;-599;-1565;36392
48;2448;816644;-55;-2316;78;-355;-433;84;-403;-575;-1462;59699
48;2449;817260;-205;-1833;-34;-335;-244;21;-421;-590;-1569;41080
48;2450;817690;-131;-1590;-7;187;-780;113;-421;-578;-1471;35186
48;2451;818023;148;-2835;-220;303;483;-73;-432;-587;-1521;63082
48;2452;818256;-184;-1548;-47;575;640;221;-404;-597;-1592;9739
48;2453;818693;-548;-1963;-43;-12;-217;200;-437;-589;-1523;19913
48;2454;819027;-30;-2254;153;-139;72;221;-440;-566;-1481;4031
48;2455;819366;-36;-1792;-294;622;585;107;-434;-598;-1588;32616
48;2456;819685;-397;-1709;124;-577;-331;62;-435;-586;-1593;29448
48;2457;819914;-516;-2975;-532;-404;-568;51;-455;-549;-1450;51399
48;2458;820236;-56;-2013;-41;1;-212;-252;-482;-537;-1446;46041
48;2459;820696;-262;-1791;-429;431;-458;102;-399;-599;-1602;32337
48;2460;821018;-401;-2105;-24;-288;-2328;632;-511;-557;-1796;51501
48;2461;821336;-511;-2161;-113;-569;-867;-585;-506;-557;-1899;28747
48;2462;821692;107;-2162;-436;-174;-879;-697;-324;-627;-1887;63503
48;2463;822010;781;-1998;-234;-57;-1192;-230;-88;-643;-1884;39810
48;2464;822327;703;-1715;-247;64;-66;-606;26;-615;-1870;24939
48;2465;822689;754;-1963;-342;-303;1229;228;79;-624;-1850;23156
48;2466;823008;192;-2451;-808;-289;264;296;-68;-643;-1748;19485
48;2467;823554;482;-2020;-517;332;-145;224;-110;-656;-1738;49491
48;2468;823792;97;-1764;-88;23;-179;1219;-121;-648;-1794;32312
48;2469;824111;-383;-1768;-249;-1036;156;-363;-463;-598;-1806;18118
48;2470;824338;-1069;-2059;-83;1741;-1455;958;-427;-584;-1847;33262
48;2471;824662;423;-1298;-49;173;-60;-519;-310;-582;-2115;57815
48;2472;825000;-717;-3168;-645;-1091;-408;851;-279;-629;-1716;30854
48;2473;825232;-504;-1977;-596;129;-2713;618;-391;-552;-1867;48103
48;2474;825658;-440;-1971;8;-229;-65;-409;-497;-578;-1938;27705
48;2475;826011;-627;-1899;-11;-307;-1651;768;-438;-537;-2010;21242
48;2476;826335;-1203;-1380;206;-1011;-844;985;-578;-383;-2188;21157
48;2477;826655;-1758;-1485;76;-436;-202;935;-647;-381;-2159;24029
48;2478;826989;-2059;-720;217;-237;22;219;-807;-233;-1959;15365
48;2479;827222;-1880;-614;248;296;-661;-110;-850;-218;-2053;31086
48;2480;827647;-2011;-596;588;476;225;-654;-802;-188;-2205;4988
48;2481;827878;-1504;-713;534;441;436;-991;-772;-234;-2246;10086
48;2482;828217;-1358;-1084;725;69;1323;175;-768;-250;-2124;50312
48;2483;828537;-1064;-1369;-574;1078;528;-1051;-805;-362;-1819;56083
48;2484;828769;-617;-1686;-448;381;568;-864;-681;-490;-1769;37707
48;2485;829087;-122;-2001;-377;89;299;-344;-518;-575;-1704;43540
48;2486;829658;-191;-1676;-226;167;-427;-175;-361;-601;-1798;48548
48;2487;829975;-111;-2166;-116;164;-187;-42;-380;-610;-1808;9854
48;2488;830297;-90;-2072;-320;308;349;-325;-358;-606;-1900;36310
48;2489;830655;-114;-2027;-213;-248;-469;8;-307;-592;-1973;41155
48;2490;830973;82;-1973;-181;-263;-1149;-106;-266;-595;-1989;29216
48;2491;831306;-60;-1993;-230;185;-1168;-28;-154;-614;-1957;15757
48;2492;831650;-86;-2131;-110;-186;-750;-77;-71;-618;-1879;53587
48;2493;831968;-142;-2000;-271;-242;-255;131;-46;-629;-1851;10129
48;2494;832301;-266;-1989;-161;209;550;-28;-101;-626;-1803;24295
48;2495;832641;-100;-2292;-32;48;900;474;-182;-608;-1948;64491
48;2496;832960;-79;-2287;-119;283;738;-288;-335;-600;-1966;35113
48;2497;833191;-424;-2102;17;422;445;-24;-319;-580;-1979;25631
48;2498;833616;-519;-2090;-9;65;176;297;-407;-531;-2035;35139
48;2499;833849;-710;-1969;176;296;36;170;-466;-476;-2103;52060
48;2500;834084;-561;-2060;196;-312;-138;-605;-503;-501;-2097;26838
48;2501;834509;88;-2397;-497;22;-287;110;-228;-632;-1832;44413
48;2502;834969;74;-2003;-14;35;-71;-28;-249;-604;-1919;3839
48;2503;835286;56;-2071;-164;-27;25;-15;-256;-598;-1894;58439
48;2504;835610;40;-2055;-143;58;30;75;-263;-589;-1921;63652
48;2505;835842;3;-2058;-138;15;-27;3;-261;-602;-1930;37127
48;2506;836075;50;-2050;-167;17;-1;38;-270;-600;-1917;3302
48;2507;836500;92;-2051;-222;-51;-107;-74;-267;-606;-1878;34074
48;2508;836732;47;-1986;-164;41;96;63;-262;-602;-1898;39751
48;2509;837070;28;-2076;-214;-48;-34;-3;-270;-595;-1895;19431
48;2510;837617;32;-2110;-273;-39;23;133;-293;-603;-1857;30305
48;2511;837939;-159;-2064;-280;-27;29;73;-313;-595;-1854;52345
48;2512;838277;-15;-2012;-270;-51;160;44;-316;-589;-1836;50961
48;2513;838616;-27;-2038;-349;27;20;-74;-328;-600;-1833;9771
48;2514;838934;-68;-2031;-322;49;-109;14;-330;-604;-1808;49254
48;2515;839289;-15;-2040;-293;71;-198;-26;-315;-589;-1837;59186
48;2516;839612;17;-2087;-263;18;-119;-71;-301;-609;-1853;32192
48;2517;839931;-32;-2009;-254;-116;32;2;-278;-608;-1854;15855
48;2518;840264;-76;-2054;-360;100;256;48;-278;-615;-1826;52337
48;2519;840607;103;-2104;-378;-220;391;67;-281;-612;-1785;63088
48;2520;840926;224;-1917;-740;-554;-210;377;-272;-620;-1638;21806
48;2521;841157;43;-2065;-731;-88;312;47;-298;-597;-1545;47796
48;2522;841602;258;-1799;-574;-20;-345;-333;-359;-609;-1703;37973
48;2523;841940;133;-1909;-711;-331;15;-148;-341;-604;-1624;42351
48;2524;842264;88;-1926;-626;135;-208;-80;-301;-611;-1647;24947
48;2525;842615;129;-1945;-530;74;-65;-70;-297;-617;-1690;38302
48;2526;842843;92;-1980;-562;-18;-27;2;-292;-612;-1700;20418
48;2527;843161;85;-1964;-539;2;-37;-50;-286;-616;-1690;53845
48;2528;843480;115;-1901;-595;114;13;95;-290;-612;-1672;42495
48;2529;843732;90;-2016;-701;-74;20;-109;-301;-607;-1665;49603
48;2530;844050;20;-1926;-599;8;-71;43;-306;-599;-1665;16882
48;2531;844601;48;-1935;-639;-33;5;11;-305;-611;-1674;29723
48;2532;844834;42;-1926;-618;13;-21;25;-311;-611;-1677;13385
48;2533;845152;22;-1913;-615;-17;-5;57;-317;-602;-1687;36085
48;2534;845596;-14;-1920;-592;-23;71;99;-317;-612;-1660;59163
48;2535;845937;57;-1938;-596;35;28;46;-326;-601;-1655;27525
48;2536;846254;44;-1952;-588;29;28;4;-332;-596;-1657;7754
48;2537;846593;11;-1960;-575;17;16;-89;-332;-598;-1649;15931
48;2538;846915;-58;-1945;-602;-99;-14;-60;-321;-615;-1672;19360
48;2539;847150;30;-1964;-595;64;-158;-36;-322;-603;-1657;45913
48;2540;847489;27;-1954;-569;11;-148;-46;-317;-612;-1664;5182
48;2541;847808;-17;-1953;-597;-100;-177;-17;-297;-618;-1678;18307
48;2542;848268;9;-1911;-642;63;164;96;-308;-612;-1650;34047
48;2543;848587;18;-1951;-644;98;154;159;-343;-603;-1645;30413
48;2544;848906;35;-1966;-593;63;121;30;-352;-595;-1646;11695
48;2545;849134;14;-1894;-574;-2;150;27;-359;-584;-1643;55042
48;2546;849476;90;-1956;-615;52;81;28;-354;-591;-1602;10506
48;2547;849798;4;-1965;-620;-28;-54;44;-363;-596;-1611;5850
48;2548;850026;21;-1962;-635;15;-116;-5;-356;-598;-1620;975
48;2549;850578;9;-1935;-583;76;-47;56;-361;-591;-1648;44819
48;2550;850912;38;-1928;-521;15;-23;61;-362;-601;-1660;48398
48;2551;851229;37;-1946;-562;-44;-8;-13;-365;-603;-1648;3744
48;2552;851569;1;-1939;-563;-29;-12;24;-355;-594;-1629;501
48;2553;851797;20;-1966;-576;-32;-28;-20;-358;-589;-1619;4825
48;2554;852119;47;-1940;-557;28;-36;-7;-359;-596;-1634;59792
48;2555;852339;12;-1946;-574;25;-20;-7;-349;-588;-1621;56865
48;2556;852587;1;-1980;-606;-11;-53;13;-353;-589;-1624;49987
48;2557;852905;18;-1950;-557;22;-40;40;-353;-585;-1639;42242
48;2558;853227;8;-1986;-584;4;-22;-41;-362;-589;-1629;64939
48;2559;853562;35;-1948;-560;28;-11;-12;-345;-593;-1624;54946
48;2560;853796;66;-1932;-560;31;-22;-16;-358;-590;-1636;29246
48;2561;854114;4;-2007;-599;-8;-115;13;-351;-587;-1646;30911
48;2562;854555;-1072;-1893;-308;1244;-453;1499;-477;-483;-1949;47005
48;2563;854897;-538;-1799;418;-101;-317;158;-529;-451;-2151;10505
48;2564;855234;-366;-2018;411;-204;-345;-51;-483;-471;-2145;14902
48;2565;855553;-425;-2054;337;-315;185;-949;-463;-529;-2117;44113
48;2566;855893;-59;-2035;349;-59;93;52;-305;-549;-2146;6668
48;2567;856121;-104;-2085;298;-14;1;146;-308;-562;-2103;19266
48;2568;856440;-149;-1954;360;-119;167;-61;-342;-536;-2126;47542
48;2569;856759;-803;-1990;281;666;-253;42;-448;-508;-2116;46980
48;2570;857007;-683;-2099;263;-6;-320;-235;-423;-509;-2149;60990
48;2571;857227;-396;-1916;710;1030;995;-678;-377;-434;-2290;17052
48;2572;857553;-119;-1873;883;93;-143;355;-364;-370;-2376;32439
48;2573;857887;-336;-1925;785;-654;5;25;-448;-414;-2269;28885
48;2574;858120;-541;-2035;621;691;226;273;-455;-448;-2220;61361
48;2575;858545;-839;-1631;1066;185;-511;1510;-520;-260;-2379;63904
48;2576;858879;-1042;-925;1523;376;-337;590;-596;91;-2555;64157
48;2577;859217;-1303;-501;1179;-1093;322;1302;-605;195;-2525;33302
48;2578;859536;-1789;-332;966;-803;27;-834;-715;91;-2439;20469
48;2579;859768;-2301;-1463;286;-2149;-479;-1181;-779;-283;-2188;49666
48;2580;860091;-1679;-1415;407;-399;411;160;-644;-406;-1999;46087
48;2581;860431;-1096;-1224;-152;9;-95;-307;-674;-507;-1900;13443
48;2582;860659;-1038;-1585;-810;-150;-331;-398;-596;-524;-1868;8901
48;2583;860981;-1448;-1552;38;80;-312;-195;-523;-526;-1916;30871
48;2584;861548;-1841;-1603;433;323;-36;167;-606;-433;-2091;11901
48;2585;861866;-1384;-1514;917;918;-270;-620;-503;-347;-2401;40531
48;2586;862188;-813;-832;1711;704;-920;-42;-334;-51;-2668;22873
48;2587;862543;-1501;-1237;828;269;1006;-148;-552;-167;-2371;57646
48;2588;862865;-1507;-1486;550;-112;-335;242;-700;-218;-2292;8271
48;2589;863199;-1543;-1058;1008;647;-1043;570;-666;-136;-2411;59958
48;2590;863543;-1029;-488;1641;-27;-307;315;-476;78;-2659;55963
48;2591;863861;-724;-630;1658;-665;-185;521;-381;-45;-2633;17444
48;2592;864089;-1328;-642;1549;-154;-70;-250;-420;-152;-2555;11495
48;2593;864408;-1492;-1000;1375;-203;905;-203;-463;-197;-2466;51718
48;2594;864645;-1420;-1533;392;-405;1072;-1110;-584;-382;-2196;18198
48;2595;865089;504;-1912;443;1193;-810;1260;-159;-542;-2228;20124
48;2596;865518;-455;-1902;950;4;-106;-77;-296;-399;-2389;22048
48;2597;865871;-217;-1721;428;-1038;126;-682;-272;-505;-2230;38415
48;2598;866190;55;-2405;-591;-110;-37;-119;-137;-657;-1781;48933
48;2599;866509;-260;-2063;-311;268;-289;134;-157;-630;-1888;52710
48;2600;866863;-264;-2013;-20;312;-805;299;-170;-607;-2003;60524
48;2601;867182;-245;-1984;153;-12;-471;41;-163;-588;-2024;63111
48;2602;867505;-264;-1996;148;55;93;32;-114;-615;-1993;49640
48;2603;867733;-606;-2170;440;1108;-1206;1882;-146;-572;-2086;31771
48;2604;868076;-134;-174;1994;1379;-1608;693;-275;69;-2703;45299
48;2605;868521;1086;26;1918;138;185;20;392;84;-2458;35762
48;2606;868843;1253;-74;1712;-255;73;-66;488;119;-2380;58881
48;2607;869076;1080;107;1884;4;-115;-132;491;142;-2421;54528
48;2608;869517;726;-77;2040;209;912;120;453;160;-2522;9274
48;2609;869835;-654;-297;2593;-860;879;-219;51;-6;-2685;65418
48;2610;870177;-419;-446;2008;270;-477;-413;-123;61;-2682;35032
48;2611;870516;-44;-260;2259;-106;-151;127;73;110;-2690;30403
48;2612;870834;-62;-168;2063;112;-58;-25;89;126;-2679;56253
48;2613;871167;-26;-187;2069;173;-130;-187;94;133;-2688;43810
48;2614;871507;-5;-202;2136;12;-135;61;99;167;-2692;32394
48;2615;871826;57;-248;2183;-82;-22;236;113;145;-2679;1370
48;2616;872159;89;-214;2150;-28;46;57;112;143;-2669;36089
48;2617;872499;49;-125;2128;34;-15;-108;119;154;-2684;8024
48;2618;872821;37;-120;2115;54;-41;-66;125;169;-2691;34952
48;2619;873053;44;-176;2113;-16;9;85;122;158;-2687;13983
48;2620;873501;54;-111;2155;181;-65;26;128;152;-2683;59972
48;2621;873942;-1;-220;2048;121;-6;-21;109;143;-2682;64641
48;2622;874370;89;-113;2127;9;-54;-71;121;161;-2684;6468
48;2623;874603;87;-115;2100;5;-26;-15;120;166;-2676;50212
48;2624;874831;79;-115;2118;-27;-13;71;127;162;-2687;47588
48;2625;875150;47;-121;2167;14;-46;-8;123;152;-2676;34394
48;2626;875469;73;-148;2107;-6;-6;59;121;160;-2682;9143
48;2627;875725;37;-174;2128;18;-24;-15;119;145;-2671;63644
48;2628;876043;35;-146;2153;18;-36;-41;123;146;-2672;45818
48;2629;876366;87;28;2198;-150;29;507;126;142;-2672;38742
48;2630;876594;-8;84;2184;203;-2;827;105;132;-2681;8331
48;2631;876933;-62;41;2142;-201;13;488;30;70;-2686;60551
48;2632;877480;59;-70;2022;-151;345;828;29;-18;-2676;39154
48;2633;877798;-228;-286;2421;254;206;377;-106;-17;-2680;408
48;2634;878031;-250;-304;2175;-208;36;603;-164;-46;-2682;40275
48;2635;878475;-87;-240;2122;-3;-65;-49;-198;-144;-2622;64627
48;2636;878797;-123;-367;2072;-200;324;-787;-202;-142;-2626;44687
48;2637;879153;-149;-255;2147;-63;38;-860;-115;-128;-2647;57343
48;2638;879476;26;-258;2091;34;85;-396;-35;-113;-2647;53346
48;2639;879795;-61;-323;2076;35;8;267;-9;-107;-2634;7674
48;2640;880148;-151;-366;2107;23;-13;68;-62;-102;-2648;56362
48;2641;880472;-148;-300;2174;88;-30;-61;-58;-96;-2652;24079
48;2642;880790;-117;-275;1991;-118;90;-159;-52;-84;-2658;49199
48;2643;881018;101;-170;2096;192;-255;-36;-26;-57;-2645;15979
48;2644;881469;41;-197;2160;75;-5;81;24;-63;-2656;17374
48;2645;881803;-162;-199;2251;141;-182;394;18;-52;-2653;64807
48;2646;882121;124;-230;1879;148;-525;564;-23;-106;-2652;14700
48;2647;882462;201;-108;2422;188;-119;839;-121;-107;-2668;21694
48;2648;882796;-150;-256;2098;471;-337;150;-259;-103;-2642;41650
48;2649;883114;-230;-268;2320;-471;732;-17;-294;-119;-2599;15662
48;2650;883453;-944;-709;1669;-439;746;-1201;-496;-301;-2402;60552
48;2651;883681;-844;-1463;1189;-206;954;-2152;-474;-494;-2238;24065
48;2652;883901;-336;-1779;1026;-390;543;-1380;-141;-546;-2171;31504
48;2653;884450;-230;-1863;1147;16;-27;151;88;-528;-2198;27040
48;2654;884683;-226;-1662;1271;-48;79;105;31;-526;-2230;44756
48;2655;885001;-372;-1709;1228;56;-99;174;-34;-510;-2234;21097
48;2656;885445;-579;-1435;1325;205;-805;1979;-68;-528;-2223;7639
48;2657;885783;-847;-687;1961;-294;-287;347;-408;-367;-2359;56478
48;2658;886102;-569;-1058;1728;-194;-85;236;-440;-388;-2310;7661
48;2659;886440;-815;-1214;1748;487;318;1403;-533;-304;-2309;30755
48;2660;886888;-710;-511;2321;107;-445;-1009;-607;-151;-2514;54345
48;2661;887329;83;-148;1991;298;-258;-1851;-78;-133;-2627;8430
48;2662;887647;131;-308;1921;-248;374;-1282;155;36;-2635;47424
48;2663;887880;46;-605;1750;-494;291;-1078;160;84;-2671;949
48;2664;888108;160;-650;1976;-84;120;-113;138;75;-2669;49607
48;2665;888431;-3;-425;1900;3;161;-565;184;133;-2658;1292
48;2666;888750;391;-845;2029;241;-109;6;191;111;-2652;39775
48;2667;888998;293;-581;2036;-145;-219;-13;208;165;-2643;58481
48;2668;889321;563;-502;1962;39;-125;-194;260;175;-2614;47179
48;2669;889644;492;-520;1974;-121;-67;137;255;172;-2647;53433
48;2670;889872;523;-601;2008;106;82;-90;257;176;-2630;30737
48;2671;890318;282;-268;2137;19;29;30;183;253;-2673;55686
48;2672;890758;291;-380;2073;2;14;76;174;250;-2679;48245
48;2673;891076;245;-361;2093;23;-31;-15;164;255;-2690;25806
48;2674;891419;304;-248;2086;80;-7;-44;168;267;-2674;53002
48;2675;891651;332;-371;2066;96;14;-40;176;271;-2685;21461
48;2676;891974;297;-239;2099;3;7;-81;179;276;-2685;4874
48;2677;892439;104;-252;2111;22;-74;-208;173;289;-2683;46722
48;2678;892757;275;-289;2076;-11;-73;19;191;308;-2666;29994
48;2679;893075;191;-211;2095;-38;-75;-37;182;310;-2671;57626
48;2680;893430;304;-183;2086;47;34;19;192;299;-2680;55938
48;2681;893748;316;-295;2116;-5;-10;70;183;292;-2669;62576
48;2682;894067;328;-128;2084;60;13;48;187;323;-2680;1134
48;2683;894405;380;-185;2090;-21;-42;-88;182;309;-2665;52181
48;2684;894639;329;-223;2116;49;49;246;189;321;-2667;18194
48;2685;894956;264;-319;2108;-90;-42;118;190;289;-2678;20621
48;2686;895295;378;-200;2079;-59;-103;-277;186;305;-2667;33597
48;2687;895744;367;-262;2103;64;-30;4;218;293;-2661;22839
48;2688;896077;401;-148;2114;32;31;63;206;314;-2664;3310
48;2689;896400;418;-254;2100;-3;-55;-24;193;310;-2667;30320
48;2690;896739;465;-239;2050;-102;-95;-98;189;314;-2672;59082
48;2691;896971;387;-218;2100;-41;-92;-71;200;314;-2675;20791
48;2692;897396;286;-241;2102;-34;-46;-18;194;314;-2668;287
48;2693;897730;379;-255;2089;-43;-52;-70;194;313;-2681;29050
48;2694;897966;299;-229;2093;-42;-67;-60;186;307;-2691;31366
48;2695;898391;331;-266;2088;-40;-38;-2;194;311;-2682;6693
48;2696;898725;411;-289;2104;-35;-51;86;184;300;-2691;24341
48;2697;899064;351;-231;2098;-39;-77;-110;191;317;-2684;7345
48;2698;899383;353;-151;2088;24;-52;-15;195;330;-2676;26590
48;2699;899619;349;-212;2084;100;84;31;200;329;-2675;37911
48;2700;899937;387;-178;2082;-95;-40;-100;191;329;-2689;29443
48;2701;900277;328;-175;2073;-83;-90;-28;180;332;-2682;14932
48;2702;900505;397;-203;2078;111;36;16;189;346;-2697;52776
48;2703;900827;422;-181;2050;-34;2;-18;192;340;-2679;39218
48;2704;901394;257;-300;2136;179;-24;-299;161;358;-2709;13756
48;2705;901712;255;49;2102;216;-82;402;163;422;-2684;30824
48;2706;902030;422;18;1973;508;140;430;192;436;-2677;22959
48;2707;902391;335;-8;2132;177;23;92;160;408;-2683;24875
48;2708;902710;474;-188;1993;-18;49;205;163;389;-2690;10132
48;2709;903043;423;-286;2165;-53;-99;-226;174;345;-2703;41198
48;2710;903383;522;-105;2068;51;19;-76;181;362;-2673;5237
48;2711;903603;291;-416;2021;-2;70;23;178;359;-2685;12583
48;2712;903937;148;-384;2112;148;21;-95;167;374;-2687;53903
48;2713;904256;278;-194;1998;-173;104;-279;169;365;-2684;35875
48;2714;904490;429;-495;2051;-140;-14;234;157;345;-2704;41272
48;2715;904934;399;-207;2124;-8;-9;30;136;377;-2702;1903
48;2716;905358;453;-220;2033;3;3;4;140;379;-2691;27556
48;2717;905712;434;-166;2085;166;-57;-2;141;386;-2701;5506
48;2718;906031;377;-230;2098;-33;53;183;144;377;-2686;3748
48;2719;906350;340;-166;1894;204;-65;-6;132;385;-2701;34182
48;2720;906707;441;-50;2141;-18;92;135;154;388;-2674;18474
48;2721;907026;377;49;2117;-42;366;466;145;379;-2706;58503
48;2722;907355;-50;-378;2190;15;-388;2921;126;243;-2687;6456
48;2723;907583;60;-115;2211;-159;42;948;194;69;-2674;56632
48;2724;907921;695;-1131;2003;159;901;-443;155;-90;-2650;25262
48;2725;908362;-540;-203;2178;118;-149;406;-72;8;-2702;62894
48;2726;908680;-156;-118;2212;91;273;-469;-22;24;-2696;39203
48;2727;908913;-100;-162;2037;-80;-35;23;-26;25;-2698;28001
48;2728;909354;-347;-275;2085;30;11;-114;-3;41;-2727;22826
48;2729;909676;-229;-243;2126;-287;-236;132;-31;55;-2713;1932
48;2730;910017;36;-221;2047;39;189;-9;12;49;-2713;22
48;2731;910355;9;64;2151;98;13;-244;18;47;-2717;25496
48;2732;910674;-102;-179;2125;-74;309;-343;31;56;-2716;39281
48;2733;911007;-261;-416;2046;-156;164;-286;11;46;-2712;45973
48;2734;911351;-324;-4;2174;68;-47;-266;29;125;-2724;37865
48;2735;911670;65;53;2102;-189;-43;-64;59;157;-2698;43169
48;2736;912003;31;-84;2090;-20;-35;132;46;136;-2701;33974
48;2737;912348;-61;-143;2119;-101;137;84;60;112;-2702;29133
48;2738;912670;-21;53;2136;-120;-45;345;53;75;-2699;9855
48;2739;912898;-92;285;2218;23;-262;656;43;46;-2694;52477
48;2740;913347;-82;-388;1973;-73;-267;1595;24;-109;-2642;5694
48;2741;913787;394;-278;1940;-88;-8;447;-115;-155;-2634;33135
48;2742;914212;-110;-588;2215;-78;42;254;-234;-182;-2611;52088
48;2743;914445;-93;-506;2048;-82;69;66;-277;-172;-2608;180
48;2744;914673;-340;-236;2070;-28;68;-274;-296;-170;-2613;35729
48;2745;914996;-213;-370;2147;32;188;-187;-280;-168;-2606;59859
48;2746;915323;-123;-325;2052;-62;-60;-114;-253;-199;-2610;32319
48;2747;915571;-211;-512;2064;13;-45;25;-241;-227;-2568;13157
48;2748;915889;-123;-791;1996;16;-25;-98;-246;-247;-2555;5475
48;2749;916209;-211;-442;2066;45;69;-31;-262;-238;-2553;27118
48;2750;916437;-181;-818;1920;-11;40;-125;-260;-257;-2559;23130
48;2751;916775;-418;-563;2185;58;137;-376;-198;-268;-2560;37580
48;2752;917322;-98;-577;2068;-58;38;-173;-145;-250;-2572;27740
48;2753;917640;-204;-569;1882;-149;-78;161;-163;-247;-2562;16448
48;2754;917892;-219;-542;2149;106;-119;445;-184;-250;-2569;6026
48;2755;918337;-130;-577;2157;41;-23;335;-227;-227;-2571;47865
48;2756;918655;91;-718;1979;-29;-160;270;-254;-229;-2589;55914
48;2757;919014;-111;-336;2051;23;-221;290;-289;-215;-2585;48463
48;2758;919333;-194;-524;2103;19;60;164;-293;-216;-2575;33597
48;2759;919652;-227;-618;2043;20;10;-35;-325;-218;-2562;27016
48;2760;920005;-84;-598;2100;95;-8;-125;-318;-211;-2590;17512
48;2761;920325;-79;-381;1915;35;-153;-151;-295;-166;-2615;35975
48;2762;920649;-415;-1027;1957;-49;788;174;-313;-200;-2596;39801
48;2763;920877;-537;132;2270;-75;366;-173;-355;-169;-2599;30618
48;2764;921323;332;231;1754;1809;1125;-440;-212;257;-2756;36483
48;2765;921657;560;653;1743;-1523;-27;-633;-119;275;-2754;33784
48;2766;921975;241;-221;1823;-3050;1203;-1692;-66;-239;-2567;4533
48;2767;922315;-804;-2926;1201;305;1970;-495;44;-643;-1900;59305
48;2768;922649;-733;-1123;1732;322;570;179;-183;-452;-2404;11354
48;2769;922970;-1208;-1656;1125;115;406;543;-210;-466;-2374;57883
48;2770;923318;-675;-957;1604;227;-501;1047;-231;-359;-2482;21417
48;2771;923546;-441;-976;1787;-48;580;-813;-270;-329;-2490;20607
48;2772;923864;-438;-805;1920;-134;20;-671;-289;-323;-2509;5444
48;2773;924308;-292;-663;2040;417;-327;261;-175;-251;-2573;53529
48;2774;924542;-393;-478;1955;154;547;-50;-207;-222;-2593;17289
48;2775;924860;-1007;-338;1979;168;586;-210;-367;-173;-2569;58210
48;2776;925300;-698;-359;2041;-25;-600;571;-424;-136;-2605;21085
48;2777;925638;39;-23;2113;217;-825;640;-307;-79;-2682;45297
48;2778;925961;133;-76;2096;4;95;-200;-187;-63;-2689;4305
48;2779;926299;124;-137;2133;-50;101;107;-183;-64;-2692;55437
48;2780;926638;64;-190;2071;72;-122;-173;-212;-81;-2670;47384
48;2781;927189;94;-403;2064;-190;-116;91;-185;-112;-2660;38406
48;2782;927507;29;-207;2170;87;-18;55;-166;-135;-2647;63263
48;2783;927740;4;-247;2161;19;-90;248;-170;-132;-2642;32609
48;2784;927968;203;-318;2147;91;-157;215;-176;-129;-2641;64388
48;2785;928287;441;-194;2011;-205;7;-3;-157;-107;-2670;11956
48;2786;928613;318;-294;2085;88;-55;-59;-160;-111;-2661;2399
48;2787;928862;363;-357;2029;-87;49;252;-146;-97;-2676;6379
48;2788;929181;106;-349;2307;244;123;-209;-169;-110;-2658;16409
48;2789;929500;171;-58;2003;-156;74;-223;-156;-109;-2669;42642
48;2790;929728;-46;-189;2200;62;102;-101;-150;-117;-2661;19794
48;2791;930176;320;-236;2247;66;-90;231;-135;-128;-2659;50534
48;2792;930620;496;-402;2171;-36;-231;796;-145;-145;-2651;2073
48;2793;930938;182;-719;1981;-285;-318;293;-173;-202;-2616;55143
48;2794;931284;325;-367;2088;187;-216;-221;-153;-177;-2625;3472
48;2795;931512;572;-662;2231;90;-373;-4;-138;-168;-2649;49798
48;2796;931831;888;-270;1142;1072;618;114;-95;-83;-2686;11530
48;2797;932291;1815;-1407;796;-1809;-2155;324;-23;-338;-2426;7076
48;2798;932609;1818;-1430;661;1184;2247;-259;269;-364;-2423;53295
48;2799;932927;-1789;137;1499;599;2247;16;-388;-68;-2521;18169
48;2800;933282;-572;-42;1508;-959;-3234;501;-671;-140;-2626;41140
48;2801;933600;1830;-1586;441;-637;-1345;-262;124;-459;-2228;25686
48;2802;933821;2062;-1733;218;93;15;463;258;-489;-2128;57786
48;2803;934261;-1053;410;1581;763;3290;-1391;-72;-21;-2655;2758
48;2804;934495;-2149;34;1950;28;71;-334;-634;30;-2489;53961
48;2805;934817;-137;-384;1408;-1166;-2535;-898;-497;-204;-2596;36117
48;2806;935155;2156;-1072;644;-806;-1046;715;278;-355;-2259;62042
48;2807;935601;1386;-508;1170;1619;1634;124;289;-206;-2550;61211
48;2808;935934;-1639;989;2192;457;618;385;-363;217;-2641;24063
48;2809;936253;-1147;586;1400;-1058;-2571;-1299;-526;-42;-2676;39813
48;2810;936473;2463;-1282;372;-910;-1689;-309;100;-355;-2281;18757
48;2811;936827;2331;-1246;214;447;488;-141;461;-361;-2057;43904
48;2812;937251;520;71;1418;1345;2361;33;221;-113;-2644;37227
48;2813;937585;-1412;769;2459;321;274;312;-427;102;-2647;20053
48;2814;937985;990;-1342;1143;-1518;-2333;541;-266;-341;-2521;60358
48;2815;938304;1015;-1207;1468;508;-69;322;-7;-378;-2449;58692
48;2816;938535;784;-735;1839;588;483;276;-21;-265;-2571;30199
48;2817;938854;-676;235;2065;716;1004;316;-299;23;-2651;41572
48;2818;939200;-1141;195;1904;-949;-1373;-840;-531;-179;-2587;27895
48;2819;939428;1469;-1589;722;-1194;-2931;2196;-160;-455;-2349;38344
48;2820;939746;1430;-1701;889;584;275;-60;148;-494;-2278;61838
48;2821;940314;-602;869;2244;637;1137;-755;-265;99;-2705;59181
48;2822;940632;-500;-24;1847;-1038;-612;-891;-476;-87;-2633;3799
48;2823;940950;579;-959;1571;-737;-667;-20;-171;-314;-2526;30709
48;2824;941307;273;-623;1537;77;1476;-3073;92;-130;-2589;19268
48;2825;941626;-516;-353;2215;382;310;-1107;136;165;-2707;3380
48;2826;941965;79;-31;2131;20;-24;-205;31;396;-2728;38359
48;2827;942305;-91;-171;2156;-325;3;-264;-46;408;-2747;15979
48;2828;942628;51;-162;2129;196;-67;292;-47;384;-2732;51329
48;2829;942856;-32;-151;2129;136;-136;206;-23;391;-2731;33682
48;2830;943175;-63;67;2131;42;-71;295;-12;405;-2723;56884
48;2831;943409;-18;-116;2133;62;16;228;14;395;-2722;9955
48;2832;943849;-102;-117;2087;-157;107;-36;-15;387;-2716;46526
48;2833;944277;-131;-195;2090;68;-136;260;-10;331;-2723;45471
48;2834;944631;-66;-219;2102;-38;-146;118;21;323;-2729;34462
48;2835;944953;-379;260;2343;926;69;4539;76;221;-2727;11790
48;2836;945273;-410;82;2028;-949;536;2644;-24;-40;-2694;54908
48;2837;945628;-115;-1413;1788;9;-1132;654;-425;-238;-2551;17592
48;2838;945946;332;-84;2009;34;-49;-304;-273;-137;-2641;65394
48;2839;946273;94;-292;2028;149;-103;126;-296;-143;-2640;23168
48;2840;946501;6;-430;2087;44;88;-198;-288;-134;-2636;42930
48;2841;946839;115;-279;2116;157;-40;9;-290;-131;-2658;52
48;2842;947284;-29;-280;2081;24;115;-180;-293;-114;-2652;13936
48;2843;947606;-25;-305;2123;-49;-55;14;-302;-112;-2654;12819
48;2844;947839;86;-389;2053;69;-87;68;-308;-114;-2652;11686
48;2845;948279;45;-377;2109;14;-77;36;-294;-95;-2660;63964
48;2846;948598;71;-257;2104;62;-135;141;-302;-99;-2668;57209
48;2847;948936;44;-240;2109;14;-33;28;-299;-89;-2666;16302
48;2848;949271;-29;-305;2125;-10;34;28;-298;-97;-2647;4295
48;2849;949593;26;-258;2135;43;-6;9;-307;-90;-2666;6261
48;2850;949927;6;-283;2123;37;-94;13;-304;-101;-2656;4438
48;2851;950270;18;-290;2105;1;-6;-33;-286;-97;-2657;6168
48;2852;950593;90;-235;2128;54;-22;10;-284;-92;-2663;63064
48;2853;950821;9;-281;2107;8;-2;-9;-291;-104;-2668;56602
48;2854;951267;12;-275;2089;33;-23;-37;-296;-98;-2651;58730
48;2855;951585;-52;-327;2070;-52;280;-418;-290;-106;-2666;50659
48;2856;951813;-230;-325;1995;-11;185;-789;-299;-125;-2641;41730
48;2857;952033;-304;-250;2162;-138;-63;-635;-294;-156;-2614;25992
48;2858;952267;-28;-483;2070;-100;21;-97;-240;-202;-2623;58137
48;2859;952706;-68;-220;2155;235;-90;112;-272;-130;-2647;46029
48;2860;953135;-472;-63;1966;-378;859;-1777;-289;-132;-2638;38766
48;2861;953368;-220;62;2121;111;260;-51;-327;-121;-2633;56157
48;2862;953600;-437;-291;2070;3;-194;314;-354;-135;-2600;7370
48;2863;953918;-420;-457;2073;-9;-2;-21;-366;-140;-2614;36127
48;2864;954237;-1414;-1399;1400;-557;2148;-2934;-471;-334;-2368;1764
48;2865;954486;-1234;-1432;1045;-491;359;-2399;-486;-529;-2194;60452
48;2866;954808;-954;-1794;554;740;-502;-151;-232;-596;-2071;33393
48;2867;955128;-985;-1552;1116;-2;105;-292;-221;-562;-2182;35817
48;2868;955360;-461;-1608;1150;668;-247;428;-211;-513;-2261;29786
48;2869;955698;-1307;-908;1767;156;-73;-195;-341;-363;-2441;6740
48;2870;956245;-806;-944;1327;298;235;804;-345;-271;-2516;21119
48;2871;956563;-1713;-519;1457;980;365;578;-539;-116;-2503;13916
48;2872;956796;-1945;156;1586;-601;-2034;-232;-655;-28;-2599;48979
48;2873;957243;-1220;-959;1434;602;211;331;-451;-243;-2522;49087
48;2874;957564;-925;-1044;1287;-558;425;-963;-422;-302;-2471;15181
48;2875;957918;-941;315;1977;85;-311;2170;-458;-26;-2612;18953
48;2876;958241;-1273;669;1781;54;191;394;-676;161;-2550;19830
48;2877;958560;-590;-1;1754;-329;-1474;511;-622;16;-2637;23375
48;2878;958914;-425;72;2105;403;-80;151;-356;34;-2680;13839
48;2879;959233;-516;76;2303;-124;-107;-382;-398;-18;-2667;50838
48;2880;959552;-554;-248;2025;-543;-162;-332;-365;-126;-2626;14731
48;2881;959780;-550;32;1845;-355;-236;-754;-338;-125;-2637;21591
48;2882;960229;-47;-691;1983;-24;-37;332;-229;-283;-2558;26411
48;2883;960564;-149;-638;2002;-172;-83;284;-214;-271;-2551;56833
48;2884;960885;-57;-645;1932;305;-281;416;-256;-230;-2604;17936
48;2885;961225;-230;-290;1941;407;-253;734;-338;-170;-2593;41314
48;2886;961563;-170;-432;2069;45;-189;64;-406;-155;-2597;8699
48;2887;961880;-254;-516;2104;10;-81;-43;-387;-165;-2590;30139
48;2888;962220;-92;-462;2090;-19;38;-84;-379;-158;-2595;59214
48;2889;962448;-326;-398;2096;-17;15;-152;-384;-164;-2589;39599
48;2890;962770;-163;-494;2056;-47;-158;-27;-375;-182;-2590;7171
48;2891;963214;-183;-411;2083;-52;-27;-20;-351;-174;-2604;62278
48;2892;963450;-202;-464;2083;-104;70;-165;-345;-184;-2598;24741
48;2893;963768;-202;-533;2037;-50;58;-115;-347;-221;-2572;41343
48;2894;964208;-140;-649;2015;20;-56;-2;-330;-247;-2557;34682
48;2895;964546;-122;-632;1952;85;162;-70;-324;-234;-2557;30269
48;2896;964865;-222;-584;1998;-11;-46;52;-331;-225;-2563;21395
48;2897;965200;-230;-566;2016;-15;-22;6;-348;-226;-2574;14188
48;2898;965542;-239;-533;2040;46;-32;-1;-344;-226;-2566;220
48;2899;966093;-285;-494;2038;5;-455;259;-375;-200;-2569;63312
48;2900;966414;-251;-501;2084;-60;63;-56;-372;-200;-2564;30796
48;2901;966647;-301;-579;1995;68;7;9;-366;-211;-2559;47643
48;2902;966875;-276;-516;2024;23;-55;42;-372;-214;-2575;35712
48;2903;967194;-340;-516;2031;-45;25;-62;-371;-212;-2563;12221
48;2904;967513;-366;-534;2025;-15;50;-44;-375;-202;-2559;44778
48;2905;967762;-364;-520;2045;-16;-151;81;-374;-216;-2572;2355
48;2906;968086;-382;-532;2029;28;-88;-8;-394;-222;-2554;22658
48;2907;968404;-346;-538;2014;30;27;-78;-380;-223;-2571;28565
48;2908;968636;-318;-559;2028;21;-77;0;-362;-221;-2569;3742
48;2909;969087;-271;-517;2008;96;166;-142;-366;-223;-2556;4644
48;2910;969530;-553;-445;2300;921;943;-1039;-366;-162;-2604;5204
48;2911;969848;-373;-530;1934;-1358;46;-105;-330;-262;-2546;29422
48;2912;970188;-421;-1324;1546;-661;216;-60;-293;-512;-2268;59451
48;2913;970419;-285;-1379;1547;284;-535;15;-305;-529;-2244;33066
48;2914;970738;-317;-1186;1755;194;-361;170;-260;-480;-2331;54714
48;2915;971199;316;-881;1791;1337;441;-1307;-191;-388;-2467;6158
48;2916;971520;297;-523;2083;575;7;-449;56;-176;-2596;5963
48;2917;971839;122;-318;2143;34;-825;2729;103;-198;-2601;25533
48;2918;972194;-150;-73;2104;-173;-143;283;-232;-71;-2663;40186
48;2919;972512;23;-337;2155;-173;-84;-73;-298;-111;-2646;4867
48;2920;972830;74;-348;2039;28;204;-403;-292;-119;-2646;18205
48;2921;973169;-132;-185;2177;38;244;-308;-312;-117;-2625;23613
48;2922;973406;-209;-322;2100;14;114;-87;-354;-131;-2623;51901
48;2923;973724;-219;-318;2089;-28;6;-58;-355;-135;-2623;53749
48;2924;974066;-220;-288;2099;9;25;-86;-357;-129;-2601;1293
48;2925;974512;-207;-307;2084;8;64;-14;-350;-139;-2615;34342
48;2926;974846;-248;-346;2097;-7;-25;43;-358;-140;-2603;35084
48;2927;975165;-184;-293;2135;127;65;-81;-355;-131;-2614;9434
48;2928;975504;-189;-343;2052;13;-73;16;-350;-132;-2615;5058
48;2929;975736;-216;-252;2127;41;9;-9;-351;-113;-2628;29097
48;2930;976161;-228;-317;2058;-8;-41;42;-339;-121;-2636;14524
48;2931;976494;-156;-297;2121;74;-96;34;-350;-115;-2628;18000
48;2932;976728;-106;-269;2155;-71;131;-114;-349;-114;-2617;21783
48;2933;977160;-321;-557;2154;-18;-116;-337;-360;-244;-2550;4899
48;2934;977494;-281;-664;1907;-151;26;-236;-286;-274;-2545;4052
48;2935;977832;-241;-648;2075;-7;-154;66;-257;-285;-2546;22875
48;2936;978152;-153;-607;2002;-69;-107;133;-249;-289;-2555;28898
48;2937;978383;-161;-645;2038;54;-24;77;-258;-284;-2544;28900
48;2938;978702;-55;-676;1918;29;35;65;-264;-274;-2534;40343
48;2939;979042;-198;-584;2090;-66;140;-56;-311;-253;-2570;23392
48;2940;979269;-181;-581;2074;2;-41;16;-319;-244;-2558;47479
48;2941;979591;-362;-461;2021;152;-395;300;-347;-224;-2563;18739
48;2942;980162;-280;-463;2107;7;-253;205;-339;-203;-2569;1625
48;2943;980480;-153;-537;2028;-34;-94;-18;-316;-227;-2580;30857
48;2944;980798;-193;-499;2061;66;-31;5;-308;-213;-2577;62679
48;2945;981159;-192;-504;2060;4;5;6;-308;-208;-2585;33577
48;2946;981478;-141;-541;2034;5;-35;8;-310;-211;-2580;17565
48;2947;981811;-177;-537;2072;40;-41;50;-307;-214;-2601;4935
48;2948;982152;-239;-463;2056;18;-55;48;-337;-202;-2576;55648
48;2949;982474;-214;-413;2152;62;-4;-20;-328;-203;-2586;61345
48;2950;982702;-214;-472;2071;4;-75;-5;-318;-208;-2601;65110
48;2951;983022;-134;-397;2289;-15;17;-43;-318;-205;-2585;25248
48;2952;983255;-237;-576;2117;-176;-111;-113;-305;-220;-2585;40959
48;2953;983699;97;-606;1998;48;-183;81;-239;-256;-2574;34868
48;2954;984124;102;-514;2080;248;-102;151;-222;-216;-2599;16732
48;2955;984477;22;-460;2080;-10;31;31;-219;-203;-2618;52724
48;2956;984796;-11;-466;2062;-57;24;-6;-234;-206;-2602;20294
48;2957;985127;-86;-513;2062;-89;65;-187;-233;-224;-2588;7495
48;2958;985480;-19;-521;2009;42;271;-242;-215;-221;-2620;43951
48;2959;985799;-293;-699;2028;-128;190;-275;-220;-207;-2632;55183
48;2960;986119;91;-20;1952;-734;-15;-484;-236;-139;-2665;31708
48;2961;986350;-276;-532;1853;133;-1112;883;-290;-143;-2635;47073
48;2962;986689;91;-53;2123;163;627;-478;-197;-79;-2674;18259
48;2963;987129;-195;-365;2177;-136;-245;301;-271;-132;-2649;22220
48;2964;987447;54;-372;2179;112;-95;101;-250;-109;-2648;2381
48;2965;987684;-187;-341;2132;-29;89;-186;-246;-99;-2650;23776
48;2966;988125;-43;-40;2147;-28;-13;-79;-231;-72;-2677;41691
48;2967;988444;-20;-156;2150;19;13;-104;-222;-87;-2664;54122
48;2968;988784;-48;-52;2122;-41;25;6;-219;-90;-2672;37043
48;2969;989123;-109;-116;2144;-2;-16;5;-215;-100;-2675;56421
48;2970;989441;11;-173;2112;39;-110;7;-209;-93;-2668;60918
48;2971;989774;9;-125;2131;90;-19;26;-196;-87;-2656;13469
48;2972;990116;17;-122;2114;0;-25;1;-198;-87;-2675;1840
48;2973;990434;-66;-135;2119;-2;-20;27;-208;-87;-2676;42937
48;2974;990771;-36;-183;2104;40;-21;40;-218;-87;-2677;58610
48;2975;991114;-66;-193;2122;-51;2;-63;-207;-81;-2675;29321
48;2976;991432;-34;-166;2131;-12;-14;-45;-207;-90;-2678;16390
48;2977;991664;-47;-142;2148;-39;-5;-9;-216;-84;-2666;54661
48;2978;992109;-71;-141;2157;-9;-79;55;-204;-87;-2674;42954
48;2979;992549;-1;-151;2122;-58;-57;28;-194;-101;-2671;44192
48;2980;992978;93;-254;2074;21;4;15;-192;-112;-2659;45412
48;2981;993210;40;-268;2113;26;34;-35;-188;-125;-2653;44879
48;2982;993442;12;-239;2107;-8;-31;37;-187;-129;-2652;2138
48;2983;993761;31;-187;2106;-4;-99;119;-209;-123;-2647;1736
48;2984;994084;40;-296;2118;-36;4;-22;-191;-127;-2640;12443
48;2985;994332;-14;-198;2125;66;-48;70;-196;-122;-2641;4590
48;2986;994651;11;-288;2130;-11;-76;135;-202;-119;-2644;63222
48;2987;994970;44;-274;2132;35;-67;60;-211;-129;-2647;22261
48;2988;995198;1;-315;2101;-89;0;-11;-210;-127;-2637;26995
48;2989;995537;-7;-257;2123;45;-11;-22;-210;-126;-2648;17357
48;2990;996087;-24;-179;2127;64;-83;99;-200;-117;-2647;38716
48;2991;996416;86;-467;2105;78;117;52;-216;-113;-2652;12086
48;2992;996660;-327;-197;2145;18;137;-59;-258;-100;-2666;12683
48;2993;997105;-128;-158;2095;-25;-27;-8;-257;-75;-2666;11911
48;2994;997423;-187;-99;2142;-14;65;-128;-275;-66;-2681;53115
48;2995;997777;-135;23;2113;42;-23;50;-269;-50;-2669;60712
48;2996;998096;-220;-104;2133;9;12;-58;-280;-42;-2678;27910
48;2997;998414;-261;-26;2174;-15;57;-41;-285;-44;-2671;8957
48;2998;998768;-187;-99;2130;-48;-44;-3;-293;-56;-2667;33343
48;2999;999091;-199;-91;2150;-3;-55;49;-279;-53;-2663;36671
48;3000;999410;-334;-82;2112;74;74;-94;-280;-62;-2674;48174
48;3001;999642;-232;47;2147;83;-47;69;-297;-49;-2669;15445
48;3002;1000089;-198;-90;2121;1;4;7;-297;-47;-2671;32052
48;3003;1000423;-202;-59;2125;-109;-107;105;-307;-61;-2673;35176
48;3004;1000744;-362;-89;2110;-17;-72;-24;-307;-65;-2659;53646
48;3005;1001084;-152;-178;2100;250;-109;80;-298;-68;-2669;63511
48;3006;1001418;-154;-33;2144;57;-110;164;-288;-58;-2674;42261
48;3007;1001736;-79;-112;2101;7;-102;36;-275;-67;-2678;38204
48;3008;1002086;-106;-75;2146;-42;-10;-2;-258;-69;-2694;55518
48;3009;1002313;-85;-131;2117;-9;-58;-19;-253;-75;-2697;1511
48;3010;1002632;-53;-81;2128;-15;-29;-37;-246;-62;-2702;27687
48;3011;1003072;-3;-140;2146;-2;-3;-22;-236;-67;-2687;53376
48;3012;1003305;-72;-131;2122;-28;-21;0;-239;-73;-2674;35428
48;3013;1003624;-41;-93;2105;-46;-39;67;-244;-76;-2678;54728
48;3014;1004064;-31;-220;2127;-55;-60;45;-243;-83;-2662;10323
48;3015;1004403;-10;-176;2114;24;-6;-64;-237;-88;-2652;65479
48;3016;1004729;-29;-199;2090;-16;17;-1;-220;-101;-2653;55373
48;3017;1005068;-73;-193;2123;-60;-7;-16;-246;-108;-2660;38740
48;3018;1005406;-28;-206;2090;6;-37;42;-235;-106;-2659;31178
48;3019;1005953;-115;-203;2135;-55;-5;-18;-247;-98;-2664;38011
48;3020;1006271;-66;-298;2117;-68;-63;8;-242;-111;-2652;33780
48;3021;1006504;-33;-252;2125;5;-38;-34;-239;-118;-2646;17992
48;3022;1006732;9;-250;2089;-37;-33;-17;-239;-118;-2649;15800
48;3023;1007055;-14;-257;2130;9;-20;-31;-231;-129;-2642;225
48;3024;1007377;43;-215;2085;1;4;-22;-223;-129;-2646;5577
48;3025;1007629;-33;-157;2127;-23;41;-15;-222;-120;-2643;39325
48;3026;1007949;-8;-273;2112;12;10;-29;-236;-135;-2640;49929
48;3027;1008271;-56;-229;2149;44;-5;27;-242;-127;-2656;14396
48;3028;1008499;-73;-277;2116;4;-71;70;-235;-122;-2644;62699
48;3029;1008944;-85;-258;2128;-12;-52;23;-242;-122;-2653;28785
48;3030;1009384;-32;-268;2136;-4;-49;18;-238;-125;-2649;63583
48;3031;1009702;4;-311;2104;-57;-70;-10;-229;-135;-2640;39014
48;3032;1010049;78;-322;2093;55;-7;18;-212;-130;-2654;51075
48;3033;1010280;-46;-274;2145;-38;-39;5;-231;-137;-2651;487
48;3034;1010599;12;-266;2113;61;-3;49;-218;-144;-2647;51475
48;3035;1011072;-7;-292;2122;-31;-62;24;-226;-139;-2643;2199
48;3036;1011389;17;-263;2098;16;-34;40;-214;-131;-2641;31020
48;3037;1011708;-6;-235;2101;-13;-14;-24;-227;-131;-2652;2041
48;3038;1012066;12;-272;2099;18;-38;34;-226;-139;-2648;3086
48;3039;1012383;11;-300;2105;69;-36;32;-227;-137;-2649;32614
48;3040;1012702;-26;-272;2087;-37;-29;41;-231;-136;-2646;27297
48;3041;1013047;-9;-327;2110;1;18;-4;-218;-133;-2640;44163
48;3042;1013279;-37;-265;2125;-22;11;-32;-232;-131;-2639;25591
48;3043;1013597;-32;-351;2135;51;-64;46;-237;-131;-2632;34025
48;3044;1013932;-66;-213;2105;86;-19;22;-244;-117;-2652;15904
48;3045;1014377;-15;-299;2130;37;-104;123;-257;-113;-2652;56158
48;3046;1014711;-53;-244;2120;27;-58;95;-250;-110;-2654;54201
48;3047;1015030;-30;-248;2119;-6;3;14;-245;-104;-2658;11133
48;3048;1015371;-38;-231;2110;1;-60;29;-259;-98;-2660;21722
48;3049;1015607;-68;-223;2111;30;-26;-4;-262;-98;-2669;50674
48;3050;1016032;-64;-245;2116;15;-45;-22;-267;-92;-2672;63790
48;3051;1016366;-28;-235;2093;-36;-46;-21;-247;-91;-2670;7456
48;3052;1016599;-50;-179;2133;3;21;2;-252;-86;-2673;63364
48;3053;1017023;-92;-176;2136;1;16;11;-271;-76;-2666;55887
48;3054;1017357;-76;-221;2123;-13;-40;35;-281;-81;-2667;21773
48;3055;1017695;-97;-132;2172;-19;5;-27;-270;-85;-2657;36540
48;3056;1018022;-30;-349;2106;-116;-174;-258;-254;-114;-2647;31020
48;3057;1018250;115;-146;2122;-38;-192;146;-186;-111;-2675;37456
48;3058;1018573;201;-249;2077;36;-102;64;-154;-128;-2665;29384
48;3059;1018914;181;-226;2115;8;24;32;-143;-127;-2665;24155
48;3060;1019142;160;-165;2104;174;46;-61;-137;-112;-2656;62310
48;3061;1019459;244;-168;2092;86;-232;209;-142;-117;-2657;48276
48;3062;1020029;249;-379;2139;-77;11;45;-137;-118;-2659;17443
48;3063;1020347;110;-313;2106;-118;-2;-37;-165;-135;-2650;61050
48;3064;1020669;166;-299;2068;55;-57;-87;-164;-129;-2654;15589
48;3065;1021024;426;-438;2036;-97;-383;429;-135;-146;-2641;54385
48;3066;1021346;351;-251;1957;-79;173;-216;-106;-156;-2644;9883
48;3067;1021679;313;-524;2090;90;71;-296;-122;-183;-2623;8405
48;3068;1022019;356;-549;2037;-112;-54;-70;-86;-169;-2613;22944
48;3069;1022338;287;-364;2088;14;12;12;-68;-157;-2635;11568
48;3070;1022566;267;-254;2041;265;-142;537;-82;-130;-2649;34331
48;3071;1022885;306;-92;2128;91;-76;614;-128;-77;-2677;27374
48;3072;1023121;230;-393;2047;138;94;280;-177;-90;-2666;12938
48;3073;1023564;172;-280;2157;-116;132;-58;-250;-37;-2682;15846
48;3074;1023997;-46;-158;2140;-61;-53;71;-309;24;-2685;4052
48;3075;1024350;25;101;2128;-17;-44;-98;-326;48;-2709;43799
48;3076;1024669;-9;-107;2177;41;78;-841;-292;-14;-2684;6163
48;3077;1024988;-134;88;2064;-63;142;-711;-264;-30;-2686;34178
48;3078;1025343;-276;-150;2181;89;193;-319;-235;-41;-2677;41794
48;3079;1025662;-45;158;2204;99;-130;686;-250;-6;-2686;3987
48;3080;1025985;-137;-79;2142;28;8;55;-288;-80;-2662;7798
48;3081;1026213;-346;-60;2151;62;-2;-93;-284;-107;-2660;4659
48;3082;1026555;-312;-122;2120;254;82;-221;-288;-85;-2655;9831
48;3083;1026995;-554;-141;2091;73;194;34;-314;-43;-2673;62805
48;3084;1027317;-433;20;2106;-3;-426;-115;-357;16;-2696;27603
48;3085;1027550;62;77;2108;-109;181;-618;-275;8;-2701;36582
48;3086;1027991;-816;198;2021;-241;-31;-87;-359;35;-2680;61496
48;3087;1028309;-246;-57;2037;35;-423;157;-328;18;-2703;34151
48;3088;1028651;-53;32;2189;90;-33;56;-241;-5;-2707;28411
48;3089;1028990;7;-68;1986;-362;-275;382;-249;-24;-2708;48406
48;3090;1029308;-236;-242;2102;-153;-24;269;-243;-72;-2680;18832
48;3091;1029645;-227;-147;2044;142;33;701;-263;-43;-2666;57308
48;3092;1029985;-323;227;2147;110;-115;657;-327;16;-2686;35707
48;3093;1030303;-162;-235;2162;-164;358;-160;-340;0;-2674;27169
48;3094;1030637;-103;-120;1955;-126;-147;849;-411;88;-2679;61047
48;3095;1030982;-205;17;2037;-103;-225;101;-448;77;-2673;3350
48;3096;1031304;8;58;2042;151;-23;140;-401;97;-2685;60603
48;3097;1031532;-99;143;2126;-168;-106;32;-408;99;-2702;21820
48;3098;1031977;12;-7;2141;-126;-144;154;-405;70;-2705;6483
48;3099;1032421;11;-170;2126;-40;-31;-67;-379;52;-2692;26983
48;3100;1032846;71;6;2157;-97;-44;77;-350;67;-2687;28225
48;3101;1033080;55;-165;2118;-83;-15;-30;-347;24;-2681;31777
48;3102;1033308;9;-92;2168;-67;-49;-13;-359;16;-2682;32591
48;3103;1033627;4;-183;2171;162;-12;-18;-352;24;-2681;5587
48;3104;1033950;-50;-176;2124;-32;34;-99;-354;24;-2669;64796
48;3105;1034198;35;-102;2150;-34;49;-12;-352;30;-2694;51612
48;3106;1034520;26;-203;2155;-52;-66;-20;-358;0;-2683;44362
48;3107;1034848;58;-131;2107;21;26;-44;-351;11;-2682;53096
48;3108;1035076;39;-96;2108;11;10;3;-347;8;-2681;63179
48;3109;1035414;29;-160;2146;-53;8;-74;-355;13;-2681;38425
48;3110;1035961;94;-183;2083;-13;235;-117;-358;6;-2676;17368
48;3111;1036279;-263;16;2158;130;-198;201;-422;31;-2664;50169
48;3112;1036514;-88;-85;2070;-5;-30;-68;-406;34;-2676;128
48;3113;1036955;-55;-239;2132;-13;84;-75;-397;40;-2684;58851
48;3114;1037273;-196;-319;2162;-47;-141;94;-424;26;-2661;1482
48;3115;1037627;-162;-245;2181;65;29;-111;-401;25;-2657;65483
48;3116;1037950;-225;-85;2131;45;95;-60;-389;4;-2655;28136
48;3117;1038268;-97;-222;2190;58;-216;112;-410;2;-2645;18365
48;3118;1038625;200;-180;2150;-72;-422;193;-359;16;-2688;21176
48;3119;1038948;385;-143;2094;-36;-211;3;-261;-3;-2693;6446
48;3120;1039266;381;31;2119;190;-83;128;-226;18;-2702;64916
48;3121;1039494;398;-378;2019;169;240;-139;-212;13;-2694;45793
48;3122;1039944;233;-92;2112;-74;21;-251;-268;33;-2691;32681
48;3123;1040277;330;-6;2262;11;-256;120;-246;34;-2707;55357
48;3124;1040599;248;-102;2089;134;67;-23;-245;27;-2705;20195
48;3125;1040940;128;-169;2144;16;26;-66;-279;40;-2699;12568
48;3126;1041274;39;50;2184;-132;-90;178;-286;32;-2680;63658
48;3127;1041592;181;-592;1942;38;58;-111;-301;-24;-2690;61009
48;3128;1041936;270;-221;2094;35;-115;28;-275;5;-2694;38878
48;3129;1042164;120;-173;2293;-393;-283;458;-262;-27;-2674;65392
48;3130;1042486;-46;-290;2149;-139;287;-144;-303;-102;-2642;61228
48;3131;1042926;-230;-67;2085;-147;58;84;-383;-57;-2632;45824
48;3132;1043159;195;-312;2016;58;-235;34;-410;-66;-2623;37109
48;3133;1043482;-294;-330;2086;-80;57;-285;-412;-95;-2618;25297
48;3134;1043922;32;-494;2022;-153;29;158;-392;-106;-2622;32360
48;3135;1044260;160;-681;2021;288;357;-371;-386;-135;-2607;45696
48;3136;1044582;-138;-451;1996;0;83;-40;-401;-120;-2614;7650
48;3137;1044917;-234;-405;2234;-59;-30;126;-429;-84;-2596;63831
48;3138;1045255;50;-319;2151;-130;-305;323;-425;-79;-2627;15545
48;3139;1045806;-258;-273;1972;-29;108;-60;-481;-41;-2604;45534
48;3140;1046124;-349;-646;1998;476;-180;147;-528;42;-2608;5104
48;3141;1046363;-159;216;1827;462;392;-550;-536;135;-2630;53734
48;3142;1046591;-774;296;1909;-211;255;-174;-569;144;-2600;11097
48;3143;1046911;-303;186;1903;-143;158;58;-658;169;-2527;9731
48;3144;1047233;-802;118;1914;33;78;78;-666;132;-2572;26782
48;3145;1047483;-474;31;2296;-173;-159;170;-625;127;-2579;35158
48;3146;1047802;-579;-125;2167;66;-25;713;-615;113;-2550;33552
48;3147;1048121;-457;256;2100;-223;17;597;-633;216;-2570;58575
48;3148;1048349;-651;306;2218;256;17;309;-660;238;-2535;15740
48;3149;1048798;-1133;24;1984;-479;-683;481;-712;203;-2536;2917
48;3150;1049237;-627;-38;2145;30;-525;44;-610;228;-2608;45973
48;3151;1049555;3;194;2205;545;-306;-586;-500;334;-2677;56260
48;3152;1049901;-374;463;2029;-207;363;16;-515;380;-2642;927
48;3153;1050129;-458;502;1806;-960;1188;2331;-574;489;-2555;61942
48;3154;1050448;-954;164;2008;7;-144;560;-718;548;-2428;53040
48;3155;1050911;-584;1236;1546;502;-17;-149;-652;817;-2314;57926
48;3156;1051229;-370;1002;1505;-426;168;-128;-643;787;-2351;33116
48;3157;1051551;-218;-252;2550;-1945;60;-717;-594;384;-2665;13775
48;3158;1051906;345;-251;2373;-26;-208;-537;-426;208;-2718;46707
48;3159;1052224;514;-677;2479;451;284;1126;-347;248;-2723;6602
48;3160;1052546;-73;836;2216;1046;1014;-1457;-350;375;-2711;49773
48;3161;1052881;-1168;11;2621;-1092;654;-1204;-576;117;-2581;46333
48;3162;1053114;-344;-945;2020;-707;-803;-731;-582;-179;-2516;22774
48;3163;1053432;304;-1049;1846;-839;-692;91;-314;-350;-2481;9742
48;3164;1053767;-273;-1060;1121;-548;-117;1088;-295;-419;-2339;51719
48;3165;1053987;-141;-1788;1074;-517;564;-103;-421;-495;-2195;59260
48;3166;1054220;-64;-1740;1104;178;-88;-242;-438;-508;-2166;18409
48;3167;1054554;104;-1364;1605;62;-4;-12;-387;-474;-2270;40040
48;3168;1054877;36;-1524;1442;75;116;-79;-382;-469;-2279;33097
48;3169;1055216;-29;-1439;1508;166;30;-23;-397;-463;-2294;57106
48;3170;1055444;-12;-1427;1524;18;-14;18;-380;-448;-2315;2590
48;3171;1055874;-17;-1427;1564;41;-36;29;-387;-438;-2317;46603
48;3172;1056207;-36;-1400;1589;45;6;33;-403;-422;-2325;36026
48;3173;1056442;-79;-1390;1565;17;50;-3;-407;-426;-2320;48458
48;3174;1056868;-23;-1417;1561;-55;-8;-62;-405;-426;-2337;1461
48;3175;1057201;-61;-1321;1629;26;-23;5;-388;-437;-2324;23856
48;3176;1057543;-15;-1467;1545;-2;28;-37;-379;-447;-2345;60327
48;3177;1057867;15;-1383;1620;28;-34;-15;-388;-432;-2330;61473
48;3178;1058095;37;-1375;1628;21;-41;1;-373;-419;-2349;16467
48;3179;1058413;-42;-1327;1646;-12;11;2;-383;-410;-2354;54340
48;3180;1058932;42;-1350;1637;-15;-12;-1;-371;-428;-2350;489
48;3181;1059253;1;-1321;1692;48;2;-9;-367;-421;-2365;17356
48;3182;1059572;35;-1338;1628;20;-37;23;-371;-421;-2357;47994
48;3183;1059927;90;-1252;1689;80;-277;270;-372;-408;-2372;16467
48;3184;1060248;119;-1229;1782;38;-771;522;-384;-348;-2435;25993
48;3185;1060583;220;-1105;1834;627;-1094;1023;-367;-188;-2583;61257
48;3186;1060923;387;-1066;1889;40;140;33;-247;-77;-2672;64048
48;3187;1061240;372;-1033;1766;-192;8;71;-254;-104;-2663;6643
48;3188;1061469;330;-1113;1738;-76;-232;209;-277;-114;-2642;12890
48;3189;1061906;307;-1168;1641;-61;36;225;-264;-65;-2678;32292
48;3190;1062139;139;-1179;1778;-24;-228;223;-301;-51;-2672;39567
48;3191;1062472;205;-596;2012;415;-505;250;-231;-4;-2693;47927
48;3192;1062901;224;-1000;1810;88;278;-32;-215;24;-2717;40069
48;3193;1063254;328;-1055;1952;40;-216;-35;-254;29;-2706;44196
48;3194;1063573;200;-966;1677;-156;-49;-165;-224;-18;-2713;21833
48;3195;1063893;208;-997;1452;50;195;-29;-238;-12;-2698;55086
48;3196;1064246;419;-1256;1858;-103;154;-437;-251;-79;-2676;46737
48;3197;1064569;308;-1056;1811;-121;770;-855;-233;-61;-2675;21592
48;3198;1064888;126;-936;1981;-283;328;-1010;-340;-133;-2619;28683
48;3199;1065116;-71;-820;1707;-357;265;-611;-331;-178;-2593;21382
48;3200;1065460;-136;-803;2138;42;-196;-21;-358;-256;-2523;16243
48;3201;1065901;207;-1128;1736;-45;402;-259;-293;-348;-2470;45528
48;3202;1066219;67;-1011;1841;26;277;-489;-283;-358;-2472;45033
48;3203;1066453;258;-875;1895;54;308;-353;-255;-366;-2462;64162
48;3204;1066898;157;-994;1881;105;22;-104;-208;-373;-2461;30147
48;3205;1067220;266;-1024;1891;-16;-204;60;-189;-379;-2457;62053
48;3206;1067558;258;-1134;1807;-27;117;-142;-183;-398;-2444;18956
48;3207;1067893;180;-1199;1962;-193;-170;175;-181;-429;-2404;27016
48;3208;1068215;244;-1366;1428;-357;55;2;-198;-499;-2290;21970
48;3209;1068548;-1;-1349;1356;226;-10;-16;-224;-549;-2207;51374
48;3210;1068888;205;-1407;1585;148;26;4;-231;-519;-2268;30720
48;3211;1069210;180;-1297;1707;12;-62;146;-196;-501;-2285;6803
48;3212;1069544;259;-1415;1623;107;0;-6;-222;-499;-2306;52162
48;3213;1069887;-208;-880;1793;1883;712;249;-225;-284;-2541;46481
48;3214;1070206;-133;-301;2007;-118;145;94;-341;-115;-2616;27624
48;3215;1070433;-86;-406;2084;-215;-37;-85;-378;-152;-2611;28018
48;3216;1070882;-60;-608;2062;-35;-58;40;-352;-197;-2589;19929
48;3217;1071322;64;-457;2102;-138;-29;175;-334;-194;-2591;20993
48;3218;1071747;-35;-745;2010;-90;-5;119;-350;-209;-2573;26480
48;3219;1071980;-155;-629;2059;-20;-18;90;-380;-206;-2575;9046
48;3220;1072208;-103;-624;2033;-36;-86;40;-387;-204;-2560;60767
48;3221;1072530;-41;-682;1986;-15;-106;71;-379;-215;-2547;36365
48;3222;1072853;-142;-654;1961;-20;18;100;-394;-213;-2547;40740
48;3223;1073104;-115;-663;1956;33;-78;171;-391;-203;-2543;30891
48;3224;1073426;4;-670;2019;-142;-354;617;-386;-186;-2574;35257
48;3225;1073745;-21;-744;2040;41;-323;739;-422;-92;-2618;9835
48;3226;1073973;131;-855;1960;69;-163;512;-424;-69;-2621;30307
48;3227;1074312;-73;-879;1937;19;-51;263;-443;-40;-2629;16148
48;3228;1074860;-3;-507;2077;72;-117;256;-394;21;-2662;62333
48;3229;1075181;34;-616;2284;111;85;178;-366;73;-2682;6213
48;3230;1075414;140;-782;1899;14;-154;151;-413;75;-2677;54489
48;3231;1075859;-110;-586;1886;-235;32;19;-416;64;-2671;47028
48;3232;1076176;77;-526;2002;169;-28;236;-364;115;-2712;59317
48;3233;1076530;108;-516;2052;73;-4;137;-379;155;-2707;54691
48;3234;1076853;-105;-564;2241;-209;-68;-224;-408;145;-2681;22286
48;3235;1077172;-697;-388;1978;-315;281;-508;-430;37;-2644;459
48;3236;1077526;-474;-887;2086;-16;87;-402;-487;-92;-2563;56431
48;3237;1077853;-264;-973;1865;26;448;-405;-481;-171;-2537;44593
48;3238;1078171;-263;-1119;1985;335;194;-778;-500;-219;-2502;30485
48;3239;1078399;-75;-753;1985;147;287;-896;-457;-260;-2508;13494
48;3240;1078848;-137;-824;1928;-110;406;-467;-343;-318;-2479;53287
48;3241;1079182;172;-1158;1843;16;194;-261;-312;-368;-2441;11740
48;3242;1079500;-7;-950;1855;218;146;-1;-290;-361;-2457;8157
48;3243;1079840;-271;-848;2016;-65;-164;658;-340;-300;-2502;25970
48;3244;1080174;-552;-703;1826;-16;187;125;-421;-282;-2471;38116
48;3245;1080495;-476;-808;1922;-29;87;-313;-497;-310;-2435;64609
48;3246;1080839;-376;-919;1912;10;-89;63;-455;-325;-2421;4786
48;3247;1081067;-527;-801;1877;52;109;68;-454;-295;-2432;20469
48;3248;1081389;-545;-756;1962;73;-109;53;-501;-276;-2441;19882
48;3249;1081829;-464;-816;1975;-57;-110;12;-504;-278;-2446;4464
48;3250;1082062;-478;-811;1915;-69;-16;0;-498;-286;-2450;48311
48;3251;1082380;-435;-797;1948;70;-151;-7;-481;-289;-2446;45813
48;3252;1082821;-437;-819;1900;13;-134;25;-463;-303;-2444;32952
48;3253;1083163;-394;-936;1884;-44;-70;30;-453;-306;-2440;61110
48;3254;1083481;-394;-916;1917;17;-60;19;-447;-306;-2438;43371
48;3255;1083820;-392;-890;1892;-43;-32;-1;-443;-303;-2440;12679
48;3256;1084162;-420;-879;1880;-38;34;-66;-441;-309;-2433;20905
48;3257;1084713;-373;-974;1829;-26;-27;-55;-432;-328;-2441;8612
48;3258;1085030;-323;-923;1916;3;-18;-30;-415;-340;-2429;44454
48;3259;1085263;-269;-924;1874;31;-36;-56;-400;-338;-2428;23172
48;3260;1085491;-230;-974;1895;50;-14;-14;-391;-351;-2438;9809
48;3261;1085814;-219;-949;1886;-32;-164;49;-384;-351;-2449;7752
48;3262;1086133;-302;-945;1889;14;-41;26;-384;-337;-2445;44334
48;3263;1086381;-226;-941;1802;132;-161;84;-385;-315;-2460;19726
48;3264;1086704;-90;-900;1886;-52;-141;20;-334;-333;-2479;16908
48;3265;1087023;-48;-939;1934;90;-142;109;-311;-321;-2505;11037
48;3266;1087250;-79;-1057;2029;62;78;-53;-291;-308;-2495;48219
48;3267;1087696;71;-875;1767;-244;-119;-56;-304;-340;-2498;26566
48;3268;1088139;89;-915;1861;38;-29;52;-235;-351;-2469;9534
48;3269;1088461;209;-895;1853;-63;-46;-71;-247;-348;-2486;18893
48;3270;1088806;218;-917;1916;-186;-43;88;-222;-382;-2456;47367
48;3271;1089034;167;-1041;1744;-161;-19;110;-220;-405;-2433;31180
48;3272;1089356;37;-1097;1857;-19;-33;-20;-256;-405;-2427;45198
48;3273;1089818;165;-1037;1838;-27;11;4;-241;-392;-2444;21484
48;3274;1090136;184;-1124;1825;103;13;30;-249;-390;-2435;53744
48;3275;1090454;121;-1029;1918;28;-8;30;-254;-380;-2447;37547
48;3276;1090810;126;-1039;1869;0;-49;48;-262;-374;-2444;12705
48;3277;1091134;79;-1087;1806;4;-1;41;-264;-389;-2440;41684
48;3278;1091452;118;-1073;1857;63;-77;-23;-278;-390;-2437;35327
48;3279;1091791;132;-981;1857;30;-60;-21;-270;-372;-2475;55556
48;3280;1092038;138;-1013;1905;19;-36;3;-260;-375;-2460;46153
48;3281;1092356;166;-1022;1811;40;-66;37;-242;-374;-2457;54823
48;3282;1092691;119;-1077;1838;-60;26;-7;-257;-371;-2465;63833
48;3283;1093136;157;-987;1900;27;-7;-49;-249;-369;-2473;42174
48;3284;1093469;163;-1001;1888;-8;-33;12;-244;-372;-2469;58386
48;3285;1093792;257;-1069;1813;-24;81;-306;-237;-372;-2468;30288
48;3286;1094131;95;-693;2021;47;188;-431;-212;-348;-2505;28718
48;3287;1094359;226;-706;2064;-30;182;-356;-185;-344;-2493;20881
48;3288;1094579;90;-865;1981;-78;27;1;-185;-361;-2500;23155
48;3289;1094897;-106;-852;1919;-70;12;54;-195;-357;-2481;60437
48;3290;1095125;4;-969;1913;39;-123;88;-215;-372;-2471;24299
48;3291;1095359;-11;-921;1938;-33;-15;59;-210;-365;-2471;7472
48;3292;1095789;-51;-924;1904;-32;5;-14;-222;-380;-2450;61730
48;3293;1096122;-35;-966;1920;80;-27;17;-220;-375;-2451;60960
48;3294;1096464;-72;-940;1882;35;15;-16;-221;-377;-2459;44113
48;3295;1096783;-89;-893;1887;3;-13;29;-216;-372;-2464;36923
48;3296;1097015;-66;-895;1976;-48;7;13;-231;-368;-2474;40060
48;3297;1097333;-77;-914;1969;-12;45;8;-235;-367;-2469;39943
48;3298;1097673;-95;-1004;1871;20;-25;29;-240;-377;-2452;16724
48;3299;1097901;-111;-942;1948;21;-76;50;-247;-354;-2452;27
48;3300;1098219;-54;-968;1931;-14;0;-17;-256;-377;-2456;17843
48;3301;1098787;-129;-884;1916;78;-38;36;-241;-362;-2477;58600
48;3302;1099108;-63;-911;1898;-14;76;-53;-230;-353;-2472;508
48;3303;1099426;-83;-837;1942;4;47;-64;-221;-351;-2494;5574
48;3304;1099790;-21;-674;2098;-102;-120;265;-226;-326;-2513;25741
48;3305;1100108;-76;-869;2048;1;-277;564;-268;-299;-2540;16341
48;3306;1100441;96;-729;2011;142;-510;711;-330;-294;-2528;21634
48;3307;1100781;134;-674;1920;-36;-388;987;-367;-192;-2568;52845
48;3308;1101100;-126;-733;1884;89;-272;570;-401;-104;-2624;26503
48;3309;1101327;-65;-562;1973;-16;-66;625;-366;-78;-2645;11318
48;3310;1101651;-57;-706;2071;219;-514;1291;-380;66;-2691;7570
48;3311;1101884;257;-883;2001;79;-377;1132;-335;138;-2730;26899
48;3312;1102327;42;-825;1952;134;-95;760;-171;222;-2762;42872
48;3313;1102752;-65;-430;2367;184;-622;44;-168;253;-2759;57364
48;3314;1103107;6;-737;1925;137;179;-255;-179;233;-2754;41449
48;3315;1103429;335;-698;2231;298;149;199;-202;223;-2747;58641
48;3316;1103748;-11;-840;1855;158;146;-97;-182;214;-2747;3466
48;3317;1104102;-332;-841;1976;99;475;-215;-211;162;-2750;59365
48;3318;1104424;57;-731;1944;-161;-170;187;-257;212;-2741;1153
48;3319;1104743;2;-282;2216;185;118;202;-191;200;-2749;31291
48;3320;1104975;47;-1033;1682;-90;72;26;-197;158;-2733;48926
48;3321;1105313;-287;-777;2326;309;-125;-41;-221;179;-2727;56743
48;3322;1105761;-290;-770;2012;168;-102;-13;-259;177;-2732;35484
48;3323;1106078;-2;-354;2143;185;-567;270;-210;255;-2746;48332
48;3324;1106322;156;-891;1766;62;-122;-172;-213;203;-2752;13204
48;3325;1106763;18;-704;2298;712;-521;150;-194;105;-2736;37174
48;3326;1107089;27;-1134;2168;-273;-343;223;-251;113;-2728;1670
48;3327;1107427;540;-610;1609;-308;-847;856;-136;130;-2752;6973
48;3328;1107766;206;-1137;2158;-35;-177;-54;-157;94;-2734;41683
48;3329;1108084;99;-279;2087;219;-366;194;-214;128;-2733;18733
48;3330;1108417;28;-1288;1944;-216;-80;-4;-243;108;-2724;7403
48;3331;1108757;166;-534;1238;-429;100;324;-179;126;-2747;59329
48;3332;1109076;313;-1502;2175;-109;0;-515;-243;83;-2719;5794
48;3333;1109409;-101;-725;1360;59;169;-60;-249;111;-2734;62342
48;3334;1109754;132;-176;2622;595;-322;283;-237;191;-2756;43823
48;3335;1110072;95;-959;1553;61;15;92;-239;165;-2746;7908
48;3336;1110304;42;-1206;2161;-270;-203;-384;-249;110;-2734;13820
48;3337;1110753;14;-1024;1931;-5;6;69;-275;142;-2729;59276
48;3338;1111197;47;-407;1792;170;-108;498;-234;222;-2735;573
48;3339;1111622;202;-1340;1645;-639;240;-241;-245;141;-2734;50650
48;3340;1111854;-124;-426;1434;-292;-98;27;-320;199;-2737;864
48;3341;1112083;-171;-939;2122;28;17;3;-289;193;-2735;10283
48;3342;1112401;195;-519;2220;419;-250;173;-258;245;-2749;44243
48;3343;1112728;54;-832;1969;-272;119;-448;-249;203;-2755;11770
48;3344;1112976;-175;-713;2008;-85;50;47;-246;157;-2750;47710
48;3345;1113294;-89;-775;2091;-21;-281;146;-305;166;-2738;61968
48;3346;1113614;-153;-490;2301;474;-80;158;-265;178;-2733;39386
48;3347;1113842;-126;-791;1547;-85;-17;11;-258;176;-2744;57295
48;3348;1114180;-317;-892;2324;500;55;-369;-290;150;-2729;13004
48;3349;1114731;-246;-890;2032;31;-99;125;-326;218;-2734;3273
48;3350;1115048;-145;-436;1901;8;-26;232;-270;226;-2736;2190
48;3351;1115283;-155;-699;1841;-141;120;34;-279;229;-2745;50982
48;3352;1115732;-223;-1053;2072;71;394;-560;-286;161;-2733;64725
48;3353;1116050;-64;-470;1930;259;106;-217;-321;201;-2745;12549
48;3354;1116403;-90;-802;1994;-60;-345;104;-374;202;-2740;45989
48;3355;1116723;-201;-530;1943;200;365;-169;-324;252;-2724;20436
48;3356;1117041;-41;-288;1902;369;-107;-362;-390;287;-2714;23865
48;3357;1117395;-406;-178;2140;260;274;-213;-438;345;-2677;29927
48;3358;1117715;-299;58;2078;144;-82;57;-491;388;-2670;21906
48;3359;1118041;-296;-59;2115;-322;-61;30;-541;395;-2657;52271
48;3360;1118269;-90;-196;2112;10;-495;-67;-515;355;-2698;52203
48;3361;1118718;-252;-43;1902;224;-224;-218;-453;425;-2677;36274
48;3362;1119052;246;78;2152;55;-85;213;-431;442;-2688;30063
48;3363;1119369;-79;105;2148;-7;-17;-58;-431;452;-2690;774
48;3364;1119709;-60;171;2032;21;-22;109;-427;436;-2697;30462
48;3365;1120043;-139;132;2121;23;-42;13;-448;432;-2699;30810
48;3366;1120361;-90;198;2138;13;-32;-72;-447;438;-2687;40899
48;3367;1120709;-166;62;2017;3;-25;-104;-440;433;-2694;46186
48;3368;1120937;-283;-27;2416;-4;-44;40;-450;430;-2704;60536
48;3369;1121255;-141;200;2103;9;-29;-26;-452;428;-2706;12598
48;3370;1121699;-45;118;1977;14;-18;-236;-450;413;-2689;48619
48;3371;1121932;429;-221;2344;11;-50;288;-457;420;-2689;27832
48;3372;1122250;-87;226;2113;2;-41;329;-445;431;-2695;7515
48;3373;1122694;66;81;2151;6;-42;652;-461;429;-2715;54777
48;3374;1123033;83;425;2057;-1;-37;-57;-448;422;-2697;56766
48;3375;1123355;-115;69;2147;12;-33;-26;-462;418;-2687;10895
48;3376;1123694;-15;223;2082;4;-17;35;-448;419;-2690;26166
48;3377;1124032;-55;121;2140;15;-45;-34;-444;425;-2695;14505
48;3378;1124579;-87;74;2129;2;-29;87;-449;420;-2690;57233
48;3379;1124897;-66;87;2130;5;-24;46;-437;444;-2684;18761
48;3380;1125131;-38;90;2125;6;-28;42;-441;417;-2690;21570
48;3381;1125359;-81;89;2127;4;-27;56;-446;421;-2703;25015
48;3382;1125678;31;117;2106;8;-32;67;-443;422;-2695;4294
48;3383;1126000;51;136;1996;15;-9;-537;-434;428;-2703;11470
48;3384;1126255;25;120;2122;11;-7;-232;-447;417;-2687;33267
48;3385;1126578;-6;240;2114;8;-24;15;-456;426;-2698;50397
48;3386;1126897;32;88;2131;-4;-36;297;-448;431;-2696;30654
48;3387;1127124;-125;87;2124;1;-31;98;-445;430;-2698;17351
48;3388;1127570;-40;97;2123;7;-22;-54;-444;419;-2709;55261
48;3389;1128010;-92;86;2122;6;-28;43;-452;418;-2719;9493
48;3390;1128328;-82;90;2125;5;-29;29;-440;419;-2712;44423
48;3391;1128671;-71;86;2125;2;-28;53;-432;425;-2711;35685
48;3392;1128899;-81;99;2127;4;-27;39;-438;431;-2713;57815
48;3393;1129221;-50;94;2127;3;-31;48;-440;422;-2710;36226
48;3394;1129682;-83;93;2127;6;-25;-14;-439;420;-2705;62333
48;3395;1130004;-85;82;2127;4;-27;17;-432;434;-2698;1949
48;3396;1130322;-77;84;2123;6;-26;12;-438;421;-2690;17175
48;3397;1130678;-81;90;2121;5;-26;13;-433;425;-2696;47315
48;3398;1130995;-205;172;2136;13;-18;-61;-437;424;-2696;45670
48;3399;1131313;-3;135;2115;10;-31;-69;-440;433;-2687;1914
48;3400;1131652;-103;159;2117;5;-22;57;-448;429;-2706;9544
48;3401;1131887;-91;149;2126;9;-25;-37;-441;430;-2684;29589
48;3402;1132208;-42;60;2133;8;-13;-198;-437;432;-2693;52803
48;3403;1132547;8;140;2058;12;-23;-68;-443;435;-2694;13022
48;3404;1132992;-88;280;2117;-5;-66;852;-460;416;-2698;61549
48;3405;1133325;-169;93;2101;-8;-29;229;-452;410;-2703;30810
48;3406;1133645;-89;33;2129;2;-35;155;-446;413;-2699;48493
48;3407;1133990;-90;104;2128;2;-31;100;-446;436;-2691;40914
48;3408;1134217;-101;80;2124;9;-23;-66;-438;433;-2700;46813
48;3409;1134642;-74;95;2130;4;-28;44;-447;438;-2704;60410
48;3410;1134980;-75;93;2129;5;-27;72;-449;431;-2697;57763
48;3411;1135212;-86;92;2125;3;-29;14;-437;445;-2693;38407
48;3412;1135637;-72;93;2132;3;-27;31;-445;432;-2708;42287
48;3413;1135971;-74;96;2124;6;-26;3;-442;431;-2693;15393
48;3414;1136309;-73;90;2129;6;-26;-11;-442;423;-2697;25189
48;3415;1136632;-74;85;2127;6;-25;7;-442;436;-2690;23772
48;3416;1136860;-72;86;2123;4;-26;13;-440;432;-2696;34482
48;3417;1137178;-81;95;2125;6;-24;-11;-448;434;-2694;59102
48;3418;1137522;-77;91;2128;7;-25;30;-449;437;-2702;24060
48;3419;1137757;-72;89;2127;4;-26;38;-453;422;-2690;23517
48;3420;1138075;-70;85;2126;7;-24;8;-446;437;-2704;30065
48;3421;1138643;-86;91;2126;4;-28;22;-449;426;-2695;28365
48;3422;1138960;-78;93;2126;5;-27;20;-449;432;-2684;18485
48;3423;1139281;-79;92;2124;6;-23;3;-452;427;-2709;9346
48;3424;1139638;-73;93;2125;6;-26;23;-450;433;-2695;8814
48;3425;1139957;-79;95;2131;6;-25;-2;-438;427;-2679;55645
48;3426;1140290;-82;88;2128;6;-25;9;-441;427;-2675;64728
48;3427;1140630;-83;92;2125;6;-25;14;-442;429;-2683;27797
48;3428;1140952;-78;93;2124;4;-27;12;-449;432;-2692;10658
48;3429;1141180;-79;96;2125;6;-24;30;-441;428;-2691;59174
48;3430;1141503;-72;95;2127;6;-27;-13;-432;429;-2686;62507
48;3431;1141739;-77;91;2126;6;-29;16;-438;423;-2691;40743
48;3432;1142179;-82;92;2125;7;-23;-13;-448;428;-2684;47215
48;3433;1142604;-74;91;2129;4;-28;13;-437;429;-2690;30506
48;3434;1142957;-78;92;2122;5;-28;16;-438;425;-2686;34801
48;3435;1143276;-73;90;2128;6;-26;7;-448;431;-2685;30182
48;3436;1143599;-79;91;2126;4;-30;15;-453;435;-2678;49544
48;3437;1143956;-79;94;2125;6;-26;-1;-453;432;-2689;60192
48;3438;1144275;-82;95;2128;5;-28;-1;-446;433;-2685;42474
48;3439;1144598;-77;89;2126;6;-26;15;-443;426;-2682;26833
48;3440;1144826;-79;89;2126;5;-25;15;-447;428;-2672;60230
48;3441;1145168;-74;91;2127;5;-26;3;-453;421;-2686;31417
48;3442;1145609;-81;91;2126;4;-25;3;-447;424;-2689;47203
48;3443;1145927;-80;90;2128;5;-24;11;-450;424;-2691;41361
48;3444;1146159;-76;92;2127;4;-26;14;-445;435;-2677;47235
48;3445;1146600;-81;90;2124;6;-25;12;-441;420;-2695;3622
48;3446;1146923;-79;91;2125;5;-25;6;-442;431;-2700;23129
48;3447;1147265;-79;88;2124;6;-25;19;-445;432;-2690;28093
48;3448;1147600;-73;94;2126;5;-29;14;-447;424;-2693;13380
48;3449;1147919;-78;95;2124;6;-26;7;-446;434;-2691;38382
48;3450;1148252;-76;92;2127;7;-24;8;-444;433;-2681;43799
48;3451;1148595;-85;91;2124;5;-27;6;-447;425;-2685;45023
48;3452;1148917;-82;91;2124;6;-23;15;-441;436;-2686;28932
48;3453;1149250;-77;91;2126;6;-25;15;-456;435;-2690;25214
48;3454;1149590;-80;90;2127;5;-28;12;-449;433;-2684;22201
48;3455;1149915;-82;92;2128;3;-28;5;-454;444;-2696;5477
48;3456;1150143;-81;92;2125;9;-22;7;-453;431;-2683;35358
48;3457;1150587;-85;90;2125;5;-26;-8;-452;435;-2688;23903
48;3458;1151027;-81;88;2125;5;-26;19;-448;431;-2682;4363
48;3459;1151452;-74;93;2127;5;-25;-1;-448;437;-2678;2392
48;3460;1151685;-74;91;2124;4;-28;15;-441;433;-2683;27015
48;3461;1151913;-79;92;2129;6;-26;16;-440;432;-2677;21211
48;3462;1152231;-83;91;2123;6;-27;12;-444;435;-2681;64830
48;3463;1152559;-78;93;2126;5;-27;9;-448;436;-2678;39255
48;3464;1152809;-79;93;2122;4;-27;8;-450;427;-2679;64308
48;3465;1153128;-79;90;2128;7;-24;17;-449;437;-2679;5318
48;3466;1153447;-76;92;2128;5;-25;19;-442;431;-2682;51692
48;3467;1153675;-85;91;2126;5;-27;3;-446;424;-2682;2568
48;3468;1154015;-80;89;2127;5;-26;24;-449;434;-2692;29517
48;3469;1154565;-83;91;2128;4;-28;6;-448;428;-2689;44295
48;3470;1154887;-82;92;2124;5;-28;13;-447;424;-2671;65276
48;3471;1155120;-84;89;2126;4;-27;-1;-456;436;-2683;11430
48;3472;1155564;-80;90;2125;6;-24;6;-445;429;-2683;30795
48;3473;1155882;-85;88;2127;6;-23;9;-435;435;-2683;56619
48;3474;1156235;-82;92;2128;4;-26;0;-438;428;-2688;7231
48;3475;1156559;-78;93;2123;5;-28;14;-449;430;-2679;25982
48;3476;1156877;-83;89;2129;7;-24;13;-441;430;-2680;5378
48;3477;1157231;-108;87;2127;6;-23;0;-438;427;-2687;961
48;3478;1157554;-23;119;2128;8;-26;-2;-441;427;-2683;27908
48;3479;1157872;-140;70;2128;0;-27;-18;-443;426;-2701;49333
48;3480;1158100;-157;98;2101;7;-14;-280;-446;435;-2688;57161
48;3481;1158549;-72;43;2139;1;-29;139;-444;435;-2688;54776
48;3482;1158883;-32;84;2132;6;-30;57;-447;445;-2686;47876
48;3483;1159200;-60;115;2121;9;-18;-206;-437;448;-2682;65200
48;3484;1159543;-94;119;2130;7;-16;-177;-439;449;-2682;24411
48;3485;1159877;-46;33;2117;14;-28;120;-447;444;-2697;50928
48;3486;1160194;-28;38;2195;5;-26;13;-444;444;-2691;30634
48;3487;1160540;70;78;2253;-1;-31;256;-439;462;-2677;37952
48;3488;1160768;-11;144;2132;8;-29;-181;-428;439;-2694;8841
48;3489;1161087;20;87;2132;3;-26;9;-438;443;-2687;59498
48;3490;1161530;-132;37;2139;1;-33;98;-441;434;-2692;8897
48;3491;1161765;0;141;2122;5;-13;-371;-451;430;-2684;41898
48;3492;1162083;-148;100;2123;13;-16;-204;-447;436;-2681;37432
48;3493;1162523;-128;87;2120;4;-26;73;-446;418;-2690;10834
48;3494;1162862;-107;88;2127;3;-32;88;-454;424;-2691;23172
48;3495;1163184;-92;93;2124;4;-31;34;-457;421;-2680;51041
48;3496;1163519;-85;81;2125;1;-32;78;-447;429;-2676;47466
48;3497;1163857;-87;96;2126;4;-29;36;-454;441;-2674;58804
48;3498;1164518;-91;105;2130;6;-26;7;-459;422;-2683;54775
48;3499;1164840;-94;93;2118;5;-26;19;-451;422;-2680;30391
48;3500;1165088;-91;89;2127;4;-28;18;-456;417;-2682;13289
48;3501;1165407;-80;89;2126;7;-25;23;-453;427;-2690;50914
48;3502;1165730;-100;94;2129;4;-28;59;-458;418;-2692;41668
48;3503;1165958;-100;90;2126;8;-24;-78;-452;414;-2684;25618
48;3504;1166191;-65;101;2128;4;-26;5;-460;418;-2670;5180
48;3505;1166510;-88;85;2125;5;-27;9;-455;419;-2676;24386
48;3506;1166844;-86;89;2125;6;-26;5;-451;427;-2694;40683
48;3507;1167399;-93;87;2126;6;-24;16;-463;425;-2697;57782
48;3508;1167843;-98;88;2123;5;-27;-13;-454;436;-2679;12564
48;3509;1168160;-113;86;2121;5;-24;12;-453;423;-2678;26818
48;3510;1168503;-90;86;2124;3;-28;32;-459;425;-2678;38737
48;3511;1168731;-87;87;2124;4;-28;20;-446;439;-2698;27651
48;3512;1169049;-84;87;2129;6;-26;-9;-456;428;-2688;35493
48;3513;1169511;-78;92;2125;5;-28;16;-440;434;-2675;23853
48;3514;1169829;-86;91;2128;6;-24;5;-449;428;-2677;44187
48;3515;1170147;-78;91;2126;5;-25;3;-451;436;-2693;44131
48;3516;1170510;-91;91;2122;5;-28;17;-455;432;-2682;58497
48;3517;1170828;-97;88;2125;7;-22;-52;-445;438;-2688;38915
48;3518;1171150;-96;96;2127;6;-26;-14;-442;422;-2683;48769
48;3519;1171485;-96;84;2128;5;-26;11;-458;422;-2678;9355
48;3520;1171722;-82;92;2127;4;-29;30;-455;424;-2680;43290
48;3521;1172040;-88;86;2127;4;-29;27;-451;435;-2679;55126
48;3522;1172374;-82;87;2127;5;-28;12;-461;422;-2678;38031
48;3523;1172820;-83;90;2127;6;-27;0;-457;423;-2689;5576
48;3524;1173153;-81;95;2122;4;-28;2;-451;428;-2682;1403
48;3525;1173480;-93;93;2125;3;-27;25;-443;416;-2685;17412
48;3526;1173819;-99;85;2125;6;-27;-10;-441;428;-2690;11786
48;3527;1174047;-89;91;2126;4;-25;-39;-451;426;-2671;32270
48;3528;1174471;-81;68;2127;2;-27;25;-446;415;-2678;28370
48;3529;1174805;-82;131;2125;8;-28;4;-450;412;-2670;8197
48;3530;1175038;-108;80;2133;4;-26;-8;-455;426;-2679;56610
48;3531;1175471;-84;71;2124;3;-27;47;-449;422;-2670;20317
48;3532;1175805;-11;96;2128;8;-23;-67;-451;422;-2687;2436
48;3533;1176144;-95;120;2119;1;-32;169;-451;430;-2675;54820
48;3534;1176364;-100;100;2124;6;-23;-48;-449;430;-2684;54049
48;3535;1176697;-124;58;2120;10;-20;-50;-444;428;-2675;26985
48;3536;1177016;-126;49;2124;6;-9;-216;-445;426;-2687;62539
48;3537;1177356;2;177;2130;16;-24;-137;-461;429;-2675;39341
48;3538;1177584;-127;130;2121;11;-28;-8;-452;424;-2691;37891
48;3539;1177901;-103;107;2124;-1;-37;224;-452;432;-2699;63549
48;3540;1178469;-124;22;2110;8;-29;25;-447;410;-2684;201
48;3541;1178793;-118;79;2122;4;-24;15;-451;418;-2670;56394
48;3542;1179013;-54;92;2125;7;-24;-1;-453;435;-2684;10092
48;3543;1179824;-105;97;2123;4;-29;9;-448;407;-2681;38770
48;3544;1180157;-100;98;2126;4;-30;50;-463;430;-2674;11084
48;3545;1180476;-90;76;2127;7;-24;33;-453;414;-2678;19810
48;3546;1180815;-92;91;2123;5;-26;39;-450;423;-2672;20336
48;3547;1181043;-101;86;2122;4;-27;9;-456;416;-2677;64589
48;3548;1181366;-97;86;2125;8;-25;2;-453;417;-2675;15907
48;3549;1181688;-93;85;2128;5;-27;17;-453;429;-2680;57510
48;3550;1181937;-93;87;2123;8;-24;-4;-453;420;-2675;48868
48;3551;1182472;-89;88;2127;4;-26;8;-457;425;-2680;7442
48;3552;1182806;-93;90;2123;4;-27;-11;-455;422;-2671;7299
48;3553;1183038;-92;86;2121;7;-25;4;-445;412;-2682;57696
48;3554;1183361;-88;85;2126;5;-25;11;-455;419;-2688;9022
48;3555;1183802;-94;88;2125;6;-27;6;-445;425;-2673;36803
48;3556;1184140;-93;86;2126;6;-28;9;-454;433;-2691;12833
48;3557;1184463;-91;89;2126;4;-28;15;-461;421;-2689;2082
48;3558;1184691;-92;88;2127;6;-27;10;-450;419;-2683;59447
48;3559;1185009;-96;92;2126;7;-22;3;-452;428;-2678;36887
48;3560;1185474;-89;89;2124;6;-24;6;-457;419;-2677;63668
48;3561;1185792;-91;88;2127;6;-25;13;-456;424;-2678;54591
48;3562;1186110;-89;90;2122;6;-26;3;-452;422;-2690;4145
48;3563;1186468;11;58;2129;2;-34;78;-453;422;-2686;14638
48;3564;1186786;-101;86;2114;-1;-33;217;-454;420;-2687;36340
48;3565;1187006;-113;87;2122;8;-20;-127;-446;423;-2686;5637
48;3566;1187469;-85;89;2123;5;-28;109;-460;419;-2671;62840
48;3567;1187787;-89;90;2124;5;-28;83;-446;425;-2698;54939
48;3568;1188333;-110;85;2128;6;-26;-15;-460;423;-2676;29249
48;3569;1188570;-86;93;2124;8;-23;-31;-448;421;-2676;3982
48;3570;1188888;-93;84;2122;7;-25;-21;-443;426;-2682;20053
48;3571;1189116;-81;89;2123;4;-28;14;-455;426;-2681;52295
48;3572;1189439;-86;90;2128;5;-26;3;-455;426;-2687;17149
48;3573;1189778;-88;89;2127;6;-27;4;-446;427;-2684;56745
48;3574;1190006;-86;86;2127;6;-26;23;-469;422;-2689;52329
48;3575;1190431;-92;87;2123;5;-26;-3;-454;419;-2692;40888
48;3576;1190787;-92;91;2122;6;-26;-5;-441;425;-2689;49162
48;3577;1191105;-93;89;2127;6;-24;11;-450;424;-2693;40989
48;3578;1191428;-85;80;2127;5;-28;21;-453;428;-2694;21704
48;3579;1191762;-93;94;2125;6;-24;11;-453;412;-2689;58907
48;3580;1191995;-97;89;2122;6;-25;16;-447;429;-2686;63520
48;3581;1192427;-87;86;2126;6;-27;13;-455;417;-2682;13653
48;3582;1192655;-95;85;2121;3;-28;22;-444;426;-2697;6508
48;3583;1192994;-91;89;2124;5;-28;19;-456;423;-2687;2411
48;3584;1193313;-91;89;2127;6;-27;23;-450;425;-2695;37639
48;3585;1193541;-95;82;2124;5;-27;8;-455;421;-2694;45270
48;3586;1193859;-92;88;2124;4;-27;6;-461;426;-2683;45590
48;3587;1194434;-93;89;2123;6;-24;4;-445;428;-2685;53172
48;3588;1194756;-94;89;2124;4;-26;6;-452;415;-2713;14621
48;3589;1195074;-94;87;2122;6;-24;5;-447;431;-2688;11540
48;3590;1195430;-90;83;2128;6;-24;12;-449;428;-2699;17201
48;3591;1195748;-88;90;2119;6;-26;-2;-448;421;-2690;7044
48;3592;1196082;-91;87;2122;2;-27;8;-445;416;-2690;4192
48;3593;1196421;-88;89;2127;6;-26;-7;-450;422;-2691;17120
48;3594;1196740;-96;85;2127;7;-24;11;-450;416;-2694;20145
48;3595;1197073;-88;89;2123;6;-28;12;-456;409;-2681;13496
48;3596;1197423;-93;87;2127;6;-28;5;-454;416;-2682;42948
48;3597;1197741;-91;92;2122;4;-27;6;-447;418;-2678;47754
48;3598;1197969;-89;80;2125;8;-23;19;-453;404;-2694;22085
48;3599;1198398;-93;87;2125;6;-26;3;-455;428;-2688;53311
48;3600;1198631;-90;90;2126;7;-25;9;-446;411;-2682;17676
48;3601;1198859;-89;88;2122;4;-26;14;-453;416;-2683;48722
48;3602;1199284;-93;86;2128;7;-26;-6;-457;421;-2675;60133
48;3603;1199744;-91;89;2126;5;-28;5;-454;424;-2689;41660
48;3604;1200066;-92;86;2126;4;-28;-2;-452;431;-2688;38807
48;3605;1200389;-93;86;2125;4;-26;5;-451;429;-2684;47644
48;3606;1200617;-91;91;2126;5;-27;8;-449;419;-2688;43693
48;3607;1200850;-91;90;2127;6;-25;11;-452;428;-2685;17357
48;3608;1201275;-91;85;2126;7;-25;13;-452;429;-2691;38519
48;3609;1201503;-89;87;2127;6;-26;14;-452;415;-2684;48824
48;3610;1201841;-93;88;2122;6;-27;7;-455;418;-2691;46654
48;3611;1202392;-94;89;2124;6;-25;8;-458;425;-2694;2048
48;3612;1202715;-91;87;2122;7;-26;9;-455;421;-2689;39880
48;3613;1203057;-94;88;2126;5;-26;20;-458;428;-2696;62826
48;3614;1203395;-91;87;2124;5;-27;6;-458;419;-2683;56962
48;3615;1203714;-93;89;2125;6;-27;6;-448;423;-2685;22357
48;3616;1204067;-95;85;2125;7;-25;7;-467;422;-2686;4783
48;3617;1204387;-95;86;2124;5;-25;0;-447;415;-2676;62807
48;3618;1204705;-90;89;2124;5;-28;6;-453;417;-2689;50234
48;3619;1205039;-92;86;2125;4;-27;9;-455;431;-2688;26694
48;3620;1205382;-91;88;2121;3;-29;9;-455;422;-2671;25575
48;3621;1205701;-89;87;2127;5;-25;3;-453;417;-2674;40521
48;3622;1205936;-90;87;2127;5;-24;7;-450;429;-2689;58481
48;3623;1206381;-91;87;2126;5;-26;0;-453;418;-2690;42976
48;3624;1206715;-90;89;2126;5;-25;9;-450;421;-2686;21214
48;3625;1207033;-86;89;2125;6;-24;4;-456;421;-2689;25681
48;3626;1207372;-96;89;2126;6;-27;8;-463;419;-2693;61561
48;3627;1207600;-93;87;2129;6;-26;6;-453;424;-2688;7665
48;3628;1207919;-95;91;2125;5;-25;6;-447;415;-2693;31683
48;3629;1208246;-93;88;2122;6;-25;10;-449;431;-2684;61133
48;3630;1208494;-94;83;2124;5;-25;2;-447;426;-2692;59103
48;3631;1208816;-93;85;2126;6;-25;7;-447;414;-2679;53025
48;3632;1209362;-95;77;2123;6;-27;-6;-454;420;-2702;59264
48;3633;1209599;-81;82;2128;2;-31;15;-453;418;-2689;24249
48;3634;1209917;-87;88;2123;8;-24;-2;-450;422;-2699;2145
48;3635;1210358;-98;87;2126;6;-25;14;-453;424;-2699;10811
48;3636;1210702;-92;88;2124;6;-26;3;-451;420;-2701;22383
48;3637;1211020;-92;86;2126;6;-25;17;-450;427;-2703;15599
48;3638;1211355;-94;88;2127;6;-25;9;-454;423;-2674;2704
48;3639;1211673;-89;91;2128;7;-24;22;-459;413;-2704;57574
48;3640;1211909;-94;85;2125;6;-28;11;-448;425;-2705;57770
48;3641;1212244;-94;84;2126;5;-27;14;-457;426;-2698;44690
48;3642;1212562;-92;88;2122;7;-26;15;-443;423;-2703;32414
48;3643;1213026;-76;88;2128;5;-27;51;-448;426;-2681;16507
48;3644;1213349;-90;48;2134;5;-19;-49;-449;426;-2682;48302
48;3645;1213667;-82;105;2126;8;-21;-135;-440;417;-2689;34381
48;3646;1213895;-62;94;2125;3;-29;115;-445;426;-2691;37718
48;3647;1214239;-61;100;2126;6;-28;36;-450;425;-2684;64943
48;3648;1214558;-69;104;2126;5;-27;42;-445;426;-2682;57694
48;3649;1214789;-96;86;2122;5;-27;51;-448;423;-2693;59911
48;3650;1215341;-94;79;2124;6;-22;-9;-450;428;-2672;47173
48;3651;1215679;-100;89;2124;6;-24;1;-452;416;-2693;9314
48;3652;1215996;-94;89;2120;5;-28;9;-454;414;-2687;8130
48;3653;1216336;-90;86;2129;6;-26;9;-437;421;-2682;5598
48;3654;1216568;-86;79;2128;7;-23;-3;-445;420;-2695;53226
48;3655;1216887;-89;96;2118;4;-29;67;-439;417;-2686;20663
48;3656;1217348;-89;88;2125;5;-24;-40;-449;418;-2703;60339
48;3657;1217666;-103;98;2125;6;-22;-73;-441;418;-2684;12242
48;3658;1217988;-99;36;2128;5;-24;-61;-445;417;-2679;37555
48;3659;1218327;-78;57;2125;7;-24;-5;-445;420;-2700;47340
48;3660;1218560;-71;103;2121;8;-27;-34;-450;425;-2685;13785
48;3661;1218878;-81;102;2123;6;-25;7;-447;416;-2687;40803
48;3662;1219322;-91;82;2126;6;-27;-11;-460;421;-2681;43865
48;3663;1219661;-93;88;2126;5;-28;24;-451;417;-2676;55916
48;3664;1219994;-93;91;2126;5;-26;-1;-445;413;-2686;37
48;3665;1220313;-91;94;2123;7;-26;28;-451;414;-2686;53709
48;3666;1220652;-80;94;2127;6;-27;2;-459;421;-2678;49869
48;3667;1220888;-93;91;2128;6;-25;16;-454;423;-2692;10983
48;3668;1221211;-89;92;2125;6;-26;5;-444;423;-2686;32313
48;3669;1221529;-89;92;2122;5;-28;15;-445;434;-2699;63273
48;3670;1221778;-87;83;2123;4;-27;9;-451;414;-2699;60719
48;3671;1222308;-90;88;2127;6;-26;0;-452;430;-2688;42109
48;3672;1222642;-91;86;2126;7;-25;6;-457;426;-2682;44405
48;3673;1222876;-91;89;2125;5;-28;10;-453;426;-2688;59153
48;3674;1223195;-87;89;2124;6;-24;-2;-454;426;-2694;48460
48;3675;1223639;-89;90;2124;6;-25;11;-437;426;-2695;29646
48;3676;1223981;-90;88;2124;4;-29;7;-458;418;-2684;63031
48;3677;1224309;-91;88;2125;4;-27;8;-446;419;-2683;20070
48;3678;1224537;-88;89;2126;5;-27;7;-446;420;-2684;15631
48;3679;1224855;-90;89;2123;7;-26;9;-451;424;-2686;13530
48;3680;1225316;-91;88;2123;4;-29;5;-454;426;-2676;5302
48;3681;1225634;-90;90;2124;5;-26;6;-451;427;-2696;48608
48;3682;1225952;-90;89;2126;3;-29;3;-440;424;-2687;18664
48;3683;1226310;-89;88;2128;5;-26;12;-444;424;-2689;15776
48;3684;1226628;-91;91;2121;5;-28;7;-449;413;-2692;56375
48;3685;1226950;-92;89;2123;5;-27;14;-447;417;-2687;36999
48;3686;1227305;-91;88;2125;5;-29;10;-443;420;-2707;63548
48;3687;1227624;-79;87;2125;4;-29;20;-453;421;-2700;29625
48;3688;1228174;-94;95;2124;7;-26;6;-456;425;-2689;19408
48;3689;1228407;-93;92;2123;6;-24;5;-448;427;-2703;34176
48;3690;1228725;-89;87;2123;8;-24;2;-439;420;-2693;4138
48;3691;1228957;-91;89;2124;6;-26;3;-444;426;-2685;1130
48;3692;1229276;-89;87;2124;6;-23;2;-444;420;-2690;7119
48;3693;1229614;-87;92;2125;4;-27;-3;-447;425;-2685;18439
48;3694;1229846;-85;91;2126;6;-25;9;-458;423;-2683;15973
48;3695;1230275;-90;88;2126;6;-27;3;-448;416;-2703;54423
48;3696;1230629;-89;89;2127;4;-28;8;-451;423;-2704;36381
48;3697;1230947;-87;91;2126;5;-27;10;-451;424;-2692;28373
48;3698;1231266;-91;89;2125;4;-27;4;-456;422;-2684;51812
48;3699;1231604;-91;89;2123;4;-25;8;-452;431;-2681;58222
48;3700;1231841;-91;89;2125;7;-24;12;-451;419;-2686;26125
48;3701;1232266;-93;90;2127;4;-27;10;-453;421;-2704;5787
48;3702;1232494;-89;93;2126;6;-28;7;-452;432;-2687;4167
48;3703;1232837;-59;161;2114;9;-25;-28;-448;430;-2683;54987
48;3704;1233156;-81;73;2121;6;-22;-69;-453;432;-2688;38661
48;3705;1233384;-56;88;2128;7;-26;-56;-452;430;-2674;45313
48;3706;1233702;-81;118;2128;5;-26;26;-453;427;-2693;62723
48;3707;1234273;-84;97;2125;4;-30;41;-443;422;-2688;10705
48;3708;1234591;-91;86;2125;6;-27;35;-445;419;-2685;48081
48;3709;1234908;-87;78;2120;5;-26;39;-448;426;-2694;41062
48;3710;1235267;-87;85;2126;4;-29;30;-448;423;-2692;15983
48;3711;1235590;-84;87;2122;6;-27;12;-446;427;-2700;62919
48;3712;1235927;-84;95;2124;4;-27;4;-445;429;-2692;4805
48;3713;1236266;-85;89;2127;4;-27;7;-456;418;-2694;22624
48;3714;1236585;-86;86;2126;7;-27;-1;-445;430;-2689;15206
48;3715;1236922;-92;92;2125;4;-28;-1;-449;421;-2682;853
48;3716;1237262;-91;85;2124;4;-26;-3;-441;430;-2680;51718
48;3717;1237580;-94;88;2124;5;-25;2;-454;420;-2681;31286
48;3718;1237808;-84;88;2125;6;-27;2;-447;427;-2693;22549
48;3719;1238233;-89;88;2123;5;-27;8;-445;422;-2682;59725
48;3720;1238468;-91;91;2127;5;-29;4;-443;423;-2681;30512
48;3721;1238696;-90;89;2128;5;-26;10;-437;420;-2695;588
48;3722;1239121;-31;120;2123;-7;-36;311;-453;423;-2695;18678
48;3723;1239593;-184;98;2104;10;-28;-75;-443;417;-2687;26330
48;3724;1239910;-179;34;2119;2;-33;217;-448;427;-2680;11866
48;3725;1240230;-90;143;2132;4;-29;3;-435;420;-2690;40606
48;3726;1240458;-42;156;2123;4;-34;215;-440;433;-2676;26152
48;3727;1240701;-136;109;2125;5;-27;-23;-431;445;-2677;39751
48;3728;1241130;-12;105;2123;14;-18;-108;-426;439;-2675;30249
48;3729;1241362;-211;96;2117;-1;-33;257;-443;406;-2673;39886
48;3730;1241700;-167;125;2126;7;-13;-82;-449;414;-2681;32023
48;3731;1242147;-50;87;2114;7;-33;139;-438;425;-2698;42351
48;3732;1242465;-8;86;2139;8;-36;42;-443;441;-2682;44052
48;3733;1242913;-107;37;2122;15;-20;-351;-436;421;-2687;41178
48;3734;1243248;-155;120;2146;4;-14;-122;-433;425;-2684;2267
48;3735;1243566;-130;74;2125;5;-25;-63;-429;426;-2679;41598
48;3736;1243920;-76;84;2120;6;-29;32;-446;417;-2670;46704
48;3737;1244243;-57;93;2124;3;-31;134;-443;424;-2689;55513
48;3738;1244565;-66;109;2129;7;-28;-24;-446;427;-2683;41560
48;3739;1244898;-76;85;2126;5;-26;-1;-444;418;-2683;40079
48;3740;1245238;-95;93;2126;6;-26;-26;-438;434;-2672;349
48;3741;1245557;-91;115;2100;5;-25;8;-433;438;-2692;30613
48;3742;1245785;-141;75;2130;8;-23;-70;-450;414;-2687;40616
48;3743;1246234;-93;75;2132;8;-30;73;-449;410;-2691;61703
48;3744;1246567;-126;164;2148;22;-29;-346;-461;418;-2694;32008
48;3745;1246889;138;98;2146;-1;-52;-22;-450;417;-2684;58762
48;3746;1247237;75;136;2122;8;-21;-31;-445;435;-2676;38737
48;3747;1247465;579;204;2144;-9;-74;373;-452;438;-2691;9417
48;3748;1247783;-132;132;2145;-6;-30;28;-449;430;-2698;30637
48;3749;1248103;-49;279;2163;13;-39;-42;-451;422;-2689;49081
48;3750;1248351;-78;107;2099;31;-13;-327;-440;414;-2684;34545
48;3751;1248669;-72;27;2138;20;-20;-355;-446;420;-2680;12579
48;3752;1249216;-126;143;2117;-3;-23;124;-455;407;-2683;48269
48;3753;1249449;-153;28;2130;-2;-23;43;-452;420;-2689;53994
48;3754;1249669;-99;48;2124;8;-24;-68;-450;411;-2685;21172
48;3755;1250219;-388;-78;2044;10;-23;-118;-446;417;-2696;33516
48;3756;1250558;-110;55;2131;2;-23;-23;-450;425;-2695;16480
48;3757;1250876;-95;57;2126;6;-28;10;-449;426;-2686;35952
48;3758;1251211;-107;147;2102;5;-23;226;-454;418;-2690;31775
48;3759;1251529;-178;38;2174;3;-19;61;-445;428;-2696;21889
48;3760;1251762;-96;78;2123;8;-25;-22;-453;420;-2678;32571
48;3761;1252101;-90;59;2115;2;-31;95;-445;429;-2682;25414
48;3762;1252423;-69;91;2122;7;-25;36;-445;424;-2682;50145
48;3763;1252887;28;144;2147;12;-37;145;-445;436;-2661;27720
48;3764;1253206;-98;72;2118;18;-21;-267;-439;429;-2673;54776
48;3765;1253525;-36;81;2125;6;-15;-284;-443;433;-2677;23141
48;3766;1253753;-36;253;2130;4;-8;-248;-445;430;-2690;64553
48;3767;1254097;-28;41;2135;4;-22;-163;-447;426;-2688;50233
48;3768;1254416;-13;124;2131;8;-25;26;-437;435;-2681;45704
48;3769;1254644;-112;90;2123;0;-29;130;-452;412;-2687;11776
48;3770;1255199;-74;110;2123;4;-27;-4;-446;425;-2680;65132
48;3771;1255533;-36;98;2125;3;-32;71;-450;433;-2690;10240
48;3772;1255854;-141;66;2123;3;-31;30;-442;421;-2683;21706
48;3773;1256194;-126;74;2122;8;-23;17;-445;425;-2681;38724
48;3774;1256422;-85;91;2124;4;-26;27;-446;440;-2679;49831
48;3775;1256741;-93;87;2124;4;-28;64;-452;427;-2697;9862
48;3776;1257205;-90;91;2125;5;-25;-17;-435;429;-2673;30993
48;3777;1257527;-69;88;2123;4;-28;20;-454;431;-2681;57977
48;3778;1257849;-74;99;2126;5;-27;1;-461;428;-2684;60734
48;3779;1258184;-91;121;2130;5;-30;72;-444;428;-2678;63747
48;3780;1258419;-36;129;2112;5;-25;-32;-455;432;-2685;25712
48;3781;1258737;-55;102;2125;6;-28;91;-440;419;-2696;21154
48;3782;1259178;-57;98;2126;4;-26;-9;-444;426;-2694;47358
48;3783;1259516;-78;103;2124;2;-26;67;-458;429;-2696;36631
48;3784;1259850;-133;-1;2131;6;-19;-260;-441;435;-2689;33228
48;3785;1260173;-79;84;2121;6;-15;-226;-440;429;-2697;58459
48;3786;1260512;-102;94;2128;5;-22;-124;-444;425;-2676;30043
48;3787;1260740;-61;98;2124;5;-30;20;-456;433;-2689;5116
48;3788;1261059;-83;95;2124;5;-25;20;-448;435;-2696;3625
48;3789;1261382;-176;58;2122;8;-24;-76;-441;431;-2682;15569
48;3790;1261633;-136;60;2125;7;-17;-250;-437;440;-2700;37166
48;3791;1262164;-134;55;2129;5;-30;131;-448;434;-2681;49289
48;3792;1262498;-170;17;2140;7;-20;-225;-444;428;-2682;25694
48;3793;1262731;-77;82;2124;1;-21;-94;-454;426;-2689;63826
48;3794;1263058;-64;81;2128;5;-29;71;-453;432;-2689;1722
48;3795;1263498;-111;68;2122;5;-25;-40;-452;422;-2679;51603
48;3796;1263836;-93;88;2128;6;-31;129;-441;438;-2688;26332
48;3797;1264156;-90;67;2125;6;-26;37;-449;428;-2678;46518
48;3798;1264387;-80;119;2126;4;-33;133;-454;427;-2688;42124
48;3799;1264706;-91;114;2131;7;-17;-105;-467;416;-2676;26010
48;3800;1265170;-129;120;2113;10;-23;-101;-469;397;-2680;11549
48;3801;1265492;-161;76;2123;14;-17;-377;-466;387;-2683;5879
48;3802;1265810;-291;-126;2135;-16;-24;321;-469;399;-2683;56814
48;3803;1266165;-70;112;2126;8;-22;-107;-454;408;-2686;32943
48;3804;1266483;-98;53;2134;-2;-29;211;-475;415;-2672;41108
48;3805;1266801;-92;69;2131;12;-21;-124;-452;403;-2679;12042
48;3806;1267160;-139;85;2126;0;-25;109;-457;411;-2683;43241
48;3807;1267479;-115;41;2104;12;-31;-9;-456;418;-2683;26186
48;3808;1268031;-15;23;2077;42;-13;-431;-464;415;-2682;8802
48;3809;1268265;-95;-66;2141;-17;-39;501;-467;418;-2691;21056
48;3810;1268584;-173;90;2048;-7;-27;188;-444;401;-2676;23793
48;3811;1268812;-158;102;2123;8;-15;-297;-451;425;-2687;55410
48;3812;1269135;48;186;2125;0;-22;195;-454;426;-2687;49717
48;3813;1269473;-168;2;2139;16;-19;-295;-444;423;-2702;14101
48;3814;1269701;-279;-52;2157;-8;-28;291;-458;413;-2674;47831
48;3815;1270130;-63;65;2094;-2;14;-535;-444;410;-2684;15339
48;3816;1270484;-75;113;2147;-8;-14;156;-458;410;-2682;13673
48;3817;1270805;-193;32;2127;-5;-36;235;-467;399;-2692;18051
48;3818;1271125;-42;-17;2133;-8;-41;374;-458;410;-2688;56098
48;3819;1271458;-133;13;2124;6;-27;52;-452;416;-2690;10660
48;3820;1271692;-73;57;2126;10;-16;-69;-442;419;-2676;54187
48;3821;1272116;-91;96;2070;5;-26;-50;-455;420;-2689;19761
48;3822;1272344;-109;39;2124;1;-28;256;-455;423;-2684;62779
48;3823;1272687;-149;2;2124;-2;-12;-180;-451;415;-2696;37700
48;3824;1273010;-104;93;2107;14;-21;-229;-451;422;-2686;1706
48;3825;1273241;-47;63;2130;11;-13;-341;-457;412;-2695;61164
48;3826;1273559;-117;-15;2128;-4;-27;91;-458;417;-2682;3249
48;3827;1274133;-91;148;2131;2;-30;267;-456;416;-2690;55952
48;3828;1274450;-169;6;2126;2;-24;63;-438;417;-2682;39273
48;3829;1274768;-142;63;2126;13;-23;-124;-446;419;-2679;41508
48;3830;1275123;-94;43;2128;-1;-31;121;-452;414;-2686;63979
48;3831;1275442;8;76;2126;10;-28;-26;-444;427;-2684;10926
48;3832;1275781;-51;100;2129;4;-27;77;-449;427;-2683;55416
48;3833;1276136;-103;76;2125;3;-29;101;-451;422;-2682;34300
48;3834;1276454;-70;80;2115;1;-33;153;-442;429;-2677;29469
48;3835;1276791;-82;54;2124;7;-28;14;-451;421;-2686;58615
48;3836;1277131;-109;128;2122;7;-23;-74;-453;413;-2681;65403
48;3837;1277449;-116;77;2126;3;-31;152;-454;421;-2693;51633
48;3838;1277677;-98;58;2120;9;-25;-181;-441;425;-2680;36230
48;3839;1278102;-14;5;2159;-7;-30;244;-452;425;-2692;55529
48;3840;1278337;-77;68;2116;-11;-1;42;-452;415;-2686;22327
48;3841;1278569;59;28;2137;13;-32;219;-449;422;-2678;54764
48;3842;1278998;7;-26;2225;25;-18;-580;-442;414;-2682;16046
48;3843;1279457;-188;0;2132;10;-23;-352;-452;408;-2687;57669
48;3844;1279775;-91;133;2123;8;-28;74;-465;413;-2695;41289
48;3845;1280095;-33;47;2113;5;-30;78;-450;408;-2669;3990
48;3846;1280326;-187;-45;2117;6;-20;-61;-451;403;-2678;15773
48;3847;1280559;-109;248;2110;10;-30;-19;-457;391;-2676;27253
48;3848;1280985;-58;60;2126;12;-13;-242;-452;414;-2690;15852
48;3849;1281219;-57;78;2114;21;-37;-118;-454;407;-2674;47082
48;3850;1281557;-107;134;2133;-3;-26;280;-452;406;-2687;1790
48;3851;1282104;-86;82;2126;10;-21;-139;-446;415;-2680;36597
48;3852;1282422;-81;87;2128;7;-23;-71;-454;419;-2677;34986
48;3853;1282761;-99;92;2124;7;-23;-94;-456;414;-2689;34757
48;3854;1283096;-97;87;2123;8;-21;-44;-453;416;-2691;8181
48;3855;1283414;151;290;2141;-2;6;-128;-454;415;-2679;38864
48;3856;1283768;-16;133;2128;0;-17;-92;-450;421;-2688;64215
48;3857;1284101;-137;82;2127;-6;-33;303;-455;412;-2685;61821
48;3858;1284419;21;163;2129;-1;-25;308;-455;419;-2683;19140
48;3859;1284773;-71;86;2147;5;-31;66;-450;407;-2686;33810
48;3860;1285092;-33;110;2122;6;-20;-92;-450;408;-2675;1890
48;3861;1285411;-129;31;2137;3;-18;-67;-452;413;-2691;6693
48;3862;1285639;-84;92;2123;5;-27;41;-459;423;-2693;26175
48;3863;1286084;-103;89;2129;7;-26;-52;-451;407;-2682;51094
48;3864;1286418;-98;74;2119;7;-26;-21;-445;411;-2684;29365
48;3865;1286739;-100;89;2122;4;-28;-14;-437;409;-2688;22242
48;3866;1287083;-116;113;2126;5;-25;20;-439;424;-2693;40258
48;3867;1287417;-100;76;2126;1;-33;173;-459;411;-2682;10872
48;3868;1287735;-83;98;2127;4;-33;130;-457;407;-2687;45973
48;3869;1288075;-71;56;2132;4;-34;123;-453;422;-2673;36901
48;3870;1288306;-81;36;2086;18;-26;-267;-447;396;-2690;23359
48;3871;1288625;-107;133;2103;10;-15;-241;-445;411;-2680;34079
48;3872;1289065;-135;70;2123;3;-30;45;-442;410;-2677;45354
48;3873;1289300;-119;85;2121;9;-16;-160;-445;415;-2683;25741
48;3874;1289623;-89;83;2123;8;-19;-121;-437;414;-2676;27235
48;3875;1290067;-25;157;2123;9;-21;-197;-444;429;-2678;33387
48;3876;1290406;-85;59;2126;8;-16;-153;-452;415;-2687;11448
48;3877;1290725;-87;70;2128;7;-20;-146;-444;408;-2681;8661
48;3878;1291059;-113;77;2133;8;-20;-97;-448;412;-2680;8833
48;3879;1291398;-74;139;2123;12;-27;-138;-440;414;-2687;34010
48;3880;1291949;-87;85;2129;4;-27;49;-453;418;-2684;22132
48;3881;1292270;-18;98;2113;11;-27;-181;-460;402;-2667;22981
48;3882;1292503;-186;6;2139;5;-34;79;-455;404;-2684;58804
48;3883;1292735;-144;30;2118;8;-28;-11;-447;414;-2672;13511
48;3884;1293055;-124;76;2116;2;-32;161;-454;410;-2670;899
48;3885;1293373;-98;99;2160;10;-27;-17;-458;407;-2678;39454
48;3886;1293621;-145;70;2146;19;-17;-210;-449;411;-2671;53919
48;3887;1293941;30;117;2132;6;-29;37;-454;424;-2700;26348
48;3888;1294259;-15;106;2128;3;-30;66;-462;423;-2682;23277
48;3889;1294491;-116;81;2121;-3;-36;289;-459;415;-2678;2610
48;3890;1294940;-16;97;2122;10;-20;-121;-458;416;-2686;5472
48;3891;1295380;-144;87;2122;7;-24;-23;-452;413;-2678;34311
48;3892;1295705;13;129;2136;-2;-34;220;-452;419;-2679;45986
48;3893;1296045;123;-75;2141;10;-26;264;-456;424;-2688;50730
48;3894;1296273;-133;123;2153;12;-36;-134;-451;417;-2684;22176
48;3895;1296592;-185;111;2119;3;-30;49;-451;411;-2675;15228
48;3896;1297056;-28;85;2127;7;-22;-36;-450;423;-2684;45323
48;3897;1297374;-68;93;2122;8;-21;-101;-444;419;-2699;30882
48;3898;1297692;-112;73;2126;7;-22;-75;-450;424;-2695;58103
48;3899;1298049;-98;85;2121;4;-29;53;-444;419;-2685;16924
48;3900;1298370;-92;98;2123;4;-29;52;-450;412;-2683;23154
48;3901;1298688;-76;93;2123;4;-26;44;-446;424;-2678;62335
48;3902;1299023;-78;91;2125;5;-26;-6;-454;427;-2689;47797
48;3903;1299256;-83;91;2124;4;-28;44;-462;415;-2687;54984
48;3904;1299578;-76;88;2123;3;-27;26;-454;425;-2692;33878
48;3905;1299916;-83;94;2123;7;-25;-16;-447;424;-2671;17720
48;3906;1300362;-93;88;2123;6;-26;1;-451;416;-2690;14148
48;3907;1300695;-88;94;2124;5;-26;30;-447;427;-2692;44252
48;3908;1301028;-84;86;2124;6;-26;3;-450;416;-2677;2031
48;3909;1301371;-87;89;2122;4;-26;14;-450;425;-2693;95
48;3910;1301599;-88;88;2124;5;-25;9;-449;406;-2673;1998
48;3911;1302024;-86;91;2127;7;-23;2;-451;427;-2681;39343
48;3912;1302361;-87;88;2125;6;-25;-2;-446;413;-2680;8779
48;3913;1302594;-85;94;2126;6;-26;-2;-446;423;-2680;37657
48;3914;1303019;-85;90;2122;5;-26;2;-439;423;-2686;20835
48;3915;1303353;-90;93;2127;6;-27;13;-457;428;-2675;28090
48;3916;1303695;-88;90;2126;6;-26;11;-443;415;-2685;31019
48;3917;1304014;-88;91;2123;6;-26;4;-442;420;-2702;2200
48;3918;1304246;-88;86;2122;7;-25;6;-444;424;-2697;63927
48;3919;1304564;-85;89;2126;5;-28;20;-448;423;-2682;26349
48;3920;1304909;-85;92;2124;5;-28;2;-443;429;-2676;57761
48;3921;1305137;-86;89;2126;5;-26;8;-448;428;-2681;52086
48;3922;1305455;-90;84;2125;6;-27;15;-449;422;-2684;30460
48;3923;1306026;-83;89;2124;3;-27;11;-451;419;-2665;60217
48;3924;1306344;-85;91;2127;5;-27;0;-448;420;-2675;43028
48;3925;1306661;-85;91;2124;5;-26;8;-449;420;-2679;38850
48;3926;1307017;-87;86;2124;5;-26;-5;-446;424;-2680;44174
48;3927;1307343;-88;91;2127;6;-25;7;-439;430;-2681;32616
48;3928;1307676;-90;95;2123;6;-25;4;-449;425;-2686;51427
48;3929;1308020;-84;90;2127;3;-27;10;-429;425;-2680;59959
48;3930;1308338;-90;88;2124;6;-26;-2;-445;420;-2682;23075
48;3931;1308566;-84;88;2124;6;-26;0;-441;429;-2692;2855
48;3932;1308885;-94;86;2126;5;-27;8;-444;421;-2683;46445
48;3933;1309118;-92;88;2122;5;-27;1;-439;423;-2691;19601
48;3934;1309558;-88;90;2126;5;-26;6;-449;422;-2685;56289
48;3935;1309983;-91;88;2127;5;-25;-1;-446;423;-2691;58876
48;3936;1310344;-90;88;2125;5;-25;19;-440;419;-2687;22760
48;3937;1310663;63;-51;2124;-11;-32;352;-451;426;-2684;41118
48;3938;1310986;-2;184;2109;10;-21;-171;-438;424;-2692;10808
48;3939;1311339;-137;51;2116;-6;-26;217;-461;410;-2691;65522
48;3940;1311658;-183;-8;2107;5;-28;-10;-447;416;-2686;60244
48;3941;1311981;-133;129;2139;5;-38;142;-458;409;-2695;61639
48;3942;1312209;-108;41;2125;8;-25;-184;-444;425;-2687;20151
48;3943;1312548;-142;48;2134;5;-26;-42;-445;414;-2698;30800
48;3944;1312997;-36;106;2123;3;-28;108;-451;427;-2694;27974
48;3945;1313314;-44;96;2126;7;-27;-77;-441;425;-2680;51899
48;3946;1313547;-68;82;2126;3;-28;61;-443;418;-2687;20081
48;3947;1313989;-95;98;2127;6;-25;-56;-437;417;-2690;10170
48;3948;1314307;-97;87;2122;5;-27;-7;-436;414;-2682;18419
48;3949;1314648;-88;89;2124;6;-25;-19;-443;421;-2672;12912
48;3950;1314983;-92;88;2123;5;-28;23;-449;424;-2686;24531
48;3951;1315301;-84;87;2123;4;-27;14;-446;420;-2685;17640
48;3952;1315638;-88;85;2126;7;-24;-7;-450;429;-2685;57317
48;3953;1315980;-91;86;2124;6;-24;15;-442;415;-2699;48391
48;3954;1316298;-91;94;2125;6;-27;-2;-444;423;-2681;33382
48;3955;1316632;-86;88;2123;5;-27;8;-452;428;-2681;63134
48;3956;1316974;-89;92;2123;6;-25;18;-446;418;-2684;65505
48;3957;1317292;-83;92;2122;6;-26;7;-447;419;-2684;28989
48;3958;1317520;-86;91;2126;7;-25;6;-455;426;-2674;29284
48;3959;1317965;-87;90;2123;6;-26;1;-450;416;-2681;16490
48;3960;1318409;-86;95;2121;4;-25;14;-454;422;-2691;6037
48;3961;1318838;-82;88;2125;5;-25;3;-456;428;-2677;48532
48;3962;1319074;-81;90;2124;5;-27;14;-454;438;-2694;8317
48;3963;1319302;-85;89;2125;7;-25;7;-454;433;-2679;64057
48;3964;1319620;-84;88;2126;4;-27;6;-451;431;-2687;44640
48;3965;1319940;-87;90;2123;5;-26;9;-448;420;-2685;62523
48;3966;1320189;-82;88;2124;6;-26;10;-452;420;-2678;57302
48;3967;1320508;-84;86;2123;6;-27;-2;-449;422;-2678;30114
48;3968;1320831;-87;90;2125;5;-28;6;-453;430;-2681;61040
48;3969;1321059;-86;90;2127;6;-27;10;-452;412;-2696;56515
48;3970;1321397;-85;89;2125;6;-26;-1;-445;430;-2684;5833
48;3971;1321948;-84;91;2125;5;-26;5;-458;420;-2685;11657
48;3972;1322269;-88;89;2125;5;-26;8;-440;419;-2678;48833
48;3973;1322502;-87;88;2122;5;-28;10;-449;424;-2691;53983
48;3974;1322946;-89;89;2122;6;-25;7;-450;425;-2691;7725
48;3975;1323264;-88;88;2126;5;-25;13;-453;419;-2682;9429
48;3976;1323621;-86;91;2123;5;-25;3;-448;418;-2676;3370
48;3977;1323941;-89;90;2125;5;-26;7;-452;428;-2684;55054
48;3978;1324259;-82;90;2126;6;-26;4;-462;437;-2684;1860
48;3979;1324612;-84;92;2124;4;-30;12;-443;424;-2682;61498
48;3980;1324935;-79;88;2127;6;-26;10;-441;423;-2680;8352
48;3981;1325254;-88;89;2128;6;-24;3;-446;430;-2665;44046
48;3982;1325482;-86;91;2122;4;-26;1;-444;425;-2684;14280
48;3983;1325927;-89;86;2126;5;-26;-2;-440;418;-2681;1848
48;3984;1326268;-92;88;2125;4;-27;4;-450;429;-2689;18615
48;3985;1326586;-82;89;2124;4;-27;-3;-442;425;-2680;26636
48;3986;1326927;-93;89;2123;7;-24;-1;-445;428;-2682;29333
48;3987;1327260;-86;92;2121;6;-25;7;-444;434;-2673;51245
48;3988;1327578;-88;89;2124;6;-25;2;-454;430;-2694;23080
48;3989;1327925;-87;90;2126;6;-27;10;-449;431;-2672;30764
48;3990;1328153;-88;88;2124;5;-27;-1;-455;426;-2676;12059
48;3991;1328472;-87;94;2124;7;-25;1;-451;437;-2683;38939
48;3992;1328915;-83;91;2123;5;-26;10;-463;431;-2682;2460
48;3993;1329148;-88;90;2123;5;-25;4;-448;425;-2674;33693
48;3994;1329467;-85;90;2126;5;-26;5;-453;418;-2680;11225
48;3995;1329907;-84;96;2123;5;-25;4;-452;419;-2682;46082
48;3996;1330249;-82;89;2124;5;-25;-1;-453;420;-2696;52763
48;3997;1330567;-84;89;2123;6;-25;-12;-454;424;-2687;37325
48;3998;1330906;-92;91;2127;3;-27;-4;-452;423;-2684;32381
48;3999;1331244;-90;88;2122;7;-26;-6;-454;440;-2690;3294
48;4000;1331795;-89;88;2123;5;-26;14;-439;429;-2689;25193
48;4001;1332112;-85;88;2126;5;-28;13;-443;440;-2690;22520
48;4002;1332347;-88;87;2125;6;-25;0;-442;432;-2705;34634
48;4003;1332575;-84;88;2123;7;-25;1;-454;423;-2694;38492
48;4004;1332895;-93;88;2127;5;-27;-3;-455;436;-2681;58515
48;4005;1333213;-90;90;2122;6;-27;12;-444;431;-2680;31326
48;4006;1333461;-88;92;2123;5;-26;7;-447;433;-2681;31074
48;4007;1333902;-85;94;2125;3;-30;23;-446;425;-2691;2358
48;4008;1334236;-92;94;2126;3;-28;2;-442;427;-2680;53005
48;4009;1334788;-56;-7;2133;2;-30;101;-441;420;-2698;9881
48;4010;1335228;-169;105;2125;10;-23;-167;-444;433;-2685;61021
48;4011;1335546;-178;34;2124;-6;-29;260;-441;429;-2691;57637
48;4012;1335886;-273;-2;2145;9;-21;-126;-435;415;-2694;46462
48;4013;1336114;-16;-55;2144;-4;-29;165;-452;418;-2683;58818
48;4014;1336432;-52;111;2132;6;-24;273;-441;412;-2682;18178
48;4015;1336899;-137;6;2091;4;-25;-21;-450;438;-2696;53493
48;4016;1337217;-110;113;2121;17;-15;-346;-438;424;-2684;40620
48;4017;1337539;34;135;2112;7;-15;-326;-441;433;-2680;40024
48;4018;1337894;-317;114;2093;8;-2;-445;-444;425;-2680;62570
48;4019;1338212;-45;101;2122;6;-27;-8;-450;418;-2674;43707
48;4020;1338530;-73;3;2143;1;-19;136;-437;431;-2688;51766
48;4021;1338869;-48;86;2118;2;-30;86;-450;421;-2671;56292
48;4022;1339102;-88;110;2114;-8;-29;202;-447;405;-2681;56174
48;4023;1339424;-95;104;2116;4;-28;47;-459;406;-2671;62843
48;4024;1339762;-90;75;2125;6;-25;-54;-454;414;-2683;54579
48;4025;1340207;-94;94;2120;4;-30;70;-457;414;-2690;54497
48;4026;1340541;-102;99;2131;5;-30;-19;-457;419;-2680;26527
48;4027;1340860;-87;85;2144;13;-29;-131;-453;416;-2688;24159
48;4028;1341201;-47;-62;2134;-1;-24;145;-448;423;-2695;6244
48;4029;1341429;-3;190;2107;23;-34;-198;-451;408;-2679;22610
48;4030;1341858;-230;66;2128;7;-16;-328;-443;399;-2682;15813
48;4031;1342191;-127;47;2125;7;-21;-135;-447;421;-2681;26867
48;4032;1342428;-113;120;2124;8;-17;-71;-459;419;-2689;9778
48;4033;1342853;-119;81;2128;4;-32;17;-447;421;-2683;23657
48;4034;1343186;-65;102;2135;11;-22;-117;-448;419;-2696;7327
48;4035;1343525;-105;85;2128;6;-26;-59;-449;429;-2680;27946
48;4036;1343848;-73;116;2120;5;-27;43;-448;433;-2696;29188
48;4037;1344076;-103;57;2117;5;-27;45;-446;426;-2682;1165
48;4038;1344394;-232;40;2113;7;-23;-6;-451;417;-2680;62066
48;4039;1344738;-13;117;2135;6;-25;13;-450;418;-2687;38119
48;4040;1344969;-169;47;2133;8;-12;-162;-441;419;-2679;26080
48;4041;1345291;-130;56;2128;-3;-28;137;-439;425;-2680;58905
48;4042;1345858;-76;110;2126;6;-34;76;-450;420;-2683;12140
48;4043;1346176;-23;93;2132;4;-25;-97;-451;427;-2693;37857
48;4044;1346494;24;15;2153;6;-11;-320;-456;424;-2697;8410
48;4045;1346849;-143;87;2125;0;-31;88;-461;408;-2689;39444
48;4046;1347167;-62;95;2122;-3;-38;309;-467;412;-2694;5269
48;4047;1347507;-40;75;2130;6;-22;-86;-453;420;-2694;26985
48;4048;1347857;-137;70;2116;1;-23;61;-451;415;-2688;11539
48;4049;1348175;33;70;2136;-3;-39;310;-449;418;-2689;26506
48;4050;1348406;-131;66;2127;5;-29;-31;-449;414;-2686;58570
48;4051;1348726;-101;82;2124;4;-22;-71;-444;412;-2688;46832
48;4052;1348963;-62;95;2126;7;-24;-40;-463;419;-2687;35466
48;4053;1349402;-114;79;2123;5;-25;-16;-441;432;-2683;55612
48;4054;1349622;-68;82;2127;6;-24;-34;-442;422;-2689;24517
48;4055;1349940;-69;95;2125;5;-25;-17;-456;427;-2691;14375
48;4056;1350188;-81;87;2126;4;-29;63;-458;418;-2697;42876
48;4057;1350506;-88;89;2124;4;-27;11;-455;421;-2696;34069
48;4058;1350830;-80;90;2124;3;-28;47;-456;423;-2684;7084
48;4059;1351183;-88;94;2122;7;-24;-7;-457;419;-2694;25710
48;4060;1351502;-91;89;2122;5;-27;13;-461;423;-2689;20368
48;4061;1351821;-43;81;2128;4;-25;-7;-461;415;-2695;60210
48;4062;1352049;-78;89;2125;3;-32;89;-451;416;-2697;3789
48;4063;1352391;-90;87;2130;7;-26;-24;-448;415;-2709;23252
48;4064;1352836;-148;63;2119;5;-25;4;-448;408;-2680;14319
48;4065;1353154;-144;87;2118;6;-22;-40;-446;416;-2686;60792
48;4066;1353387;-75;79;2125;7;-21;-102;-445;415;-2690;57558
48;4067;1353832;-77;163;2124;10;-27;-3;-460;423;-2697;52703
48;4068;1354150;-70;111;2133;4;-28;89;-446;426;-2689;47460
48;4069;1354488;36;105;2113;-3;-15;-131;-441;438;-2700;10522
48;4070;1354827;-137;93;2140;7;-24;-67;-444;409;-2683;21097
48;4071;1355149;-161;119;2131;12;-22;-40;-454;404;-2685;30755
48;4072;1355482;-89;86;2127;6;-24;-46;-443;415;-2707;26962
48;4073;1355822;-100;94;2124;7;-23;-61;-444;410;-2688;16318
48;4074;1356141;-87;89;2129;4;-26;-28;-445;413;-2697;59498
48;4075;1356477;-90;91;2128;8;-24;-37;-461;410;-2696;60784
48;4076;1356822;-66;88;2122;7;-24;-29;-450;410;-2675;21997
48;4077;1357141;-106;49;2116;12;-22;-206;-449;406;-2686;59436
48;4078;1357368;-247;-2;2133;-14;-9;286;-453;415;-2677;61863
48;4079;1357817;-104;95;2126;4;-25;7;-454;429;-2691;43413
48;4080;1358257;-86;67;2129;4;-29;38;-453;427;-2681;19222
48;4081;1358682;-79;99;2124;6;-25;-14;-450;424;-2694;20153
48;4082;1358915;-95;87;2123;5;-27;34;-463;421;-2686;55640
48;4083;1359143;-103;94;2123;6;-28;-10;-458;428;-2701;33040
48;4084;1359465;-97;88;2122;3;-28;16;-450;430;-2685;36573
48;4085;1359784;-94;87;2127;4;-28;2;-449;417;-2708;19619
48;4086;1360035;-89;89;2124;7;-25;-6;-458;418;-2706;2234
48;4087;1360357;-88;84;2127;6;-28;-6;-462;419;-2688;1948
48;4088;1360680;-91;90;2123;4;-27;0;-449;415;-2678;25994
48;4089;1360908;-89;88;2122;4;-26;2;-456;421;-2698;47464
48;4090;1361246;-87;89;2123;4;-27;4;-452;420;-2700;33674
48;4091;1361793;-89;85;2123;6;-26;4;-453;415;-2687;21309
48;4092;1362111;-88;88;2124;4;-28;8;-460;429;-2690;25374
48;4093;1362346;-89;89;2122;6;-27;12;-461;427;-2703;52713
48;4094;1362790;-88;88;2129;6;-26;1;-461;419;-2698;19282
48;4095;1363108;-89;86;2125;6;-25;13;-465;422;-2710;21725
48;4096;1363464;-90;90;2125;4;-26;4;-471;417;-2701;12034
48;4097;1363788;-88;88;2124;3;-30;7;-459;415;-2699;11542
48;4098;1364106;-88;89;2126;7;-25;8;-456;422;-2700;50554
48;4099;1364459;-89;90;2125;5;-27;3;-464;417;-2696;34361
48;4100;1364779;-88;85;2122;5;-26;7;-452;430;-2693;60264
48;4101;1365097;-87;87;2123;6;-25;11;-454;424;-2697;33856
48;4102;1365329;-91;86;2122;5;-26;7;-464;422;-2707;57595
48;4103;1365781;-89;86;2124;4;-27;8;-461;426;-2691;3283
48;4104;1366115;-88;86;2122;5;-27;-1;-461;427;-2676;59741
48;4105;1366433;-95;88;2124;7;-24;7;-457;431;-2688;38170
48;4106;1366772;-91;88;2122;7;-23;3;-459;422;-2699;3914
48;4107;1367106;-90;88;2124;6;-27;9;-453;424;-2696;57207
48;4108;1367424;-93;86;2127;7;-25;9;-455;422;-2693;50762
48;4109;1367763;-93;86;2120;5;-25;4;-456;421;-2683;36668
48;4110;1367995;-89;88;2126;4;-27;3;-457;431;-2697;2697
48;4111;1368319;-90;88;2126;5;-26;8;-456;429;-2698;34159
48;4112;1368639;-93;90;2125;6;-26;7;-449;423;-2696;44778
48;4113;1368887;-89;85;2124;5;-28;2;-459;439;-2682;56992
48;4114;1369205;-91;86;2122;4;-27;2;-457;428;-2704;51209
48;4115;1369752;-88;88;2123;5;-26;9;-459;424;-2684;29848
48;4116;1370090;-91;86;2126;5;-27;11;-450;429;-2701;37053
48;4117;1370407;-85;89;2120;4;-27;13;-448;424;-2706;17238
48;4118;1370746;-88;88;2122;4;-27;7;-456;433;-2710;11116
48;4119;1371086;-89;86;2123;5;-28;9;-452;430;-2694;37113
48;4120;1371749;-86;86;2128;5;-26;10;-456;429;-2711;47891
48;4121;1372068;-90;87;2125;4;-27;0;-454;431;-2698;4070
48;4122;1372316;-87;87;2124;6;-25;2;-451;426;-2699;39898
48;4123;1372636;-87;89;2122;6;-26;3;-460;429;-2707;52655
48;4124;1372954;-56;94;2125;5;-25;25;-458;421;-2702;56673
48;4125;1373182;-157;24;2138;4;-24;-3;-463;418;-2697;47238
48;4126;1373419;-81;91;2129;7;-32;47;-467;433;-2719;60182
48;4127;1373738;-63;99;2113;9;-23;-141;-453;426;-2718;42460
48;4128;1374072;-51;96;2124;10;-21;-109;-460;428;-2712;3092
48;4129;1374627;-74;91;2124;3;-32;95;-456;436;-2699;16199
48;4130;1375071;-78;89;2124;7;-22;-40;-461;420;-2706;11766
48;4131;1375389;-74;88;2127;8;-22;-21;-462;429;-2707;3300
48;4132;1375729;-79;87;2125;6;-26;-22;-462;422;-2699;16893
48;4133;1375960;-84;90;2123;6;-27;37;-455;425;-2702;14583
48;4134;1376278;-85;88;2122;5;-29;34;-450;417;-2698;24467
48;4135;1376742;-89;88;2128;8;-24;-17;-458;414;-2692;54163
48;4136;1377059;-89;81;2126;6;-25;-6;-466;421;-2698;34484
48;4137;1377378;-86;87;2123;6;-25;-7;-460;417;-2703;45222
48;4138;1377737;-90;88;2119;5;-27;-1;-455;409;-2697;31915
48;4139;1378055;-90;85;2126;5;-26;-4;-445;417;-2697;1935
48;4140;1378373;-91;85;2126;5;-26;1;-448;412;-2701;58171
48;4141;1378715;-98;84;2124;4;-27;5;-455;415;-2703;5337
48;4142;1378950;-93;87;2129;4;-27;-1;-444;421;-2703;35146
48;4143;1379267;-91;86;2125;5;-27;5;-461;421;-2704;51356
48;4144;1379602;-92;85;2125;5;-25;0;-454;415;-2695;65192
48;4145;1380047;-89;86;2125;5;-28;13;-446;419;-2709;41123
48;4146;1380380;-91;86;2125;4;-26;11;-445;423;-2697;25778
48;4147;1380704;-92;85;2125;5;-27;8;-445;421;-2713;61884
48;4148;1381042;-84;86;2125;5;-28;9;-446;428;-2696;34713
48;4149;1381274;-90;87;2118;6;-26;12;-456;419;-2710;32616
48;4150;1381699;-90;88;2129;7;-23;8;-458;428;-2702;20540
48;4151;1382033;-88;85;2124;5;-27;8;-453;417;-2706;46034
48;4152;1382269;-87;86;2124;5;-27;4;-449;418;-2706;8994
48;4153;1382698;-88;84;2126;6;-28;7;-455;409;-2701;20505
48;4154;1383032;-91;88;2125;3;-27;2;-447;418;-2691;18939
48;4155;1383374;-116;62;2121;3;-26;-4;-457;424;-2701;64985
48;4156;1383693;-108;121;2124;8;-27;-49;-452;417;-2698;62099
48;4157;1383925;-104;108;2127;3;-27;55;-452;421;-2692;27051
48;4158;1384243;-93;73;2123;6;-29;10;-454;420;-2695;37921
48;4159;1384583;-79;85;2121;6;-27;24;-454;419;-2704;16550
48;4160;1384811;-84;64;2122;5;-28;10;-455;422;-2704;47692
48;4161;1385129;-88;83;2124;5;-28;-11;-447;414;-2697;11985
48;4162;1385696;-94;95;2126;5;-28;-18;-452;420;-2690;13604
48;4163;1386014;-90;92;2123;7;-26;19;-459;414;-2696;32076
48;4164;1386340;-90;79;2127;4;-27;14;-447;418;-2688;63997
48;4165;1386698;-82;85;2122;6;-25;22;-454;417;-2696;33707
48;4166;1387016;-88;82;2119;5;-27;15;-454;422;-2695;3452
48;4167;1387349;-76;98;2134;13;-20;-96;-456;416;-2695;20533
48;4168;1387693;-77;104;2122;5;-28;20;-459;407;-2697;45864
48;4169;1388011;-105;78;2123;9;-21;-174;-458;412;-2687;64255
48;4170;1388239;-98;117;2117;4;-26;73;-463;414;-2691;56692
48;4171;1388559;-136;70;2130;6;-24;-53;-455;410;-2688;32778
48;4172;1388791;-118;120;2133;10;-19;-141;-468;411;-2704;33082
48;4173;1389011;-39;118;2131;2;-25;44;-471;406;-2704;16209
48;4174;1389239;-136;130;2124;1;-27;150;-477;406;-2703;35360
48;4175;1389665;-48;90;2126;14;-21;-115;-459;410;-2695;22805
48;4176;1390022;-124;122;2117;2;-29;202;-471;413;-2704;52182
48;4177;1390339;-235;-48;2167;33;-24;-616;-456;421;-2702;50748
48;4178;1390659;25;167;2143;15;-24;-172;-460;412;-2708;10116
48;4179;1391013;-106;131;2098;19;-28;-279;-464;414;-2704;9778
48;4180;1391330;-121;164;2129;1;-30;135;-475;396;-2687;56803
48;4181;1391657;-184;-39;2111;1;-26;72;-453;402;-2698;3820
48;4182;1391885;-143;154;2100;15;-27;-239;-460;406;-2696;975
48;4183;1392224;-95;64;2124;23;-12;-654;-467;387;-2700;45306
48;4184;1392664;-159;115;2112;4;-32;157;-472;392;-2707;20021
48;4185;1392981;-258;65;2113;-6;-33;392;-474;396;-2701;27885
48;4186;1393215;-183;22;2090;-1;-11;-150;-468;401;-2707;45959
48;4187;1393664;-27;115;2125;5;-23;-11;-458;409;-2707;3621
48;4188;1393982;-102;67;2118;3;-25;150;-465;413;-2706;18946
48;4189;1394324;-168;76;2125;7;-26;-73;-471;398;-2711;55894
48;4190;1394663;-116;52;2124;4;-29;69;-476;400;-2698;15152
48;4191;1394982;-85;43;2119;5;-26;114;-471;412;-2707;47823
48;4192;1395314;-76;121;2125;0;-30;193;-466;407;-2695;16030
48;4193;1395655;-82;57;2121;4;-29;64;-467;414;-2708;57344
48;4194;1395973;-232;232;2161;-10;-21;223;-455;426;-2704;61596
48;4195;1396306;-106;120;2127;2;-34;71;-459;423;-2696;50764
48;4196;1396646;-77;80;2117;2;-31;96;-450;415;-2696;7029
48;4197;1396968;-75;62;2128;2;-31;82;-455;415;-2695;64154
48;4198;1397200;-95;72;2126;6;-26;-37;-457;421;-2701;51698
48;4199;1397648;-93;80;2122;5;-27;57;-447;420;-2699;21982
48;4200;1398088;-84;95;2122;5;-28;33;-461;418;-2702;27883
48;4201;1398516;-85;78;2125;6;-25;-7;-446;417;-2693;45780
48;4202;1398749;-82;86;2125;3;-27;28;-452;426;-2703;11486
48;4203;1398977;-95;87;2122;3;-29;40;-450;425;-2684;34481
48;4204;1399295;-95;85;2127;6;-27;0;-451;419;-2694;27507
48;4205;1399619;-101;91;2124;4;-27;4;-451;408;-2696;29859
48;4206;1399867;-89;85;2126;4;-26;5;-451;430;-2689;15835
48;4207;1400189;-85;87;2128;7;-23;-10;-436;413;-2698;28649
48;4208;1400509;-91;90;2121;8;-24;-12;-455;423;-2698;11428
48;4209;1400737;-91;84;2126;6;-26;-2;-457;423;-2704;47574
48;4210;1401076;-88;86;2125;5;-27;40;-454;416;-2701;54999
48;4211;1401627;-89;86;2123;7;-25;-10;-452;425;-2686;17497
48;4212;1401944;-94;86;2126;4;-27;8;-458;421;-2688;12058
48;4213;1402177;-90;85;2126;6;-25;6;-457;422;-2706;61576
48;4214;1402618;-90;85;2126;5;-25;10;-448;422;-2710;5938
48;4215;1402936;-89;85;2119;6;-26;11;-458;427;-2699;10442
48;4216;1403293;-95;84;2126;7;-26;6;-455;423;-2693;3656
48;4217;1403613;-91;89;2125;5;-25;-6;-455;420;-2701;17612
48;4218;1403931;-92;90;2121;5;-25;-6;-461;421;-2698;14363
48;4219;1404284;-88;86;2127;6;-27;3;-454;421;-2697;65275
48;4220;1404608;-93;87;2120;5;-27;-6;-451;413;-2696;27989
48;4221;1404930;-91;87;2127;7;-25;1;-458;427;-2703;38783
48;4222;1405162;-93;85;2123;5;-25;13;-461;426;-2694;54913
48;4223;1405607;-92;87;2125;7;-25;4;-457;423;-2694;49200
48;4224;1405941;-94;86;2124;5;-26;8;-470;413;-2695;38519
48;4225;1406262;-92;86;2123;7;-24;0;-462;411;-2714;54929
48;4226;1406602;-91;89;2124;5;-27;7;-468;420;-2697;38837
48;4227;1406936;-88;84;2126;5;-26;4;-456;416;-2693;4775
48;4228;1407253;-91;86;2124;3;-27;-5;-455;424;-2705;48146
48;4229;1407597;-90;87;2123;4;-25;8;-459;425;-2707;35861
48;4230;1407825;-89;86;2122;8;-24;15;-455;418;-2711;21366
48;4231;1408143;-92;86;2126;6;-25;1;-453;413;-2701;10032
48;4232;1408583;-90;87;2125;4;-26;3;-455;420;-2711;2826
48;4233;1408817;-90;86;2123;6;-27;3;-453;413;-2710;33364
48;4234;1409143;-92;86;2126;5;-28;7;-451;416;-2698;55104
48;4235;1409587;-93;86;2126;5;-27;3;-450;419;-2708;236
48;4236;1409925;-89;90;2124;6;-25;6;-460;416;-2711;42798
48;4237;1410243;-90;88;2128;6;-27;2;-453;414;-2717;9723
48;4238;1410581;-91;85;2122;6;-26;7;-451;419;-2707;51684
48;4239;1410919;-92;84;2127;4;-28;3;-456;419;-2698;26436
48;4240;1411466;-95;90;2127;5;-25;9;-445;421;-2711;51451
48;4241;1411784;-92;86;2125;7;-25;5;-451;419;-2699;19407
48;4242;1412017;-91;87;2125;7;-25;6;-464;414;-2706;57907
48;4243;1412248;-91;86;2124;5;-28;4;-454;421;-2704;64040
48;4244;1412568;-94;86;2123;6;-27;8;-457;426;-2711;42869
48;4245;1412894;-91;88;2126;6;-26;8;-459;422;-2699;44041
48;4246;1413142;-93;86;2125;6;-25;7;-455;422;-2706;56576
48;4247;1413461;-92;88;2121;6;-26;5;-456;432;-2713;41836
48;4248;1413780;-92;87;2125;8;-24;11;-446;417;-2697;31810
48;4249;1414008;-91;85;2125;5;-26;10;-449;415;-2685;58152
48;4250;1414456;-90;86;2123;3;-27;6;-448;422;-2693;15990
48;4251;1414896;-94;86;2125;5;-26;7;-448;417;-2708;39689
48;4252;1415218;-93;87;2126;5;-29;6;-451;410;-2683;31337
48;4253;1415563;-91;87;2124;5;-26;8;-448;424;-2700;34416
48;4254;1415791;-89;86;2122;5;-28;8;-450;427;-2695;46680
48;4255;1416109;-87;84;2123;8;-23;7;-454;422;-2700;10202
48;4256;1416569;-91;88;2127;4;-26;7;-456;431;-2695;16445
48;4257;1416891;-94;84;2125;7;-27;8;-449;414;-2707;2563
48;4258;1417209;-90;86;2124;5;-27;7;-443;422;-2706;41850
48;4259;1417564;-93;85;2126;5;-28;6;-457;406;-2692;44805
48;4260;1417882;-90;86;2124;4;-29;8;-454;414;-2693;39577
48;4261;1418102;-95;88;2122;4;-28;4;-451;423;-2703;23353
48;4262;1418543;-88;86;2125;6;-27;7;-443;419;-2700;63819
48;4263;1418776;-91;88;2125;6;-27;7;-448;415;-2702;52234
48;4264;1419094;-87;84;2124;6;-27;5;-445;414;-2690;23205
48;4265;1419428;-90;85;2127;5;-28;6;-442;421;-2679;46583
48;4266;1419873;-90;87;2122;5;-28;6;-448;421;-2706;12288
48;4267;1420206;-93;87;2123;4;-28;5;-449;424;-2696;21131
48;4268;1420533;-90;88;2124;5;-25;8;-441;415;-2692;19039
48;4269;1420998;-92;86;2124;4;-26;3;-448;426;-2696;43225
48;4270;1421532;-90;90;2126;7;-26;6;-449;423;-2693;25337
48;4271;1421865;-85;87;2125;6;-26;9;-442;426;-2693;14316
48;4272;1422109;-92;86;2126;5;-28;10;-446;420;-2681;15065
48;4273;1422534;-89;87;2125;5;-26;5;-440;417;-2695;5676
48;4274;1422867;-91;86;2126;6;-26;8;-452;421;-2695;58119
48;4275;1423629;-90;85;2123;4;-27;5;-454;419;-2681;39146
48;4276;1423952;-91;88;2124;5;-27;5;-447;420;-2674;43015
48;4277;1424269;-93;88;2122;5;-28;7;-445;411;-2684;31661
48;4278;1424632;-94;87;2125;5;-26;6;-443;416;-2694;3245
48;4279;1424954;-93;86;2125;5;-27;3;-450;418;-2692;21640
48;4280;1425272;-93;85;2126;6;-26;-1;-452;421;-2692;20540
48;4281;1425634;-93;87;2123;5;-26;5;-443;424;-2681;64120
48;4282;1425953;-90;86;2124;7;-25;5;-445;423;-2684;31824
48;4283;1426503;-90;88;2124;4;-26;0;-444;416;-2689;61742
48;4284;1426738;-89;86;2120;5;-28;8;-450;422;-2691;62483
48;4285;1427057;-88;87;2124;4;-29;10;-456;428;-2692;56432
48;4286;1427284;-91;90;2123;6;-26;8;-454;423;-2689;49931
48;4287;1427604;-92;88;2121;7;-25;6;-455;420;-2692;59877
48;4288;1427949;-94;84;2127;6;-26;9;-452;409;-2689;56682
48;4289;1428181;-90;89;2122;5;-27;1;-457;418;-2699;63007
48;4290;1428606;-90;86;2123;4;-27;4;-443;417;-2686;56697
48;4291;1428963;-92;89;2121;7;-26;15;-445;422;-2691;28210
48;4292;1429285;-88;87;2126;6;-26;6;-447;421;-2695;25884
48;4293;1429604;-93;88;2124;5;-26;10;-459;420;-2684;39007
48;4294;1429938;-91;88;2120;5;-28;4;-445;417;-2696;9626
48;4295;1430173;-93;88;2121;5;-25;6;-446;417;-2689;49246
48;4296;1430598;-86;87;2124;4;-28;9;-450;421;-2691;31822
48;4297;1430831;-91;89;2124;6;-25;15;-448;417;-2687;44095
48;4298;1431172;-89;86;2125;6;-25;10;-441;415;-2689;28488
48;4299;1431496;-89;89;2123;4;-27;10;-439;424;-2697;32726
48;4300;1431728;-91;84;2123;5;-27;9;-446;422;-2700;22176
48;4301;1432050;-93;87;2123;4;-28;6;-439;419;-2697;52560
48;4302;1432619;-91;88;2121;6;-28;-1;-450;424;-2721;58180
48;4303;1432937;-93;87;2126;5;-28;0;-445;418;-2689;22416
48;4304;1433254;-93;85;2126;3;-27;0;-449;413;-2696;32624
48;4305;1433612;-93;88;2120;5;-27;3;-446;422;-2693;4107
48;4306;1433935;-93;86;2123;6;-27;-1;-440;421;-2703;44438
48;4307;1434268;-90;88;2125;6;-27;2;-442;411;-2693;5571
48;4308;1434614;-94;88;2121;5;-26;2;-448;422;-2687;41486
48;4309;1434933;-94;85;2123;8;-24;7;-447;418;-2689;33969
48;4310;1435266;-90;87;2122;5;-26;3;-448;417;-2693;13663
48;4311;1435608;-91;87;2124;5;-28;3;-450;416;-2690;41796
48;4312;1435927;-90;89;2125;5;-26;3;-442;431;-2692;13252
48;4313;1436159;-88;89;2124;4;-28;1;-444;418;-2686;1469
48;4314;1436587;-87;87;2125;6;-26;6;-449;417;-2697;40168
48;4315;1436825;-90;86;2120;5;-27;8;-453;422;-2697;64679
48;4316;1437057;-90;84;2122;4;-29;13;-449;426;-2687;12694
48;4317;1437483;-93;87;2122;7;-24;12;-454;416;-2682;2909
48;4318;1437946;-91;85;2122;6;-27;16;-447;420;-2692;62007
48;4319;1438263;-91;86;2127;3;-29;4;-450;425;-2690;31545
48;4320;1438583;-89;86;2124;5;-27;12;-442;414;-2691;60834
48;4321;1438811;-89;86;2125;7;-25;13;-449;423;-2687;8432
48;4322;1439046;-92;88;2124;6;-26;6;-448;423;-2682;36037
48;4323;1439476;-90;87;2126;6;-24;14;-456;419;-2697;39257
48;4324;1439712;-97;87;2124;5;-26;9;-452;416;-2695;26140
48;4325;1440052;-91;86;2125;7;-24;7;-458;414;-2711;18515
48;4326;1440599;-91;87;2121;5;-26;0;-461;411;-2691;15984
48;4327;1440917;-88;87;2127;5;-28;7;-461;412;-2691;1709
48;4328;1441257;-94;86;2123;8;-26;-2;-445;414;-2698;24557
48;4329;1441592;-89;88;2124;6;-29;10;-446;416;-2691;61250
48;4330;1441911;-119;77;2127;3;-31;88;-452;411;-2691;64371
48;4331;1442269;-79;100;2124;3;-30;36;-446;410;-2693;49581
48;4332;1442597;-128;72;2115;6;-27;-4;-452;411;-2684;36272
48;4333;1442915;-100;110;2122;-2;-33;71;-449;410;-2685;41890
48;4334;1443248;-116;97;2133;2;-29;77;-455;419;-2682;27322
48;4335;1443595;-103;63;2126;6;-25;11;-451;416;-2694;21152
48;4336;1443913;-114;89;2123;5;-25;-28;-448;419;-2686;31432
48;4337;1444141;-94;93;2122;5;-27;-30;-441;413;-2688;61950
48;4338;1444589;-93;72;2126;4;-28;88;-455;417;-2700;13798
48;4339;1444927;-156;117;2105;-4;-28;165;-448;421;-2683;5943
48;4340;1445244;-103;94;2127;3;-33;84;-452;411;-2689;61153
48;4341;1445592;-66;71;2120;5;-29;75;-445;421;-2680;3792
48;4342;1445820;-95;65;2126;6;-25;-24;-441;418;-2693;61525
48;4343;1446138;-92;81;2121;6;-26;0;-455;411;-2686;25203
48;4344;1446458;-102;86;2123;5;-25;0;-454;412;-2692;13934
48;4345;1446709;-85;89;2123;5;-24;-16;-441;414;-2697;37146
48;4346;1447026;-92;93;2124;7;-25;-14;-447;417;-2688;54479
48;4347;1447584;-88;91;2126;4;-27;13;-449;429;-2691;25394
48;4348;1447819;-91;89;2120;5;-28;16;-439;423;-2702;48212
48;4349;1448137;-89;88;2127;4;-27;16;-443;428;-2688;26437
48;4350;1448582;-90;89;2124;6;-27;3;-442;414;-2705;13869
48;4351;1448923;-89;85;2125;4;-28;-3;-441;426;-2692;55331
48;4352;1449241;-85;86;2127;5;-28;4;-455;417;-2683;54509
48;4353;1449576;-93;90;2125;6;-26;5;-445;407;-2690;61269
48;4354;1449894;-91;87;2122;5;-25;6;-453;420;-2692;23692
48;4355;1450129;-91;94;2128;6;-26;9;-438;424;-2693;61363
48;4356;1450464;-86;85;2127;7;-26;3;-449;411;-2686;65333
48;4357;1450782;-89;85;2122;8;-24;7;-451;428;-2694;55078
48;4358;1451248;-87;82;2123;6;-26;12;-454;414;-2685;7602
48;4359;1451572;-90;84;2126;5;-26;2;-442;418;-2694;324
48;4360;1451890;-86;87;2121;5;-26;5;-447;411;-2694;6509
48;4361;1452118;-91;89;2123;4;-27;6;-440;421;-2692;5386
48;4362;1452464;-88;89;2122;5;-27;6;-451;420;-2696;54634
48;4363;1452782;-88;86;2121;5;-27;5;-441;413;-2696;59088
48;4364;1453010;-90;88;2122;5;-28;3;-441;413;-2685;5509
48;4365;1453571;-85;89;2126;4;-27;1;-448;420;-2688;11000
48;4366;1453905;-91;91;2121;7;-25;10;-449;411;-2689;41630
48;4367;1454223;-86;88;2125;6;-25;7;-444;418;-2685;25394
48;4368;1454586;-89;87;2125;6;-26;6;-451;413;-2689;4143
48;4369;1454814;-86;86;2126;5;-28;8;-453;410;-2701;35872
48;4370;1455132;-86;86;2123;4;-29;2;-452;416;-2685;10969
48;4371;1455599;-91;86;2125;5;-29;8;-446;421;-2689;29026
48;4372;1455917;-90;89;2124;5;-26;3;-444;406;-2697;24178
48;4373;1456235;-89;89;2124;5;-27;12;-448;423;-2700;38847
48;4374;1456570;-88;86;2125;5;-27;3;-445;412;-2686;15215
48;4375;1456805;-90;86;2122;4;-28;2;-447;413;-2690;37293
48;4376;1457123;-88;84;2122;4;-29;9;-444;418;-2698;35288
48;4377;1457568;-87;85;2126;5;-29;9;-452;414;-2696;44880
48;4378;1457909;-88;85;2124;5;-27;2;-442;414;-2687;62415
48;4379;1458246;-89;85;2122;7;-25;7;-453;412;-2697;20745
48;4380;1458573;-89;86;2123;6;-28;5;-447;403;-2702;49223
48;4381;1458915;-91;86;2124;5;-27;7;-462;406;-2703;905
48;4382;1459143;-92;84;2125;5;-26;3;-448;409;-2697;34713
48;4383;1459462;-92;87;2126;5;-26;4;-448;415;-2694;40392
48;4384;1459781;-89;89;2124;4;-28;-1;-454;407;-2696;39193
48;4385;1460033;-90;91;2128;6;-28;4;-454;422;-2698;64807
48;4386;1460572;-92;90;2126;6;-27;6;-449;408;-2684;47152
48;4387;1460906;-88;86;2125;6;-26;7;-455;414;-2698;4390
48;4388;1461141;-88;88;2123;5;-30;3;-455;422;-2688;46187
48;4389;1461460;-93;89;2120;5;-27;5;-449;415;-2686;20188
48;4390;1461904;-91;89;2124;5;-27;3;-449;419;-2685;62319
48;4391;1462245;-87;88;2125;4;-28;8;-463;428;-2692;58898
48;4392;1462564;-88;87;2123;4;-28;5;-449;408;-2689;45880
48;4393;1462792;-94;88;2122;5;-27;4;-457;419;-2692;15132
48;4394;1463115;-89;89;2125;8;-24;10;-451;420;-2708;56086
48;4395;1463596;-89;87;2124;5;-28;7;-456;417;-2694;50784
48;4396;1463914;-89;88;2125;6;-26;8;-450;415;-2699;38713
48;4397;1464232;-88;90;2121;7;-24;10;-449;418;-2703;21737
48;4398;1464593;-91;85;2125;5;-29;2;-439;423;-2710;32170
48;4399;1464911;-90;87;2123;4;-28;3;-444;408;-2678;56074
48;4400;1465228;-90;90;2130;6;-26;12;-452;412;-2694;17914
48;4401;1465589;-89;88;2125;4;-28;0;-445;413;-2697;61137
48;4402;1465911;-90;87;2124;6;-27;6;-439;419;-2679;39735
48;4403;1466457;-89;86;2123;5;-28;4;-444;416;-2697;35289
48;4404;1466698;-90;87;2123;4;-26;3;-448;414;-2699;32394
48;4405;1467016;-89;85;2121;7;-25;9;-455;413;-2706;26586
48;4406;1467244;-90;92;2124;5;-26;3;-444;411;-2693;44621
48;4407;1467564;-87;86;2128;6;-26;10;-442;419;-2698;30670
48;4408;1467904;-86;86;2127;6;-24;2;-444;415;-2702;38512
48;4409;1468132;-86;83;2127;4;-28;4;-456;416;-2702;64641
48;4410;1468562;-93;89;2121;6;-26;12;-442;418;-2687;15214
48;4411;1468918;-90;86;2122;6;-27;6;-440;424;-2696;21728
48;4412;1469235;-89;89;2125;6;-25;7;-454;413;-2694;38676
48;4413;1469567;-87;89;2121;6;-27;10;-444;432;-2674;5405
48;4414;1469901;-92;86;2122;6;-27;6;-448;430;-2685;62167
48;4415;1470137;-90;88;2124;5;-28;4;-452;422;-2699;45986
48;4416;1470561;-92;90;2126;6;-26;2;-437;415;-2679;18228
48;4417;1470789;-89;87;2126;4;-26;3;-446;422;-2687;3776
48;4418;1471135;-91;88;2125;4;-28;11;-445;421;-2685;4816
48;4419;1471454;-89;87;2122;5;-26;7;-442;425;-2684;59412
48;4420;1471682;-87;83;2125;4;-28;4;-436;421;-2705;12692
48;4421;1472000;-90;88;2124;5;-27;4;-454;425;-2700;48832
48;4422;1472573;-94;87;2122;6;-28;3;-447;423;-2702;5838
48;4423;1472891;-88;89;2123;6;-26;11;-448;427;-2697;50132
48;4424;1473213;-90;86;2122;5;-27;3;-456;424;-2704;32782
48;4425;1473575;-88;89;2123;4;-25;7;-443;429;-2708;14685
48;4426;1473893;-88;88;2125;6;-27;8;-447;423;-2698;39703
48;4427;1474226;-89;87;2125;4;-29;2;-452;426;-2700;51517
48;4428;1474570;-88;87;2121;7;-25;5;-452;416;-2694;6668
48;4429;1474888;-88;91;2126;6;-28;1;-453;418;-2689;28745
48;4430;1475221;-89;87;2122;5;-27;5;-442;422;-2688;52202
48;4431;1475572;-89;85;2127;4;-29;4;-455;409;-2700;44313
48;4432;1475890;-90;89;2123;7;-25;5;-457;416;-2713;30101
48;4433;1476118;-90;91;2119;4;-28;-1;-452;426;-2695;61763
48;4434;1476547;-89;86;2126;6;-28;6;-442;417;-2704;60654
48;4435;1476782;-91;88;2125;6;-28;7;-450;418;-2698;42111
48;4436;1477014;-90;88;2127;6;-26;4;-455;414;-2697;1324
48;4437;1477439;-91;90;2122;6;-26;8;-456;419;-2702;4851
48;4438;1477902;-92;86;2120;4;-28;-2;-451;421;-2708;20132
48;4439;1478219;-90;88;2126;5;-29;10;-456;424;-2705;62863
48;4440;1478543;-87;87;2121;7;-25;10;-455;420;-2703;19536
48;4441;1478771;-89;86;2125;5;-27;6;-445;422;-2705;4601
48;4442;1479009;-88;88;2119;5;-28;5;-452;416;-2697;48189
48;4443;1479434;-91;89;2122;4;-26;6;-455;418;-2707;1254
48;4444;1479662;-86;87;2124;5;-26;4;-455;417;-2692;57186
48;4445;1480002;-93;90;2125;6;-27;3;-437;412;-2696;15038
48;4446;1480560;-93;88;2123;7;-27;11;-455;414;-2708;28303
48;4447;1480878;-88;86;2124;5;-27;5;-440;413;-2692;16364
48;4448;1481230;-90;85;2124;5;-27;4;-439;415;-2696;33733
48;4449;1481574;-91;90;2124;6;-26;3;-441;414;-2701;41129
48;4450;1481892;-90;87;2121;4;-27;6;-444;421;-2708;60246
48;4451;1482248;-91;88;2126;5;-25;4;-444;418;-2714;43923
48;4452;1482567;-90;90;2124;5;-29;5;-441;423;-2711;24344
48;4453;1482886;-91;84;2123;7;-25;7;-446;421;-2708;64291
48;4454;1483219;-90;86;2123;3;-28;1;-447;417;-2708;44431
48;4455;1483561;-88;87;2123;4;-28;8;-445;423;-2704;65116
48;4456;1483880;-92;86;2123;6;-25;5;-445;418;-2705;34251
48;4457;1484107;-90;87;2121;5;-29;3;-444;423;-2692;7963
48;4458;1484327;-92;91;2123;5;-26;5;-445;413;-2708;13357
48;4459;1484565;-90;86;2126;4;-27;4;-440;420;-2706;6720
48;4460;1484902;-91;87;2122;6;-25;10;-443;415;-2700;28393
48;4461;1485220;-91;87;2123;6;-25;3;-446;430;-2699;47910
48;4462;1485566;-90;87;2125;7;-25;9;-448;426;-2711;65444
48;4463;1485794;-92;88;2123;6;-27;8;-445;417;-2697;45412
48;4464;1486113;-93;87;2125;8;-23;5;-447;417;-2700;9441
48;4465;1486432;-91;89;2120;6;-27;9;-449;420;-2709;7725
48;4466;1486687;-93;89;2128;6;-24;9;-455;414;-2698;4976
48;4467;1487009;-90;91;2125;5;-26;2;-451;423;-2691;62104
48;4468;1487555;-90;87;2124;6;-25;8;-436;419;-2698;44988
48;4469;1487791;-90;88;2124;6;-27;7;-445;425;-2701;10067
48;4470;1488108;-89;87;2123;5;-27;8;-447;425;-2692;43754
48;4471;1488554;-90;85;2126;6;-28;7;-441;419;-2702;52302
48;4472;1488896;-90;88;2123;7;-25;4;-452;413;-2699;62263
48;4473;1489213;-88;90;2123;4;-27;5;-449;419;-2706;57581
48;4474;1489553;-88;87;2124;7;-27;6;-436;426;-2705;12716
48;4475;1489871;-88;88;2124;4;-28;4;-442;431;-2699;54158
48;4476;1490109;-89;90;2123;3;-29;5;-440;416;-2697;54942
48;4477;1490444;-89;85;2126;6;-27;4;-442;420;-2691;14972
48;4478;1490762;-88;90;2122;7;-27;9;-442;423;-2712;43114
48;4479;1491224;-88;88;2124;6;-27;9;-452;421;-2706;27630
48;4480;1491548;-91;89;2125;4;-27;8;-447;410;-2691;28609
48;4481;1491768;-89;87;2122;6;-26;8;-451;424;-2690;43377
48;4482;1492101;-92;85;2127;5;-25;3;-453;420;-2699;25651
48;4483;1492443;-90;85;2124;5;-27;6;-443;424;-2696;56077
48;4484;1492761;-91;87;2122;4;-29;1;-454;421;-2690;48807
48;4485;1492993;-91;84;2124;6;-24;1;-451;421;-2701;3310
48;4486;1493547;-86;86;2126;4;-25;5;-443;413;-2695;59264
48;4487;1493881;-89;88;2124;6;-27;7;-454;425;-2699;5360
48;4488;1494198;-91;86;2127;5;-28;6;-453;420;-2708;21535
48;4489;1494543;-90;88;2128;6;-27;7;-447;409;-2700;31520
48;4490;1494771;-89;89;2125;5;-27;4;-439;417;-2706;5524
48;4491;1495089;-89;91;2123;5;-28;6;-449;432;-2694;51729
48;4492;1495554;-91;87;2127;6;-26;6;-457;420;-2710;3477
48;4493;1495872;-91;91;2125;4;-27;7;-460;417;-2705;64441
48;4494;1496195;-92;87;2125;4;-28;3;-447;414;-2705;36175
48;4495;1496535;-87;89;2126;4;-27;5;-461;419;-2708;27885
48;4496;1496769;-91;85;2125;5;-26;8;-450;421;-2697;57779
48;4497;1497091;-92;89;2126;6;-26;5;-451;410;-2705;29388
48;4498;1497532;-87;92;2123;6;-25;6;-451;426;-2697;33283
48;4499;1497872;-92;84;2125;6;-27;8;-438;427;-2712;25779
48;4500;1498205;-92;86;2124;5;-27;7;-448;429;-2693;47540
48;4501;1498525;-88;85;2126;3;-29;3;-453;426;-2708;4562
48;4502;1498866;-90;85;2123;6;-27;1;-437;422;-2708;22984
48;4503;1499098;-90;89;2122;7;-27;4;-438;416;-2701;24506
48;4504;1499417;-90;87;2124;5;-27;6;-452;418;-2707;27943
48;4505;1499637;-91;87;2123;5;-26;7;-442;421;-2708;33102
48;4506;1499993;-54;46;2157;12;-21;17;-445;420;-2709;546
48;4507;1500524;-93;80;2128;3;-34;223;-435;436;-2712;53947
48;4508;1500857;-110;217;2135;24;-4;-309;-433;436;-2704;63469
48;4509;1501093;-164;93;2117;8;-20;-202;-441;426;-2705;41885
48;4510;1501412;-122;118;2115;23;-43;-143;-440;419;-2687;18211
48;4511;1501856;-72;77;2127;3;-27;119;-447;415;-2706;23637
48;4512;1502196;-47;140;2104;9;-23;-25;-445;421;-2713;25147
48;4513;1502523;-92;81;2124;6;-21;-71;-440;418;-2705;50458
48;4514;1502751;-63;94;2125;5;-30;56;-438;414;-2709;10376
48;4515;1503073;-74;99;2124;5;-26;67;-437;421;-2714;2916
48;4516;1503537;-91;93;2124;8;-22;-60;-435;418;-2712;44877
48;4517;1503855;-140;73;2094;8;-20;-10;-437;425;-2702;33948
48;4518;1504173;-104;64;2126;8;-20;-73;-428;434;-2705;17733
48;4519;1504531;-73;118;2114;11;-26;-104;-433;433;-2698;28407
48;4520;1504853;-16;33;2154;0;-38;126;-437;437;-2710;46363
48;4521;1505175;-109;79;2125;3;-29;56;-446;424;-2699;39415
48;4522;1505532;-101;95;2125;5;-27;69;-443;417;-2691;44843
48;4523;1505851;-108;87;2122;4;-27;67;-439;417;-2705;53366
48;4524;1506397;-94;91;2123;6;-24;-39;-444;418;-2696;37487
48;4525;1506632;-78;87;2125;5;-27;-3;-446;425;-2704;35964
48;4526;1506955;-80;92;2122;4;-27;-4;-438;422;-2695;15610
48;4527;1507183;-85;85;2121;4;-27;43;-437;421;-2696;61965
48;4528;1507510;-80;86;2125;4;-27;11;-439;420;-2688;10699
48;4529;1507750;-89;91;2123;4;-27;10;-450;414;-2695;24915
48;4530;1507978;-81;85;2127;8;-25;0;-449;423;-2703;21195
48;4531;1508509;-89;94;2127;5;-27;13;-442;428;-2695;6745
48;4532;1508865;-82;88;2124;6;-26;2;-451;416;-2704;35052
48;4533;1509183;-88;91;2123;5;-25;4;-446;421;-2698;31586
48;4534;1509502;-88;87;2122;5;-26;-3;-443;433;-2698;29058
48;4535;1509836;-90;89;2125;6;-24;4;-444;424;-2700;13190
48;4536;1510071;-83;86;2121;4;-28;4;-443;416;-2708;17528
48;4537;1510504;-89;90;2125;5;-28;3;-446;417;-2706;17194
48;4538;1510736;-89;87;2121;6;-28;12;-455;420;-2703;30508
48;4539;1511078;-89;90;2123;6;-26;8;-446;427;-2699;27267
48;4540;1511397;-89;90;2121;5;-26;10;-439;428;-2711;61732
48;4541;1511625;-88;90;2126;6;-25;1;-446;432;-2714;22419
48;4542;1511943;-86;88;2123;6;-27;4;-442;429;-2696;23776
48;4543;1512512;-86;92;2125;4;-29;4;-448;422;-2704;38737
48;4544;1512834;-86;87;2124;4;-27;12;-443;425;-2679;56074
48;4545;1513152;-86;88;2122;6;-25;2;-442;424;-2702;53179
48;4546;1513513;-88;87;2127;6;-26;9;-442;423;-2711;3767
48;4547;1513836;-88;92;2128;6;-26;2;-452;421;-2696;40904
48;4548;1514173;-85;86;2126;6;-26;8;-435;426;-2692;13732
48;4549;1514515;-87;87;2126;6;-26;2;-453;430;-2697;15318
48;4550;1514833;-85;91;2124;6;-28;5;-449;426;-2706;16944
48;4551;1515166;-85;87;2123;7;-25;6;-444;429;-2697;52779
48;4552;1515527;-87;88;2127;5;-27;5;-444;423;-2699;11749
48;4553;1515846;-85;86;2129;7;-26;2;-453;429;-2718;29433
48;4554;1516074;-85;90;2127;5;-27;3;-443;424;-2702;16001
48;4555;1516498;-91;89;2120;8;-25;13;-445;422;-2715;46078
48;4556;1516736;-87;88;2128;7;-25;9;-449;429;-2712;59203
48;4557;1516964;-89;88;2125;7;-25;0;-451;427;-2703;3048
48;4558;1517389;-91;87;2121;8;-26;19;-448;419;-2701;51932
48;4559;1517852;-88;89;2124;6;-25;0;-446;426;-2711;21381
48;4560;1518072;-87;90;2122;5;-26;3;-444;425;-2708;50361
48;4561;1518501;-89;89;2126;4;-27;-4;-451;418;-2716;18814
48;4562;1518729;-88;88;2124;6;-27;0;-450;425;-2701;24658
48;4563;1518965;-88;90;2123;6;-25;12;-449;419;-2697;56828
48;4564;1519389;-90;86;2122;5;-26;-9;-448;430;-2699;37411
48;4565;1519621;-85;91;2122;5;-28;10;-452;426;-2688;52956
48;4566;1519963;-82;87;2125;4;-28;7;-456;426;-2690;35544
48;4567;1520509;-93;84;2124;4;-29;10;-443;421;-2697;23976
48;4568;1520831;-89;84;2125;4;-27;17;-458;418;-2703;44786
48;4569;1521172;-89;88;2123;5;-28;10;-446;414;-2703;10034
48;4570;1521507;-84;83;2124;5;-29;16;-451;424;-2703;64343
48;4571;1521829;-87;87;2121;8;-25;8;-454;425;-2702;28648
48;4572;1522186;-87;88;2123;4;-26;8;-441;418;-2702;11711
48;4573;1522509;-89;88;2126;7;-24;-2;-446;423;-2697;10395
48;4574;1522827;-88;87;2125;6;-27;11;-458;420;-2719;50203
48;4575;1523161;-85;87;2121;7;-26;10;-445;421;-2709;542
48;4576;1523507;-89;86;2124;7;-24;2;-445;420;-2710;39396
48;4577;1523825;-87;90;2126;5;-26;-4;-450;422;-2717;32057
48;4578;1524053;-84;89;2124;5;-25;5;-442;414;-2709;38098
48;4579;1524504;-86;87;2124;4;-29;3;-447;412;-2704;23693
48;4580;1524837;-90;86;2122;6;-26;-5;-454;414;-2708;64496
48;4581;1525155;-89;88;2122;4;-27;5;-447;410;-2719;53359
48;4582;1525502;-89;91;2125;4;-28;7;-445;425;-2708;10742
48;4583;1525734;-91;89;2127;5;-28;2;-454;424;-2716;55206
48;4584;1526057;-87;90;2125;6;-26;13;-461;427;-2720;52153
48;4585;1526376;-85;87;2125;6;-25;8;-440;419;-2697;24017
48;4586;1526627;-90;90;2124;6;-28;4;-448;416;-2698;36821
48;4587;1526945;-91;86;2125;6;-26;11;-445;413;-2708;57106
48;4588;1527492;-90;91;2123;7;-26;5;-445;430;-2720;51682
48;4589;1527727;-86;90;2125;6;-26;3;-441;423;-2706;35783
48;4590;1528045;-91;90;2122;4;-28;9;-439;408;-2698;24269
48;4591;1528494;-91;89;2125;7;-25;2;-445;433;-2705;45141
48;4592;1528835;-86;85;2123;3;-28;5;-438;431;-2705;21716
48;4593;1529157;-89;88;2124;6;-26;-5;-440;415;-2711;3279
48;4594;1529496;-87;85;2125;5;-26;8;-444;425;-2693;36431
48;4595;1529815;-87;89;2122;7;-25;0;-442;427;-2702;48382
48;4596;1530050;-83;86;2123;4;-29;1;-451;434;-2717;52183
48;4597;1530385;-89;90;2123;5;-26;13;-457;421;-2713;25469
48;4598;1530703;-90;86;2123;6;-26;6;-458;430;-2707;41954
48;4599;1531166;-89;87;2123;6;-28;4;-447;420;-2706;62543
48;4600;1531492;-93;89;2124;6;-25;13;-451;427;-2697;43717
48;4601;1531810;-89;85;2123;6;-27;5;-459;422;-2707;21204
48;4602;1532038;-88;86;2126;6;-27;-2;-458;419;-2712;24461
48;4603;1532380;-92;90;2122;5;-28;7;-454;423;-2697;13373
48;4604;1532703;-91;89;2126;5;-27;4;-457;425;-2701;45418
48;4605;1532931;-89;89;2122;5;-26;5;-445;423;-2700;18503
48;4606;1533486;-90;87;2122;7;-26;7;-453;418;-2684;6913
48;4607;1533824;-89;85;2122;6;-25;3;-452;416;-2705;12794
48;4608;1534141;-90;91;2126;5;-28;6;-458;425;-2707;63201
48;4609;1534487;-90;90;2122;5;-26;4;-432;428;-2703;779
48;4610;1534715;-86;87;2124;6;-27;4;-442;418;-2689;14130
48;4611;1535034;-88;87;2125;5;-27;6;-449;423;-2705;27907
48;4612;1535500;-88;87;2125;4;-29;5;-446;431;-2697;17572
48;4613;1535818;-87;87;2123;4;-27;5;-438;420;-2687;11561
48;4614;1536137;-86;90;2124;5;-27;5;-444;427;-2694;13492
48;4615;1536475;-86;88;2126;6;-27;8;-441;427;-2687;33126
48;4616;1536715;-88;89;2118;5;-27;8;-434;420;-2688;26245
48;4617;1537032;-90;85;2123;7;-25;4;-445;420;-2691;47917
48;4618;1537477;-89;91;2122;4;-27;2;-446;427;-2707;24486
48;4619;1537817;-86;91;2123;6;-28;7;-443;420;-2698;37036
48;4620;1538150;-92;87;2124;5;-28;3;-440;419;-2701;25819
48;4621;1538470;-89;89;2126;4;-27;10;-452;426;-2694;61828
48;4622;1538811;-90;88;2129;6;-26;-1;-447;424;-2695;39824
48;4623;1539039;-89;85;2125;7;-24;0;-445;414;-2696;5452
48;4624;1539362;-89;89;2124;4;-27;13;-450;430;-2698;48520
48;4625;1539681;-88;91;2125;6;-25;6;-441;430;-2700;55523
48;4626;1539931;-89;87;2126;6;-25;1;-440;420;-2679;5259
48;4627;1540475;-91;88;2123;5;-26;1;-443;418;-2699;44792
48;4628;1540809;-91;85;2125;6;-25;-1;-437;421;-2704;62300
48;4629;1541045;-85;91;2124;7;-25;6;-445;422;-2699;27333
48;4630;1541469;-92;87;2124;6;-27;9;-442;422;-2703;44898
48;4631;1541807;-90;89;2126;6;-23;5;-442;421;-2703;12132
48;4632;1542148;-89;88;2122;7;-26;8;-445;422;-2703;22378
48;4633;1542467;-87;88;2120;4;-27;10;-441;409;-2690;41931
48;4634;1542695;-89;90;2123;5;-27;5;-441;417;-2715;7190
48;4635;1543013;-89;84;2122;5;-27;12;-450;421;-2690;7001
48;4636;1543369;-89;88;2125;5;-27;1;-447;412;-2704;30001
48;4637;1543597;-88;87;2124;6;-26;5;-447;416;-2699;43936
48;4638;1543915;-87;89;2124;5;-27;11;-444;420;-2701;7469
48;4639;1544633;-92;86;2121;5;-28;12;-447;417;-2706;64936
48;4640;1544951;-91;89;2124;5;-28;9;-443;425;-2710;33193
48;4641;1545284;-92;87;2126;6;-27;9;-446;418;-2701;25448
48;4642;1545627;-87;85;2128;5;-28;9;-441;413;-2712;60326
48;4643;1545945;-91;88;2124;7;-25;12;-448;420;-2699;51613
48;4644;1546278;-88;82;2123;7;-27;16;-450;419;-2688;62086
48;4645;1546625;-89;92;2124;5;-28;16;-448;420;-2703;44205
48;4646;1546943;-93;85;2123;7;-25;9;-442;421;-2703;32743
48;4647;1547175;-86;89;2122;6;-28;-8;-446;415;-2705;60053
48;4648;1547600;-87;86;2124;6;-26;16;-450;426;-2699;59298
48;4649;1547836;-89;91;2126;6;-26;2;-449;416;-2697;16334
48;4650;1548068;-90;85;2123;5;-26;7;-446;424;-2703;40584
48;4651;1548493;-91;88;2124;5;-29;4;-452;418;-2713;40273
48;4652;1548956;-82;89;2122;8;-25;-2;-448;419;-2708;53634
48;4653;1549273;-85;93;2123;5;-27;5;-440;421;-2707;15275
48;4654;1549597;-84;85;2121;4;-27;14;-457;420;-2715;52124
48;4655;1549829;-91;91;2124;5;-28;18;-452;432;-2695;13116
48;4656;1550065;-94;80;2122;6;-25;6;-454;427;-2696;32417
48;4657;1550490;-85;91;2127;5;-28;14;-444;436;-2698;61503
48;4658;1550718;-91;83;2125;5;-27;20;-443;420;-2700;13259
48;4659;1551059;-87;91;2119;5;-29;18;-445;424;-2714;30627
48;4660;1551615;-90;89;2124;6;-27;1;-453;422;-2704;23096
48;4661;1551933;-96;90;2125;4;-26;-1;-439;416;-2697;16475
48;4662;1552273;-87;87;2123;3;-28;11;-453;414;-2705;11741
48;4663;1552615;-93;87;2123;8;-24;3;-444;419;-2708;2745
48;4664;1552933;-90;89;2125;5;-26;15;-451;425;-2703;57156
48;4665;1553289;-90;88;2125;7;-24;3;-450;420;-2698;64535
48;4666;1553609;-88;87;2123;5;-25;12;-444;425;-2702;17787
48;4667;1553927;-88;88;2126;6;-26;-4;-445;428;-2701;48869
48;4668;1554260;-89;89;2122;5;-28;12;-442;430;-2696;9519
48;4669;1554603;-88;84;2125;7;-25;15;-445;417;-2711;45894
48;4670;1554921;-91;91;2124;6;-27;21;-455;421;-2705;4131
48;4671;1555153;-91;87;2124;5;-27;12;-442;421;-2715;24434
48;4672;1555605;-87;87;2126;6;-25;20;-454;425;-2699;248
48;4673;1555943;-88;86;2127;4;-27;3;-442;431;-2700;24675
48;4674;1556260;-91;86;2126;3;-27;7;-437;424;-2696;36017
48;4675;1556607;-85;89;2125;6;-28;6;-450;423;-2701;18463
48;4676;1556835;-90;87;2126;5;-27;4;-457;415;-2717;63207
48;4677;1557153;-92;87;2124;7;-27;10;-439;423;-2709;24678
48;4678;1557472;-86;87;2126;3;-28;2;-437;417;-2704;23621
48;4679;1557727;-86;85;2122;3;-29;-1;-448;414;-2698;29706
48;4680;1558045;-89;92;2124;6;-26;11;-448;417;-2713;63154
48;4681;1558596;-88;86;2122;6;-26;4;-460;413;-2702;55109
48;4682;1558832;-85;87;2123;5;-28;4;-448;423;-2703;42056
48;4683;1559150;-90;89;2125;6;-26;2;-451;418;-2692;1670
48;4684;1559595;-92;88;2125;4;-25;5;-452;420;-2709;20023
48;4685;1559936;-87;86;2125;5;-27;14;-459;420;-2692;28064
48;4686;1560253;-81;85;2124;6;-24;1;-455;421;-2696;28530
48;4687;1560592;-88;92;2124;5;-29;13;-447;418;-2691;49504
48;4688;1560911;-87;85;2124;5;-26;10;-448;421;-2699;36799
48;4689;1561146;-89;87;2124;5;-28;8;-453;417;-2697;54476
48;4690;1561485;-89;87;2123;6;-28;10;-453;427;-2692;27142
48;4691;1561803;-87;86;2125;5;-28;9;-455;424;-2682;36506
48;4692;1562265;-85;88;2123;5;-26;5;-464;413;-2693;23302
48;4693;1562589;-90;87;2126;3;-30;-6;-450;423;-2690;27118
48;4694;1562916;-88;89;2123;6;-27;4;-456;413;-2695;14919
48;4695;1563167;-87;87;2122;7;-25;3;-450;415;-2700;2563
48;4696;1563486;-88;86;2123;5;-26;-3;-455;410;-2702;43219
48;4697;1563804;-87;90;2124;7;-28;12;-459;406;-2710;35339
48;4698;1564032;-87;89;2127;7;-24;8;-456;414;-2706;51429
48;4699;1564484;-88;89;2123;6;-27;10;-460;422;-2711;48775
48;4700;1564924;-87;89;2124;5;-27;8;-453;421;-2708;59127
48;4701;1565242;-87;88;2129;7;-27;1;-459;426;-2706;6071
48;4702;1565588;-87;88;2122;3;-28;6;-446;418;-2700;34878
48;4703;1565816;-90;88;2126;3;-29;9;-462;415;-2695;21941
48;4704;1566135;-88;87;2124;6;-27;3;-450;414;-2695;41637
48;4705;1566607;-90;89;2124;6;-27;3;-450;424;-2701;25389
48;4706;1566925;-86;87;2124;7;-27;7;-453;409;-2696;60284
48;4707;1567243;-90;91;2122;5;-27;4;-448;433;-2690;49150
48;4708;1567609;-83;91;2123;4;-27;10;-454;419;-2699;51379
48;4709;1567927;-91;90;2128;7;-25;3;-448;413;-2695;51333
48;4710;1568249;-88;90;2125;5;-27;11;-452;411;-2699;1006
48;4711;1568584;-86;90;2124;6;-27;3;-450;423;-2698;41513
48;4712;1568819;-88;89;2124;6;-27;0;-438;414;-2703;63511
48;4713;1569137;-92;92;2127;7;-25;8;-454;424;-2704;3693
48;4714;1569472;-90;86;2124;5;-28;12;-451;416;-2704;57395
48;4715;1569919;-87;88;2124;6;-26;13;-434;411;-2701;35113
48;4716;1570252;-89;87;2124;6;-24;-1;-453;419;-2702;18553
48;4717;1570580;-87;89;2123;7;-26;9;-442;414;-2692;30503
48;4718;1571047;-89;91;2123;6;-27;5;-458;418;-2703;42092
48;4719;1571577;-89;90;2123;6;-25;6;-448;422;-2692;32189
48;4720;1571911;-88;89;2126;7;-25;7;-445;419;-2711;9778
48;4721;1572146;-85;91;2126;4;-28;10;-451;412;-2701;32576
48;4722;1572571;-92;90;2123;6;-26;6;-454;415;-2712;5374
48;4723;1572904;-81;87;2126;6;-27;7;-439;416;-2710;2130
48;4724;1573245;-91;90;2126;6;-27;10;-451;421;-2713;7479
48;4725;1573572;-85;89;2126;5;-28;24;-442;424;-2685;47306
48;4726;1573804;-85;89;2126;5;-28;16;-442;423;-2692;7334
48;4727;1574126;-90;89;2125;6;-27;-26;-440;422;-2705;62031
48;4728;1574469;-94;88;2125;3;-29;19;-450;416;-2700;59891
48;4729;1574697;-85;86;2124;6;-26;16;-448;417;-2704;40441
48;4730;1575015;-84;87;2125;5;-28;-30;-451;416;-2693;52044
48;4731;1575586;-86;91;2125;7;-25;18;-458;410;-2695;52540
48;4732;1575904;-84;88;2123;5;-28;0;-451;425;-2706;39843
48;4733;1576226;-87;88;2124;4;-28;25;-457;423;-2703;58596
48;4734;1576588;-86;88;2120;6;-27;-10;-457;414;-2702;13199
48;4735;1576906;-88;91;2125;6;-27;20;-453;429;-2707;4974
48;4736;1577239;-81;90;2122;6;-27;7;-457;428;-2695;31156
48;4737;1577581;-87;91;2124;7;-25;19;-453;422;-2704;12927
48;4738;1577904;-83;90;2126;6;-27;8;-451;428;-2699;31269
48;4739;1578132;-86;86;2124;7;-27;24;-458;418;-2703;36343
48;4740;1578455;-92;94;2123;6;-26;0;-454;424;-2701;47820
48;4741;1578694;-91;89;2124;5;-27;2;-457;410;-2704;15013
48;4742;1579134;-89;91;2124;7;-25;3;-448;419;-2707;19336
48;4743;1579563;-89;88;2123;5;-26;-6;-447;413;-2698;12616
48;4744;1579919;-89;86;2125;5;-27;30;-456;421;-2702;26580
48;4745;1580237;-91;87;2122;5;-27;4;-447;423;-2719;25890
48;4746;1580557;-87;88;2124;6;-28;30;-451;425;-2699;32272
48;4747;1580914;-90;89;2121;6;-27;7;-455;419;-2693;47225
48;4748;1581232;-87;87;2124;5;-28;24;-448;413;-2696;49917
48;4749;1581559;-88;87;2125;6;-26;4;-449;423;-2716;6910
48;4750;1581787;-86;88;2124;5;-28;2;-459;425;-2703;53175
48;4751;1582128;-87;85;2122;5;-25;14;-458;420;-2702;63808
48;4752;1582572;-87;86;2125;6;-27;5;-435;424;-2721;18169
48;4753;1582890;-89;85;2123;5;-28;3;-448;425;-2702;27124
48;4754;1583125;-87;87;2121;9;-23;10;-451;407;-2713;38882
48;4755;1583566;-90;85;2125;6;-26;6;-460;425;-2702;40209
48;4756;1583889;-88;89;2122;6;-27;-1;-444;417;-2709;22402
48;4757;1584229;-88;86;2126;5;-27;10;-450;428;-2711;29161
48;4758;1584568;-89;87;2125;6;-26;3;-453;424;-2704;17110
48;4759;1584886;-88;86;2124;6;-27;15;-447;415;-2710;52355
48;4760;1585223;-88;89;2127;4;-26;4;-453;427;-2702;18103
48;4761;1585568;-89;89;2123;5;-27;5;-448;423;-2701;17218
48;4762;1585887;-87;91;2122;7;-26;10;-450;427;-2709;40436
48;4763;1586220;-87;90;2124;7;-26;11;-453;428;-2709;36465
48;4764;1586566;-87;86;2123;6;-26;4;-456;427;-2710;7359
48;4765;1586885;-86;86;2122;7;-24;6;-460;429;-2714;33174
48;4766;1587112;-87;88;2124;7;-26;11;-458;419;-2723;25446
48;4767;1587560;-89;86;2127;7;-25;10;-454;420;-2705;37907
48;4768;1588000;-92;86;2124;6;-24;9;-455;414;-2713;23177
48;4769;1588424;-89;86;2127;3;-27;1;-454;425;-2712;35136
48;4770;1588665;-85;86;2123;8;-24;11;-459;425;-2707;43825
48;4771;1588897;-87;85;2125;5;-27;6;-458;428;-2695;29889
48;4772;1589215;-86;88;2123;5;-28;10;-440;431;-2696;9627
48;4773;1589543;-86;89;2124;7;-26;8;-449;426;-2705;23431
48;4774;1589794;-85;86;2122;5;-28;6;-452;420;-2692;22663
48;4775;1590112;-88;88;2124;5;-28;2;-454;430;-2709;7792
48;4776;1590431;-87;90;2126;7;-25;11;-448;429;-2692;42878
48;4777;1590659;-87;89;2124;5;-27;7;-449;426;-2696;51969
48;4778;1591000;-87;87;2122;5;-28;3;-447;425;-2692;21694
48;4779;1591551;-88;89;2122;5;-27;7;-460;428;-2696;15362
48;4780;1591873;-87;89;2121;4;-27;5;-445;420;-2681;46922
48;4781;1592108;-88;86;2125;4;-28;5;-449;427;-2682;52249
48;4782;1592549;-91;85;2125;5;-26;3;-458;427;-2692;12352
48;4783;1592871;-86;91;2125;4;-28;8;-460;424;-2700;18960
48;4784;1593227;-88;86;2125;5;-27;4;-451;423;-2701;27251
48;4785;1593546;-89;88;2126;5;-28;3;-449;420;-2704;7548
48;4786;1593865;-86;87;2125;4;-28;6;-456;421;-2694;14758
48;4787;1594221;-86;87;2124;4;-29;5;-447;417;-2710;43255
48;4788;1594548;-88;89;2124;6;-27;11;-452;424;-2703;10388
48;4789;1594867;-85;88;2121;5;-25;3;-445;435;-2710;49121
48;4790;1595095;-86;90;2124;6;-26;6;-443;418;-2703;28336
48;4791;1595547;-89;89;2125;6;-26;7;-449;413;-2701;7926
48;4792;1595881;-89;87;2123;6;-27;13;-457;416;-2707;64906
48;4793;1596199;-89;90;2123;5;-27;1;-451;413;-2696;32361
48;4794;1596541;-85;86;2125;6;-25;12;-449;418;-2688;15429
48;4795;1596879;-91;86;2123;5;-26;0;-442;422;-2692;30940
48;4796;1597197;-88;86;2123;4;-26;7;-443;413;-2691;2260
48;4797;1597546;-89;88;2125;7;-26;9;-455;416;-2682;207
48;4798;1597774;-90;87;2124;4;-28;7;-448;420;-2700;17586
48;4799;1598092;-89;90;2123;6;-27;8;-451;421;-2702;30481
48;4800;1598532;-85;90;2124;5;-28;1;-449;420;-2696;13953
48;4801;1598767;-88;88;2122;6;-27;8;-445;417;-2699;32641
48;4802;1599086;-88;85;2122;7;-26;7;-449;423;-2696;48524
48;4803;1599526;-90;89;2122;6;-25;7;-440;420;-2701;54369
48;4804;1599866;-87;89;2125;4;-27;6;-450;413;-2700;29979
48;4805;1600189;-87;88;2126;4;-29;8;-456;423;-2689;36789
48;4806;1600532;-89;88;2123;7;-26;6;-445;426;-2691;7918
48;4807;1600875;-88;88;2124;5;-27;6;-448;424;-2696;43972
48;4808;1601422;-87;85;2122;6;-27;8;-449;432;-2691;19047
48;4809;1601739;-85;86;2121;6;-27;6;-450;413;-2693;49390
48;4810;1601975;-90;87;2125;6;-26;8;-452;413;-2697;62149
48;4811;1602202;-88;87;2125;6;-27;2;-465;415;-2705;14212
48;4812;1602526;-89;87;2125;6;-26;9;-454;422;-2695;23668
48;4813;1602844;-89;86;2123;5;-26;9;-456;417;-2696;19710
48;4814;1603096;-88;86;2123;6;-28;6;-461;421;-2685;6532
48;4815;1603420;-77;95;2125;8;-23;-78;-453;415;-2689;44558
48;4816;1603738;-103;95;2123;9;-21;-79;-451;424;-2701;18931
48;4817;1603966;-5;78;2124;6;-31;0;-448;415;-2707;33972
48;4818;1604417;-146;-136;2138;0;-26;-59;-447;418;-2693;31049
48;4819;1604857;-37;-29;2137;-2;-36;79;-451;431;-2700;56115
48;4820;1605179;-66;47;2128;4;-29;71;-451;420;-2689;34112
48;4821;1605521;-102;110;2122;3;-31;57;-451;415;-2693;52826
48;4822;1605749;-118;108;2119;5;-27;-12;-455;415;-2691;28695
48;4823;1606068;-108;107;2120;6;-26;-6;-458;421;-2689;44305
48;4824;1606539;-87;98;2126;6;-28;22;-433;423;-2692;18594
48;4825;1606857;-80;85;2127;6;-25;15;-444;417;-2707;64641
48;4826;1607175;-81;84;2126;6;-27;9;-454;420;-2713;47908
48;4827;1607533;-85;86;2128;7;-26;3;-465;422;-2702;40621
48;4828;1607855;-87;90;2124;6;-26;2;-464;424;-2706;42853
48;4829;1608177;-90;90;2123;6;-26;1;-447;425;-2700;11303
48;4830;1608512;-86;82;2124;5;-27;-3;-456;428;-2705;36267
48;4831;1608748;-83;83;2126;6;-27;4;-453;420;-2689;42804
48;4832;1609065;-83;82;2128;7;-26;9;-449;417;-2708;1537
48;4833;1609404;-90;89;2123;6;-28;2;-446;422;-2699;1930
48;4834;1609852;-91;91;2128;6;-27;8;-452;417;-2689;51529
48;4835;1610185;-95;92;2124;6;-27;7;-453;417;-2694;10796
48;4836;1610508;-83;87;2124;5;-28;8;-451;416;-2696;26513
48;4837;1610851;-87;87;2123;6;-27;8;-450;422;-2690;203
48;4838;1611079;-90;88;2121;6;-26;7;-446;431;-2695;33572
48;4839;1611507;-85;87;2122;5;-30;6;-450;409;-2703;14012
48;4840;1611841;-83;85;2121;6;-25;6;-447;424;-2690;32383
48;4841;1612081;-88;88;2124;6;-27;7;-445;424;-2703;9021
48;4842;1612404;-88;89;2127;5;-28;7;-449;417;-2695;28732
48;4843;1612844;-89;84;2123;4;-27;2;-460;413;-2697;53090
48;4844;1613189;-87;90;2125;5;-28;6;-459;424;-2691;3734
48;4845;1613508;-90;88;2125;5;-28;4;-450;422;-2703;1484
48;4846;1613736;-89;90;2125;5;-27;5;-452;419;-2697;51783
48;4847;1614055;-88;85;2124;6;-27;6;-450;419;-2707;35783
48;4848;1614397;-86;87;2127;6;-26;8;-455;421;-2713;6327
48;4849;1614625;-90;85;2125;6;-28;7;-448;426;-2694;41586
48;4850;1614943;-90;87;2124;5;-27;6;-446;431;-2694;62224
48;4851;1615523;-88;85;2125;6;-29;5;-454;413;-2690;3925
48;4852;1615841;-88;85;2124;4;-26;6;-440;419;-2701;4349
48;4853;1616160;-88;88;2124;5;-26;7;-448;425;-2699;33907
48;4854;1616520;-91;85;2118;5;-28;5;-446;421;-2686;63485
48;4855;1616838;-83;88;2124;6;-25;10;-450;413;-2692;36284
48;4856;1617171;-85;86;2123;6;-26;5;-454;414;-2699;21588
48;4857;1617513;-87;85;2127;6;-25;6;-445;418;-2693;34303
48;4858;1617832;-90;88;2126;7;-27;6;-442;418;-2707;32664
48;4859;1618060;-89;88;2125;5;-27;8;-445;405;-2692;9890
48;4860;1618387;-91;87;2124;6;-27;4;-449;411;-2687;15971
48;4861;1618622;-87;85;2124;4;-27;5;-441;414;-2685;57079
48;4862;1619066;-92;88;2125;4;-27;4;-453;413;-2702;37473
48;4863;1619491;-85;86;2125;5;-29;5;-449;411;-2708;41745
48;4864;1619847;-89;88;2125;6;-27;7;-459;411;-2702;13801
48;4865;1620165;-86;85;2127;4;-27;1;-454;425;-2694;65460
48;4866;1620485;-92;88;2122;7;-25;6;-448;414;-2698;56245
48;4867;1620843;-89;89;2126;5;-29;4;-449;420;-2706;39784
48;4868;1621162;-87;87;2125;5;-26;3;-447;425;-2703;21116
48;4869;1621485;-89;89;2126;7;-26;6;-441;417;-2701;63992
48;4870;1621713;-86;86;2124;6;-27;7;-455;420;-2694;43109
48;4871;1622054;-90;88;2122;5;-27;4;-454;416;-2695;64082
48;4872;1622499;-89;93;2126;6;-27;6;-457;420;-2703;1410
48;4873;1622816;-90;85;2124;5;-27;7;-445;418;-2695;59612
48;4874;1623054;-90;85;2124;8;-26;9;-448;416;-2700;40869
48;4875;1623499;-87;83;2123;3;-28;7;-449;410;-2695;34092
48;4876;1623818;-88;88;2128;4;-26;5;-448;425;-2710;10452
48;4877;1624158;-87;90;2123;5;-28;8;-443;423;-2693;23705
48;4878;1624497;-87;87;2127;8;-26;6;-446;427;-2708;5713
48;4879;1624816;-86;86;2122;4;-28;5;-450;423;-2691;59637
48;4880;1625149;-88;86;2127;5;-26;4;-448;427;-2696;15174
48;4881;1625492;-87;86;2124;4;-28;5;-448;423;-2708;24011
48;4882;1625810;-89;83;2125;6;-28;6;-454;432;-2710;35951
48;4883;1626143;-90;84;2123;5;-26;6;-454;406;-2712;58173
48;4884;1626490;-90;88;2124;4;-28;6;-449;416;-2694;55138
48;4885;1626813;-90;88;2125;5;-29;6;-438;419;-2696;28529
48;4886;1627041;-90;88;2124;6;-28;5;-451;418;-2698;54577
48;4887;1627495;-90;86;2122;6;-27;4;-452;426;-2695;4072
48;4888;1627935;-88;86;2125;6;-27;8;-449;422;-2703;23878
48;4889;1628360;-88;87;2123;6;-26;6;-445;419;-2697;47890
48;4890;1628595;-87;88;2127;4;-26;4;-440;407;-2718;63845
48;4891;1628827;-91;85;2122;5;-28;7;-444;418;-2700;3388
48;4892;1629145;-89;85;2126;6;-26;7;-434;415;-2692;40734
48;4893;1629465;-89;86;2125;7;-25;6;-446;429;-2696;21263
48;4894;1629715;-86;89;2120;5;-26;5;-445;426;-2693;3841
48;4895;1630034;-89;88;2125;7;-25;8;-439;415;-2693;41738
48;4896;1630357;-89;89;2122;6;-27;6;-441;428;-2695;49041
48;4897;1630589;-89;89;2125;6;-26;6;-444;416;-2686;35205
48;4898;1630929;-89;87;2124;4;-28;6;-443;419;-2693;37499
48;4899;1631480;-89;87;2127;6;-27;7;-434;418;-2708;44277
48;4900;1631798;-90;89;2121;6;-28;6;-436;416;-2700;12704
48;4901;1632033;-89;86;2124;6;-27;6;-445;424;-2694;31839
48;4902;1632474;-89;86;2126;7;-26;8;-448;419;-2698;64696
48;4903;1632791;-88;88;2125;7;-26;8;-446;423;-2701;26848
48;4904;1633148;-86;87;2127;5;-26;7;-444;423;-2702;55673
48;4905;1633475;-88;83;2124;4;-26;5;-447;421;-2690;24555
48;4906;1633794;-88;84;2125;7;-24;8;-444;422;-2711;34044
48;4907;1634153;-85;88;2124;7;-27;9;-446;428;-2700;34044
48;4908;1634476;-86;87;2127;6;-27;5;-442;434;-2690;43589
48;4909;1634794;-87;88;2124;6;-25;7;-441;419;-2691;14620
48;4910;1635022;-86;87;2123;6;-25;7;-456;434;-2683;48452
48;4911;1635470;-87;89;2122;6;-26;9;-446;432;-2696;37753
48;4912;1635804;-87;85;2125;5;-27;9;-450;415;-2692;44122
48;4913;1636122;-87;88;2122;6;-26;4;-447;426;-2699;12864
48;4914;1636468;-88;91;2128;6;-26;7;-443;414;-2688;14284
48;4915;1636806;-88;89;2127;7;-25;8;-446;414;-2699;61315
48;4916;1637124;-88;87;2121;7;-27;2;-448;424;-2699;28839
48;4917;1637466;-89;90;2126;7;-26;11;-446;422;-2700;48712
48;4918;1637694;-92;88;2120;6;-27;10;-445;424;-2692;64075
48;4919;1638013;-89;87;2124;4;-29;6;-448;427;-2697;43432
48;4920;1638461;-91;86;2122;5;-28;5;-441;419;-2690;43645
48;4921;1638698;-91;87;2124;4;-27;6;-445;424;-2683;13412
48;4922;1639017;-88;88;2126;7;-26;8;-441;420;-2701;50428
48;4923;1639465;-89;87;2123;5;-27;6;-446;417;-2698;11570
48;4924;1639805;-88;87;2124;6;-27;4;-445;423;-2697;6173
48;4925;1640124;-90;88;2122;6;-26;7;-449;413;-2685;27718
48;4926;1640459;-91;87;2124;6;-26;7;-449;416;-2706;23450
48;4927;1640800;-89;89;2125;5;-27;6;-442;419;-2697;26757
48;4928;1641347;-88;85;2123;6;-27;11;-447;410;-2716;5476
48;4929;1641665;-88;88;2126;5;-27;4;-450;416;-2695;63253
48;4930;1641900;-90;90;2126;5;-26;5;-452;418;-2694;9390
48;4931;1642135;-90;86;2124;4;-27;4;-442;424;-2697;3363
48;4932;1642458;-89;88;2123;6;-26;7;-444;418;-2698;57919
48;4933;1642777;-86;88;2126;5;-28;5;-440;426;-2712;7300
48;4934;1643028;-90;87;2124;5;-27;8;-441;424;-2716;26039
48;4935;1643347;-90;91;2123;8;-24;9;-440;420;-2690;7688
48;4936;1643665;-89;86;2123;5;-27;6;-440;421;-2697;53081
48;4937;1643893;-87;89;2125;6;-27;5;-442;420;-2702;51313
48;4938;1644345;-89;87;2120;7;-26;7;-449;424;-2691;53022
48;4939;1644789;-87;89;2124;5;-27;5;-446;424;-2703;999
48;4940;1645106;-87;86;2122;5;-26;6;-437;430;-2698;48878
48;4941;1645451;-86;89;2127;5;-29;7;-447;420;-2709;58263
48;4942;1645683;-89;87;2125;6;-27;7;-440;423;-2696;28846
48;4943;1646002;-90;87;2124;6;-27;7;-448;426;-2690;34174
48;4944;1646465;-85;87;2124;5;-25;7;-440;420;-2706;46292
48;4945;1646783;-90;85;2124;7;-27;6;-449;414;-2708;45616
48;4946;1647101;-91;90;2125;5;-26;6;-440;424;-2696;52255
48;4947;1647464;-85;90;2123;6;-26;5;-449;419;-2700;27698
48;4948;1647782;-86;85;2123;6;-30;6;-442;419;-2695;14959
48;4949;1648100;-88;84;2121;5;-28;6;-449;423;-2705;24751
48;4950;1648439;-90;87;2124;7;-26;8;-454;425;-2701;39088
48;4951;1648675;-88;88;2124;5;-27;5;-445;424;-2711;36320
48;4952;1648992;-92;90;2125;5;-29;5;-448;427;-2711;2647
48;4953;1649331;-86;88;2123;5;-27;7;-436;418;-2723;16599
48;4954;1649783;-89;84;2125;7;-26;8;-445;429;-2703;23138
48;4955;1650015;-95;86;2128;5;-26;7;-446;427;-2706;51472
48;4956;1650334;-80;59;2151;8;-27;-23;-444;425;-2719;26018
48;4957;1650653;-474;-389;17246;-110;-107;-219;-439;496;-2768;27971
48;4958;1650906;-364;-410;21777;52;-214;1073;-437;427;-2716;21255
48;4959;1651437;-648;-657;23359;-131;24;3725;-94;434;-2745;27452
48;4960;1651771;-442;-411;13211;-84;-55;5605;114;-51;-2718;61111
48;4961;1652006;-295;-139;1397;-124;-184;6205;-317;179;-2708;30682
48;4962;1652435;-135;-118;-1877;-186;-128;5735;-20;272;-2748;15189
48;4963;1652768;-110;-108;-1994;-124;35;5189;-86;-52;-2700;65441
48;4964;1653109;-160;-67;-1761;-72;-33;5016;-457;500;-2730;11487
48;4965;1653432;-186;-113;-1432;-102;-258;4920;17;293;-2747;562
48;4966;1653667;-145;-69;-1398;58;1;4348;125;-58;-2718;23180
48;4967;1653985;-66;-72;-1128;-283;-123;3960;-360;115;-2694;24840
48;4968;1654339;-34;-83;-1002;-80;-302;3948;-422;518;-2737;50319
48;4969;1654567;-75;-30;-917;-87;-73;3659;-119;457;-2735;48688
48;4970;1654884;-85;-83;-766;226;-96;3462;150;57;-2721;13907
48;4971;1655464;790;656;2463;41;594;-882;-403;98;-2679;42224
48;4972;1655782;-2940;-8809;-6012;13465;-10224;-1101;-187;750;-2075;47833
48;4973;1656099;6448;-32764;28169;-20864;-4961;-3430;-222;698;-1037;21402
48;4974;1656461;165;1380;2202;2965;6505;490;18;641;-1009;56282
48;4975;1656780;1078;-163;650;1510;-172;-958;-248;1052;-1577;31626
48;4976;1657117;-690;-273;-183;1341;-7251;-1894;-492;867;-1733;54781
48;4977;1657459;-198;141;616;-3461;3393;2005;-588;770;-2384;48864
48;4978;1657782;1626;-119;1198;-1287;-3119;1543;-340;419;-2630;58101
48;4979;1658010;-1052;330;1441;-67;556;3132;180;163;-2745;3519
48;4980;1658329;60;873;1793;666;173;3961;46;23;-2715;55559
48;4981;1658564;-604;-953;1995;-810;-1889;3434;-273;-260;-2459;8156
48;4982;1659009;-147;-652;2070;-812;-712;3958;-708;631;-2583;36520
48;4983;1659433;7;-655;2181;305;-874;5050;229;148;-2596;61424
48;4984;1659789;-929;-67;2212;-745;-565;6567;-84;-99;-2572;15053
48;4985;1660108;262;403;2161;-269;-28;6382;-467;544;-2690;18734
48;4986;1660433;26;-687;2364;25;-200;6709;-65;173;-2714;14126
48;4987;1660792;-510;-217;2308;-1417;-887;7133;-156;107;-2736;54228
48;4988;1661111;8;267;2325;-97;1368;6169;-332;361;-2697;28594
48;4989;1661430;212;-487;2324;1342;31;4936;-210;563;-2668;64052
48;4990;1661662;-315;-243;2322;147;-336;4532;209;295;-2586;53950
48;4991;1662004;-47;-416;2155;1266;-875;3352;417;-453;-2279;10845
48;4992;1662444;-96;-146;2323;-29;-1323;1104;-226;-450;-2354;55688
48;4993;1662762;119;-118;2411;40;-1831;-352;-294;-287;-2562;58708
48;4994;1662998;190;116;2321;983;188;-247;13;-110;-2653;63759
48;4995;1663443;142;-377;2544;412;-17;-602;-50;145;-2752;51729
48;4996;1663761;55;162;2290;117;1246;-564;-228;555;-2644;47631
48;4997;1664101;-72;203;2248;-1650;225;-1338;-736;278;-2395;40040
48;4998;1664445;-292;-268;2269;-515;-1215;-2326;-681;-503;-2237;28893
48;4999;1664763;-160;-170;2242;373;493;-1259;98;-309;-2455;38491
48;5000;1665097;153;-60;2473;-1789;14;-230;146;-156;-2585;50992
48;5001;1665450;94;47;2296;-436;445;639;-99;-101;-2678;15794
48;5002;1665815;-166;-318;2308;-386;-403;818;-188;-119;-2654;1653
48;5003;1666043;-97;-101;2369;-567;-415;1041;-145;-157;-2626;22230
48;5004;1666627;-67;-214;2059;-247;-421;1100;-225;-282;-2547;64009
48;5005;1666960;-23;-335;2269;141;-563;830;-305;-237;-2582;64918
48;5006;1667282;-7;-219;2269;-112;305;927;-319;-146;-2610;832
48;5007;1667625;75;-277;2145;184;-1498;602;-409;-72;-2665;35320
48;5008;1667853;-462;-494;2235;-840;-290;1133;-247;-124;-2635;52222
48;5009;1668171;-265;-9;2159;205;251;1207;-286;250;-2729;34905
48;5010;1668641;-106;-179;2216;-67;-575;263;-242;310;-2760;63707
48;5011;1668959;-170;-418;1975;-571;-750;86;-134;201;-2733;36682
48;5012;1669278;-254;-357;2274;-206;-430;777;44;162;-2719;41319
48;5013;1669617;-51;-512;2319;-72;-415;1558;151;-6;-2646;20217
48;5014;1669852;-37;-44;2360;435;-277;1807;145;12;-2675;24947
48;5015;1670170;-259;-252;2311;-964;-638;1339;35;-249;-2562;11656
48;5016;1670611;-226;-186;2254;781;-67;989;17;-349;-2493;29057
48;5017;1670952;-217;-49;2164;-473;-252;887;-168;-349;-2504;46705
48;5018;1671285;10;-59;2014;69;-5;1048;-226;-378;-2465;27980
48;5019;1671612;57;-223;2013;607;-279;1055;-410;-305;-2453;16848
48;5020;1671953;-4;-194;2220;126;1;984;-468;-179;-2550;41313
48;5021;1672181;-146;-233;2158;-532;-724;737;-508;-146;-2557;21615
48;5022;1672505;-2;-451;2112;342;-730;847;-427;-177;-2588;16420
48;5023;1672828;-203;-346;2355;48;-430;1118;-356;-44;-2658;5170
48;5024;1673079;-255;-291;2564;-341;236;1253;-338;16;-2665;63353
48;5025;1673610;-87;-184;2156;-239;-445;755;-334;287;-2742;12595
48;5026;1673948;-171;-388;2149;-1320;-568;676;-161;157;-2729;5741
48;5027;1674183;-130;113;2074;-252;-633;970;-14;104;-2714;49538
48;5028;1674503;-217;-81;1932;-268;-582;1455;134;-173;-2588;3756
48;5029;1674947;-342;-137;2351;-550;-1250;1991;26;-410;-2415;38454
48;5030;1675287;-101;-147;2227;-521;-1685;2232;-316;-426;-2315;3313
48;5031;1675607;-195;-232;2321;-125;-710;2450;-648;-103;-2401;21800
48;5032;1675835;42;22;2593;-506;36;2399;-743;247;-2504;54951
48;5033;1676157;77;-250;2300;-1168;-453;1577;-634;294;-2652;31036
48;5034;1676624;-305;16;2344;-35;-750;1034;-384;63;-2701;6996
48;5035;1676942;-35;-75;2270;263;-1682;918;-243;-73;-2665;30315
48;5036;1677260;-56;121;2285;404;-547;1305;-192;106;-2720;25265
48;5037;1677625;-92;-83;2269;-1035;351;1275;-206;-51;-2674;24729
48;5038;1677943;-251;-178;2261;-1253;-365;908;-331;-325;-2471;16864
48;5039;1678260;-190;-282;2183;-312;278;1100;-374;-394;-2347;53626
48;5040;1678618;-390;-224;2487;-135;535;844;-458;-245;-2457;14118
48;5041;1678937;-897;-50;2675;-771;-916;217;-499;-245;-2446;44537
48;5042;1679487;-83;-381;2341;589;-382;1700;-212;-355;-2485;22989
48;5043;1679722;175;-266;2250;278;-1043;2521;-324;-134;-2620;43556
48;5044;1680045;-195;-490;2163;-694;-1434;2940;-348;-60;-2662;54692
48;5045;1680277;-299;-340;2046;-1165;-1354;2947;-252;-137;-2645;16437
48;5046;1680596;-318;-391;2405;-893;-189;2841;-122;-395;-2436;47050
48;5047;1680939;-201;80;2350;-14;-1154;1915;-447;-256;-2455;54964
48;5048;1681166;27;-476;2499;734;-524;1540;-532;-162;-2485;61668
48;5049;1681592;-55;375;2352;4;-134;482;-611;111;-2597;64682
48;5050;1681952;-327;-37;2202;156;-648;-335;-580;-150;-2529;27396
48;5051;1682269;-302;-145;2310;263;-204;30;-279;-192;-2607;659
48;5052;1682593;-338;-137;2353;477;-706;940;-230;28;-2706;50786
48;5053;1682931;-151;-214;2326;209;-862;1863;-122;70;-2716;62098
48;5054;1683167;-169;-165;2521;350;-878;2075;-55;69;-2715;40354
48;5055;1683591;-271;-413;2640;-218;-221;1697;-56;-4;-2691;15937
48;5056;1683823;-148;-181;2170;-1286;-453;1066;-81;-124;-2635;9482
48;5057;1684165;-140;85;2230;-1240;-602;322;-58;-173;-2598;5167
48;5058;1684612;-324;-530;2206;-360;-767;-57;181;-287;-2448;41569
48;5059;1684930;-138;-388;2268;596;-683;847;340;-287;-2380;31263
48;5060;1685617;-422;-425;2191;10;-1060;1596;-192;-382;-2401;22121
48;5061;1685939;-604;-430;2141;-98;-669;1403;-374;-295;-2422;16351
48;5062;1686257;-447;-38;2189;927;552;1229;-483;28;-2551;10390
48;5063;1686615;-288;317;2354;-567;-1067;-87;-631;259;-2609;63712
48;5064;1686933;-804;259;2631;-499;-1362;-779;-549;71;-2641;45736
48;5065;1687270;-209;-85;2047;380;-1363;-363;-285;9;-2708;64456
48;5066;1687621;186;-539;2005;133;-561;1213;-51;-21;-2686;27778
48;5067;1687939;-191;-643;2354;-407;-286;1955;-117;104;-2722;45204
48;5068;1688272;-425;-211;2272;198;445;2024;-122;334;-2745;63191
48;5069;1688619;-344;-104;2275;-821;-215;898;-90;241;-2747;28027
48;5070;1688937;-280;-225;2228;-831;-366;13;-66;32;-2709;48462
48;5071;1689165;-364;-12;2294;25;-295;-432;-27;-3;-2691;58742
48;5072;1689590;-142;-276;2257;18;-668;-140;246;74;-2602;20198
48;5073;1689828;-357;-206;2314;133;-415;818;340;65;-2554;59918
48;5074;1690056;275;-368;2293;820;-973;1621;410;-93;-2365;53535
48;5075;1690481;56;-505;2427;455;169;2765;203;-474;-2300;45672
48;5076;1690944;-316;567;2503;385;-825;1263;-579;190;-2615;33869
48;5077;1691164;-87;12;2273;366;74;618;-523;189;-2651;49171
48;5078;1691589;-300;-58;2279;-1115;-1017;-905;-642;-119;-2510;26526
48;5079;1691817;-451;74;2369;-295;-220;-1051;-435;-253;-2523;37164
48;5080;1692053;157;-293;2269;395;691;-376;-167;-354;-2480;24537
48;5081;1692481;-278;-219;2332;99;15;1077;60;-165;-2612;43483
48;5082;1692709;308;-131;2178;439;457;1867;-47;-112;-2656;15045
48;5083;1693051;-251;-528;2479;993;729;2019;-328;121;-2674;41764
48;5084;1693605;-415;-142;2165;-1370;427;54;-363;537;-2659;43134
48;5085;1693923;-375;-397;2235;-1370;304;-770;-370;237;-2692;20514
48;5086;1694264;-194;-348;2165;-834;-607;-883;-281;69;-2715;494
48;5087;1694599;106;-324;2234;26;-220;436;-66;130;-2722;10555
48;5088;1694921;-150;-391;2237;30;23;1914;-23;169;-2707;53748
48;5089;1695496;-128;-305;2235;-399;-1390;2087;28;-104;-2621;60507
48;5090;1695814;-201;-418;2079;603;-988;1655;7;-374;-2459;6002
48;5091;1696253;-43;-128;2386;-692;-2;967;-247;-253;-2559;18822
48;5092;1696600;-185;-263;2253;-703;-240;250;-315;-372;-2451;7531
48;5093;1696918;-288;-74;2303;-665;-945;389;-244;-422;-2411;2703
48;5094;1697146;23;-244;2442;119;-1376;1056;-150;-475;-2339;43900
48;5095;1697594;-186;-484;2299;-48;-829;2634;-234;-279;-2511;35600
48;5096;1697932;-209;-290;2321;-315;-519;2767;-390;112;-2688;43779
48;5097;1698249;-284;20;2282;79;-128;2092;-277;360;-2736;9111
48;5098;1698598;-281;-263;2282;-1142;419;912;-170;95;-2723;36947
48;5099;1698826;-94;199;2134;-240;-412;138;-262;64;-2700;46221
48;5100;1699149;-259;-110;2176;-1039;-672;-656;-124;-199;-2600;26518
48;5101;1699468;-309;131;2268;-33;-479;-258;184;-69;-2602;28773
48;5102;1699719;352;-262;2094;1109;-783;662;322;-68;-2411;34025
48;5103;1700037;427;-229;2415;970;-30;2198;395;-201;-2422;46026
48;5104;1700588;-314;-216;2302;473;-974;1825;-406;-208;-2480;51896
48;5105;1700824;-511;-402;2474;-1178;-132;1374;-528;-138;-2454;47436
48;5106;1701142;-454;-169;2333;-938;-590;533;-626;-84;-2485;39191
48;5107;1701583;81;-428;2185;1058;-381;553;-385;-215;-2575;50456
48;5108;1701928;42;-65;2472;712;-939;708;-362;16;-2692;42597
48;5109;1702250;140;-108;2385;905;-251;1270;-196;104;-2711;977
48;5110;1702585;-98;10;2239;356;-808;1179;-169;127;-2717;43115
48;5111;1702908;250;-294;2008;887;-627;1327;107;-45;-2595;28864
48;5112;1703144;-237;-418;2474;198;-457;1385;118;-75;-2637;32598
48;5113;1703479;-199;-473;2358;-840;-980;1113;59;-239;-2513;9878
48;5114;1703797;-461;-497;2701;138;-681;1365;161;-411;-2359;62182
48;5115;1704259;48;-290;2193;67;-548;1301;-96;-436;-2367;17324
48;5116;1704587;15;-157;2241;436;-494;1029;-358;-281;-2467;56232
48;5117;1704906;76;-221;2269;501;-567;502;-504;-144;-2546;28347
48;5118;1705134;-354;-270;2149;-579;-617;78;-497;-129;-2548;36363
48;5119;1705480;-128;-575;2246;-240;-609;-4;-386;-232;-2546;20517
48;5120;1705802;-52;-301;2154;200;-347;524;-313;-111;-2632;49135
48;5121;1706030;-346;-430;2227;-1289;77;1001;-320;-154;-2567;33553
48;5122;1706584;233;-94;2197;185;-340;1675;-286;69;-2699;53666
48;5123;1706918;157;-361;2183;-473;-204;1511;-259;91;-2711;12062
48;5124;1707239;-114;-486;2244;-485;-474;1044;-119;0;-2691;49122
48;5125;1707582;-439;-275;2325;978;60;892;72;-29;-2685;63946
48;5126;1707810;-124;-478;2365;-222;-235;697;49;-12;-2654;45458
48;5127;1708132;-289;-376;2294;-637;-516;735;159;-132;-2565;25812
48;5128;1708595;-285;-128;2321;-255;-302;1262;267;-269;-2486;9828
48;5129;1708913;-74;73;2287;-349;-209;1395;21;-269;-2553;47503
48;5130;1709231;-268;-362;2210;-12;-468;1191;-147;-361;-2476;64948
48;5131;1709574;-434;-334;2247;-21;-548;1026;-97;-402;-2439;32561
48;5132;1709814;48;-395;2267;763;748;1366;-129;-386;-2440;60428
48;5133;1710131;-120;-265;2129;1147;712;1221;-384;-122;-2562;3126
48;5134;1710572;-327;-119;2248;-677;-1432;202;-511;-50;-2604;8260
48;5135;1710917;-22;-154;2349;-853;-675;584;-305;8;-2683;44376
48;5136;1711250;-126;-239;2220;-505;-225;1150;-263;59;-2689;35768
48;5137;1711569;-289;-259;2374;-779;-689;1467;-174;111;-2715;11938
48;5138;1711911;-79;-271;2162;107;-679;1661;138;-50;-2592;10509
48;5139;1712139;193;-294;2000;254;-1011;1665;235;-166;-2510;4914
48;5140;1712462;-23;-290;2239;865;121;1701;49;-156;-2623;57414
48;5141;1712781;-172;9;2284;-82;-152;431;-140;175;-2751;53832
48;5142;1713031;-116;240;2165;-970;177;-141;-105;102;-2726;10293
48;5143;1713570;-27;-19;2136;190;-83;-1069;196;-64;-2568;8557
48;5144;1713904;-123;-38;2096;-182;988;79;360;121;-2614;24574
48;5145;1714140;24;81;2203;310;93;609;240;126;-2625;9580
48;5146;1714459;26;-158;2037;-7;-938;889;126;-52;-2616;56259
48;5147;1714899;-190;-380;2184;-21;-185;1326;-32;-164;-2619;35398
48;5148;1715243;-366;-221;2156;-231;-282;1035;-97;-223;-2579;53694
48;5149;1715567;-237;-173;2209;-850;-42;1077;-163;-329;-2510;30061
48;5150;1715795;-40;-175;2246;213;-1296;850;-298;-362;-2462;49314
48;5151;1716117;-13;-391;2198;506;-1804;1303;-267;-417;-2402;7434
48;5152;1716580;113;-295;2488;262;-118;2047;-388;-13;-2655;52251
48;5153;1716902;86;-112;2380;199;-192;1456;-337;201;-2727;65441
48;5154;1717220;-92;-176;2290;-111;-224;899;-194;58;-2714;59467
48;5155;1717579;-82;-72;2328;931;-467;521;-21;22;-2676;48755
48;5156;1717900;-188;121;2296;-57;-327;694;83;88;-2690;27770
48;5157;1718218;-194;82;2300;130;-797;1217;171;-24;-2612;18972
48;5158;1718578;-71;-264;2109;-286;-1204;1959;282;-398;-2329;61312
48;5159;1718897;12;-364;2131;-889;-529;2175;4;-526;-2267;15062
48;5160;1719443;110;-114;2206;883;-301;642;-665;-5;-2521;22397
48;5161;1719678;-39;9;2325;624;-804;-652;-673;179;-2600;40382
48;5162;1719996;-72;-118;2258;-6;-375;-1631;-559;16;-2616;28230
48;5163;1720224;-244;-443;2301;214;-347;-1947;-431;-173;-2599;7928
48;5164;1720551;33;-351;2324;374;-746;-1266;-85;-158;-2607;2297
48;5165;1720899;237;-113;2279;925;-417;713;182;-12;-2614;7558
48;5166;1721127;-36;-108;2209;-221;503;2044;199;-82;-2637;15016
48;5167;1721556;-243;-160;2161;-442;-578;2677;-234;-119;-2624;37567
48;5168;1721923;-185;58;2038;-214;-842;2194;-403;73;-2672;6019
48;5169;1722241;-212;229;2079;134;-513;1510;-444;294;-2692;49240
48;5170;1722560;-172;-166;2046;130;-55;835;-301;130;-2715;34234
48;5171;1722894;-199;-105;2354;-179;-191;27;-176;91;-2733;53976
48;5172;1723132;-251;-432;2270;-53;26;-210;-55;-46;-2697;62661
48;5173;1723557;-64;-189;2105;540;-474;424;231;96;-2631;47380
48;5174;1723785;-433;-94;2257;212;3;1184;252;70;-2665;60191
48;5175;1724132;-101;-164;2348;547;126;2053;230;-104;-2598;51167
48;5176;1724451;-101;-463;2571;185;-27;1945;40;-262;-2546;24306
48;5177;1724683;-7257;-4145;31540;-6478;13196;5114;-148;-365;-2364;1469
48;5178;1725001;-1318;-671;-1904;1214;824;4909;62;-369;-1073;41427
48;5179;1725570;276;-1029;-1638;-31;-19;-58;-12;-463;-1152;30802
48;5180;1725892;268;-1060;-1654;7;-24;4;7;-458;-1153;30025
48;5181;1726210;270;-1063;-1660;5;-25;8;10;-460;-1143;35232
48;5182;1726574;93;-1049;-1667;8;-23;12;-5;-470;-1146;20101
48;5183;1726893;261;-1057;-1644;7;-25;11;7;-465;-1151;37000
48;5184;1727225;271;-1057;-1660;3;-27;1;-5;-467;-1151;25895
48;5185;1727570;270;-1058;-1660;6;-26;3;7;-458;-1146;33443
48;5186;1727888;269;-1057;-1661;5;-27;5;-11;-457;-1144;17164
48;5187;1728221;269;-1063;-1659;4;-27;6;-6;-462;-1150;52485
48;5188;1728570;269;-1060;-1658;5;-26;8;3;-458;-1148;42601
48;5189;1728889;267;-1059;-1660;4;-27;7;2;-465;-1159;55865
48;5190;1729117;268;-1057;-1660;5;-26;6;11;-466;-1153;61902
48;5191;1729545;272;-1060;-1658;5;-26;7;-5;-462;-1150;34198
48;5192;1729781;270;-1063;-1658;6;-26;6;-2;-461;-1158;12147
48;5193;1730009;272;-1057;-1660;5;-25;5;15;-458;-1148;52051
48;5194;1730434;268;-1061;-1660;4;-28;6;9;-457;-1157;22732
48;5195;1730896;-3;-1019;-1133;4;-27;5;4;-453;-1149;57296
48;5196;1731214;194;-1039;-1639;5;-27;6;-5;-466;-1148;59418
48;5197;1731542;268;-1059;-1658;5;-27;4;0;-452;-1150;36894
48;5198;1731774;267;-1058;-1659;2;-28;2;2;-456;-1147;35607
48;5199;1732010;269;-1059;-1659;5;-26;8;9;-452;-1148;59027
48;5200;1732440;271;-1061;-1662;5;-27;5;1;-459;-1150;41071
48;5201;1732668;272;-1062;-1657;4;-25;6;13;-456;-1148;38669
48;5202;1733008;155;-1016;-1450;6;-24;5;15;-455;-1136;4086
48;5203;1733555;270;-1058;-1662;6;-26;7;6;-458;-1142;3014
48;5204;1733873;271;-1062;-1660;7;-24;9;-14;-465;-1134;63753
48;5205;1734218;268;-1060;-1661;6;-23;8;2;-466;-1158;20450
48;5206;1734557;268;-1062;-1659;6;-25;7;-5;-458;-1158;14030
48;5207;1734875;268;-1061;-1657;6;-25;7;2;-466;-1144;22592
48;5208;1735231;271;-1059;-1660;6;-23;8;5;-467;-1141;50956
48;5209;1735551;270;-1058;-1659;5;-25;7;8;-466;-1137;28492
48;5210;1735869;273;-1061;-1660;6;-23;7;1;-465;-1144;45262
48;5211;1736206;270;-1060;-1660;6;-26;7;-10;-467;-1149;6333
48;5212;1736549;270;-1062;-1662;5;-25;7;0;-462;-1145;64263
48;5213;1736867;269;-1063;-1660;6;-26;7;3;-465;-1141;38670
48;5214;1737103;256;-1059;-1663;5;-24;6;5;-452;-1144;23596
48;5215;1737553;242;-1055;-1653;6;-23;9;-7;-469;-1145;7044
48;5216;1737887;269;-1060;-1661;6;-26;6;-23;-452;-1142;42627
48;5217;1738205;268;-1060;-1660;5;-24;6;4;-459;-1150;5066
48;5218;1738547;269;-1059;-1659;8;-25;8;4;-458;-1152;54609
48;5219;1738775;272;-1062;-1657;5;-25;6;-2;-461;-1137;7777
48;5220;1739093;270;-1062;-1660;5;-26;5;-10;-455;-1145;34259
48;5221;1739412;271;-1061;-1658;5;-28;6;9;-460;-1139;48777
48;5222;1739667;271;-1061;-1660;5;-24;8;5;-461;-1141;23702
48;5223;1739888;270;-1063;-1660;4;-26;5;8;-457;-1155;12407
48;5224;1740206;270;-1064;-1661;6;-26;8;11;-456;-1155;43720
48;5225;1740541;272;-1063;-1661;7;-26;8;-6;-465;-1143;40605
48;5226;1740776;267;-1065;-1661;6;-27;7;6;-458;-1144;50948
48;5227;1741095;271;-1059;-1659;5;-24;6;-3;-461;-1156;17957
48;5228;1741536;230;-1039;-1583;5;-27;6;4;-463;-1143;58922
48;5229;1741876;250;-1063;-1658;6;-28;5;9;-467;-1153;16481
48;5230;1742199;267;-1061;-1659;5;-26;6;1;-459;-1163;63124
48;5231;1742542;267;-1060;-1660;4;-26;5;4;-466;-1157;19681
48;5232;1742859;273;-1061;-1657;5;-26;5;5;-470;-1159;27517
48;5233;1743095;267;-1060;-1658;7;-25;7;12;-457;-1158;9228
48;5234;1743434;77;-1045;-1663;7;-25;6;-8;-457;-1141;783
48;5235;1743752;248;-1058;-1646;6;-25;7;4;-467;-1128;4842
48;5236;1744214;272;-1063;-1659;3;-25;4;9;-460;-1144;3782
48;5237;1744534;273;-1063;-1660;7;-25;9;2;-461;-1143;18799
48;5238;1744856;273;-1065;-1656;6;-25;7;3;-453;-1154;8757
48;5239;1745084;275;-1061;-1660;5;-28;4;9;-463;-1157;21155
48;5240;1745429;268;-1064;-1662;6;-26;7;13;-465;-1160;52765
48;5241;1745748;271;-1061;-1661;4;-25;6;2;-460;-1158;36753
48;5242;1745976;268;-1065;-1659;4;-27;6;-6;-453;-1147;52361
48;5243;1746534;271;-1063;-1659;3;-27;3;0;-461;-1150;51957
48;5244;1746872;273;-1066;-1660;5;-24;7;-2;-468;-1154;13795
48;5245;1747190;269;-1063;-1657;5;-24;6;13;-453;-1147;62209
48;5246;1747535;267;-1065;-1658;5;-25;7;-12;-465;-1155;15578
48;5247;1747763;134;-1014;-1518;5;-28;4;19;-448;-1144;26402
48;5248;1748081;-81;-1057;-1221;6;-26;8;15;-454;-1150;46158
48;5249;1748552;270;-1063;-1656;4;-26;5;6;-458;-1147;29923
48;5250;1748870;271;-1061;-1660;7;-25;9;-15;-452;-1150;39448
48;5251;1749188;275;-1066;-1658;5;-26;8;10;-457;-1155;60513
48;5252;1749523;270;-1064;-1657;5;-27;6;-2;-457;-1161;46587
48;5253;1749758;86;-1054;-1653;7;-25;8;-8;-467;-1145;29228
48;5254;1750080;268;-1064;-1656;6;-28;7;8;-465;-1151;65065
48;5255;1750520;272;-1062;-1661;5;-26;4;8;-457;-1153;18269
48;5256;1750861;271;-1064;-1660;5;-27;6;18;-468;-1152;4549
48;5257;1751202;270;-1061;-1657;5;-25;7;10;-463;-1141;20291
48;5258;1751522;269;-1064;-1657;5;-25;7;3;-460;-1147;10621
48;5259;1751863;270;-1066;-1658;7;-23;9;3;-460;-1153;19083
48;5260;1752091;269;-1062;-1655;4;-26;6;1;-459;-1146;33092
48;5261;1752410;268;-1062;-1661;6;-28;7;0;-470;-1152;35159
48;5262;1752733;271;-1066;-1655;3;-27;6;8;-468;-1156;5699
48;5263;1752984;268;-1063;-1658;4;-27;5;8;-461;-1147;31236
48;5264;1753518;270;-1061;-1658;4;-27;5;-9;-456;-1145;61754
48;5265;1753852;265;-1066;-1659;7;-23;9;7;-465;-1151;34754
48;5266;1754093;-153;-1036;-1103;7;-24;7;2;-469;-1151;14773
48;5267;1754412;246;-1066;-1653;5;-24;6;16;-472;-1151;60348
48;5268;1754856;270;-1061;-1657;5;-28;6;7;-472;-1159;45635
48;5269;1755197;270;-1066;-1660;6;-26;7;-2;-462;-1169;65390
48;5270;1755520;268;-1065;-1657;6;-26;8;-11;-471;-1149;5402
48;5271;1755748;270;-1065;-1660;5;-25;7;-8;-468;-1157;18583
48;5272;1756067;155;-1054;-1658;7;-27;10;4;-462;-1145;53676
48;5273;1756529;270;-1062;-1658;3;-28;5;-11;-465;-1149;39402
48;5274;1756851;269;-1064;-1661;6;-27;6;-2;-464;-1161;42507
48;5275;1757170;269;-1064;-1658;6;-23;9;-6;-475;-1157;41002
48;5276;1757527;272;-1065;-1658;5;-25;7;-6;-460;-1154;59599
48;5277;1757845;270;-1063;-1660;5;-23;7;1;-465;-1157;59912
48;5278;1758167;169;-1059;-1652;6;-27;7;-8;-463;-1143;23569
48;5279;1758527;265;-994;-1666;9;-22;19;-15;-452;-1147;26813
48;5280;1758846;201;-1001;-1503;3;-23;6;11;-466;-1134;42815
48;5281;1759396;269;-1064;-1657;4;-25;6;-4;-460;-1158;31550
48;5282;1759633;270;-1065;-1657;3;-29;4;5;-455;-1147;135
48;5283;1759955;268;-1065;-1657;6;-24;6;14;-457;-1138;24727
48;5284;1760183;267;-1066;-1659;7;-24;6;-4;-458;-1143;10984
48;5285;1760507;266;-1058;-1657;6;-28;8;17;-466;-1148;8787
48;5286;1760847;269;-1063;-1654;5;-26;6;3;-453;-1154;28777
48;5287;1761075;266;-1065;-1658;6;-26;8;8;-450;-1149;57118
48;5288;1761500;268;-1068;-1658;7;-26;8;4;-457;-1151;34924
48;5289;1761857;270;-1064;-1659;8;-23;9;-4;-455;-1161;42001
48;5290;1762179;273;-1062;-1657;5;-28;4;13;-462;-1149;23948
48;5291;1762499;269;-1068;-1659;4;-26;5;5;-468;-1146;46072
48;5292;1762837;268;-1064;-1658;5;-28;5;14;-454;-1160;56620
48;5293;1763072;270;-1066;-1659;5;-26;5;4;-457;-1153;7233
48;5294;1763500;269;-1065;-1660;7;-25;9;-9;-456;-1158;12207
48;5295;1763728;265;-1067;-1657;6;-24;7;-7;-463;-1162;9042
48;5296;1764070;267;-1063;-1659;4;-31;8;-4;-455;-1147;46058
48;5297;1764393;269;-1064;-1658;8;-26;8;-9;-464;-1154;43217
48;5298;1764621;154;-991;-1492;8;-30;8;5;-467;-1151;59501
48;5299;1764939;-38;-1056;-1313;4;-29;6;2;-461;-1131;6979
48;5300;1765512;266;-1064;-1659;5;-23;5;7;-464;-1152;19273
48;5301;1765834;265;-1062;-1657;4;-27;6;6;-459;-1158;14366
48;5302;1766156;266;-1064;-1659;5;-24;5;0;-461;-1158;38514
48;5303;1766514;269;-1065;-1657;6;-28;7;14;-458;-1150;15574
48;5304;1766832;264;-1065;-1657;5;-26;5;15;-463;-1150;12487
48;5305;1767165;267;-1063;-1661;4;-29;6;2;-469;-1153;21972
48;5306;1767508;268;-1066;-1659;4;-28;4;17;-457;-1165;10490
48;5307;1767826;268;-1064;-1659;5;-27;6;16;-472;-1172;29245
48;5308;1768159;269;-1063;-1659;7;-26;8;6;-450;-1157;39153
48;5309;1768509;266;-1066;-1662;5;-27;4;-9;-466;-1151;39699
48;5310;1768828;267;-1067;-1656;6;-25;6;-6;-462;-1155;45694
48;5311;1769056;266;-1066;-1658;6;-26;8;-4;-467;-1152;33267
48;5312;1769480;271;-1069;-1659;5;-27;6;3;-462;-1159;62418
48;5313;1769716;268;-1066;-1660;5;-26;7;2;-462;-1149;39236
48;5314;1769948;269;-1064;-1655;4;-27;6;-5;-452;-1163;188
48;5315;1770377;271;-1065;-1655;6;-27;9;0;-460;-1159;45209
48;5316;1770839;268;-1061;-1656;5;-27;6;-3;-457;-1158;25851
48;5317;1771161;266;-1045;-1654;5;-30;6;4;-475;-1157;47507
48;5318;1771484;267;-1067;-1658;6;-24;6;-4;-459;-1152;64495
48;5319;1771712;267;-1062;-1657;6;-27;6;1;-460;-1166;17081
48;5320;1771948;266;-1068;-1663;7;-27;7;-7;-456;-1161;58418
48;5321;1772373;270;-1066;-1661;6;-27;6;-7;-461;-1154;17806
48;5322;1772601;266;-1067;-1662;6;-28;7;1;-461;-1170;56609
48;5323;1772942;262;-1055;-1652;6;-26;7;0;-468;-1161;43523
48;5324;1773493;269;-1066;-1656;4;-29;3;-4;-459;-1151;61550
48;5325;1773815;267;-1066;-1658;6;-29;7;-13;-453;-1145;42284
48;5326;1774054;269;-1066;-1659;4;-27;7;1;-460;-1157;49986
48;5327;1774495;268;-1066;-1661;4;-26;4;-17;-457;-1162;16414
48;5328;1774814;268;-1066;-1659;4;-27;5;-10;-462;-1159;40729
48;5329;1775170;85;-1004;-1391;4;-24;6;3;-465;-1147;443
48;5330;1775493;237;-1053;-1618;7;-28;6;10;-467;-1145;15688
48;5331;1775812;-12;-257;-1611;-536;-133;508;7;-457;-1141;54968
48;5332;1776145;-26;-923;-1771;-145;5;-38;-143;-428;-1068;53200
48;5333;1776492;-30;-944;-1749;2;-17;-4;-145;-431;-1072;1261
48;5334;1776811;-38;-951;-1750;13;-28;6;-143;-428;-1081;4202
48;5335;1777047;-25;-955;-1742;13;-26;-3;-145;-422;-1087;58502
48;5336;1777494;-448;-1066;-1737;-242;-387;712;-172;-432;-1082;46477
48;5337;1777828;28;-547;-1912;-240;38;-577;-194;-186;-899;61755
48;5338;1778146;112;-995;-1977;-337;369;-1639;-110;-235;-960;29388
48;5339;1778488;1109;-1563;-1962;2156;-15;-1380;293;-148;-1017;9133
48;5340;1778716;279;-1399;-332;2661;-1793;-1508;287;-483;-1364;56346
48;5341;1779039;1117;-2057;737;751;-509;485;102;-648;-1840;64083
48;5342;1779362;596;-1310;1205;803;-368;-383;90;-497;-2157;39962
48;5343;1779613;-174;-858;2125;619;215;-334;172;-464;-2325;27798
48;5344;1779931;454;-1222;1479;918;-949;587;-78;-512;-2251;61705
48;5345;1780477;150;-1135;1579;-689;279;-258;-174;-465;-2346;15391
48;5346;1780715;-365;-1416;1666;30;135;508;-191;-504;-2266;16729
48;5347;1781033;-427;-1509;1483;-159;23;80;-285;-540;-2206;46634
48;5348;1781481;-498;-1330;1630;66;-31;239;-308;-535;-2217;55958
48;5349;1781822;-532;-1307;1550;-6;-65;144;-326;-546;-2189;20873
48;5350;1782144;-1110;-1330;1236;-1446;-1165;2210;-461;-423;-2132;12061
48;5351;1782479;-1082;-1169;1731;-88;10;873;-763;-119;-2267;14338
48;5352;1782797;-1098;-1125;1294;306;1530;-2566;-802;-292;-2117;7490
48;5353;1783033;-582;-2418;1093;-808;20;-259;-556;-638;-1809;42530
48;5354;1783367;-397;-1748;1154;974;-10;141;-275;-612;-2012;21797
48;5355;1783686;-158;-1402;1427;84;190;-437;-217;-561;-2174;17326
48;5356;1784156;-164;-1215;1308;-224;-104;89;-247;-553;-2203;439
48;5357;1784475;-175;-1412;1494;171;-882;1047;-249;-582;-2135;39248
48;5358;1784797;-432;-1907;1380;-298;-381;480;-289;-515;-2215;49319
48;5359;1785025;-466;-1117;1490;217;-385;600;-380;-456;-2284;35298
48;5360;1785368;-528;-1316;1346;-507;-471;591;-456;-435;-2281;15369
48;5361;1785686;-87;-1592;1437;66;-734;461;-430;-449;-2296;52430
48;5362;1785914;485;-1542;1019;-465;-728;218;-369;-462;-2297;64975
48;5363;1786472;-4;-1789;1050;198;-668;515;-415;-459;-2272;18860
48;5364;1786810;-360;-1622;989;-271;-900;349;-426;-387;-2363;46176
48;5365;1787037;-412;-2053;930;345;-986;184;-356;-376;-2423;12639
48;5366;1787484;-88;-1357;1357;-181;-572;-93;-264;-269;-2536;3221
48;5367;1787712;-161;-1723;1211;53;-314;165;-201;-302;-2527;15961
48;5368;1788034;69;-1887;1030;67;67;177;-153;-348;-2496;37222
48;5369;1788497;170;-1829;1013;-270;-213;2;-174;-376;-2453;59622
48;5370;1788815;208;-1902;1074;115;-214;156;-153;-382;-2441;8660
48;5371;1789134;104;-1885;939;-248;167;-695;-120;-383;-2455;15832
48;5372;1789472;89;-1886;1043;-291;1313;49;-87;-406;-2429;24130
48;5373;1789711;-318;-2288;611;-586;1279;-1567;-237;-507;-2259;22071
48;5374;1790029;19;-1946;990;526;305;21;-244;-466;-2309;56333
48;5375;1790469;-33;-1782;763;210;-604;1210;-363;-278;-2493;35810
48;5376;1790811;-892;-1793;1008;-822;65;277;-556;-177;-2466;7004
48;5377;1791144;-1046;-1524;1106;-211;-245;152;-613;-155;-2469;3023
48;5378;1791468;-862;-1134;842;-579;661;-973;-576;-125;-2459;7024
48;5379;1791809;-949;-1377;1087;119;-102;-88;-611;-162;-2461;13413
48;5380;1792044;-1089;-1521;1105;-179;-63;-107;-601;-178;-2458;1324
48;5381;1792367;-1067;-1438;1174;62;1;-49;-581;-178;-2464;47073
48;5382;1792686;-996;-1431;1193;103;-42;-87;-572;-174;-2471;53987
48;5383;1792937;-1001;-1422;1210;37;-98;0;-549;-157;-2488;27974
48;5384;1793468;-313;-1583;1266;142;-138;-70;-347;-292;-2507;22100
48;5385;1793802;-205;-1640;1183;-171;-56;-164;-312;-308;-2482;26589
48;5386;1794037;-230;-1478;1097;-85;-41;161;-283;-327;-2490;12133
48;5387;1794357;45;-2084;908;-69;-556;319;-289;-388;-2431;57466
48;5388;1794801;-44;-1678;1073;-103;14;303;-198;-395;-2444;47083
48;5389;1795145;1;-1995;897;-262;95;74;-215;-422;-2414;17750
48;5390;1795469;34;-1903;865;301;48;314;-247;-406;-2418;24826
48;5391;1795697;-64;-1783;1007;-307;-130;-298;-309;-395;-2432;52696
48;5392;1796015;-130;-1909;908;46;-60;53;-251;-421;-2390;42048
48;5393;1796478;-279;-1830;906;-71;-45;26;-279;-382;-2425;49559
48;5394;1796796;-85;-1726;1057;94;111;-443;-249;-387;-2447;32206
48;5395;1797114;-432;-1668;1054;-137;148;53;-249;-370;-2425;42775
48;5396;1797479;-284;-1778;1102;-191;-103;-92;-299;-436;-2356;18190
48;5397;1797801;517;-2445;704;-534;883;-20;-311;-472;-2297;49923
48;5398;1798118;-147;-2128;588;495;734;10;-385;-462;-2261;46362
48;5399;1798477;-158;-1638;1260;114;-119;193;-390;-435;-2304;46964
48;5400;1798796;-304;-2074;726;-131;-96;73;-385;-401;-2341;41768
48;5401;1799346;-211;-1695;1156;-56;158;18;-372;-414;-2337;4105
48;5402;1799581;250;-2714;804;-937;309;-8;-366;-482;-2285;34605
48;5403;1799904;14;-1877;701;175;-33;341;-335;-487;-2265;20197
48;5404;1800132;-76;-1795;903;-117;-456;56;-355;-523;-2202;29337
48;5405;1800455;-276;-1912;204;9;-194;-552;-409;-507;-2156;47285
48;5406;1800796;-39;-1767;684;97;422;135;-419;-519;-2149;6921
48;5407;1801024;-413;-1838;598;469;2024;567;-459;-492;-2073;45778
48;5408;1801449;-512;-1884;351;33;666;-234;-646;-494;-1729;41662
48;5409;1801805;-560;-1963;546;57;966;-20;-635;-500;-1679;50407
48;5410;1802123;-184;-1671;-57;349;865;-450;-554;-548;-1538;64817
48;5411;1802453;-410;-1815;67;545;843;-129;-474;-597;-1604;36722
48;5412;1802787;-249;-1942;391;28;543;-183;-421;-622;-1629;61952
48;5413;1803040;-1069;-1897;308;259;110;288;-355;-612;-1571;23353
48;5414;1803464;-879;-1935;451;160;-3;-11;-415;-605;-1594;63003
48;5415;1803692;-544;-1996;579;-188;-137;-164;-396;-607;-1541;59806
48;5416;1804034;-561;-1991;124;61;339;-157;-317;-632;-1533;7693
48;5417;1804353;-708;-1952;170;27;207;331;-247;-643;-1598;62820
48;5418;1804581;-552;-2107;273;-650;-326;-291;-241;-623;-1527;62128
48;5419;1804899;-214;-1941;585;76;-685;-224;-311;-631;-1572;17845
48;5420;1805478;348;-1791;111;54;249;-1105;-379;-623;-1656;25071
48;5421;1805795;12;-2052;324;-209;758;-521;-172;-654;-1647;36214
48;5422;1806113;-229;-1847;718;369;-160;100;-130;-658;-1659;9835
48;5423;1806471;82;-2036;762;-44;65;82;-159;-662;-1667;25158
48;5424;1806789;-151;-1984;516;-56;90;-235;-175;-657;-1673;442
48;5425;1807126;-144;-2007;417;25;292;-31;-96;-666;-1683;38099
48;5426;1807468;-47;-2226;332;28;436;-398;-3;-647;-1692;22001
48;5427;1807787;160;-1931;580;-24;374;-138;107;-615;-1789;6092
48;5428;1808124;267;-2181;809;76;410;-17;113;-625;-1855;1972
48;5429;1808474;262;-1843;568;-6;321;-231;156;-586;-1903;5424
48;5430;1808792;352;-1841;683;-183;-115;-21;150;-593;-1885;20693
48;5431;1809020;263;-2054;576;45;257;286;146;-608;-1844;29364
48;5432;1809445;-5;-1968;649;142;-263;23;133;-599;-1913;3215
48;5433;1809680;-145;-1745;762;38;-158;-245;101;-608;-1943;43159
48;5434;1809908;-274;-1803;871;71;264;34;79;-623;-1948;42301
48;5435;1810337;-268;-1756;927;-37;113;75;19;-606;-2036;44262
48;5436;1810803;-308;-1892;913;93;-239;120;2;-611;-2029;37260
48;5437;1811126;-184;-1802;951;-262;-286;92;11;-620;-1967;4015
48;5438;1811445;-310;-2166;849;-596;-489;-59;22;-643;-1819;34757
48;5439;1811673;330;-1655;369;-259;-290;-947;107;-603;-1700;5888
48;5440;1811908;308;-1933;379;-5;177;223;182;-614;-1701;2336
48;5441;1812334;365;-1931;327;260;85;-827;224;-517;-1659;15888
48;5442;1812562;1147;-1961;80;-349;-310;-804;386;-436;-1626;24469
48;5443;1812903;1568;-1513;22;118;163;-339;518;-286;-1563;27332
48;5444;1813458;700;-1888;129;74;-1778;3193;572;-445;-1590;64370
48;5445;1813780;604;-1815;-402;223;124;-283;139;-533;-1333;28127
48;5446;1814121;143;-1820;268;1033;726;258;158;-611;-1718;52280
48;5447;1814459;-30;-1868;864;169;316;17;128;-612;-1914;25453
48;5448;1814778;-264;-1988;771;-4;28;16;6;-622;-1955;34291
48;5449;1815134;-152;-1857;965;133;296;-209;-44;-619;-2023;64806
48;5450;1815453;-187;-2158;888;-109;303;-174;24;-607;-2020;25710
48;5451;1815776;-167;-1864;882;295;214;85;45;-589;-2079;27860
48;5452;1816109;-238;-1910;830;-27;100;-37;16;-582;-2089;51047
48;5453;1816454;-182;-1908;865;131;-328;93;37;-594;-2074;33721
48;5454;1816772;-242;-1985;965;-69;-320;216;71;-606;-2024;10819
48;5455;1817000;-78;-1919;824;2;-315;122;41;-613;-1996;17221
48;5456;1817448;-24;-2001;852;264;-197;83;39;-601;-1982;33282
48;5457;1817782;-74;-1796;975;132;-8;232;74;-598;-2030;1035
48;5458;1818100;148;-1812;957;-112;98;-169;57;-596;-2021;17202
48;5459;1818451;-115;-1830;931;-9;51;-31;52;-597;-2031;55538
48;5460;1818679;-69;-1903;970;39;66;108;58;-599;-2028;39473
48;5461;1819001;-213;-1975;932;-26;87;181;69;-595;-2014;27470
48;5462;1819324;-270;-1581;1104;309;-239;423;11;-584;-2117;32656
48;5463;1819576;-322;-1771;1182;76;-139;68;-35;-573;-2138;57544
48;5464;1819894;-407;-1514;1350;435;-34;295;-63;-539;-2222;53907
48;5465;1820441;-401;-1936;1103;-319;-191;22;-157;-583;-2139;11659
48;5466;1820677;-541;-1654;1164;-7;4;-114;-147;-582;-2152;31606
48;5467;1820999;-706;-1587;755;-373;642;-254;-159;-601;-2090;59409
48;5468;1821439;-235;-2081;299;-531;900;-136;-105;-662;-1778;35770
48;5469;1821785;-949;-2429;712;1213;1167;228;-53;-649;-1900;5166
48;5470;1822107;-138;-993;75;384;372;297;-100;-515;-2278;14486
48;5471;1822441;-17;-2361;531;-819;-643;-1137;-93;-594;-2039;53355
48;5472;1822760;-229;-2122;423;345;53;516;181;-566;-1998;52145
48;5473;1822995;-148;-2050;271;293;-307;146;171;-574;-1967;17365
48;5474;1823330;-81;-1925;592;120;-337;140;131;-582;-2025;34907
48;5475;1823652;-117;-1831;738;144;-376;569;134;-589;-2035;24752
48;5476;1824115;-42;-2059;730;-92;-397;223;64;-608;-2000;18264
48;5477;1824442;94;-1991;578;-164;-175;99;76;-621;-1968;7968
48;5478;1824761;110;-2274;607;129;597;-163;26;-625;-1958;7563
48;5479;1824989;88;-2052;397;99;1009;-460;28;-602;-2048;26587
48;5480;1825331;-124;-2276;386;50;542;-160;53;-554;-2125;15778
48;5481;1825653;-216;-1845;713;89;990;377;48;-545;-2176;16127
48;5482;1825881;-603;-2194;1002;-306;301;-379;-65;-557;-2187;3965
48;5483;1826439;-220;-1647;333;-164;-253;-406;-141;-510;-2305;18312
48;5484;1826773;23;-2175;512;114;-1748;819;-19;-498;-2264;40955
48;5485;1827097;46;-1899;419;206;-911;698;131;-524;-2160;32985
48;5486;1827452;122;-2100;848;-230;693;-277;104;-568;-2116;25446
48;5487;1827680;-297;-1504;916;596;833;-390;33;-512;-2242;46908
48;5488;1827998;191;-1841;620;283;1146;-355;-60;-483;-2329;28495
48;5489;1828461;-311;-1900;609;94;987;-160;-227;-438;-2359;9182
48;5490;1828783;-385;-2084;289;-122;806;-31;-282;-511;-2248;36415
48;5491;1829102;-113;-1551;342;-899;1147;-563;-401;-540;-2058;5976
48;5492;1829440;-200;-2998;-307;380;292;578;-459;-587;-1781;33355
48;5493;1829678;-109;-1953;91;91;719;-370;-558;-553;-1828;18026
48;5494;1829996;-326;-1918;103;68;-298;-467;-562;-546;-1930;17883
48;5495;1830441;-77;-1663;197;290;-870;104;-462;-584;-1947;29092
48;5496;1830781;131;-2698;721;43;589;-295;-461;-578;-1973;34195
48;5497;1831115;-303;-1441;386;375;84;105;-434;-505;-2099;46866
48;5498;1831438;-358;-2449;465;119;-158;-226;-480;-488;-2158;5450
48;5499;1831779;-8;-1363;751;270;-252;345;-490;-468;-2184;54685
48;5500;1832007;253;-2236;905;168;142;-135;-453;-488;-2188;4020
48;5501;1832330;-378;-1494;660;-437;156;-351;-495;-431;-2208;62975
48;5502;1832649;-917;-2111;841;231;-25;241;-585;-393;-2204;45214
48;5503;1832900;-950;-1732;581;-333;110;337;-632;-385;-2169;26284
48;5504;1833434;-908;-3290;345;-168;621;-512;-628;-488;-1923;18285
48;5505;1833768;-613;-1500;521;932;97;-39;-565;-471;-2126;48012
48;5506;1834004;-628;-1802;1009;-884;-392;721;-536;-383;-2241;56428
48;5507;1834328;-427;-1754;491;4;-443;394;-509;-490;-2114;7507
48;5508;1834768;-316;-2485;695;846;795;-590;-466;-511;-2124;804
48;5509;1835113;-347;-1311;627;252;-128;138;-517;-441;-2237;51515
48;5510;1835437;-74;-1975;547;-482;-526;62;-513;-531;-2081;7495
48;5511;1835665;-166;-1548;503;394;-257;-51;-463;-521;-2116;41435
48;5512;1835983;-311;-3508;945;-293;1131;-170;-484;-487;-2111;7819
48;5513;1836446;56;-1888;1046;-869;-226;161;-449;-421;-2322;15376
48;5514;1836667;-668;-2782;135;-1020;-391;-98;-403;-556;-2122;13192
48;5515;1836985;160;-2338;935;36;141;599;-469;-481;-2109;7100
48;5516;1837452;-22;-1153;276;78;-226;-1059;-520;-462;-2247;14259
48;5517;1837770;-480;-1675;798;-475;-422;1559;-305;-529;-2167;14805
48;5518;1838088;233;-1812;274;983;-1069;1067;-346;-587;-2041;35157
48;5519;1838446;353;-2831;847;778;1423;-502;-389;-532;-2115;48432
48;5520;1838763;-172;-785;479;482;-47;-261;-489;-411;-2281;49209
48;5521;1839314;46;-1409;306;-274;-535;-393;-443;-592;-1905;15415
48;5522;1839550;569;-2517;128;149;164;-19;-334;-633;-1872;27355
48;5523;1839868;-247;-1915;-90;763;968;590;-324;-622;-1896;2199
48;5524;1840100;-211;-1762;309;836;-67;291;-386;-554;-2046;28445
48;5525;1840419;11;-1591;289;-688;-401;-899;-429;-579;-2032;317
48;5526;1840764;-432;-2252;576;-30;-247;202;-377;-604;-1914;62120
48;5527;1840992;566;-3354;-428;350;1004;-334;-395;-608;-1953;33670
48;5528;1841421;-262;-1870;114;260;-237;185;-421;-529;-2139;37969
48;5529;1841778;229;-1567;389;-616;-760;381;-410;-583;-2016;48880
48;5530;1842100;423;-2758;951;1325;595;-796;-418;-566;-2104;52253
48;5531;1842420;-100;-1249;520;490;-55;932;-345;-455;-2304;6969
48;5532;1842758;-368;-2321;555;-948;-639;-603;-429;-481;-2219;26059
48;5533;1842993;444;-1008;729;-349;-235;664;-401;-507;-2180;62415
48;5534;1843417;-147;-1743;262;1179;309;162;-455;-485;-2152;54245
48;5535;1843645;-273;-1489;681;234;-355;376;-490;-468;-2199;56954
48;5536;1843986;-206;-2429;351;-242;-293;-115;-427;-534;-2137;28804
48;5537;1844305;377;-1632;285;-807;-520;-2847;-263;-630;-1939;48605
48;5538;1844542;1664;-1463;-337;-317;-8;-778;175;-552;-1804;52444
48;5539;1844859;1254;-1334;-81;1050;697;1700;333;-542;-1900;16929
48;5540;1845433;-1581;-235;1484;1901;-1623;3328;-606;149;-2563;1692
48;5541;1845751;-1332;-255;1803;-2964;1959;-4198;-226;383;-2654;48115
48;5542;1846069;-436;212;2077;-2501;1140;-2463;-290;543;-2649;35003
48;5543;1846430;-729;-282;2040;1668;-1068;2546;-583;435;-2622;49163
48;5544;1846749;-848;-635;1610;-512;882;-1029;-478;297;-2613;38210
48;5545;1847082;-298;-799;1757;-216;-6;-363;-607;196;-2585;28656
48;5546;1847426;-123;-1450;934;151;96;-427;-603;-310;-2309;31964
48;5547;1847749;-592;-1876;1310;68;193;438;-521;-314;-2315;38042
48;5548;1848082;-615;-1371;879;15;-76;-14;-599;-366;-2228;41173
48;5549;1848429;-446;-1741;1206;368;168;-116;-586;-360;-2241;24844
48;5550;1848747;-310;-1583;825;516;535;544;-413;-479;-2192;150
48;5551;1848975;-263;-1272;1371;346;-221;465;-464;-399;-2265;18897
48;5552;1849400;-559;-1262;682;-953;-436;-253;-532;-472;-2138;7250
48;5553;1849636;-260;-3055;666;-486;39;-862;-531;-557;-1933;29860
48;5554;1849868;-50;-2635;538;1522;589;57;-440;-567;-2034;32431
48;5555;1850403;306;-1873;567;-340;-43;625;-255;-534;-2166;40281
48;5556;1850759;-575;-1655;699;-91;344;352;-463;-510;-2023;44778
48;5557;1851077;-569;-3648;204;261;840;-261;-505;-520;-1987;58359
48;5558;1851396;-230;-1281;430;397;-99;-164;-555;-429;-2174;27385
48;5559;1851624;-604;-2047;822;-796;102;-290;-535;-435;-2179;46636
48;5560;1851864;-466;-1777;559;-241;-714;-134;-541;-487;-2119;9135
48;5561;1852289;499;-2719;1075;-174;832;-433;-500;-491;-2170;13532
48;5562;1852524;-301;-1504;425;650;-63;835;-469;-535;-2129;40139
48;5563;1852879;-556;-2409;632;-843;-455;338;-397;-485;-2169;7308
48;5564;1853426;119;-2088;1153;276;-7;107;-473;-476;-2163;2948
48;5565;1853744;-505;-948;440;447;479;-1118;-481;-474;-2183;7671
48;5566;1854085;-342;-2165;1136;32;-194;226;-466;-422;-2292;25174
48;5567;1854419;118;-2013;667;-602;-149;98;-429;-501;-2159;15240
48;5568;1854738;-1014;-2182;685;188;372;2053;-282;-525;-2011;1124
48;5569;1855094;-156;-1906;497;342;-21;176;-563;-508;-2014;27317
48;5570;1855417;-528;-1622;936;31;-465;71;-567;-410;-2194;53522
48;5571;1855740;80;-1766;749;-385;-294;-359;-501;-435;-2164;17035
48;5572;1856077;-385;-1904;841;32;159;-720;-552;-447;-2109;56360
48;5573;1856421;-308;-1661;455;340;-63;185;-574;-455;-2047;25797
48;5574;1856739;-301;-2037;875;204;187;164;-597;-405;-2105;48918
48;5575;1856967;-360;-1803;668;85;-233;-82;-640;-359;-2166;16428
48;5576;1857417;-525;-1787;1071;-95;372;-167;-626;-368;-2177;48362
48;5577;1857751;-378;-1763;696;148;31;-134;-614;-406;-2138;54462
48;5578;1858073;-605;-1663;1152;39;0;227;-651;-350;-2144;57550
48;5579;1858419;-990;-1664;584;-310;-21;-53;-711;-326;-2091;62110
48;5580;1858647;-622;-1564;649;-667;158;-463;-734;-318;-2088;15584
48;5581;1858966;-1425;-2239;185;-714;587;562;-797;-235;-1946;3362
48;5582;1859285;-1155;-1451;543;1;-353;-20;-943;-162;-1916;60573
48;5583;1859536;-1316;-2047;245;-1528;-528;-692;-897;-284;-1951;10300
48;5584;1859858;-435;-1614;244;-278;-402;-157;-759;-412;-1911;22792
48;5585;1860409;-971;-1858;-423;356;168;-172;-629;-501;-1848;24394
48;5586;1860648;-247;-1700;745;-6;-235;457;-659;-452;-1964;7692
48;5587;1860966;-887;-1846;-40;-504;-606;-506;-640;-464;-2005;41433
48;5588;1861407;-86;-1928;732;102;-306;-97;-571;-516;-2015;9375
48;5589;1861748;-407;-2137;-72;322;359;-839;-545;-499;-2046;18620
48;5590;1862066;-391;-1714;841;277;-252;483;-525;-440;-2194;39426
48;5591;1862405;-477;-2012;387;-452;-251;158;-536;-498;-2100;43344
48;5592;1862723;-457;-2045;769;334;219;449;-517;-520;-1984;40959
48;5593;1862959;-211;-2963;182;520;747;-543;-530;-534;-1981;62916
48;5594;1863304;-241;-1665;574;204;-34;-48;-417;-559;-2047;54929
48;5595;1863623;-155;-1971;329;-897;-790;-353;-428;-574;-2027;58559
48;5596;1864087;354;-2413;635;107;152;27;-358;-615;-1937;51235
48;5597;1864406;-27;-1169;414;927;534;298;-278;-583;-2048;11076
48;5598;1864724;56;-2202;488;190;-77;75;-367;-542;-2147;25789
48;5599;1864952;-150;-1985;244;-74;-245;198;-379;-566;-2100;19491
48;5600;1865294;451;-1849;704;-537;-197;-169;-265;-595;-2091;13026
48;5601;1865617;409;-2083;151;359;1126;497;-211;-643;-1902;13491
48;5602;1865849;117;-1605;479;371;-114;-11;-350;-597;-1990;2966
48;5603;1866403;609;-1646;329;-206;-252;-194;-244;-636;-1928;51117
48;5604;1866741;650;-2233;473;211;663;-306;-249;-641;-1938;16958
48;5605;1867058;93;-1424;263;136;105;214;-272;-618;-1990;58694
48;5606;1867400;336;-2385;724;236;-110;715;-320;-585;-2116;38444
48;5607;1867628;-164;-2156;85;-325;-350;156;-361;-596;-2034;37185
48;5608;1867947;377;-2197;379;-717;385;-845;-361;-610;-1958;41413
48;5609;1868167;365;-2046;320;708;769;749;-332;-623;-1917;46662
48;5610;1868420;-463;-1849;54;188;-245;165;-365;-584;-1928;34452
48;5611;1868738;-38;-1743;756;249;-617;1500;-419;-528;-2012;50761
48;5612;1869056;-1082;-1477;603;14;-7;73;-831;-201;-2100;32456
48;5613;1869391;-844;-1392;731;183;-198;-43;-859;-158;-2105;55042
48;5614;1869626;-1246;-2039;303;380;950;-158;-852;-138;-2120;53427
48;5615;1869944;-2783;-870;692;673;1414;205;-969;-49;-1836;15073
48;5616;1870384;-1922;-932;1208;-876;514;-1271;-933;42;-2025;10323
48;5617;1870725;-2488;-271;1222;583;-55;-345;-956;39;-2053;1391
48;5618;1870949;-1687;-615;1340;-884;248;58;-909;-56;-2143;45983
48;5619;1871284;-1158;-1488;369;-791;-87;-1311;-897;-225;-1959;60671
48;5620;1871603;-795;-2642;935;-183;-87;309;-770;-348;-2073;24349
48;5621;1871838;-549;-2024;68;-583;-864;-118;-690;-458;-2015;30609
48;5622;1872066;-236;-1801;727;38;-537;323;-604;-502;-2063;58438
48;5623;1872385;-281;-2306;646;254;330;-423;-479;-545;-2072;20332
48;5624;1872704;-392;-1783;306;508;143;-704;-380;-557;-2083;14756
48;5625;1872957;-106;-1927;737;-96;-124;133;-399;-532;-2170;45685
48;5626;1873177;-464;-2475;349;62;-419;297;-417;-507;-2183;19891
48;5627;1873494;296;-1627;672;-226;-448;309;-344;-521;-2189;37722
48;5628;1873722;-91;-2136;906;219;214;-307;-341;-552;-2155;5223
48;5629;1873958;-404;-2440;577;545;393;-852;-319;-550;-2164;5408
48;5630;1874277;-1;-1694;912;10;50;157;-351;-475;-2262;22898
48;5631;1874721;27;-1850;438;-492;111;492;-304;-558;-2171;24586
48;5632;1875062;156;-1921;824;-134;965;-111;-310;-575;-2050;46021
48;5633;1875385;-610;-2638;288;669;484;-122;-343;-587;-2004;3807
48;5634;1875617;-41;-1353;540;113;-332;-738;-335;-556;-2146;15973
48;5635;1875935;-10;-2516;632;-957;-660;-27;-327;-526;-2183;18465
48;5636;1876398;121;-2007;587;-193;126;85;-290;-599;-2055;38873
48;5637;1876716;393;-2051;441;212;496;-1121;-284;-598;-2058;63980
48;5638;1877035;502;-1540;683;297;-159;29;-282;-561;-2197;54462
48;5639;1877392;-400;-2352;140;-722;-297;-962;-328;-537;-2183;5606
48;5640;1877710;453;-1680;829;-158;-313;346;-286;-576;-2142;60408
48;5641;1878032;368;-3103;167;-44;1110;289;-236;-579;-2110;51648
48;5642;1878398;176;-1390;1008;343;11;-269;-270;-509;-2249;25772
48;5643;1878716;-268;-2303;703;-132;281;379;-287;-483;-2289;65129
48;5644;1879266;1049;-2199;1100;-214;-141;-431;-249;-583;-2144;51505
48;5645;1879504;-392;-2098;214;261;1100;-53;-211;-555;-2165;7013
48;5646;1879822;111;-1721;814;251;-483;507;-308;-447;-2336;16122
48;5647;1880050;-156;-2188;690;-917;-1051;388;-326;-510;-2277;35089
48;5648;1880369;619;-2635;781;-271;-21;-174;-242;-572;-2162;16177
48;5649;1880714;258;-1452;330;353;99;-66;-223;-567;-2184;11932
48;5650;1880946;322;-1730;1051;146;152;-204;-274;-517;-2279;26262
48;5651;1881372;-60;-1602;339;357;142;168;-194;-558;-2176;13795
48;5652;1881728;328;-1985;786;101;-73;340;-222;-583;-2131;17279
48;5653;1882050;83;-1684;494;580;560;-377;-301;-559;-2131;26701
48;5654;1882369;132;-1954;637;-177;-459;264;-272;-515;-2241;42472
48;5655;1882703;388;-1282;689;-71;-862;306;-253;-572;-2146;12005
48;5656;1882938;184;-3084;611;99;553;636;-272;-565;-2092;29521
48;5657;1883367;166;-1707;379;352;-130;-224;-325;-554;-2166;45673
48;5658;1883599;-305;-1946;844;-444;107;156;-326;-523;-2195;42918
48;5659;1883940;-211;-1882;685;-51;133;-107;-321;-572;-2105;32537
48;5660;1884264;15;-3733;-117;-705;1156;302;-312;-582;-2047;50335
48;5661;1884492;400;-1798;411;532;55;591;-273;-590;-2046;57745
48;5662;1884809;-72;-2248;856;-312;-845;-110;-346;-535;-2195;41254
48;5663;1885379;302;-2657;363;-69;496;-199;-332;-619;-1959;21409
48;5664;1885697;130;-1594;319;633;-394;436;-333;-592;-2013;27021
48;5665;1886024;-133;-2416;724;-130;-297;-56;-331;-534;-2161;30359
48;5666;1886386;49;-1627;450;99;-28;1608;-281;-565;-2080;21908
48;5667;1886704;321;-2687;334;370;1040;-29;-321;-628;-1876;43858
48;5668;1887037;315;-2154;-36;920;-254;768;-356;-564;-2066;38558
48;5669;1887379;-178;-1559;298;-253;-91;-420;-329;-593;-2037;17077
48;5670;1887698;779;-2000;773;520;970;-676;-380;-588;-2015;45339
48;5671;1888031;67;-1796;303;260;-247;179;-318;-609;-1904;34227
48;5672;1888373;157;-2793;306;-1398;-1272;-51;-364;-588;-1976;9577
48;5673;1888695;-98;-1630;446;289;-620;298;-315;-613;-1955;60403
48;5674;1888927;983;-2354;903;606;348;96;-293;-602;-2016;34285
48;5675;1889352;-15;-2024;429;445;-137;676;-330;-531;-2174;58549
48;5676;1889587;-4;-2007;618;-573;-569;368;-374;-529;-2159;1443
48;5677;1889819;240;-1936;486;-457;518;231;-363;-572;-2010;49148
48;5678;1890248;-189;-1664;323;383;1295;354;-398;-596;-1893;64253
48;5679;1890710;118;-1913;553;-268;-647;280;-422;-604;-1916;32041
48;5680;1891032;142;-2161;512;-277;329;-200;-384;-611;-1860;7961
48;5681;1891351;-167;-1977;698;-152;410;-260;-388;-611;-1825;62120
48;5682;1891583;115;-1686;497;473;21;-110;-364;-600;-1916;45052
48;5683;1891818;128;-3213;171;-1012;-1116;-1298;-376;-615;-1895;58152
48;5684;1892243;377;-2086;697;-189;-4;-429;-278;-622;-1946;21385
48;5685;1892471;218;-2463;811;-801;218;-287;-262;-627;-1852;14040
48;5686;1892813;59;-2096;652;157;-231;746;-305;-598;-1959;41417
48;5687;1893364;19;-2535;424;-239;119;-305;-383;-615;-1812;63679
48;5688;1893686;78;-1623;557;174;332;-669;-359;-630;-1763;25992
48;5689;1893921;165;-1801;619;364;-232;114;-368;-602;-1896;34407
48;5690;1894366;65;-1447;475;627;102;607;-282;-635;-1747;7035
48;5691;1894685;75;-3132;558;-54;807;-96;-313;-635;-1734;27492
48;5692;1895041;86;-1846;388;362;-170;156;-311;-636;-1852;57502
48;5693;1895364;-432;-2197;452;-165;-22;12;-338;-638;-1729;64202
48;5694;1895683;259;-2428;414;-52;147;108;-329;-646;-1716;51684
48;5695;1896016;-17;-1715;427;443;-140;-44;-269;-648;-1770;58556
48;5696;1896361;161;-1754;797;-492;-651;-271;-296;-628;-1909;15607
48;5697;1896679;318;-1475;446;187;244;421;-225;-650;-1790;51288
48;5698;1896915;148;-2107;516;-211;62;-450;-296;-640;-1795;57958
48;5699;1897363;116;-1419;671;529;-349;501;-263;-630;-1873;7018
48;5700;1897697;-120;-3243;-12;-876;-691;-629;-322;-635;-1829;5131
48;5701;1898015;-4;-1801;688;197;-287;233;-310;-577;-1990;20738
48;5702;1898357;450;-2553;277;-236;108;122;-317;-618;-1966;14994
48;5703;1898585;94;-1915;544;-65;-184;744;-333;-597;-1948;58638
48;5704;1898908;-372;-2182;-99;42;-5;-103;-352;-619;-1933;61674
48;5705;1899231;-14;-1822;440;-9;-868;139;-408;-570;-2007;50196
48;5706;1899482;-292;-2000;671;24;-761;-107;-383;-565;-2090;36522
48;5707;1899800;366;-1937;900;376;247;-23;-377;-528;-2171;61967
48;5708;1900346;-596;-2002;745;730;-219;56;-498;-417;-2209;31373
48;5709;1900586;-339;-579;1815;1560;-78;672;-541;117;-2562;27967
48;5710;1900903;-337;-319;2286;481;259;-1063;-561;90;-2581;12051
48;5711;1901349;-176;-103;1847;553;-147;-651;-589;107;-2589;63044
48;5712;1901694;90;-287;2489;-532;321;-561;-469;-127;-2593;13320
48;5713;1902016;175;-342;1982;83;157;-948;-350;-137;-2612;2940
48;5714;1902351;268;129;1997;-144;-142;-1923;-141;-118;-2659;25248
48;5715;1902669;-77;117;1748;346;731;-784;28;-42;-2694;63508
48;5716;1902905;-26;-48;2088;-154;36;-554;-77;23;-2735;19883
48;5717;1903239;-101;-10;2040;-182;-115;107;3;26;-2764;58133
48;5718;1903558;-44;-5;2060;-109;-405;105;91;-35;-2739;3508
48;5719;1904024;163;-182;2120;68;1;13;53;-75;-2724;5121
48;5720;1904348;135;-226;2111;5;-46;6;60;-83;-2720;44726
48;5721;1904670;-5;-231;2125;19;2;10;69;-71;-2707;62771
48;5722;1904922;4;-245;2117;12;-26;8;56;-72;-2712;46210
48;5723;1905241;1;-226;2121;-1;-28;9;54;-76;-2733;36366
48;5724;1905559;20;-243;2117;5;-26;7;50;-69;-2720;62662
48;5725;1905787;15;-243;2120;7;-24;9;57;-78;-2721;56569
48;5726;1906239;3;-235;2119;6;-24;7;50;-82;-2716;14140
48;5727;1906679;14;-242;2118;5;-26;9;60;-79;-2720;38315
48;5728;1906997;9;-238;2119;7;-25;8;70;-70;-2729;35079
48;5729;1907632;5;-238;2115;4;-28;7;54;-73;-2719;14099
48;5730;1907950;11;-237;2120;4;-29;5;59;-86;-2713;18215
48;5731;1908690;9;-239;2119;4;-26;6;58;-83;-2714;14056
48;5732;1909008;12;-238;2117;3;-27;4;55;-66;-2727;25664
48;5733;1909341;11;-236;2118;4;-27;6;65;-65;-2728;52160
48;5734;1909684;11;-239;2117;4;-25;6;61;-80;-2725;50487
48;5735;1910002;7;-242;2118;5;-27;7;58;-87;-2733;46960
48;5736;1910234;9;-241;2118;4;-27;6;57;-82;-2734;51789
48;5737;1910659;9;-240;2121;4;-25;7;48;-75;-2702;3708
48;5738;1910895;8;-238;2114;5;-27;8;48;-89;-2729;45182
48;5739;1911127;7;-239;2115;7;-23;7;47;-74;-2726;46539
48;5740;1911552;8;-236;2119;7;-25;7;51;-87;-2728;42859
48;5741;1912019;9;-241;2116;5;-24;8;56;-86;-2722;8472
48;5742;1912337;12;-238;2117;7;-24;8;48;-78;-2732;27686
48;5743;1912660;8;-238;2115;7;-26;10;54;-82;-2725;5576
48;5744;1912915;13;-239;2120;5;-28;7;46;-82;-2732;9814
48;5745;1913234;7;-236;2119;5;-26;6;56;-83;-2727;38847
48;5746;1913553;10;-240;2118;5;-26;7;61;-81;-2727;8259
48;5747;1913781;4;-237;2115;5;-27;6;55;-85;-2715;48917
48;5748;1914126;9;-238;2115;6;-25;8;61;-82;-2727;1465
48;5749;1914673;11;-241;2120;3;-28;5;63;-80;-2718;40764
48;5750;1914991;10;-239;2118;5;-26;6;52;-81;-2716;4868
48;5751;1915226;12;-239;2116;6;-25;9;45;-70;-2728;7361
48;5752;1915676;10;-242;2117;5;-26;6;55;-80;-2713;20636
48;5753;1915994;11;-235;2117;5;-27;6;56;-84;-2723;10048
48;5754;1916350;9;-237;2117;6;-27;8;61;-75;-2725;41873
48;5755;1916670;11;-239;2117;6;-26;9;54;-70;-2724;59166
48;5756;1916988;10;-240;2116;5;-25;7;59;-75;-2712;55595
48;5757;1917348;9;-236;2115;6;-27;7;59;-70;-2719;10091
48;5758;1917672;10;-238;2116;6;-25;7;59;-70;-2737;30529
48;5759;1917991;10;-234;2117;4;-29;5;56;-73;-2713;7058
48;5760;1918222;12;-237;2120;7;-28;8;56;-75;-2726;56797
48;5761;1918670;8;-240;2115;4;-27;4;59;-80;-2706;21905
48;5762;1919004;11;-237;2118;5;-26;6;61;-81;-2730;35806
48;5763;1919322;12;-237;2119;3;-25;4;56;-83;-2720;41395
48;5764;1919668;12;-237;2118;4;-28;6;44;-81;-2717;34028
48;5765;1920002;11;-237;2119;7;-25;9;53;-79;-2724;26112
48;5766;1920324;10;-239;2120;5;-27;6;64;-70;-2724;29005
48;5767;1920667;10;-239;2117;5;-26;5;47;-72;-2731;27784
48;5768;1920899;10;-239;2118;3;-28;6;49;-76;-2724;34884
48;5769;1921217;389;212;2957;-525;201;-318;25;-79;-2733;826
48;5770;1921657;80;-214;2027;1046;3;-695;197;102;-2667;54878
48;5771;1921893;-72;51;2006;710;249;-454;204;388;-2678;53810
48;5772;1922211;-81;236;1992;-105;-181;-132;136;410;-2669;65029
48;5773;1922656;112;102;2026;-129;-144;-894;144;466;-2652;5883
48;5774;1922998;-20;419;2063;688;-27;226;9;561;-2664;25817
48;5775;1923320;526;523;2156;-360;1191;467;211;518;-2631;22827
48;5776;1923659;-215;762;2041;28;-277;-670;11;485;-2696;21434
48;5777;1924003;16;467;1946;-164;-616;-784;64;471;-2691;54135
48;5778;1924550;9;-91;1960;560;-18;-166;-210;460;-2706;51185
48;5779;1924868;107;82;2261;306;-78;188;-185;562;-2677;4141
48;5780;1925103;-64;192;1973;50;-159;285;-125;582;-2679;40131
48;5781;1925331;42;202;2305;-20;-121;-462;-98;522;-2695;1910
48;5782;1925651;536;91;2185;-359;356;-1824;-70;522;-2702;64096
48;5783;1925973;-54;163;1840;-306;-417;-220;-251;537;-2676;55216
48;5784;1926228;541;-379;2334;-702;109;-158;-185;375;-2740;11806
48;5785;1926548;130;-201;1991;165;239;126;-96;325;-2730;28275
48;5786;1926866;33;-351;2312;267;-107;-256;-93;321;-2732;58953
48;5787;1927094;168;130;1945;-194;-42;-5;-74;368;-2727;32000
48;5788;1927546;95;-698;1714;812;884;-317;-345;274;-2679;30014
48;5789;1927986;-386;314;2182;-105;-44;2005;-471;483;-2649;612
48;5790;1928304;-227;328;1667;1535;-1160;-1040;-427;687;-2580;32262
48;5791;1928657;549;770;2150;476;-1188;-2481;-269;682;-2620;41945
48;5792;1928885;1510;1274;1421;-295;-98;-523;-198;772;-2539;9679
48;5793;1929204;1313;1707;686;1223;-834;712;151;792;-2386;54963
48;5794;1929666;2457;-24;653;-42;-234;148;659;310;-2090;51316
48;5795;1929984;696;-2022;602;168;196;7141;641;-313;-2203;23101
48;5796;1930302;-818;-1016;2101;1413;521;1742;23;-19;-2710;49497
48;5797;1930661;-383;1215;1899;1383;-1444;2636;-227;558;-2691;48588
48;5798;1930979;710;383;1484;1441;415;926;318;246;-2604;61905
48;5799;1931199;611;1346;1669;-5;-97;-77;279;441;-2597;13155
48;5800;1931644;-973;-872;1534;-2835;893;-1781;-203;-431;-2385;57284
48;5801;1931879;45;-1714;-70;-599;-1687;-897;-48;-621;-1636;44885
48;5802;1932197;450;-2372;-83;-1034;-1942;-1156;117;-528;-1317;15033
48;5803;1932532;720;-2326;-92;-19;-834;2298;216;-534;-1315;31268
48;5804;1932979;444;-1623;377;1048;521;-158;29;-651;-1651;49558
48;5805;1933312;265;-1742;35;-137;-239;-451;-116;-658;-1621;6571
48;5806;1933636;491;-2592;-174;222;-395;-1043;4;-624;-1452;4440
48;5807;1933981;820;-1777;13;274;537;-266;52;-636;-1568;14816
48;5808;1934213;136;-1817;367;-229;309;75;91;-620;-1612;62434
48;5809;1934637;278;-1907;366;-179;-80;104;88;-625;-1559;8934
48;5810;1934975;184;-2099;212;133;-60;121;93;-637;-1602;37921
48;5811;1935210;304;-2221;96;-55;-279;-22;83;-641;-1538;54332
48;5812;1935635;368;-2098;391;80;132;-43;66;-622;-1573;21075
48;5813;1935969;207;-2056;243;-50;507;5;76;-633;-1605;42857
48;5814;1936309;123;-1990;223;-139;365;-75;120;-609;-1615;63228
48;5815;1936637;102;-2226;229;20;255;-24;143;-610;-1622;4466
48;5816;1936865;186;-1994;231;-42;40;-65;145;-618;-1642;38438
48;5817;1937183;233;-2024;175;-22;-172;-23;157;-625;-1633;14136
48;5818;1937526;226;-2056;175;93;0;0;160;-613;-1624;58183
48;5819;1937754;216;-2120;199;-4;-63;15;159;-618;-1643;14313
48;5820;1938072;266;-2054;174;-20;-65;46;165;-616;-1621;19601
48;5821;1938642;248;-2029;231;10;22;23;158;-622;-1637;53916
48;5822;1938963;242;-1921;248;27;-53;-27;164;-614;-1643;28445
48;5823;1939281;237;-2013;225;-8;-12;-6;187;-605;-1660;37405
48;5824;1939650;195;-2148;229;-19;-100;-96;177;-610;-1658;15380
48;5825;1939969;298;-1896;373;366;-714;-86;208;-604;-1698;34975
48;5826;1940302;436;-1896;392;79;-734;192;201;-621;-1661;18898
48;5827;1940644;643;-1954;400;190;-422;44;88;-638;-1607;41120
48;5828;1940963;502;-1887;416;44;-87;-91;49;-641;-1613;40711
48;5829;1941191;336;-1905;469;-53;149;-72;65;-647;-1615;31216
48;5830;1941510;362;-1996;350;-3;49;-47;92;-637;-1626;56895
48;5831;1941746;379;-2017;473;117;23;-47;105;-637;-1649;65136
48;5832;1942192;349;-2184;541;51;-7;31;110;-644;-1650;27802
48;5833;1942621;390;-1978;493;53;-93;40;114;-643;-1691;22871
48;5834;1942977;439;-1979;545;-51;-14;47;110;-635;-1684;57969
48;5835;1943296;501;-1934;492;-93;-68;68;92;-642;-1675;39876
48;5836;1943615;413;-1798;587;131;-60;39;92;-650;-1709;64956
48;5837;1943971;395;-1907;561;26;-43;37;70;-653;-1725;11533
48;5838;1944289;376;-1875;569;42;-46;27;47;-657;-1721;45080
48;5839;1944617;296;-2057;554;64;-68;55;38;-654;-1722;26181
48;5840;1944849;213;-1902;684;28;-63;68;34;-657;-1737;32869
48;5841;1945191;21;-2053;801;-153;-327;327;-14;-659;-1694;10024
48;5842;1945632;-44;-2022;590;-64;-284;-15;-86;-670;-1675;32497
48;5843;1945950;258;-2191;391;248;-321;-720;-113;-663;-1660;53435
48;5844;1946185;562;-1960;528;527;-378;48;-30;-672;-1750;14366
48;5845;1946630;-156;-903;1832;2702;215;535;-368;-275;-2475;45728
48;5846;1946949;215;-199;2390;-62;-210;-110;-529;79;-2648;53237
48;5847;1947292;-905;-328;1836;81;-612;-1197;-587;-52;-2586;16495
48;5848;1947631;-527;271;2238;-668;-899;-275;-191;-163;-2650;65001
48;5849;1947949;-155;-475;2846;-584;-525;606;7;-259;-2567;22977
48;5850;1948282;132;-636;2462;-1572;297;87;-57;-205;-2600;40918
48;5851;1948625;452;-639;1997;-811;-47;-799;-221;-215;-2615;27904
48;5852;1948943;-228;-1462;2428;-173;-301;1210;-229;-257;-2571;62809
48;5853;1949276;-708;-1053;2233;1403;-495;3625;-340;125;-2689;4891
48;5854;1949619;266;-12;1876;1250;1422;1921;-108;654;-2630;61971
48;5855;1949941;-281;473;1925;-376;797;4153;-172;636;-2652;62802
48;5856;1950177;20;-383;2404;-342;308;804;97;293;-2691;41423
48;5857;1950629;-49;-334;2422;-289;-377;-71;-110;37;-2713;26938
48;5858;1951069;330;-38;2151;191;602;-180;196;76;-2635;44533
48;5859;1951494;-62;-235;2139;123;-916;-544;27;-37;-2637;61192
48;5860;1951729;-17;-333;2151;859;166;-49;220;77;-2654;46381
48;5861;1951957;-136;-190;2156;-286;556;421;181;219;-2708;27523
48;5862;1952275;-161;-255;2158;-311;0;1252;-18;82;-2726;50458
48;5863;1952599;-192;-370;2377;-267;-245;1260;-81;-95;-2677;13623
48;5864;1952855;-106;-334;2057;-655;-863;1282;-100;-190;-2616;11830
48;5865;1953173;-44;-377;2117;450;75;809;-97;-171;-2632;11916
48;5866;1953493;-48;-275;2153;-193;100;490;-215;-172;-2613;59212
48;5867;1953725;-92;-281;2180;215;-112;572;-274;-139;-2630;23801
48;5868;1954066;-25;-286;2066;171;52;152;-335;-99;-2633;55042
48;5869;1954612;-36;-369;2078;7;-122;-215;-398;-56;-2642;52979
48;5870;1954930;-77;-309;2087;59;-266;29;-338;-84;-2671;16862
48;5871;1955168;-18;-311;2135;-144;299;-14;-309;-105;-2648;60416
48;5872;1955617;-26;-351;2123;-16;-84;23;-340;-106;-2637;60960
48;5873;1955935;-9;-323;2058;101;-113;-41;-330;-136;-2639;3990
48;5874;1956291;30;-336;2097;-61;129;-148;-304;-120;-2642;16017
48;5875;1956610;36;-397;2895;-336;286;-98;-328;-159;-2597;360
48;5876;1956929;-1;-493;1906;277;-434;23;-307;-157;-2630;38737
48;5877;1957284;-36;-324;1806;-361;57;453;-229;-146;-2617;27204
48;5878;1957604;58;-213;2201;526;-251;-511;-340;-28;-2667;37973
48;5879;1957930;-46;-289;2272;-139;445;-38;-354;-138;-2618;32225
48;5880;1958162;-142;-280;2153;277;-313;673;-367;-120;-2640;14431
48;5881;1958610;-196;-289;2230;44;454;-522;-309;-134;-2631;50524
48;5882;1958943;-130;-179;2048;207;-352;20;-309;-119;-2640;24198
48;5883;1959261;-71;-265;2001;-176;225;-50;-273;-115;-2627;3074
48;5884;1959605;23;-183;2182;44;-279;-540;-312;-130;-2650;58510
48;5885;1959938;79;-378;2108;-48;-183;-457;-260;-138;-2630;32027
48;5886;1960256;-7;-167;2125;39;-3;113;-278;-105;-2653;63275
48;5887;1960602;-23;-408;1991;-176;-231;64;-302;-118;-2643;63036
48;5888;1960834;-56;-306;2132;125;-12;171;-279;-126;-2633;60263
48;5889;1961153;-86;-104;1994;-98;17;1;-282;-81;-2663;33899
48;5890;1961597;-1;-129;2090;-283;-160;324;-282;-57;-2676;10728
48;5891;1961839;-101;-462;2204;77;358;-37;-321;-147;-2609;787
48;5892;1962157;-237;-267;2227;434;-659;645;-366;-2;-2675;58445
48;5893;1962597;93;-194;1953;-165;125;434;-319;-15;-2678;14873
48;5894;1962949;116;-609;2000;347;-62;-885;-440;41;-2638;59478
48;5895;1963272;150;-370;1960;-56;286;219;-412;79;-2682;22207
48;5896;1963611;-25;-347;2286;-172;324;-231;-412;-26;-2660;9269
48;5897;1963951;335;-311;2009;-304;-373;-128;-276;25;-2704;26241
48;5898;1964498;278;-193;1860;-897;138;255;-157;-132;-2651;2550
48;5899;1964816;-62;227;2119;944;1076;-680;-189;-111;-2669;31463
48;5900;1965051;-15;-316;1862;225;387;-4162;-214;-74;-2686;34993
48;5901;1965279;-549;-84;2076;1357;-904;-214;-11;175;-2733;41782
48;5902;1965603;116;-46;2297;-1236;204;-198;168;43;-2681;12583
48;5903;1965925;-99;-142;2188;893;-243;1361;78;45;-2713;53081
48;5904;1966180;-68;61;1983;-607;182;159;77;82;-2715;14088
48;5905;1966504;-126;-162;2029;673;-698;448;3;-82;-2667;64154
48;5906;1966821;-71;-106;2075;-43;183;1216;-17;37;-2712;18069
48;5907;1967049;-138;-121;2127;-921;-4;964;-96;-124;-2675;15592
48;5908;1967499;59;-283;2321;383;139;-34;-172;-201;-2617;58894
48;5909;1967938;-217;-15;1900;-935;-885;567;-381;19;-2672;23650
48;5910;1968256;15;-567;2222;124;44;793;-219;-260;-2564;57894
48;5911;1968602;-146;56;2124;211;211;689;-358;239;-2704;34218
48;5912;1968830;-46;-124;2042;-1578;-35;357;-398;25;-2665;21226
48;5913;1969157;-166;-281;2610;1192;789;-828;-307;-123;-2638;4017
48;5914;1969620;-61;-308;1941;-1125;101;-20;-347;-170;-2612;34320
48;5915;1969938;-109;-22;2036;1895;-441;-260;-328;25;-2695;51516
48;5916;1970256;-74;-271;2034;-1015;721;1639;-192;31;-2698;49677
48;5917;1970616;-113;-39;2240;85;-152;-731;-439;54;-2677;44338
48;5918;1970934;-16;-170;2043;-96;-157;-109;-348;-88;-2664;7295
48;5919;1971256;-37;-86;2091;-10;214;420;-353;-43;-2659;42769
48;5920;1971591;-15;-145;2131;-114;-539;131;-423;-37;-2659;8938
48;5921;1971829;12;-145;2004;178;-9;-356;-344;-53;-2673;25268
48;5922;1972147;-94;-108;2118;9;289;-696;-320;-18;-2691;18834
48;5923;1972486;82;20;2084;-406;117;-130;-282;-81;-2681;47467
48;5924;1972938;-157;-32;1922;769;-340;40;-257;-14;-2709;44687
48;5925;1973271;-270;-166;1977;-179;854;-132;-184;-30;-2688;14273
48;5926;1973594;-131;-345;2286;20;-543;857;-225;-125;-2655;45837
48;5927;1973937;-10;-256;2252;213;101;937;-119;-137;-2647;22407
48;5928;1974165;-333;-143;2196;-350;-120;1457;-257;-43;-2660;38386
48;5929;1974593;478;150;1944;610;902;-1261;-117;-47;-2697;48457
48;5930;1974927;30;416;2220;-391;-66;-277;-155;99;-2747;39015
48;5931;1975162;-152;147;1898;240;184;-151;-155;81;-2741;15082
48;5932;1975587;225;499;1839;168;164;-34;-159;199;-2742;25146
48;5933;1975921;-70;1050;2117;-86;-985;822;-139;281;-2731;24889
48;5934;1976261;661;1040;2018;444;-85;-105;119;361;-2691;21714
48;5935;1976585;235;652;2033;-1022;501;-163;79;329;-2740;5647
48;5936;1976813;139;257;1668;-687;266;-645;-16;143;-2745;27773
48;5937;1977139;-340;89;2421;-861;-21;1602;-144;-26;-2683;15064
48;5938;1977485;-134;-236;2080;169;476;-493;-288;-157;-2596;14602
48;5939;1977713;-161;-39;2193;533;-323;-265;-315;-91;-2641;35046
48;5940;1978031;-23;-156;2133;-337;10;301;-223;-79;-2670;15546
48;5941;1978600;59;-108;2300;-29;-51;383;-215;-24;-2694;60221
48;5942;1978918;-276;-47;2212;20;-70;669;-321;-34;-2673;49675
48;5943;1979239;-201;-32;2108;406;-198;-1278;-281;-39;-2698;10259
48;5944;1979597;-188;287;1507;310;-673;150;-113;286;-2739;4140
48;5945;1979920;379;747;1833;-446;295;226;33;277;-2714;48668
48;5946;1980252;636;812;2423;527;-751;1079;15;255;-2713;32888
48;5947;1980595;656;1318;1400;1426;-462;-705;130;588;-2595;45162
48;5948;1980917;639;1482;719;-609;-9;745;181;751;-2500;59539
48;5949;1981145;532;1528;1348;-935;249;-861;108;642;-2634;8353
48;5950;1981468;680;862;1951;-585;534;1936;64;313;-2706;65392
48;5951;1981705;526;682;1737;-561;-850;2215;66;176;-2685;4165
48;5952;1982145;-99;-1697;1085;-111;469;171;-183;-473;-2297;40721
48;5953;1982578;-402;-2096;605;-655;-63;-25;-505;-468;-2171;52276
48;5954;1982934;-934;-1953;-230;24;351;-484;-675;-441;-1750;1868
48;5955;1983252;129;-1298;-952;-324;457;998;-449;-547;-1443;52255
48;5956;1983572;-711;-2241;-1470;171;594;-152;-613;-339;-1245;47622
48;5957;1983928;-179;-1367;-270;1433;402;-199;-593;-554;-1539;41531
48;5958;1984246;-350;-2241;-717;-1277;-206;1236;-370;-502;-1360;55568
48;5959;1984574;323;-1640;-668;632;321;-3;-372;-578;-1406;55043
48;5960;1984802;163;-1834;-587;-134;-83;162;-331;-585;-1427;45874
48;5961;1985147;292;-1782;-589;-87;-39;114;-322;-574;-1377;27796
48;5962;1985587;-563;-1720;-893;-370;-1008;-268;-581;-437;-1408;49039
48;5963;1985905;-741;-1555;-699;813;875;-363;-697;-430;-1426;4634
48;5964;1986141;-310;-2290;-578;711;77;-181;-599;-473;-1523;57323
48;5965;1986582;-173;-2041;-209;746;638;-159;-516;-559;-1568;1447
48;5966;1986904;-407;-1974;39;-275;-188;-353;-462;-602;-1644;62911
48;5967;1987245;104;-2075;-70;-8;151;-2;-384;-614;-1562;12761
48;5968;1987584;-188;-2167;-88;187;354;196;-369;-614;-1542;34504
48;5969;1987902;94;-1882;-232;-262;225;112;-383;-603;-1532;40170
48;5970;1988239;-237;-1799;-99;-412;335;114;-560;-509;-1473;25150
48;5971;1988586;-1158;-1999;-1167;-16;-602;34;-635;-275;-1185;30960
48;5972;1988904;-936;-1455;-357;-158;-1132;484;-816;-202;-1468;16385
48;5973;1989237;-1422;-1728;-220;26;-317;125;-832;-294;-1449;62299
48;5974;1989585;-1125;-1788;-125;139;80;-4;-801;-296;-1477;7427
48;5975;1989903;-1253;-1722;-31;433;-130;353;-772;-333;-1514;15008
48;5976;1990135;-1435;-1471;244;797;-9;122;-800;-351;-1619;50948
48;5977;1990583;-1178;-1684;240;-119;13;-121;-809;-339;-1664;64423
48;5978;1991023;-1430;-1566;-167;-1330;-70;12;-871;-229;-1529;35659
48;5979;1991447;-1551;-1330;-183;-188;-639;228;-926;-131;-1583;7964
48;5980;1991683;-1469;-1317;-206;1363;1510;-399;-977;-170;-1523;10414
48;5981;1991911;-1641;-1364;-26;-281;-59;301;-887;-204;-1493;14881
48;5982;1992235;-949;-1465;-426;115;649;-320;-833;-356;-1429;56040
48;5983;1992555;-1116;-2017;-174;697;609;-1463;-692;-428;-1474;17570
48;5984;1992810;-1029;-1850;226;1114;677;416;-673;-424;-1600;3476
48;5985;1993128;-1381;-1697;122;859;659;-82;-664;-504;-1685;10215
48;5986;1993452;-1234;-1215;813;682;705;-121;-493;-597;-1917;23017
48;5987;1993680;-1339;-1580;819;122;637;-352;-403;-613;-1936;4252
48;5988;1994021;-1084;-1605;721;678;374;-206;-357;-584;-2073;11540
48;5989;1994568;-1188;-1913;808;-510;343;634;-342;-592;-1965;31104
48;5990;1994889;-1786;-1452;-128;-50;-324;-234;-558;-550;-1818;62521
48;5991;1995127;-1033;-1390;371;641;250;-1498;-523;-619;-1922;41064
48;5992;1995568;-10;-2086;440;-166;272;159;16;-615;-2045;39599
48;5993;1995890;-162;-2075;180;-170;978;-517;-77;-647;-1928;64534
48;5994;1996247;-688;-1977;118;154;-259;-490;-208;-643;-1969;11850
48;5995;1996566;-375;-1816;514;209;-188;-171;-158;-629;-1998;45371
48;5996;1996885;-372;-2004;499;-71;324;-187;-95;-608;-2109;50593
48;5997;1997241;-506;-2017;420;-420;-467;258;-83;-628;-1998;36399
48;5998;1997564;-327;-1577;281;460;-207;218;-36;-653;-1870;25078
48;5999;1997889;-815;-2696;310;-127;-317;-175;-169;-654;-1876;18436
48;6000;1998117;-642;-1771;37;-235;-59;494;-73;-653;-1875;5051
48;6001;1998576;-609;-1197;26;-178;-3393;111;-375;-635;-1753;12381
48;6002;1998910;-1724;-2419;504;40;-669;-833;-577;-545;-1509;58863
48;6003;1999227;-200;-2019;863;261;-1019;-740;-252;-658;-1863;19430
48;6004;1999572;524;-2019;854;424;609;123;-41;-648;-1886;28795
48;6005;1999910;-794;-1679;436;-669;2064;690;-315;-579;-1548;29355
48;6006;2000232;-788;-2200;-1185;460;2121;-255;-345;-471;-1167;38765
48;6007;2000578;367;-1286;-527;856;873;-74;71;-635;-1630;18472
48;6008;2000806;-609;-2569;-367;-131;-50;19;-6;-662;-1700;59389
48;6009;2001125;-379;-1880;-5;-157;240;401;4;-635;-1559;37592
48;6010;2001565;-703;-1134;55;1359;1448;-971;-227;-635;-2007;34909
48;6011;2001802;-582;-1869;605;903;80;164;-158;-587;-2158;65156
48;6012;2002120;-722;-1410;685;-311;-639;652;-129;-629;-2008;25199
48;6013;2002560;-312;-1724;556;-175;837;-1186;-327;-617;-2051;12071
48;6014;2002905;-666;-2230;744;249;213;136;-125;-587;-2138;27083
48;6015;2003227;-284;-1306;773;273;-20;19;34;-577;-2130;33356
48;6016;2003562;-149;-3169;31;-949;-99;233;36;-603;-2075;52218
48;6017;2003907;-181;-1927;408;-142;-1530;2550;29;-642;-1996;38674
48;6018;2004458;520;-1462;203;-557;-2825;-1569;-298;-667;-1737;43826
48;6019;2004776;301;-1518;254;-201;-588;-1371;-19;-650;-1586;5943
48;6020;2005012;707;-1807;-333;146;80;-7;61;-615;-1553;8508
48;6021;2005239;994;-2485;-710;-1586;-1047;1408;43;-608;-1386;16943
48;6022;2005563;-241;-1368;-491;551;312;370;-489;-493;-1292;59838
48;6023;2005886;-226;-2430;-434;155;-199;-456;-451;-529;-1324;34066
48;6024;2006136;-135;-1918;-302;456;274;-227;-393;-596;-1405;49715
48;6025;2006456;125;-2242;-584;-420;-341;-147;-331;-602;-1405;1004
48;6026;2006774;130;-1914;-427;53;393;282;-366;-566;-1360;51538
48;6027;2007002;-505;-3041;102;896;332;1006;-362;-583;-1386;14342
48;6028;2007450;17;-1843;-371;-324;107;164;-361;-594;-1375;32027
48;6029;2007894;46;-1861;-239;-120;-126;339;-315;-566;-1363;8152
48;6030;2008218;-94;-2497;-219;165;27;548;-341;-597;-1379;65259
48;6031;2008561;-303;-1777;-507;-253;-872;455;-345;-557;-1373;19930
48;6032;2008789;-106;-2420;-214;0;-442;-358;-445;-565;-1409;24208
48;6033;2009107;-246;-1780;-469;256;134;-578;-420;-596;-1495;58043
48;6034;2009570;173;-1484;-116;297;1441;-671;-325;-603;-1376;46101
48;6035;2009888;71;-2078;-518;177;56;-511;-184;-538;-1259;14540
48;6036;2010206;-50;-1726;-390;-86;-103;229;-230;-544;-1297;63177
48;6037;2010569;-125;-2248;-322;-149;281;789;-290;-579;-1331;40056
48;6038;2010789;24;-1474;-477;89;-373;-46;-293;-588;-1360;49988
48;6039;2011106;-155;-2573;-95;-117;-205;393;-250;-560;-1324;45621
48;6040;2011551;193;-2130;-52;294;-159;-335;-274;-585;-1354;5477
48;6041;2011787;-108;-1520;-423;340;456;-358;-296;-585;-1361;22363
48;6042;2012105;163;-2499;-411;-33;-5;-370;-195;-548;-1256;56633
48;6043;2012439;212;-1565;-516;241;-505;-176;-207;-562;-1310;56355
48;6044;2012887;-307;-2239;-184;395;527;97;-339;-593;-1442;30156
48;6045;2013220;-22;-2005;-623;-32;349;324;-317;-546;-1319;5510
48;6046;2013548;-343;-1655;-385;-251;53;5;-302;-574;-1363;44037
48;6047;2013889;-141;-2517;623;200;-403;938;-325;-619;-1655;24002
48;6048;2014117;344;-1278;30;11;529;-795;-445;-649;-1690;52771
48;6049;2014542;-97;-2376;534;-188;-708;175;-339;-631;-1657;24879
48;6050;2014875;-268;-1751;468;-68;-255;315;-442;-589;-1611;63229
48;6051;2015115;-720;-2852;423;814;1063;-374;-496;-572;-1688;34546
48;6052;2015544;-107;-2494;-70;-329;-401;-5;-351;-636;-1555;2129
48;6053;2015878;-201;-1581;204;-327;-306;469;-344;-611;-1523;37941
48;6054;2016225;-449;-2825;-66;583;288;1142;-466;-554;-1533;51209
48;6055;2016544;-613;-1660;-96;-341;2;-160;-517;-568;-1544;37827
48;6056;2016772;-341;-2850;-17;-332;-343;-311;-495;-560;-1488;42934
48;6057;2017091;-88;-1572;171;-219;199;177;-430;-615;-1542;4151
48;6058;2017433;-96;-2010;326;516;1193;-597;-363;-642;-1556;2044
48;6059;2017661;242;-1550;152;-249;920;-590;-161;-623;-1504;56654
48;6060;2017979;224;-1790;241;208;145;518;84;-618;-1537;62819
48;6061;2018553;319;-2174;533;-106;1124;-446;-22;-656;-1641;3752
48;6062;2018774;1055;-1394;363;719;1446;-266;165;-560;-1825;43767
48;6063;2019092;1255;-483;1633;332;-186;-1634;434;-15;-2360;53944
48;6064;2019555;129;34;2180;-334;3173;-905;463;285;-2669;3091
48;6065;2019873;190;-374;2978;732;-541;443;7;39;-2694;32055
48;6066;2020206;-237;-295;2635;-29;-426;1158;6;307;-2750;5953
48;6067;2020548;141;-205;1803;-448;197;471;219;117;-2655;466
48;6068;2020866;-247;-320;2603;673;844;-581;86;131;-2738;57840
48;6069;2021094;-296;9;2041;-318;-739;-517;-76;222;-2741;39513
48;6070;2021534;114;-117;1612;-674;882;572;173;215;-2716;43214
48;6071;2021780;-256;155;2199;319;-181;-1644;6;166;-2739;7118
48;6072;2022114;-41;178;1848;-180;423;-260;99;311;-2719;51861
48;6073;2022538;-97;-695;2570;809;-461;2222;86;323;-2697;8594
48;6074;2022898;-64;-524;2416;83;666;766;75;-40;-2701;14210
48;6075;2023217;10;382;1888;149;-107;-2059;35;268;-2730;64403
48;6076;2023536;-3;339;2316;-524;-984;1444;65;165;-2707;51587
48;6077;2023892;-265;-130;1803;535;639;44;24;59;-2741;51336
48;6078;2024217;278;-308;2412;109;-69;-1457;72;83;-2673;61913
48;6079;2024536;-365;-265;2231;1119;-514;-1015;39;238;-2736;12944
48;6080;2024764;201;229;2000;-861;-651;1602;149;318;-2637;40311
48;6081;2025106;-308;-319;2459;156;228;-420;20;26;-2711;19175
48;6082;2025547;-114;-208;1902;-540;629;-920;153;258;-2718;41218
48;6083;2025865;83;-267;2333;251;-525;1141;63;199;-2698;42510
48;6084;2026100;45;221;1803;11;321;1605;125;181;-2722;53757
48;6085;2026552;-224;-404;2065;571;-117;-1824;20;183;-2721;48578
48;6086;2026874;-274;258;2207;328;-540;-1626;-37;514;-2701;12696
48;6087;2027550;-88;-520;2670;96;-348;-914;21;350;-2719;36226
48;6088;2027867;139;187;1845;-73;370;-1234;78;567;-2668;38092
48;6089;2028201;-354;82;2277;182;-431;905;-153;341;-2748;36639
48;6090;2028554;111;255;1620;706;-204;1976;104;444;-2658;54649
48;6091;2028872;-223;-68;2419;24;1185;1985;79;175;-2746;46755
48;6092;2029205;170;-40;1787;-116;-1290;-1442;-48;210;-2693;21545
48;6093;2029552;-267;-85;2411;-324;598;673;102;219;-2730;13272
48;6094;2029874;159;54;1591;-476;-485;1281;84;190;-2694;5994
48;6095;2030106;-171;-165;2221;776;732;432;176;55;-2712;32782
48;6096;2030554;51;-165;2359;886;48;-847;70;299;-2718;51052
48;6097;2030994;66;19;1862;-482;724;2311;146;128;-2716;39041
48;6098;2031418;-7;250;2571;65;-113;-2367;77;332;-2719;30917
48;6099;2031654;134;-547;2113;-268;91;389;39;229;-2735;23415
48;6100;2031886;21;-220;2413;690;-551;1272;30;344;-2730;2163
48;6101;2032204;-77;-181;1930;-408;410;1548;171;69;-2701;15401
48;6102;2032532;108;40;2583;-298;161;-1194;31;103;-2722;32240
48;6103;2032784;-111;-284;1982;-343;-35;-1370;55;30;-2688;24653
48;6104;2033102;-254;-11;1538;-187;255;2527;167;304;-2682;55705
48;6105;2033422;-134;-265;1869;-112;152;1075;-3;74;-2736;45123
48;6106;2033654;-135;-124;2601;424;232;-2671;-73;148;-2738;1135
48;6107;2033995;-86;-154;2166;687;-521;-140;42;363;-2719;51940
48;6108;2034546;-202;-290;2467;14;198;-1499;-37;35;-2727;27564
48;6109;2034863;146;-20;2022;-123;300;-2317;99;288;-2708;53087
48;6110;2035099;-316;-144;2332;397;-341;1485;30;328;-2729;24307
48;6111;2035544;-56;-80;1604;514;1248;1855;211;30;-2707;14136
48;6112;2035862;-103;-120;2042;456;-1081;-2051;-124;70;-2715;28783
48;6113;2036217;-339;-212;2233;-85;413;234;115;301;-2727;36317
48;6114;2036537;147;-218;1645;-424;486;2121;157;115;-2683;39455
48;6115;2036855;-190;239;2363;312;-272;-2021;-140;91;-2732;65010
48;6116;2037214;70;-227;1906;-422;72;-1397;91;165;-2678;58387
48;6117;2037538;37;82;2194;-325;-330;1577;124;269;-2682;60262
48;6118;2037860;-156;-332;2157;115;273;1760;54;33;-2719;21310
48;6119;2038092;49;-162;2172;205;-871;-1442;-81;66;-2701;30690
48;6120;2038540;-228;-154;2143;-328;-519;-962;30;194;-2725;55819
48;6121;2038874;89;-204;1930;481;586;1952;139;165;-2714;46509
48;6122;2039191;-23;-277;2314;-1;-365;-1750;-66;-79;-2665;26526
48;6123;2039533;-308;-287;2155;553;59;-1949;85;231;-2726;57134
48;6124;2039871;189;-62;1554;-764;212;2706;180;118;-2655;11057
48;6125;2040189;-265;4;2328;2316;-433;-2868;-118;38;-2722;18254
48;6126;2040532;-184;193;2109;-1730;64;2114;-43;327;-2734;15057
48;6127;2040764;-42;-436;2473;-420;-1231;1770;-12;-58;-2674;31962
48;6128;2041083;224;147;1669;340;854;-551;108;79;-2713;48135
48;6129;2041523;212;-237;2067;-55;-149;-994;0;59;-2701;41677
48;6130;2041762;-509;-192;2217;983;-603;-1062;36;259;-2746;15608
48;6131;2042080;59;-421;1526;-254;1523;2500;279;25;-2671;31583
48;6132;2042524;35;17;1902;305;550;-1612;21;91;-2707;60288
48;6133;2042865;-223;-106;2413;1170;-827;-729;-72;247;-2748;635
48;6134;2043183;199;-134;2122;-833;462;2304;209;75;-2665;33092
48;6135;2043526;-89;-33;2419;-72;3;-1955;-58;130;-2747;46734
48;6136;2043867;-153;-253;2365;1655;-441;-1191;82;206;-2712;54212
48;6137;2044414;-419;11;2557;196;1108;-2219;-61;8;-2719;13699
48;6138;2044731;-105;179;1683;513;-138;-519;50;239;-2717;58167
48;6139;2044967;-89;-274;2510;565;-429;1796;107;154;-2712;35974
48;6140;2045195;114;-208;1549;-1075;360;1849;148;-60;-2656;29267
48;6141;2045522;-495;-71;2748;1090;-82;-1864;-129;44;-2733;65125
48;6142;2045841;0;-94;1844;-457;127;-171;17;210;-2748;36293
48;6143;2046096;501;-227;2578;500;-1449;461;23;183;-2702;37901
48;6144;2046415;-173;-73;1768;-135;870;970;170;20;-2699;52677
48;6145;2046733;118;-84;2030;-313;131;243;25;25;-2704;33979
48;6146;2046961;-205;-11;1947;199;208;-1063;-29;44;-2723;52645
48;6147;2047410;130;-299;1666;-559;1230;62;263;221;-2708;38108
48;6148;2047854;102;-219;1989;-626;-582;832;-43;43;-2690;24648
48;6149;2048172;181;281;2492;545;-1050;-290;30;48;-2690;4913
48;6150;2048518;-83;-158;1698;-85;579;-158;77;-20;-2698;14764
48;6151;2048751;-141;-213;2580;738;-483;-342;-49;80;-2716;1421
48;6152;2049073;-41;-283;1932;-503;111;-232;61;9;-2687;10698
48;6153;2049536;90;-28;1590;-774;673;-70;187;121;-2693;2117
48;6154;2049854;-154;629;2660;963;-490;-178;-37;192;-2738;45665
48;6155;2050172;67;-414;1717;12;3;-104;112;91;-2674;24350
48;6156;2050534;-39;-58;1914;-176;446;98;94;226;-2722;45218
48;6157;2050852;-276;-338;2538;916;-601;897;-33;71;-2733;57105
48;6158;2051170;-36;-292;1920;-412;793;1184;97;40;-2711;62619
48;6159;2051505;16;55;2415;-701;-415;-2167;5;178;-2699;3171
48;6160;2051743;104;-97;1582;29;417;1928;169;131;-2712;8944
48;6161;2052061;224;212;2396;-340;-596;1532;-32;-8;-2681;37953
48;6162;2052395;-504;-66;2156;1199;-445;-724;-167;70;-2717;11439
48;6163;2052843;-79;-351;1545;-88;922;304;141;-128;-2643;57622
48;6164;2053182;68;368;2621;12;-401;1119;-100;91;-2730;60647
48;6165;2053506;-669;243;1935;653;-1729;768;-257;-16;-2689;63326
48;6166;2053847;64;-182;1904;860;1835;167;24;-175;-2640;1628
48;6167;2054075;34;294;2071;1321;-1032;-1188;-329;99;-2729;39223
48;6168;2054504;-169;-564;1817;759;551;-844;57;-86;-2661;14214
48;6169;2054838;-8;48;2217;-55;-711;878;84;181;-2692;25768
48;6170;2055074;-91;-256;1986;-46;828;1455;177;-76;-2666;25439
48;6171;2055499;-71;-5;1665;-547;-112;-1266;-125;63;-2732;49313
48;6172;2055837;174;-187;2553;289;-139;-1218;81;69;-2680;58179
48;6173;2056177;-353;-169;2180;-96;145;719;53;114;-2734;21231
48;6174;2056497;380;452;2433;-173;293;770;56;106;-2718;2596
48;6175;2056725;262;-46;1704;-336;157;634;62;-47;-2696;27645
48;6176;2057051;-97;-90;2039;-319;-220;-1312;-9;32;-2705;16303
48;6177;2057394;258;-353;2186;328;502;782;183;43;-2686;8239
48;6178;2057622;-248;-67;2314;416;-578;-561;31;102;-2713;2999
48;6179;2057939;-195;166;2233;99;152;280;112;248;-2712;28376
48;6180;2058513;305;216;2986;837;196;1497;22;75;-2730;25734
48;6181;2058831;-224;-295;1872;-225;-839;-1786;-185;-29;-2691;48544
48;6182;2059149;162;330;2428;-116;391;-447;218;216;-2679;26015
48;6183;2059509;-13;-228;2276;-695;-663;-80;-18;109;-2692;8989
48;6184;2059729;2;125;2454;534;497;1140;145;65;-2695;5924
48;6185;2060167;-415;-357;2361;-1452;-585;874;29;-31;-2658;58165
48;6186;2060509;481;-152;2723;1634;1072;1037;188;-174;-2638;8311
48;6187;2060832;96;-815;1737;1674;311;-1079;-248;161;-2735;62605
48;6188;2061064;-473;601;2566;-1518;-1920;-2019;-296;304;-2763;4915
48;6189;2061383;26;-235;1734;65;1235;-1146;257;169;-2685;14607
48;6190;2061618;54;-74;2469;689;-1223;-1402;82;279;-2692;10007
48;6191;2062058;-188;-3;2066;-849;481;-280;42;244;-2753;61989
48;6192;2062487;-129;162;1379;-866;-238;859;-33;351;-2735;60120
48;6193;2062844;348;285;2501;-508;677;1199;239;193;-2674;55075
48;6194;2063162;-684;133;2525;271;-1835;280;-196;247;-2749;56734
48;6195;2063481;152;-462;1519;-64;1678;501;322;88;-2684;50389
48;6196;2063841;-121;-251;2669;-141;-1426;-556;-140;38;-2692;13109
48;6197;2064160;-177;-4;1836;1119;1116;-109;104;164;-2739;35623
48;6198;2064487;-338;-408;1901;-577;255;-621;145;329;-2700;3847
48;6199;2064715;-138;-154;2260;-750;-438;-728;129;240;-2707;38225
48;6200;2065060;-32;-285;1699;-18;772;-212;111;193;-2723;8650
48;6201;2065500;-208;846;2155;1164;652;219;24;670;-2628;20305
48;6202;2065818;396;-337;2201;-1623;-110;974;120;261;-2667;11099
48;6203;2066053;-87;-173;2579;263;893;1179;121;41;-2720;17604
48;6204;2066498;251;536;2433;1025;-1148;105;0;324;-2653;54228
48;6205;2066816;-176;-169;1599;-2270;762;507;258;86;-2667;63364
48;6206;2067157;-36;-364;2291;321;1700;385;59;32;-2716;14153
48;6207;2067492;-226;-232;3074;340;-3424;-1627;-267;322;-2715;8520
48;6208;2067814;-54;20;1431;-1402;1568;213;294;344;-2696;25205
48;6209;2068148;-334;-3;2919;77;-359;-147;35;184;-2724;40335
48;6210;2068494;-333;-234;2375;728;-340;-154;-41;177;-2761;3621
48;6211;2068812;-237;-253;1381;-380;1035;184;172;370;-2726;15003
48;6212;2069150;440;-18;2712;362;-206;57;137;362;-2623;47761
48;6213;2069493;-586;-124;1889;242;398;178;-50;114;-2744;48040
48;6214;2069811;94;-14;1775;-456;-623;687;54;413;-2698;29775
48;6215;2070039;325;-474;1924;-218;-537;690;174;148;-2661;46611
48;6216;2070495;-200;-180;1691;-461;802;374;8;31;-2708;15239
48;6217;2070935;-96;384;1304;-890;96;-873;212;420;-2685;30181
48;6218;2071360;-45;-68;2269;160;2047;-84;275;250;-2709;28543
48;6219;2071598;-622;-105;1783;-165;-395;-469;-147;298;-2745;6484
48;6220;2071826;207;-404;2476;1054;-1039;-25;-103;447;-2693;5943
48;6221;2072148;57;-311;2065;-1271;-760;844;183;199;-2674;41689
48;6222;2072467;24;-428;2092;999;1194;1293;100;70;-2732;5832
48;6223;2072718;-468;167;2327;-630;-1873;601;-153;305;-2738;64929
48;6224;2073037;155;70;1442;-470;775;887;343;102;-2618;44933
48;6225;2073360;-222;-543;2967;1177;1291;719;-18;-146;-2649;19521
48;6226;2073588;-394;-135;1604;982;-344;-652;-281;198;-2738;61074
48;6227;2073929;82;325;2946;430;-1270;-734;9;315;-2675;3002
48;6228;2074480;36;-38;2809;1638;2176;376;261;157;-2740;9628
48;6229;2074798;-213;-21;1577;-858;-566;-154;-196;206;-2771;15873
48;6230;2075033;-87;91;2399;492;-1166;697;36;245;-2693;14083
48;6231;2075478;-38;-442;2774;247;224;812;134;-61;-2668;63631
48;6232;2075800;-79;-120;1629;93;800;-381;38;95;-2748;57460
48;6233;2076040;169;-236;2534;989;-1787;-1315;-129;148;-2725;26717
48;6234;2076374;-222;155;1182;-575;146;-882;165;368;-2722;43434
48;6235;2076697;163;404;2728;-1254;1159;749;156;182;-2731;19721
48;6236;2077160;395;138;2519;2206;-1856;146;-177;381;-2698;30233
48;6237;2077480;638;467;1115;-4217;1085;772;360;298;-2536;55050
48;6238;2077798;-1150;-495;2366;3412;-914;117;-242;18;-2681;23022
48;6239;2078026;209;523;1565;-37;-968;487;-157;577;-2656;51312
48;6240;2078474;147;288;1176;-402;-376;520;280;157;-2594;18612
48;6241;2078812;-300;-310;2896;1755;1076;673;78;17;-2720;49425
48;6242;2079129;-310;142;1774;183;-1691;-589;-154;399;-2734;52784
48;6243;2079479;112;153;1587;-998;562;585;282;254;-2666;56540
48;6244;2079812;-365;-323;2740;1499;325;469;-7;-118;-2674;59494
48;6245;2080130;-133;51;1501;-270;-1352;-87;-59;289;-2725;12530
48;6246;2080472;227;-74;2171;1270;102;91;299;287;-2628;28586
48;6247;2080700;-119;-49;1776;-2288;1035;279;232;75;-2708;16128
48;6248;2081019;-534;-290;2616;1974;-298;-108;-199;-91;-2675;52918
48;6249;2081467;110;-343;2820;-134;-2519;-377;41;424;-2598;39285
48;6250;2081702;532;173;1337;-1644;1365;457;373;202;-2617;40368
48;6251;2082021;-242;-76;2875;2104;-795;-17;-71;10;-2718;527
48;6252;2082465;-316;-145;2781;-309;-1871;-231;-10;248;-2723;35008
48;6253;2082805;157;75;1403;-224;1058;234;348;162;-2643;53303
48;6254;2083123;62;225;2518;472;306;53;61;141;-2743;64103
48;6255;2083462;-362;114;2197;88;-1127;-373;-149;234;-2753;4655
48;6256;2083802;176;-27;1244;178;633;-140;292;329;-2647;32604
48;6257;2084353;-282;-198;1666;671;1372;70;71;218;-2764;7654
48;6258;2084671;207;-230;2143;765;-1775;-666;-90;348;-2712;34846
48;6259;2084911;-177;86;1367;-577;538;62;188;399;-2693;34580
48;6260;2085139;-365;-408;2853;-404;1021;396;130;256;-2731;34540
48;6261;2085458;-135;-10;1748;-555;1884;668;70;236;-2747;50091
48;6262;2085777;-198;-886;2534;320;-1375;-109;-15;336;-2690;5157
48;6263;2086027;398;327;1865;-1035;986;439;231;351;-2678;2560
48;6264;2086351;-212;-438;2939;275;-681;5;-85;100;-2730;36357
48;6265;2086673;158;173;2348;704;-1088;-641;168;455;-2623;57443
48;6266;2086901;218;-170;1165;-1180;519;-304;254;378;-2652;39934
48;6267;2087463;-278;167;2035;506;-918;-487;-55;498;-2710;61276
48;6268;2087796;-768;-474;3062;-650;918;1341;115;274;-2745;8822
48;6269;2088114;-194;-180;1908;-66;-1010;1203;-62;127;-2738;59971
48;6270;2088456;-272;-448;2301;319;364;1201;125;46;-2717;43840
48;6271;2088684;-117;-253;1777;166;-137;-32;34;127;-2731;57092
48;6272;2089003;-113;-103;2214;222;-439;-183;103;13;-2682;34149
48;6273;2089470;-302;-577;2622;-596;-175;-134;-57;15;-2710;36652
48;6274;2089788;-116;-134;2081;610;193;-38;83;82;-2712;7111
48;6275;2090110;205;-77;1852;-499;468;22;139;28;-2691;53845
48;6276;2090468;-214;-227;2447;157;-381;-171;-51;37;-2719;59692
48;6277;2090786;219;-33;1775;50;-157;-122;114;183;-2696;60032
48;6278;2091108;317;-362;1835;-276;-111;-108;142;42;-2675;38345
48;6279;2091443;-394;-20;2516;390;-63;-92;-32;101;-2751;5258
48;6280;2091682;88;-309;2017;209;-1059;-320;-47;103;-2722;28170
48;6281;2092004;232;198;2189;-453;-139;-124;203;178;-2674;10519
48;6282;2092342;-194;132;1896;359;905;283;125;140;-2753;38750
48;6283;2092794;-70;-12;1715;689;-741;-42;44;153;-2695;17109
48;6284;2093127;-117;88;2559;-451;-159;73;169;185;-2676;34260
48;6285;2093447;-34;-332;1878;-547;1928;761;120;-38;-2686;4843
48;6286;2093788;-15;106;2348;-122;-3239;-202;-272;137;-2712;49969
48;6287;2094016;554;-78;1699;-168;644;669;350;52;-2535;1525
48;6288;2094441;-190;-195;1738;-145;1032;702;-46;13;-2707;16081
48;6289;2094783;-467;-298;2683;-158;-1730;-1146;-315;30;-2724;10574
48;6290;2095018;259;158;1583;202;-122;-1096;213;230;-2633;36132
48;6291;2095447;144;22;1482;350;341;-206;206;94;-2660;30660
48;6292;2095781;-834;-53;2569;854;-450;855;-140;280;-2731;862
48;6293;2096121;444;-597;1607;-1180;416;1059;284;-178;-2466;62700
48;6294;2096440;-44;25;2204;731;72;-247;90;33;-2711;33416
48;6295;2096668;49;-107;1889;53;824;-200;8;52;-2731;1585
48;6296;2096987;51;-22;1942;125;-1362;-378;-123;104;-2732;19085
48;6297;2097336;213;44;2448;-473;153;-45;273;154;-2627;63836
48;6298;2097564;193;25;1696;54;855;122;217;66;-2686;57785
48;6299;2097886;-632;-148;2935;860;-877;-106;-214;88;-2741;65374
48;6300;2098460;-565;4;2640;-746;-899;-964;-8;44;-2710;55078
48;6301;2098777;202;63;1964;-269;1608;-799;309;165;-2669;58870
48;6302;2099095;-259;-80;2014;2096;-973;-1412;-138;379;-2753;61697
48;6303;2099454;-270;-279;2358;-1981;-1107;-1531;-75;517;-2708;35653
48;6304;2099772;177;290;1305;-220;753;-1073;130;606;-2633;8857
48;6305;2100106;-503;-260;2477;1037;-779;-1352;-263;477;-2711;12541
48;6306;2100452;-117;321;2056;-857;349;-1201;-225;504;-2687;19855
48;6307;2100775;467;-445;2091;661;1023;-883;-263;47;-2712;41835
48;6308;2101003;-540;76;1709;408;2055;-355;-435;177;-2527;24382
48;6309;2101322;-65;-193;2961;856;-2295;-406;-636;186;-2710;47927
48;6310;2101557;147;-113;1552;-992;1088;321;-251;192;-2752;36305
48;6311;2101997;114;42;2457;-1178;502;215;-374;78;-2705;19207
48;6312;2102426;29;105;1831;1021;-1053;120;-690;227;-2631;28995
48;6313;2102665;411;-228;2373;-252;339;1263;-466;317;-2720;14337
48;6314;2102893;-476;-120;1919;-1295;500;1302;-466;256;-2606;54201
48;6315;2103327;155;-174;2667;366;664;-141;-365;351;-2707;58046
48;6316;2103789;191;105;2090;439;-2038;-1033;-759;418;-2647;33924
48;6317;2104107;171;-409;1986;-42;-47;-658;-259;236;-2747;10545
48;6318;2104426;181;-217;2376;-538;918;-436;-369;109;-2689;48104
48;6319;2104654;-250;-182;2051;-177;-15;-412;-537;1;-2567;9289
48;6320;2104995;101;-144;2365;1009;-504;-21;-407;122;-2713;47932
48;6321;2105439;19;-93;2087;89;-964;145;-558;85;-2660;28459
48;6322;2105761;-2;-73;2107;-307;695;499;-342;174;-2712;34485
48;6323;2106000;-107;-90;1838;351;545;453;-462;192;-2659;41964
48;6324;2106441;-112;14;2102;253;-516;188;-491;335;-2686;50964
48;6325;2106760;93;-253;2143;-889;-42;261;-345;138;-2714;34230
48;6326;2107100;-323;112;1933;931;741;484;-493;293;-2543;19392
48;6327;2107435;140;-308;2111;-159;-1084;-83;-484;251;-2734;63377
48;6328;2107753;-230;-13;1805;896;1001;-422;-359;376;-2671;21819
48;6329;2108090;-144;-306;2285;124;-91;-663;-564;214;-2627;30258
48;6330;2108439;82;-236;2175;164;-504;-548;-417;172;-2712;59943
48;6331;2108757;144;-179;2066;-2;656;615;-312;83;-2699;644
48;6332;2109090;-103;-129;2234;-41;-314;542;-598;128;-2583;58648
48;6333;2109432;-82;22;2195;723;-1239;296;-531;267;-2704;57738
48;6334;2109755;363;-178;1903;-522;687;690;-118;210;-2761;10511
48;6335;2109983;-149;-112;2245;881;1570;810;-245;303;-2686;9962
48;6336;2110430;-235;-236;2229;-251;-149;100;-668;461;-2523;33364
48;6337;2110874;297;-106;1967;-677;-907;-372;-236;253;-2760;63231
48;6338;2111303;116;-306;2330;1036;1681;254;-296;249;-2683;26828
48;6339;2111538;-5;142;2228;-231;553;422;-656;423;-2483;14662
48;6340;2111766;-8;-149;2186;-419;-1605;-102;-764;329;-2599;31330
48;6341;2112085;22;75;2051;-314;-1123;-128;-266;356;-2750;59670
48;6342;2112404;130;-450;2012;412;1618;473;-42;129;-2755;15511
48;6343;2112654;-140;87;2522;888;947;407;-403;498;-2568;8446
48;6344;2112973;-411;-213;2131;-790;-795;-153;-757;472;-2465;7616
48;6345;2113300;193;-74;2167;-243;-1212;-374;-368;334;-2772;13322
48;6346;2113532;67;-116;2008;-303;1022;95;-100;231;-2765;5143
48;6347;2113874;-162;203;2177;269;456;-71;-502;434;-2612;6810
48;6348;2114425;-57;-5;2145;867;-987;-534;-487;309;-2733;39184
48;6349;2114743;82;-112;2027;-590;685;-207;-275;277;-2746;12067
48;6350;2114978;-118;-28;2146;-16;768;-41;-438;198;-2670;15043
48;6351;2115419;-55;-86;2136;276;-620;23;-554;202;-2685;59555
48;6352;2115736;34;13;2071;154;34;93;-377;266;-2724;38638
48;6353;2116092;-89;-196;2084;-185;247;65;-423;213;-2705;535
48;6354;2116420;-153;-113;2125;-189;19;-50;-521;230;-2662;13938
48;6355;2116738;-22;-78;2109;388;-373;-167;-482;235;-2703;48439
48;6356;2117094;-52;-182;2101;-227;145;-91;-414;203;-2701;56226
48;6357;2117418;-66;-88;2162;7;80;-103;-471;202;-2676;62912
48;6358;2117736;-37;-98;2111;86;-206;58;-497;201;-2688;31239
48;6359;2117964;-3;-118;2168;-109;-25;145;-464;206;-2707;54733
48;6360;2118411;-146;-121;2182;231;96;145;-480;237;-2683;1990
48;6361;2118745;-19;-36;2164;-553;-903;531;-419;230;-2735;25627
48;6362;2118965;373;-137;2106;1172;1612;1850;-212;416;-2740;34740
48;6363;2119415;-337;-64;2220;-2300;-1150;773;-566;561;-2669;34652
48;6364;2119749;129;-168;2056;-722;-821;-345;3;80;-2680;52410
48;6365;2120066;8;-325;2442;2221;1694;56;130;245;-2750;9989
48;6366;2120409;-99;261;2094;349;1180;-360;-437;779;-2396;55684
48;6367;2120637;599;-235;2438;-2706;-3075;-1311;-671;382;-2690;51778
48;6368;2120955;-228;386;2178;2121;35;-759;-271;596;-2681;53725
48;6369;2121399;221;-210;2104;821;251;-459;22;560;-2678;35207
48;6370;2121641;-372;-279;2148;-879;1949;1030;-199;594;-2640;51772
48;6371;2121960;-322;137;2248;-1228;713;1970;-549;521;-2579;22864
48;6372;2122400;157;53;1918;-1022;105;1806;-191;149;-2742;51486
48;6373;2122742;-405;-187;2536;1483;-1966;396;-226;311;-2730;12864
48;6374;2123061;82;215;1880;-1213;665;-719;368;536;-2521;32495
48;6375;2123396;266;-116;2623;-793;0;-1009;116;257;-2728;49336
48;6376;2123736;-49;-13;1837;774;490;-1065;7;417;-2723;52530
48;6377;2124396;201;-168;2211;-2552;-1530;-133;-489;388;-2704;26513
48;6378;2124718;171;-279;2085;2409;392;736;-107;125;-2738;2453
48;6379;2124973;128;239;1661;1476;530;999;-160;856;-2476;54044
48;6380;2125292;-767;-708;2989;-1742;1129;1023;-82;334;-2746;54154
48;6381;2125610;187;18;1822;373;-607;265;-102;416;-2723;18038
48;6382;2125838;24;-197;2459;-152;777;35;41;427;-2735;1516
48;6383;2126074;-313;168;2059;-1377;-663;-628;-154;406;-2740;58511
48;6384;2126393;418;120;1525;1764;-470;-642;266;553;-2485;38785
48;6385;2126727;-493;-143;2544;-1015;2729;531;113;393;-2735;27181
48;6386;2127287;175;-312;2243;402;204;1259;10;255;-2736;38651
48;6387;2127727;-52;-275;2304;224;-1663;724;71;-16;-2622;5268
48;6388;2128045;-154;-57;2104;1027;2276;788;255;162;-2760;27036
48;6389;2128392;640;-26;2574;534;-2130;-2005;-242;117;-2710;6814
48;6390;2128620;-96;315;1307;109;213;-1412;192;418;-2679;4439
48;6391;2128938;101;-136;2708;-1287;637;-162;187;402;-2682;22913
48;6392;2129401;-296;-915;2540;1531;-66;197;-65;224;-2760;48947
48;6393;2129723;-261;-95;1442;-1237;237;978;-4;352;-2755;10478
48;6394;2130045;-65;-383;2803;361;-371;413;83;157;-2717;24203
48;6395;2130407;-221;-111;1870;-95;-530;-889;55;239;-2743;8537
48;6396;2130725;-235;69;1980;-540;1537;-574;190;453;-2721;26900
48;6397;2131043;-65;182;2708;-127;-824;-1129;-106;364;-2745;24328
48;6398;2131378;-436;-314;1706;-553;798;-727;31;310;-2767;9736
48;6399;2131613;99;35;2746;2531;142;-837;-170;506;-2719;34826
48;6400;2131931;168;-365;1681;-147;243;-840;-288;520;-2697;56847
48;6401;2132270;-334;273;2648;-692;-352;-1348;-307;405;-2738;23870
48;6402;2132490;-93;-172;1619;441;744;-1255;-196;307;-2757;28635
48;6403;2132726;-763;-438;3096;-915;736;-973;-324;270;-2654;40566
48;6404;2133060;41;-32;1551;102;575;-844;-409;86;-2694;61627
48;6405;2133379;-227;-309;2592;523;-93;-1130;-442;139;-2662;6690
48;6406;2133720;801;-739;2502;-806;421;-1079;-313;-53;-2689;40716
48;6407;2133948;-163;-598;2089;-111;967;-833;-271;-315;-2543;8938
48;6408;2134373;-121;66;2983;466;1147;-1093;-66;61;-2731;11805
48;6409;2134710;-303;93;1570;576;-395;-1344;-254;110;-2736;54503
48;6410;2134949;314;-37;2233;88;-2308;-1238;-23;137;-2663;20767
48;6411;2135378;-82;43;2608;-1392;862;1164;251;27;-2683;56922
48;6412;2135711;-5;59;1751;1215;-129;1878;-104;135;-2745;56697
48;6413;2136053;-186;-299;2334;-1128;61;2062;-166;-157;-2653;48779
48;6414;2136376;-146;-231;2073;830;371;2345;-342;43;-2646;56128
48;6415;2136604;159;-270;2518;-49;-361;1973;-523;304;-2701;35780
48;6416;2136923;400;-499;2349;-381;591;936;-298;245;-2745;35653
48;6417;2137269;-274;-173;1519;118;-421;256;-581;442;-2627;15198
48;6418;2137501;-78;38;2590;33;-852;-226;-442;468;-2715;56921
48;6419;2137819;-171;-246;1823;-766;-30;-741;-293;296;-2725;26835
48;6420;2138389;-114;-310;1619;654;-381;-1079;-540;179;-2653;2902
48;6421;2138707;20;-202;2528;-313;10;-1018;-487;174;-2673;6139
48;6422;2139024;480;429;2359;-433;127;-936;-275;3;-2712;51495
48;6423;2139382;-41;-371;1464;682;144;-499;-351;-156;-2598;59417
48;6424;2139701;-21;-73;2540;-336;-412;-430;-343;-17;-2692;21721
48;6425;2140041;109;61;1848;-211;-239;47;-194;-29;-2699;63127
48;6426;2140387;-147;12;1601;315;334;638;-145;-115;-2662;52366
48;6427;2140705;-272;-47;2937;283;-77;620;-374;44;-2679;63679
48;6428;2140933;-67;491;1923;-122;-605;515;-401;74;-2710;16244
48;6429;2141256;-177;-242;2683;-1251;921;825;-261;-50;-2655;41831
48;6430;2141492;7;64;1363;337;83;672;-471;27;-2626;35682
48;6431;2141932;105;-302;2526;344;-399;191;-462;187;-2697;8553
48;6432;2142357;-167;-431;2652;-1089;488;-168;-362;64;-2646;22897
48;6433;2142717;51;-62;1872;1378;406;-144;-483;76;-2669;27165
48;6434;2143039;-106;129;1957;148;-564;-407;-494;197;-2703;30743
48;6435;2143359;61;-63;2957;-794;1106;-47;-323;-69;-2654;41779
48;6436;2143722;-4;-174;1303;1272;339;-140;-389;68;-2689;62309
48;6437;2144041;14;-330;2589;-761;-517;-345;-445;171;-2704;17861
48;6438;2144360;140;75;2212;-549;300;-152;-246;-51;-2681;55076
48;6439;2144588;-132;-439;1781;-466;-347;-167;-309;-295;-2520;11312
48;6440;2144929;-139;171;2689;1638;819;381;-287;74;-2710;39356
48;6441;2145373;185;89;1625;-1558;-680;6;-382;50;-2715;50587
48;6442;2145695;33;-398;1832;592;-35;243;-326;-192;-2589;42155
48;6443;2145930;-525;323;2089;1003;300;352;-441;177;-2665;58435
48;6444;2146375;80;-148;1727;-231;-373;150;-352;71;-2727;7975
48;6445;2146694;-353;-67;2173;40;538;352;-388;-134;-2575;25938
48;6446;2147034;160;-43;2321;465;89;287;-477;156;-2689;55254
48;6447;2147373;-27;312;1604;-16;-1176;-17;-429;215;-2734;63486
48;6448;2147691;-13;-408;3154;-1305;1659;575;-214;-29;-2674;61917
48;6449;2148029;-60;-176;1460;1013;187;418;-581;149;-2594;8152
48;6450;2148373;71;-77;2172;427;-1381;56;-513;194;-2729;3554
48;6451;2148692;-275;297;2841;-600;2098;858;-194;166;-2725;36753
48;6452;2149025;81;38;1121;1841;316;557;-568;130;-2617;19569
48;6453;2149367;142;12;3162;-1751;-1332;78;-479;448;-2731;53320
48;6454;2149686;421;16;1879;-533;2248;771;-73;64;-2721;37783
48;6455;2149914;-397;-104;1832;227;1019;546;-590;87;-2353;4902
48;6456;2150640;249;-85;1264;-1928;185;96;-177;270;-2744;35388
48;6457;2150958;-204;37;2171;270;1000;531;-491;12;-2568;45900
48;6458;2151281;104;370;2016;1553;222;400;-638;523;-2572;37229
48;6459;2151513;-53;-387;2907;-1487;-1060;-9;-577;362;-2717;39403
48;6460;2151749;129;-305;1458;-83;-342;48;-228;163;-2748;49937
48;6461;2152067;-1046;-7;2277;-884;378;1174;-409;323;-2631;4502
48;6462;2152409;155;12;2587;662;-291;1689;-458;518;-2702;56724
48;6463;2152867;261;-1087;2202;-281;647;-120;-101;244;-2759;56272
48;6464;2153418;114;414;2369;441;405;-497;-285;551;-2699;54705
48;6465;2153736;-62;-27;1517;-999;-240;-1086;-350;378;-2721;49385
48;6466;2153974;355;151;2678;-103;1276;-764;-299;282;-2751;38715
48;6467;2154415;-84;640;1960;-205;-135;-1009;-482;242;-2701;44158
48;6468;2154733;-52;278;1317;641;-206;-431;-424;153;-2676;10087
48;6469;2155093;-795;991;3410;1294;2342;696;-372;94;-2494;53491
48;6470;2155412;-258;167;1162;363;-4507;-490;-503;34;-2732;51191
48;6471;2155731;778;-659;2251;331;3882;1274;252;423;-2736;32586
48;6472;2156089;-441;-116;2327;1422;1428;-4598;-688;-363;-2478;28190
48;6473;2156409;-164;120;1595;1505;1018;-3260;-21;189;-2754;59023
48;6474;2156731;-120;-165;2685;27;-1945;-394;-256;324;-2759;23195
48;6475;2156959;388;-162;2241;443;426;1286;101;313;-2700;50471
48;6476;2157412;-58;-447;2256;-959;-425;1963;69;-50;-2660;39407
48;6477;2157746;17;-205;2262;680;-6;2318;-89;-109;-2687;1454
48;6478;2158063;202;-327;2277;-1418;513;2467;-285;-30;-2692;17960
48;6479;2158406;-198;-162;2265;165;-356;2082;-574;230;-2650;27536
48;6480;2158744;-217;-127;1713;885;-369;1543;-393;385;-2724;13184
48;6481;2159066;-271;18;2247;-134;455;931;-255;524;-2694;2697
48;6482;2159412;-63;-191;2062;71;-157;-144;-278;528;-2695;974
48;6483;2159640;-148;-26;2192;110;-218;-660;-289;567;-2690;970
48;6484;2159958;-163;-68;2206;213;-140;-1100;-314;459;-2714;16391
48;6485;2160398;17;-118;2074;-432;-342;-1391;-452;363;-2699;26012
48;6486;2160634;88;-87;2122;-144;361;-1206;-452;233;-2685;24885
48;6487;2160952;132;36;2077;264;40;-1235;-502;75;-2654;37575
48;6488;2161396;-9;-249;2059;265;-142;-868;-358;-46;-2686;24325
48;6489;2161736;-126;-224;2120;-68;-99;-261;-301;-73;-2683;17859
48;6490;2162058;125;-114;2142;46;-131;329;-239;-48;-2700;49592
48;6491;2162392;-13;-38;2111;-278;88;842;-311;-15;-2688;55569
48;6492;2162732;-4;-94;2216;99;-282;943;-410;72;-2702;45845
48;6493;2163286;-26;458;2138;244;575;1174;-446;284;-2693;2476
48;6494;2163603;176;19;2190;258;-313;868;-492;295;-2710;35054
48;6495;2163838;352;-171;2078;401;401;862;-442;423;-2708;11375
48;6496;2164069;-131;-33;2106;-83;304;92;-341;447;-2724;41327
48;6497;2164388;330;-384;2053;-16;-45;6;-317;408;-2743;60987
48;6498;2164709;66;497;2010;72;-12;372;-321;453;-2713;48238
48;6499;2164961;232;1;2203;-5;-206;-1;-307;458;-2722;7764
48;6500;2165279;3;99;2123;-38;7;10;-308;464;-2723;57209
48;6501;2165597;52;-26;2132;4;-17;9;-302;460;-2722;38964
48;6502;2165825;58;15;2127;-13;-6;8;-302;456;-2741;60425
48;6503;2166271;69;19;2132;-13;-7;10;-307;470;-2731;55000
48;6504;2166719;97;-3;2134;-1;-28;10;-315;463;-2727;11727
48;6505;2167036;47;17;2135;9;-28;9;-306;458;-2738;20655
48;6506;2167378;58;9;2132;6;-28;6;-304;459;-2735;14519
48;6507;2167609;62;17;2126;9;-27;8;-299;463;-2736;52350
48;6508;2167927;58;18;2132;6;-27;8;-304;463;-2741;64288
48;6509;2168392;61;17;2132;6;-24;8;-304;460;-2730;37343
48;6510;2168709;57;12;2131;10;-19;14;-311;471;-2737;50931
48;6511;2169026;60;18;2128;8;-24;8;-298;465;-2729;47841
48;6512;2169387;59;13;2129;3;-25;7;-309;457;-2727;62234
48;6513;2169704;58;14;2130;3;-25;7;-310;455;-2738;39452
48;6514;2170021;57;21;2132;6;-24;10;-304;459;-2727;42911
48;6515;2170355;58;14;2131;5;-22;12;-302;460;-2735;62251
48;6516;2170619;60;14;2134;1;-25;8;-307;466;-2740;22861
48;6517;2170936;59;12;2133;3;-24;7;-313;467;-2727;40745
48;6518;2171269;64;20;2129;7;-28;8;-309;464;-2729;43086
48;6519;2171717;52;15;2130;6;-26;10;-307;459;-2724;5836
48;6520;2172053;56;14;2133;4;-24;5;-303;456;-2718;29666
48;6521;2172372;62;15;2133;7;-21;11;-306;467;-2733;18319
48;6522;2172712;60;14;2133;4;-26;6;-307;458;-2734;29223
48;6523;2172939;61;19;2126;6;-26;10;-306;463;-2717;17980
48;6524;2173363;57;12;2128;4;-25;8;-318;465;-2741;29194
48;6525;2173700;64;15;2130;4;-22;7;-308;460;-2738;28019
48;6526;2173935;61;13;2133;4;-30;9;-300;463;-2724;55719
48;6527;2174366;59;14;2130;5;-30;7;-308;464;-2733;37057
48;6528;2174598;55;14;2130;6;-25;7;-302;452;-2721;2902
48;6529;2175044;56;14;2129;5;-29;9;-307;455;-2726;5355
48;6530;2175362;58;18;2130;3;-22;8;-308;458;-2726;20830
48;6531;2175590;56;17;2131;8;-24;14;-307;457;-2720;48510
48;6532;2175907;59;15;2130;6;-26;8;-316;463;-2726;60796
48;6533;2176248;60;16;2132;6;-27;5;-311;455;-2742;56786
48;6534;2176479;60;12;2134;9;-21;11;-307;460;-2733;31593
48;6535;2176797;56;9;2129;3;-24;5;-315;464;-2722;63128
48;6536;2177368;57;14;2134;5;-26;6;-303;465;-2749;56002
48;6537;2177689;67;-27;2129;-27;6;2;-306;457;-2730;62710
48;6538;2178007;221;287;2076;80;-61;11;-306;464;-2733;5058
48;6539;2178364;16;-81;2155;-6;-59;2;-309;466;-2726;38701
48;6540;2178681;73;-1;2136;50;-63;7;-312;449;-2724;50863
48;6541;2179014;74;53;2126;-14;-12;7;-316;470;-2719;32527
48;6542;2179360;47;-2;2128;0;-25;7;-313;456;-2727;15610
48;6543;2179581;43;-3;2134;10;-19;11;-306;460;-2709;10007
48;6544;2179913;55;11;2130;6;-21;11;-307;458;-2715;18698
48;6545;2180231;44;17;2133;6;-11;13;-309;465;-2718;1905
48;6546;2180468;29;66;2131;-14;-1;3;-297;465;-2719;60157
48;6547;2180907;89;-43;2110;31;-47;8;-301;464;-2724;16440
48;6548;2181331;15;-48;2130;20;-44;7;-303;463;-2717;12459
48;6549;2181689;96;39;2129;25;-48;6;-311;457;-2724;8153
48;6550;2182005;32;-15;2134;-18;-11;11;-306;459;-2729;27183
48;6551;2182327;48;12;2130;2;-24;9;-299;458;-2722;62941
48;6552;2182685;64;13;2135;-5;-17;7;-303;454;-2723;62904
48;6553;2183001;55;14;2133;3;-24;6;-309;449;-2718;30760
48;6554;2183318;59;20;2132;8;-27;9;-307;452;-2716;38352
48;6555;2183545;56;20;2131;5;-24;8;-311;453;-2721;15906
48;6556;2183884;61;15;2130;5;-29;8;-307;457;-2720;29822
48;6557;2184322;55;14;2131;5;-25;8;-309;463;-2714;6017
48;6558;2184637;56;17;2133;6;-25;8;-306;456;-2729;29385
48;6559;2184872;58;15;2127;6;-26;9;-303;454;-2725;38177
48;6560;2185318;56;17;2132;6;-27;8;-303;459;-2732;23445
48;6561;2185634;57;14;2127;7;-25;10;-304;453;-2710;59593
48;6562;2185977;60;16;2131;7;-25;10;-299;459;-2718;5449
48;6563;2186310;58;14;2128;5;-26;8;-307;446;-2729;22052
48;6564;2186626;55;15;2132;6;-25;10;-310;456;-2734;56585
48;6565;2186957;59;13;2132;5;-28;8;-305;471;-2736;36508
48;6566;2187299;59;14;2130;5;-27;8;-292;463;-2728;12057
48;6567;2187619;57;14;2127;6;-24;9;-297;463;-2729;23110
48;6568;2187950;55;14;2132;5;-25;8;-305;468;-2726;50131
48;6569;2188290;58;17;2128;4;-28;8;-311;466;-2724;58708
48;6570;2188606;59;17;2130;2;-28;5;-311;463;-2727;49619
48;6571;2188837;58;18;2130;6;-23;10;-312;456;-2718;17621
48;6572;2189284;57;13;2132;5;-26;8;-313;471;-2721;57907
48;6573;2189724;57;15;2132;5;-24;8;-301;458;-2717;40259
48;6574;2190269;58;16;2134;5;-26;8;-305;468;-2729;35937
48;6575;2190531;54;12;2132;6;-24;8;-300;454;-2723;11039
48;6576;2190849;58;17;2135;5;-25;9;-309;455;-2719;8938
48;6577;2191173;58;15;2131;5;-25;9;-294;453;-2719;4057
48;6578;2191401;56;14;2130;4;-27;7;-299;454;-2732;40101
48;6579;2191636;57;15;2128;5;-28;8;-306;454;-2731;52403
48;6580;2191959;58;16;2132;6;-26;8;-308;460;-2718;18312
48;6581;2192293;56;17;2132;7;-25;10;-299;468;-2720;55160
48;6582;2192748;56;15;2130;3;-29;4;-296;462;-2728;30831
48;6583;2193294;56;16;2134;7;-25;10;-296;456;-2721;3384
48;6584;2193612;53;14;2131;5;-27;8;-306;455;-2713;62828
48;6585;2193849;60;15;2130;5;-27;9;-299;454;-2727;50033
48;6586;2194289;58;17;2131;5;-26;8;-299;453;-2714;57615
48;6587;2194607;55;17;2130;7;-23;11;-308;451;-2725;15319
48;6588;2194963;57;17;2131;7;-25;11;-304;454;-2729;51934
48;6589;2195286;56;15;2132;3;-29;6;-308;461;-2732;59717
48;6590;2195609;60;15;2130;3;-27;8;-301;467;-2719;29291
48;6591;2195965;54;17;2128;5;-25;7;-316;460;-2718;51547
48;6592;2196292;57;15;2131;5;-26;7;-314;467;-2708;42581
48;6593;2196611;55;17;2128;7;-26;9;-307;456;-2707;1532
48;6594;2196839;58;14;2128;7;-23;11;-298;450;-2717;52048
48;6595;2197286;56;14;2131;5;-24;9;-309;456;-2714;42860
48;6596;2197620;57;18;2131;3;-27;5;-311;453;-2730;12466
48;6597;2197938;53;14;2133;5;-28;8;-298;453;-2715;50389
48;6598;2198286;58;17;2129;5;-26;8;-307;448;-2711;59914
48;6599;2198621;60;15;2130;6;-24;9;-299;454;-2727;15356
48;6600;2198938;61;16;2133;6;-24;10;-309;457;-2724;7858
48;6601;2199280;58;15;2132;4;-26;7;-305;457;-2731;31113
48;6602;2199508;59;15;2128;2;-25;4;-309;453;-2716;58939
48;6603;2199827;59;16;2132;6;-27;9;-301;458;-2726;62766
48;6604;2200271;55;16;2132;4;-29;6;-307;448;-2715;32527
48;6605;2200506;57;14;2130;6;-25;9;-306;452;-2713;19812
48;6606;2200829;54;11;2131;5;-27;9;-305;454;-2728;60873
48;6607;2201275;58;16;2133;7;-28;11;-320;445;-2734;34922
48;6608;2201615;56;15;2132;5;-26;9;-304;452;-2718;5329
48;6609;2201934;56;16;2134;2;-29;5;-309;457;-2723;52467
48;6610;2202272;56;15;2134;6;-24;9;-301;453;-2736;20386
48;6611;2202613;56;15;2130;5;-26;9;-301;456;-2726;6225
48;6612;2203160;56;17;2127;4;-26;7;-305;456;-2705;37186
48;6613;2203482;56;17;2129;7;-23;10;-304;455;-2711;65315
48;6614;2203717;57;11;2133;3;-28;6;-310;444;-2719;45829
48;6615;2203960;55;19;2131;5;-26;10;-306;456;-2727;51458
48;6616;2204283;54;15;2129;5;-26;9;-298;454;-2722;47595
48;6617;2204601;57;17;2132;5;-27;9;-305;450;-2725;19590
48;6618;2204863;58;17;2131;5;-27;9;-308;455;-2718;56622
48;6619;2205183;58;18;2128;6;-24;8;-307;462;-2715;27224
48;6620;2205501;59;15;2133;5;-27;7;-300;455;-2710;26918
48;6621;2205729;56;14;2131;6;-24;11;-310;458;-2719;39950
48;6622;2206181;55;18;2135;5;-25;6;-304;456;-2734;45651
48;6623;2206621;59;15;2130;5;-26;8;-304;457;-2713;33402
48;6624;2206938;53;17;2132;6;-23;9;-315;456;-2716;50187
48;6625;2207287;57;15;2130;6;-23;9;-309;451;-2725;43537
48;6626;2207519;57;15;2132;5;-24;10;-316;451;-2712;12001
48;6627;2207838;56;16;2129;6;-26;10;-313;463;-2714;23304
48;6628;2208302;55;16;2131;6;-25;8;-300;464;-2722;59383
48;6629;2208624;59;16;2129;6;-25;10;-310;464;-2725;21042
48;6630;2208943;59;17;2134;6;-24;10;-316;454;-2699;34899
48;6631;2209300;57;17;2131;6;-23;10;-310;455;-2708;55062
48;6632;2209618;56;15;2132;8;-25;12;-308;460;-2718;60704
48;6633;2209936;57;14;2133;6;-26;8;-313;457;-2717;47030
48;6634;2210275;58;14;2131;5;-25;7;-299;460;-2714;58853
48;6635;2210511;52;19;2132;4;-27;9;-310;463;-2722;16367
48;6636;2210828;59;16;2133;6;-26;9;-305;463;-2721;60084
48;6637;2211167;57;13;2135;5;-25;7;-308;460;-2726;38095
48;6638;2211621;57;15;2131;5;-27;7;-312;462;-2719;41029
48;6639;2211954;56;16;2133;6;-25;9;-317;470;-2706;6463
48;6640;2212273;52;17;2131;5;-29;8;-314;453;-2720;54666
48;6641;2212614;56;14;2134;4;-26;7;-308;460;-2710;31350
48;6642;2212843;55;15;2129;5;-27;8;-309;458;-2721;5491
48;6643;2213271;57;16;2131;7;-23;10;-305;459;-2713;51735
48;6644;2213609;57;16;2130;6;-28;9;-308;458;-2715;59306
48;6645;2213845;58;13;2133;7;-25;9;-294;460;-2718;55946
48;6646;2214273;58;16;2133;7;-22;8;-313;462;-2724;5494
48;6647;2214607;56;12;2132;5;-26;10;-307;462;-2705;15055
48;6648;2214949;57;18;2131;3;-28;6;-312;460;-2720;17327
48;6649;2215272;56;15;2131;4;-25;6;-305;459;-2718;19704
48;6650;2215500;54;12;2133;6;-26;10;-308;461;-2719;24761
48;6651;2215819;57;14;2133;6;-26;9;-304;454;-2719;31348
48;6652;2216161;55;16;2130;6;-24;9;-304;468;-2717;22338
48;6653;2216397;55;16;2131;7;-29;9;-312;456;-2720;45928
48;6654;2216715;54;18;2130;5;-25;10;-308;464;-2719;16889
48;6655;2217285;54;15;2129;5;-28;9;-310;461;-2722;2447
48;6656;2217603;56;13;2134;5;-27;8;-309;460;-2721;60594
48;6657;2217921;55;14;2134;5;-27;9;-304;463;-2728;30180
48;6658;2218281;56;13;2128;6;-26;12;-307;458;-2721;2891
48;6659;2218599;57;12;2128;4;-27;6;-309;462;-2728;1456
48;6660;2218933;57;14;2129;7;-23;11;-301;462;-2723;15304
48;6661;2219281;58;16;2128;5;-24;7;-310;461;-2725;13799
48;6662;2219604;57;16;2132;7;-23;9;-307;462;-2723;61000
48;6663;2219832;56;15;2132;6;-27;8;-301;463;-2725;1380
48;6664;2220151;56;12;2132;5;-26;7;-311;467;-2736;26162
48;6665;2220387;59;15;2132;5;-25;9;-310;462;-2725;46992
48;6666;2220827;56;15;2131;7;-27;10;-300;459;-2724;55006
48;6667;2221251;54;14;2134;5;-29;8;-307;465;-2714;35547
48;6668;2221608;58;14;2127;5;-27;7;-310;460;-2727;23349
48;6669;2221930;59;16;2132;5;-29;9;-306;458;-2710;35136
48;6670;2222249;53;16;2130;4;-28;6;-303;457;-2720;22565
48;6671;2222611;61;13;2135;5;-27;9;-300;466;-2710;19924
48;6672;2222933;52;16;2131;4;-27;7;-301;466;-2728;36026
48;6673;2223253;59;15;2130;6;-27;9;-301;456;-2725;17305
48;6674;2223481;59;14;2131;6;-26;8;-297;460;-2730;44223
48;6675;2223822;57;15;2132;5;-27;5;-301;468;-2724;13451
48;6676;2224266;54;14;2134;8;-23;11;-305;457;-2726;62606
48;6677;2224588;52;17;2132;7;-28;10;-299;469;-2728;37179
48;6678;2224824;55;17;2134;5;-27;9;-308;455;-2735;19118
48;6679;2225265;55;15;2134;5;-25;8;-306;453;-2726;11472
48;6680;2225588;58;14;2131;7;-24;11;-300;452;-2730;39208
48;6681;2225928;56;15;2133;4;-25;8;-312;447;-2715;21738
48;6682;2226263;56;17;2130;6;-25;9;-309;449;-2728;29314
48;6683;2226586;96;-80;2091;-375;84;21;-305;435;-2728;20212
48;6684;2226919;-103;-109;2202;326;-269;25;-315;440;-2731;11102
48;6685;2227265;-152;607;1954;-320;-66;292;-312;471;-2727;31663
48;6686;2227584;-131;-92;2189;65;-108;2;-300;418;-2737;1993
48;6687;2227917;157;135;2144;-58;-94;-36;-316;469;-2721;47935
48;6688;2228260;147;-320;2099;411;-145;-92;-298;429;-2740;33900
48;6689;2228582;-619;-98;1975;-73;-237;-316;-263;462;-2712;16660
48;6690;2228810;-836;848;4079;1027;1055;-1010;-236;458;-2717;10976
48;6691;2229262;358;-98;1915;637;71;-178;-315;459;-2710;64778
48;6692;2229702;-378;-72;2083;89;90;22;-321;430;-2723;32263
48;6693;2230131;-29;161;2116;-136;84;3;-318;452;-2713;44360
48;6694;2230370;314;-39;2131;0;-93;-11;-315;464;-2721;36415
48;6695;2230598;-66;-90;2166;-99;11;20;-318;445;-2714;56789
48;6696;2230917;82;-99;2154;-39;-45;2;-310;447;-2730;61482
48;6697;2231240;60;80;2130;5;-86;0;-313;452;-2704;30684
48;6698;2231491;58;11;2138;1;-10;11;-323;459;-2713;9706
48;6699;2231809;52;3;2136;5;-23;7;-317;445;-2712;25918
48;6700;2232129;23;-31;2134;5;-24;11;-318;459;-2732;39695
48;6701;2232360;12;9;2129;3;-25;6;-318;454;-2729;24062
48;6702;2232701;33;5;2130;7;-24;10;-325;448;-2725;19970
48;6703;2233248;62;-64;2133;-22;-12;23;-316;443;-2732;14452
48;6704;2233566;19;-14;2133;4;-24;4;-318;455;-2730;36116
48;6705;2233805;21;-14;2129;3;-27;14;-320;452;-2715;51416
48;6706;2234250;537;-36;3012;197;-30;171;-329;463;-2722;25970
48;6707;2234569;-416;443;1975;-339;7;-54;-306;448;-2706;62051
48;6708;2234929;9;39;2201;206;1;25;-333;453;-2726;17284
48;6709;2235252;-229;-74;2091;140;-101;7;-332;443;-2747;17217
48;6710;2235571;16;-75;2123;20;-45;8;-336;448;-2732;37104
48;6711;2235927;71;-82;2221;-47;64;10;-329;436;-2724;27016
48;6712;2236246;384;-60;2085;106;-228;180;-330;451;-2739;26858
48;6713;2236565;-350;-89;2028;-120;10;10;-316;428;-2733;7535
48;6714;2236797;65;-71;2185;115;26;26;-311;420;-2735;57884
48;6715;2237245;44;-91;2218;-130;-101;-16;-322;436;-2736;44081
48;6716;2237583;145;52;2159;-37;-11;6;-311;467;-2731;42526
48;6717;2237905;113;-59;2182;-62;5;4;-314;460;-2735;64743
48;6718;2238247;301;-37;2153;70;-116;-2;-315;461;-2729;29420
48;6719;2238581;406;-100;2118;12;-127;-33;-315;468;-2723;45083
48;6720;2238899;366;-102;2160;164;-137;-23;-315;458;-2726;33166
48;6721;2239241;320;-81;2072;-24;-50;9;-311;421;-2723;9500
48;6722;2239470;-399;418;2006;256;-233;73;-305;467;-2735;59160
48;6723;2239792;259;-506;2052;81;-29;-12;-312;423;-2733;55294
48;6724;2240240;226;-94;2209;-136;-122;-18;-307;442;-2736;43035
48;6725;2240476;-52;-74;2131;204;-51;5;-314;452;-2730;46203
48;6726;2240794;-84;-71;2101;8;-20;8;-306;447;-2723;24075
48;6727;2241234;245;-88;2128;38;-93;15;-307;442;-2727;63918
48;6728;2241575;-64;-94;2144;49;-50;-4;-314;447;-2734;22309
48;6729;2241897;-142;-71;2241;-23;-92;-19;-310;451;-2727;42059
48;6730;2242232;53;-83;2101;-91;25;24;-306;450;-2720;59540
48;6731;2242579;170;41;2122;-80;-51;1;-290;455;-2694;17829
48;6732;2243130;-335;366;2823;187;-158;-5;-346;454;-2700;58793
48;6733;2243448;11;-72;2138;-178;-108;-7;-350;417;-2703;31819
48;6734;2243683;-14;-75;2137;148;-65;-3;-344;445;-2699;49043
48;6735;2243911;-183;-22;2240;-186;50;9;-333;460;-2691;51886
48;6736;2244230;109;85;2134;40;-1;18;-347;454;-2714;44781
48;6737;2244549;-53;-64;2163;-66;26;14;-340;446;-2713;54946
48;6738;2244801;-1;43;2131;-12;-23;10;-342;449;-2697;1195
48;6739;2245120;33;-3;2132;11;-27;8;-349;442;-2699;45381
48;6740;2245343;15;1;2135;3;-27;5;-344;447;-2707;6670
48;6741;2245571;41;-1;2127;8;-24;6;-353;455;-2692;59542
48;6742;2246130;26;6;2132;6;-26;8;-345;446;-2691;52612
48;6743;2246569;771;142;2380;27;30;872;-340;463;-2691;4050
48;6744;2246887;-153;-835;2014;-135;64;634;-424;54;-2660;51881
48;6745;2247229;-753;-1220;954;-1307;473;-468;-586;-342;-2319;2654
48;6746;2247457;-682;-1383;756;280;1077;-254;-604;-390;-2177;11300
48;6747;2247776;-1010;-1792;445;-245;727;-262;-743;-409;-1878;22606
48;6748;2248246;-921;-1762;-43;-198;71;-245;-762;-418;-1667;16444
48;6749;2248564;-546;-2083;696;-97;-653;-812;-675;-498;-1984;38505
48;6750;2248886;-126;-1968;599;-499;-1211;220;-494;-570;-1986;44928
48;6751;2249244;-68;-2236;468;275;716;-387;-458;-574;-1948;9464
48;6752;2249562;8;-1924;460;98;430;-495;-439;-614;-1886;19283
48;6753;2249881;144;-2134;466;-18;558;-281;-369;-629;-1856;25683
48;6754;2250215;328;-2087;558;195;559;-252;-308;-649;-1823;54474
48;6755;2250451;18;-1812;715;17;420;-64;-313;-659;-1785;64014
48;6756;2250776;-15;-2145;539;33;516;-20;-291;-650;-1760;31773
48;6757;2251115;-26;-1998;485;298;48;16;-284;-648;-1772;64790
48;6758;2251561;271;-1956;594;-213;-23;58;-275;-657;-1708;12941
48;6759;2251894;163;-2060;579;-52;92;126;-270;-654;-1668;2154
48;6760;2252213;-88;-1979;367;-25;228;47;-301;-658;-1666;58369
48;6761;2252557;-62;-2010;441;-58;-97;-44;-297;-645;-1675;16729
48;6762;2252785;-30;-1988;448;-6;-49;28;-277;-654;-1677;23146
48;6763;2253208;12;-2011;492;-48;-124;19;-283;-657;-1684;46381
48;6764;2253428;-59;-2005;423;-41;-111;-26;-288;-658;-1685;11892
48;6765;2253783;-87;-2012;539;29;-231;41;-287;-651;-1660;17359
48;6766;2254207;56;-2033;747;-20;-98;81;-308;-643;-1705;5865
48;6767;2254540;22;-2084;401;64;-333;18;-336;-650;-1709;45494
48;6768;2254880;-60;-1868;579;153;-109;-165;-340;-647;-1725;13298
48;6769;2255199;217;-2290;431;-260;238;-50;-316;-671;-1684;52822
48;6770;2255427;212;-1799;492;82;204;64;-274;-670;-1681;54549
48;6771;2255745;166;-2144;587;119;182;0;-278;-678;-1706;32311
48;6772;2256093;117;-2052;397;-40;176;-58;-273;-665;-1661;33850
48;6773;2256320;92;-2052;320;70;143;-80;-236;-680;-1680;4871
48;6774;2256642;120;-1900;573;-94;-31;-29;-195;-680;-1694;24196
48;6775;2257216;-259;-2077;327;-425;-8;291;-223;-665;-1683;35060
48;6776;2257533;-130;-1833;622;137;-213;-106;-214;-656;-1677;49770
48;6777;2257851;34;-2227;337;-149;-9;-89;-219;-660;-1663;59473
48;6778;2258208;126;-1782;505;40;-160;48;-216;-658;-1647;45401
48;6779;2258526;205;-2127;395;31;-306;126;-259;-655;-1680;23737
48;6780;2258866;1;-1838;430;-79;-65;43;-250;-656;-1656;10772
48;6781;2259209;-56;-2293;297;85;-204;-23;-255;-647;-1631;47989
48;6782;2259527;-9;-1900;151;376;306;48;-297;-650;-1628;3200
48;6783;2259755;1071;-1516;1641;556;-790;470;-221;-665;-1765;11543
48;6784;2260074;-164;-2009;748;566;-806;42;-291;-638;-1826;44989
48;6785;2260312;140;-1903;854;98;-364;-268;-340;-601;-1980;2696
48;6786;2260752;26;-2080;541;-427;279;-511;-301;-655;-1891;11487
48;6787;2261181;-83;-1846;460;-516;162;51;-231;-662;-1851;15930
48;6788;2261420;37;-2396;642;-722;-65;-360;-202;-669;-1721;60570
48;6789;2261648;107;-1892;360;537;339;-49;-96;-668;-1701;144
48;6790;2262078;196;-2459;518;-41;294;795;-16;-656;-1798;60427
48;6791;2262540;196;-1718;912;771;-21;-441;-10;-625;-1917;19858
48;6792;2262858;364;-1759;860;-233;371;-500;48;-620;-1889;6764
48;6793;2263177;562;-1875;818;-123;288;-180;108;-619;-1842;10481
48;6794;2263405;331;-2551;752;-471;459;556;135;-628;-1839;40865
48;6795;2263752;251;-1653;659;123;267;-340;140;-590;-1912;25134
48;6796;2264076;552;-1908;961;-115;-28;209;193;-584;-1934;60862
48;6797;2264303;335;-1863;782;-101;-290;-147;150;-584;-1935;74
48;6798;2264622;628;-1589;918;-19;91;-47;192;-578;-1901;37581
48;6799;2264858;789;-2211;777;-411;316;180;216;-574;-1879;47917
48;6800;2265192;296;-1663;757;324;-334;-299;236;-540;-1906;55236
48;6801;2265510;389;-1640;1121;125;-378;81;287;-502;-2014;18097
48;6802;2265851;849;-1724;138;-290;-867;-522;242;-565;-1771;62553
48;6803;2266190;1010;-2279;548;-655;-587;562;305;-561;-1588;17538
48;6804;2266512;704;-1970;112;-237;327;93;174;-563;-1521;23551
48;6805;2267198;970;-1745;485;107;78;249;324;-525;-1683;31200
48;6806;2267516;708;-1860;297;-521;79;538;285;-560;-1628;162
48;6807;2267849;544;-1910;310;123;-19;90;185;-590;-1574;29014
48;6808;2268191;-155;-2050;106;53;313;659;54;-625;-1492;39281
48;6809;2268510;-403;-2057;-370;242;589;381;-125;-621;-1458;6707
48;6810;2268738;2;-1868;-492;381;1121;-151;-114;-628;-1629;33577
48;6811;2269190;213;-1879;-204;-55;131;24;107;-589;-1552;39786
48;6812;2269630;-1;-1993;-214;-228;687;47;105;-606;-1473;34862
48;6813;2270059;-6;-1977;-539;-183;-304;-61;100;-584;-1490;40240
48;6814;2270563;232;-1929;-210;-143;377;-383;144;-617;-1594;50364
48;6815;2270882;83;-1497;151;-188;192;-445;-64;-660;-1821;62343
48;6816;2271205;15;-1498;140;475;167;79;-16;-634;-1920;9946
48;6817;2271433;44;-1979;512;-172;240;-413;52;-615;-1959;49762
48;6818;2271673;-101;-1566;1096;1140;159;403;83;-551;-2177;4894
48;6819;2272099;-42;-1391;1847;631;-186;126;75;-383;-2437;42858
48;6820;2272326;112;-1096;1812;-72;-481;565;115;-311;-2490;10424
48;6821;2272672;-247;-1520;1403;-565;-435;283;147;-499;-2235;54327
48;6822;2273223;543;-1723;634;-550;-52;-34;231;-537;-1916;59897
48;6823;2273541;840;-2146;106;-336;-80;106;253;-576;-1714;4390
48;6824;2273882;431;-2117;179;266;-39;-327;228;-582;-1727;47916
48;6825;2274216;588;-1902;149;-161;142;383;271;-554;-1682;60201
48;6826;2274539;896;-1692;409;115;-549;-623;289;-542;-1652;4176
48;6827;2274898;824;-1922;156;-33;-192;-86;319;-530;-1603;63840
48;6828;2275217;185;-2012;-59;-212;-88;174;218;-587;-1543;27900
48;6829;2275540;124;-1980;61;391;260;-150;174;-595;-1641;16272
48;6830;2275873;64;-2214;438;27;-239;810;93;-647;-1696;11993
48;6831;2276215;-81;-1870;362;-160;166;-195;49;-638;-1613;42769
48;6832;2276534;285;-1944;-11;36;144;146;39;-628;-1543;43221
48;6833;2276762;76;-2402;206;-135;-99;-101;38;-623;-1534;61109
48;6834;2277212;12;-1856;-76;-116;-783;387;20;-606;-1407;53743
48;6835;2277546;-21;-2042;-17;223;-1448;-23;-106;-600;-1396;6977
48;6836;2277864;17;-2081;89;126;-1026;5;-282;-644;-1511;32665
48;6837;2278215;-9;-2241;113;12;-474;-171;-355;-618;-1557;37577
48;6838;2278443;92;-2084;63;-51;-403;-46;-387;-622;-1571;18916
48;6839;2278766;-18;-2015;-237;-166;-190;307;-337;-626;-1533;42227
48;6840;2279085;74;-1972;-191;48;-180;289;-355;-608;-1552;45098
48;6841;2279336;17;-2114;-108;271;-254;161;-394;-621;-1638;9519
48;6842;2279658;-2;-1997;-266;-84;-225;144;-423;-627;-1710;790
48;6843;2280205;-101;-1952;-53;-83;869;292;-423;-594;-1539;12519
48;6844;2280440;-73;-2107;62;36;1203;152;-447;-582;-1472;63796
48;6845;2280762;-372;-1889;-102;101;897;-111;-331;-599;-1390;18371
48;6846;2281203;-95;-2237;140;-109;-28;405;-217;-617;-1449;42965
48;6847;2281544;-46;-2015;145;-70;-120;316;-154;-610;-1427;14801
48;6848;2281862;-187;-1986;-277;80;-252;231;-331;-571;-1372;15872
48;6849;2282203;-379;-2084;-43;-250;-75;310;-345;-603;-1465;36530
48;6850;2282522;-204;-1988;209;-55;-120;-553;-355;-583;-1388;51754
48;6851;2282757;-289;-1974;7;-46;-316;415;-285;-594;-1388;1795
48;6852;2283092;-556;-2097;-463;-6;-252;141;-421;-577;-1426;13272
48;6853;2283415;-682;-2113;-300;50;510;716;-424;-571;-1473;33874
48;6854;2283877;-375;-1811;-58;46;-69;-576;-364;-616;-1470;29466
48;6855;2284200;-389;-2049;287;162;473;346;-323;-613;-1490;46769
48;6856;2284518;-222;-1973;322;311;672;385;-233;-641;-1559;54131
48;6857;2284750;-205;-2134;396;-84;479;99;-239;-644;-1589;1521
48;6858;2285093;-520;-1823;98;-296;38;137;-217;-629;-1519;19432
48;6859;2285411;-562;-1888;29;-118;74;-17;-242;-625;-1479;49176
48;6860;2285648;-438;-1989;-169;76;-438;-100;-237;-624;-1498;58535
48;6861;2286202;-492;-1837;1169;924;-306;-448;-262;-665;-1745;2152
48;6862;2286536;-15;-1904;984;65;-124;57;-201;-645;-1883;57548
48;6863;2286854;-285;-2016;1109;69;264;-705;-226;-659;-1853;1357
48;6864;2287196;-302;-1957;186;-1724;486;-665;-54;-626;-1548;19160
48;6865;2287428;611;-1456;-309;-907;-292;-677;79;-485;-1311;51549
48;6866;2287746;1;-1698;-716;734;-45;-507;133;-425;-1166;5225
48;6867;2288209;-44;-2401;-357;793;-1455;-69;-133;-552;-1315;53539
48;6868;2288531;-320;-1599;270;1238;-2077;1105;-247;-623;-1567;9875
48;6869;2288850;-1025;-1655;-13;166;485;1097;-483;-531;-1544;47899
48;6870;2289188;-312;-1974;262;334;-39;467;-603;-523;-1577;17892
48;6871;2289424;-665;-2040;79;86;-438;548;-648;-496;-1647;26618
48;6872;2289746;-632;-1866;245;-116;-200;-108;-639;-524;-1676;6157
48;6873;2290191;-270;-1990;190;-29;-200;-298;-557;-570;-1726;33907
48;6874;2290532;-392;-1995;200;-99;914;56;-520;-582;-1653;25547
48;6875;2290865;-359;-2009;-39;51;947;319;-500;-558;-1504;34729
48;6876;2291188;-947;-1894;99;187;-852;-30;-486;-552;-1475;45031
48;6877;2291530;-196;-1931;232;-59;-1106;277;-505;-585;-1754;14548
48;6878;2291758;-75;-2067;373;-51;95;-92;-534;-579;-1789;33212
48;6879;2292077;-383;-1864;172;-93;1032;-342;-498;-593;-1690;53891
48;6880;2292396;-680;-2099;109;-17;-338;154;-592;-537;-1547;57954
48;6881;2292650;-655;-1880;-39;-78;-41;5;-577;-527;-1506;9142
48;6882;2293181;-561;-2057;58;379;1106;-48;-558;-556;-1521;41591
48;6883;2293519;-561;-2010;167;213;116;-126;-443;-581;-1513;17764
48;6884;2293759;-636;-1991;234;-82;-28;32;-410;-603;-1530;28593
48;6885;2294078;-557;-1948;219;71;-17;165;-429;-583;-1515;1363
48;6886;2294518;-565;-1976;97;-17;-18;-17;-452;-576;-1508;40070
48;6887;2294859;-631;-2001;207;-285;-476;-98;-482;-575;-1549;9536
48;6888;2295186;-759;-1869;277;-118;-1177;-469;-453;-573;-1548;3490
48;6889;2295414;-532;-1896;84;-873;-2417;1854;-464;-527;-1612;10840
48;6890;2295733;-298;-1889;273;178;158;1071;-597;-565;-1764;19911
48;6891;2296196;-224;-1991;195;-49;880;233;-515;-579;-1710;12351
48;6892;2296518;-440;-2022;357;148;492;-103;-488;-594;-1610;25546
48;6893;2296836;-489;-1860;301;90;211;-32;-497;-582;-1617;24083
48;6894;2297197;-446;-2031;248;-41;-108;-5;-465;-599;-1583;51293
48;6895;2297515;-419;-2085;264;-32;24;60;-457;-578;-1592;51888
48;6896;2297833;-308;-2031;202;45;-127;-143;-469;-590;-1565;24551
48;6897;2298194;-361;-2104;310;-80;-42;11;-460;-596;-1603;47579
48;6898;2298513;-404;-1955;202;174;177;146;-437;-594;-1563;41780
48;6899;2299059;-518;-1995;194;26;-18;151;-506;-567;-1565;57757
48;6900;2299298;-468;-2114;197;-161;117;-27;-492;-571;-1550;31154
48;6901;2299617;-406;-1745;88;-325;-1535;642;-430;-584;-1600;970
48;6902;2299845;-74;-1888;283;-69;-780;-836;-469;-584;-1653;58361
48;6903;2300168;-219;-1935;255;270;-756;-38;-503;-586;-1742;5179
48;6904;2300510;-62;-1963;162;-193;-27;-18;-487;-594;-1734;12035
48;6905;2300747;-127;-2081;64;-111;-1;-96;-474;-605;-1691;8654
48;6906;2301172;-93;-2054;84;-39;29;53;-460;-601;-1695;33508
48;6907;2301530;-161;-2009;109;82;184;-26;-489;-590;-1684;36747
48;6908;2301852;-134;-2132;169;-48;91;-255;-479;-594;-1667;27707
48;6909;2302171;-171;-1945;210;-29;-90;-104;-449;-600;-1692;58391
48;6910;2302505;-270;-2137;176;-85;-7;7;-486;-604;-1707;51529
48;6911;2302741;-162;-2011;220;-7;-25;-56;-486;-600;-1691;52726
48;6912;2303169;-241;-1998;245;-64;36;12;-489;-590;-1706;37875
48;6913;2303397;-217;-2053;162;-67;-77;-194;-490;-589;-1706;48295
48;6914;2303739;-277;-1918;196;-35;-60;18;-485;-593;-1705;59645
48;6915;2304058;-227;-2061;192;-23;-47;-56;-491;-582;-1709;52613
48;6916;2304290;-169;-2107;211;-45;50;-319;-495;-593;-1707;22067
48;6917;2304608;-352;-2099;272;74;211;89;-497;-580;-1726;57588
48;6918;2305182;-191;-2242;243;297;-88;756;-541;-560;-1758;54042
48;6919;2305499;-892;-1741;609;-107;104;562;-534;-548;-1729;16853
48;6920;2305817;-875;-1841;376;-97;516;446;-646;-461;-1650;36633
48;6921;2306181;-730;-2034;-61;-246;550;-175;-578;-540;-1533;28069
48;6922;2306500;-204;-2184;-87;-51;-70;46;-528;-546;-1536;12827
48;6923;2306837;-354;-2006;-131;-65;-491;-54;-529;-552;-1548;55852
48;6924;2307180;-173;-2033;-185;-55;-43;40;-528;-561;-1543;63931
48;6925;2307499;-153;-2080;-86;38;-53;-124;-529;-555;-1575;31874
48;6926;2307832;-287;-2074;74;91;-221;-10;-523;-563;-1595;22813
48;6927;2308174;-188;-2140;0;-3;-127;40;-522;-568;-1604;11284
48;6928;2308492;-391;-2079;36;96;-77;22;-525;-568;-1624;5352
48;6929;2308728;-366;-2052;-18;-20;67;1;-537;-559;-1620;21723
48;6930;2309153;-271;-1987;60;63;-96;-39;-534;-568;-1631;40237
48;6931;2309391;-250;-2188;-34;-48;-121;-36;-535;-570;-1637;64733
48;6932;2309619;-292;-2016;-23;172;-144;-21;-549;-567;-1643;17118
48;6933;2310044;-340;-1991;58;-40;97;-19;-534;-581;-1633;38818
48;6934;2310506;-310;-2034;-12;176;156;35;-505;-584;-1609;42658
48;6935;2310824;-197;-1965;107;196;84;-120;-535;-570;-1625;40958
48;6936;2311150;-185;-1736;89;254;-293;-461;-536;-586;-1616;55965
48;6937;2311378;-238;-1934;-118;325;88;534;-501;-561;-1550;43771
48;6938;2311613;-398;-1977;-236;-130;143;-220;-568;-540;-1528;48047
48;6939;2312043;-382;-2087;-105;113;265;134;-513;-566;-1539;10499
48;6940;2312275;-90;-2028;-100;25;246;147;-476;-584;-1500;36990
48;6941;2312615;-268;-2010;50;51;4;-11;-437;-578;-1511;28303
48;6942;2313162;183;-2058;5;236;-45;10;-335;-612;-1514;60734
48;6943;2313480;86;-1996;-110;-162;-3;-117;-328;-612;-1521;26282
48;6944;2313825;-10;-2038;-124;-43;104;-63;-349;-598;-1510;40476
48;6945;2314160;-87;-2163;-79;113;42;212;-343;-604;-1495;20745
48;6946;2314478;-165;-1975;-44;77;-194;174;-355;-592;-1491;26026
48;6947;2314839;-97;-2066;-9;-90;-303;83;-394;-590;-1514;63930
48;6948;2315159;-202;-1983;-63;192;-257;119;-411;-585;-1540;16372
48;6949;2315477;-108;-2048;-80;9;116;47;-412;-581;-1541;37853
48;6950;2315810;-210;-2003;-52;17;-71;-8;-387;-601;-1540;21789
48;6951;2316157;-102;-2108;4;33;-46;89;-381;-599;-1534;6220
48;6952;2316479;-14;-2045;-90;-136;-7;-139;-371;-598;-1534;32733
48;6953;2316707;-129;-2008;-60;32;36;37;-371;-598;-1544;56437
48;6954;2317157;-20;-2070;-65;222;90;93;-360;-599;-1488;44639
48;6955;2317495;-114;-2062;-6;-138;38;-73;-359;-602;-1496;63983
48;6956;2317813;-84;-2212;-158;-69;-76;-174;-357;-598;-1475;1873
48;6957;2318155;-312;-1905;-192;31;36;-51;-361;-582;-1478;19730
48;6958;2318383;-66;-2120;-161;-65;385;-28;-363;-591;-1473;27642
48;6959;2318702;-100;-1983;-55;-17;28;92;-350;-589;-1461;40623
48;6960;2319025;-107;-1951;-141;35;-31;95;-364;-588;-1477;33304
48;6961;2319276;-160;-2135;-86;15;70;13;-384;-583;-1467;52608
48;6962;2319594;-170;-1989;-184;9;85;-79;-374;-592;-1461;26592
48;6963;2319815;-113;-2050;-169;65;237;162;-372;-576;-1442;40170
48;6964;2320149;-187;-1947;-146;-30;-104;68;-347;-574;-1431;58819
48;6965;2320385;-91;-2086;-137;19;118;52;-359;-579;-1438;43699
48;6966;2320703;-144;-2172;-141;161;68;17;-359;-579;-1431;55087
48;6967;2321144;-197;-2005;-98;-15;142;-19;-361;-570;-1430;16218
48;6968;2321488;-28;-2048;-229;6;26;-41;-349;-566;-1395;47992
48;6969;2321806;-77;-2115;-255;79;94;27;-351;-572;-1406;7282
48;6970;2322145;-211;-2209;-130;107;108;83;-334;-579;-1410;40241
48;6971;2322463;-246;-1951;-136;89;-55;144;-326;-581;-1402;63471
48;6972;2322702;-187;-2116;-241;-61;357;57;-330;-562;-1389;65164
48;6973;2323037;-246;-1930;-166;58;-96;56;-323;-559;-1390;42624
48;6974;2323355;-256;-2020;-138;51;88;-7;-354;-561;-1426;12516
48;6975;2323822;-468;-2019;-147;-23;-201;-84;-359;-573;-1417;36323
48;6976;2324145;-310;-1940;7;-50;50;-22;-374;-562;-1432;13551
48;6977;2324463;-455;-2010;62;267;141;122;-363;-554;-1420;62677
48;6978;2324691;-414;-1997;-80;24;-139;-27;-373;-574;-1464;46184
48;6979;2325036;-398;-2000;-42;-2;220;-147;-359;-573;-1464;46072
48;6980;2325354;-358;-2103;5;227;61;341;-336;-580;-1442;11077
48;6981;2325582;-548;-1941;-70;-56;-312;71;-345;-582;-1451;46574
48;6982;2326136;-420;-1951;8;177;153;236;-330;-572;-1438;11373
48;6983;2326470;-365;-2068;-106;-12;215;186;-324;-564;-1437;52350
48;6984;2326791;-396;-1928;44;170;-202;209;-343;-574;-1450;57899
48;6985;2327137;-587;-2117;-73;-46;113;-225;-328;-586;-1449;25749
48;6986;2327365;-341;-2045;116;53;120;15;-301;-600;-1476;14113
48;6987;2327688;-416;-2048;102;-91;106;73;-287;-594;-1472;4398
48;6988;2328154;-320;-2023;-88;-69;145;-148;-270;-597;-1434;37562
48;6989;2328472;-356;-2075;-29;-66;75;-56;-250;-599;-1438;41873
48;6990;2328790;-310;-2032;30;181;188;110;-211;-609;-1457;42341
48;6991;2329125;-395;-2044;64;45;199;65;-203;-617;-1478;3489
48;6992;2329364;-161;-2200;118;267;490;190;-194;-619;-1481;38123
48;6993;2329682;-375;-1967;-32;256;174;85;-167;-633;-1496;4017
48;6994;2330123;-429;-1889;208;-26;723;70;-105;-646;-1559;55443
48;6995;2330467;-404;-2046;102;4;-120;58;-51;-640;-1598;17316
48;6996;2330800;-274;-2026;-42;-78;65;20;-87;-645;-1574;36474
48;6997;2331124;-313;-2052;42;214;-42;43;-90;-653;-1611;8511
48;6998;2331465;-312;-2018;-8;40;-142;93;-74;-651;-1605;57259
48;6999;2331693;-345;-2042;-86;90;-404;-70;-74;-646;-1604;17491
48;7000;2332016;-367;-2000;-32;-70;-137;19;-97;-653;-1605;40228
48;7001;2332334;-486;-2027;20;-58;-587;7;-115;-637;-1564;48475
48;7002;2332585;-378;-2073;72;56;-1265;-22;-111;-634;-1529;27189
48;7003;2333120;-308;-2198;202;-103;-247;183;-204;-633;-1538;19534
48;7004;2333458;-164;-1984;-19;-37;-84;-162;-238;-606;-1486;54966
48;7005;2333696;-219;-2120;-34;-16;6;0;-238;-597;-1462;15736
48;7006;2334015;-33;-2032;92;-194;150;153;-219;-605;-1438;58558
48;7007;2334459;-101;-2064;125;-40;95;177;-235;-604;-1491;41663
48;7008;2335017;-236;-1995;-108;255;-310;-231;-298;-588;-1434;21919
48;7009;2335245;-175;-2295;74;100;111;-210;-311;-599;-1448;32628
48;7010;2335563;-67;-2176;157;-11;-439;-639;-395;-610;-1537;50609
48;7011;2336136;-636;-2247;394;499;-320;202;-493;-608;-1622;5166
48;7012;2336454;-436;-1788;608;-111;694;-853;-415;-635;-1761;32804
48;7013;2336773;-539;-2110;325;195;944;495;-330;-645;-1714;41844
48;7014;2337132;-86;-1981;822;556;227;-521;-447;-635;-1787;52184
48;7015;2337453;-259;-1837;1154;442;64;84;-268;-647;-1848;30726
48;7016;2337771;-42;-1808;666;361;-184;-235;-329;-652;-1900;28779
48;7017;2338133;-50;-1728;888;23;1211;-228;-178;-653;-1937;9289
48;7018;2338455;-477;-1858;1012;-396;282;266;-32;-637;-1983;6580
48;7019;2339006;676;-914;1832;1124;470;-580;-287;-502;-2329;63709
48;7020;2339241;-80;-1125;1923;1309;655;590;-228;-302;-2544;31423
48;7021;2339560;-674;114;1621;1179;251;-67;-262;49;-2719;35239
48;7022;2339788;-1037;-595;1781;-455;382;-996;-357;41;-2675;5513
48;7023;2340111;-1370;-577;1850;-31;77;-644;-520;-3;-2614;63741
48;7024;2340451;-784;-569;1726;493;40;-435;-504;12;-2641;19340
48;7025;2340679;-769;-678;2166;252;-445;-1575;-440;-29;-2687;23007
48;7026;2341104;-1253;-834;2215;350;841;780;25;80;-2729;17800
48;7027;2341464;-4;-309;2411;1434;-592;-601;51;353;-2722;50644
48;7028;2341782;50;-214;2215;-426;155;-496;51;443;-2703;62016
48;7029;2342106;-117;-13;2212;-46;-409;-643;-36;521;-2697;61846
48;7030;2342439;22;-80;2164;139;-278;-1656;5;512;-2688;30303
48;7031;2342677;-202;-142;2038;-1162;256;353;-157;431;-2743;9373
48;7032;2343102;209;-389;1874;810;-984;505;-126;412;-2738;25289
48;7033;2343330;-255;-220;2234;-59;732;541;62;458;-2721;37822
48;7034;2343671;-170;204;1636;-962;187;-706;-184;512;-2718;44122
48;7035;2343999;-91;482;1694;371;-357;-1277;-296;612;-2655;58553
48;7036;2344227;-30;-122;2478;172;208;-780;-264;473;-2728;35995
48;7037;2344544;117;-335;2120;-197;-1030;-1748;-409;261;-2735;38491
48;7038;2345120;128;247;2181;777;-1057;-394;-566;321;-2727;58182
48;7039;2345437;266;10;2110;-421;355;-77;-384;298;-2719;16782
48;7040;2345759;-110;-151;2241;457;-49;-327;-526;215;-2651;27153
48;7041;2346117;-18;-97;2355;-600;-419;-1072;-529;175;-2676;10487
48;7042;2346435;0;-103;1988;1237;-181;-1656;-310;159;-2766;45214
48;7043;2346772;-322;-179;2334;671;80;-679;-459;54;-2626;54362
48;7044;2347114;174;51;2009;-939;162;710;-271;28;-2743;63988
48;7045;2347433;-65;96;2042;592;49;305;-458;127;-2678;49979
48;7046;2347766;-61;-273;2253;89;-312;106;-492;54;-2675;14109
48;7047;2348112;-5;129;2111;-352;182;-98;-449;266;-2722;49981
48;7048;2348430;-49;-150;2172;361;-219;-391;-484;100;-2692;37018
48;7049;2348658;83;-79;1941;-334;-301;-52;-435;123;-2707;59433
48;7050;2349087;-101;253;2183;-249;-185;314;-523;188;-2663;49947
48;7051;2349338;-148;-250;2166;-553;-250;1969;-466;76;-2653;15811
48;7052;2349570;45;-222;2128;392;-879;960;-492;234;-2720;22788
48;7053;2349995;-115;-132;2129;653;299;717;-355;431;-2700;43336
48;7054;2350462;74;-28;2367;-812;-610;-940;-401;389;-2712;36908
48;7055;2350779;-145;-225;2054;-34;358;796;-388;303;-2688;26498
48;7056;2351099;103;-118;2081;507;-369;828;-336;427;-2720;33860
48;7057;2351326;109;773;1982;-316;163;1775;-196;501;-2697;2341
48;7058;2351563;-184;-172;2073;-478;-155;1750;-107;268;-2742;59231
48;7059;2351992;24;-18;2212;-147;-384;1557;164;232;-2667;42035
48;7060;2352220;117;-42;2189;405;431;1125;198;102;-2693;40099
48;7061;2352560;-621;10;2329;-428;1088;1055;121;145;-2750;54647
48;7062;2353115;126;-569;2393;-1125;-681;409;-167;-253;-2630;35112
48;7063;2353433;-16;-444;2187;577;-323;750;20;-313;-2578;1057
48;7064;2353773;59;16;1935;932;-62;940;-48;24;-2743;37278
48;7065;2354108;-65;77;2197;700;1087;1260;-297;208;-2713;49545
48;7066;2354426;-212;-307;2287;-929;-152;770;-509;321;-2722;61078
48;7067;2354786;71;-239;1868;-284;-98;494;-419;55;-2666;48344
48;7068;2355110;-148;-277;2417;187;-405;363;-435;294;-2698;48214
48;7069;2355428;-461;-496;2159;356;-139;377;-437;243;-2627;46554
48;7070;2355761;287;-77;1967;180;-119;-39;-341;330;-2684;36746
48;7071;2356106;151;-5;2589;65;-270;-65;-367;330;-2684;35214
48;7072;2356424;146;-28;2130;-68;-24;-54;-384;329;-2674;47445
48;7073;2356652;27;-4;2131;45;-20;7;-384;314;-2681;64886
48;7074;2357099;-21;-115;2127;-2;-24;11;-394;315;-2700;55486
48;7075;2357437;-8;-87;2130;-5;-22;9;-379;318;-2690;19327
48;7076;2357758;-7;-82;2132;9;-21;15;-382;323;-2690;9911
48;7077;2358101;-2;-70;2131;9;-23;11;-385;321;-2677;48837
48;7078;2358335;-5;-71;2127;5;-28;9;-386;333;-2679;37207
48;7079;2358653;-1;-69;2133;7;-25;11;-389;322;-2691;26289
48;7080;2358973;-2;-72;2132;7;-21;11;-379;318;-2684;31511
48;7081;2359236;0;-69;2131;4;-27;9;-382;324;-2693;55124
48;7082;2359554;-1;-71;2132;5;-22;9;-387;316;-2670;45497
48;7083;2360105;-1;-67;2135;4;-26;6;-386;324;-2688;58350
48;7084;2360340;2;-70;2131;6;-27;10;-388;316;-2692;45228
48;7085;2360662;-1;-63;2131;6;-26;8;-376;315;-2694;43866
48;7086;2361111;-1;-69;2133;6;-21;8;-383;328;-2683;22562
48;7087;2361452;-2;-69;2130;6;-27;11;-376;313;-2672;45758
48;7088;2361770;-4;-66;2127;7;-24;8;-387;313;-2671;51279
48;7089;2362105;-2;-69;2132;6;-27;9;-392;307;-2672;58255
48;7090;2362423;-4;-70;2130;6;-27;10;-381;318;-2691;48482
48;7091;2362658;-6;-72;2130;4;-27;10;-390;310;-2674;29728
48;7092;2362993;0;-68;2131;5;-24;8;-379;321;-2692;51524
48;7093;2363311;0;-76;2130;6;-29;9;-390;317;-2681;40581
48;7094;2363532;-1;-71;2130;6;-26;10;-382;325;-2686;33054
48;7095;2363785;2;-68;2132;7;-23;12;-388;314;-2699;59350
48;7096;2364104;-2;-69;2130;6;-26;11;-388;315;-2689;12765
48;7097;2364427;-3;-72;2131;4;-26;9;-382;329;-2685;61875
48;7098;2364655;-2;-68;2127;7;-23;12;-369;324;-2684;45006
48;7099;2364997;0;-70;2127;6;-26;9;-382;319;-2687;62380
48;7100;2365315;3;-68;2135;6;-23;11;-389;320;-2682;21117
48;7101;2365543;-4;-73;2131;5;-25;9;-388;320;-2686;63269
48;7102;2366105;-9;-71;2135;5;-25;8;-379;318;-2683;46376
48;7103;2366443;2;-73;2130;5;-25;9;-381;317;-2686;21976
48;7104;2366761;-1;-70;2132;6;-27;9;-372;307;-2678;29536
48;7105;2367103;-3;-71;2132;6;-27;8;-377;318;-2688;29831
48;7106;2367331;-1;-72;2130;7;-25;11;-383;321;-2690;53742
48;7107;2367649;-5;-68;2134;3;-28;8;-389;326;-2680;4440
48;7108;2368112;0;-71;2132;5;-26;9;-376;312;-2674;31815
48;7109;2368434;0;-72;2132;6;-24;12;-390;317;-2682;55596
48;7110;2368757;-8;-72;2130;7;-25;8;-388;317;-2692;55425
48;7111;2369091;2;-65;2132;8;-23;11;-385;316;-2674;19600
48;7112;2369329;-3;-68;2129;5;-28;9;-382;316;-2686;52851
48;7113;2369647;-2;-67;2131;6;-24;11;-384;325;-2676;24406
48;7114;2370088;-83;149;2721;-70;-123;293;-375;310;-2684;21556
48;7115;2370428;-381;309;2325;358;-301;738;-380;406;-2745;2451
48;7116;2370761;-114;146;1988;377;643;354;-367;483;-2729;60421
48;7117;2371085;63;170;1783;-412;37;36;-592;426;-2630;22575
48;7118;2371428;-44;-362;1878;-1657;-682;-580;-609;26;-2630;32530
48;7119;2371656;-323;-1535;1635;-478;1286;-474;-539;-323;-2405;63678
48;7120;2371980;-304;-1727;1248;52;-561;-1289;-505;-514;-2231;2750
48;7121;2372302;440;-1510;1786;971;43;-399;-296;-457;-2392;58363
48;7122;2372553;957;-1455;1590;-628;69;-210;-220;-423;-2438;37938
48;7123;2373084;244;-1608;1389;493;209;485;-289;-493;-2312;61452
48;7124;2373418;11;-1465;856;290;-660;376;-360;-450;-2344;59914
48;7125;2373654;156;-1318;1579;660;-315;96;-366;-336;-2497;49549
48;7126;2373978;432;-1102;1596;-37;413;-511;-367;-313;-2505;12812
48;7127;2374418;3;-1876;1982;242;-444;-204;-376;-331;-2486;25050
48;7128;2374762;299;-1073;1421;336;-666;237;-369;-291;-2533;41729
48;7129;2375082;1034;-1444;1743;-324;-326;136;-272;-325;-2545;36220
48;7130;2375309;233;-1144;1357;49;-434;-103;-181;-351;-2509;47824
48;7131;2375632;1463;-1541;1691;1421;-659;352;-115;-63;-2696;16771
48;7132;2376095;921;-791;1983;628;-309;-1068;-45;76;-2726;36701
48;7133;2376413;851;-395;1286;-1489;1313;323;114;-127;-2651;2207
48;7134;2376736;877;-1784;1621;395;-480;-266;-49;-312;-2537;21966
48;7135;2377100;635;-913;1010;-64;-160;106;129;-280;-2518;4745
48;7136;2377418;2500;-1400;1888;-304;471;-1688;129;-259;-2519;54561
48;7137;2377735;999;-855;1112;434;-2;-610;164;-368;-2415;58470
48;7138;2378092;1943;-661;609;200;-254;-714;320;-190;-2349;38261
48;7139;2378410;1600;-641;1007;-767;224;742;505;-100;-2387;2615
48;7140;2378955;1133;-312;1253;729;12;586;406;-110;-2481;58993
48;7141;2379193;2271;-388;901;452;-425;-15;343;-49;-2470;23514
48;7142;2379515;1329;-466;834;30;-77;409;444;-113;-2417;25349
48;7143;2379742;2242;-498;1225;-117;-112;-158;422;-108;-2403;35650
48;7144;2380065;960;-484;649;-444;731;-93;434;-205;-2415;40141
48;7145;2380406;1446;-1060;1117;168;-328;412;328;-215;-2439;58302
48;7146;2380634;990;-310;647;412;-136;-146;358;-203;-2394;42985
48;7147;2381059;2110;-1152;876;-484;371;151;374;-231;-2393;3505
48;7148;2381414;1563;-1218;1114;114;103;307;301;-272;-2450;56312
48;7149;2381731;1321;-853;686;286;-311;192;279;-274;-2445;54000
48;7150;2382057;1916;-1090;1528;83;79;-151;269;-250;-2453;53365
48;7151;2382394;863;-577;837;-162;619;-127;282;-261;-2480;5213
48;7152;2382629;1068;-1334;1099;100;-430;24;187;-284;-2490;50025
48;7153;2383053;1420;-1107;1346;347;44;560;275;-299;-2453;1923
48;7154;2383284;1838;-1550;868;-190;375;-132;223;-287;-2467;14183
48;7155;2383625;864;-1489;1165;-190;237;-2;103;-366;-2460;8277
48;7156;2383944;1029;-1484;908;-84;-776;-435;54;-374;-2439;42227
48;7157;2384172;685;-1184;1112;-23;259;525;98;-381;-2462;23462
48;7158;2384493;693;-2233;824;-419;1559;683;-75;-428;-2403;24035
48;7159;2385066;-748;-1872;422;-290;-549;473;-538;-443;-2248;5283
48;7160;2385383;-380;-1699;474;-589;-821;-510;-415;-568;-2161;38418
48;7161;2385700;160;-2464;389;838;28;-103;-274;-529;-2271;58825
48;7162;2386057;-117;-1506;1161;446;38;1019;-352;-372;-2429;32473
48;7163;2386375;-32;-2061;195;-877;-601;-754;-393;-537;-2244;39316
48;7164;2386708;-269;-1876;986;1171;-450;1157;-234;-429;-2403;6847
48;7165;2387053;-506;-1832;869;-82;346;-312;-407;-329;-2463;28862
48;7166;2387375;-318;-1660;1253;86;-287;136;-368;-331;-2499;36714
48;7167;2387607;-202;-1977;674;-370;-342;-136;-324;-436;-2400;54682
48;7168;2387930;-65;-2064;1248;-1;-66;-197;-283;-421;-2412;21023
48;7169;2388166;-21;-2303;705;108;347;-56;-285;-440;-2393;17262
48;7170;2388499;-160;-1864;777;-62;88;152;-352;-404;-2420;11351
48;7171;2389029;243;-138;742;2645;-1707;828;-206;108;-2747;40614
48;7172;2389264;1315;-24;2106;309;362;1066;89;413;-2716;40711
48;7173;2389492;243;-66;1621;291;-156;-393;56;386;-2729;55266
48;7174;2389920;-402;-439;2283;-496;402;216;38;372;-2744;42903
48;7175;2390386;460;-219;2741;-508;29;377;-17;291;-2743;58537
48;7176;2390707;259;-378;1403;422;251;-214;-27;245;-2752;53385
48;7177;2391026;-1648;-1875;2187;-1752;214;-151;-90;96;-2750;43763
48;7178;2391254;-655;-879;1597;-3;-1067;1668;-47;-49;-2687;33350
48;7179;2391650;1023;-1276;740;900;-1515;911;170;-318;-2435;62090
48;7180;2392090;268;-1594;1711;-586;-488;-328;50;-464;-2321;52424
48;7181;2392411;170;-1359;1686;117;-334;350;85;-486;-2287;41513
48;7182;2392751;-96;-1296;1245;-112;-293;529;49;-539;-2217;60432
48;7183;2393093;27;-1918;1772;144;-20;-114;35;-558;-2190;30971
48;7184;2393411;-251;-1184;1024;402;-323;398;77;-533;-2240;60300
48;7185;2393767;-90;-1723;1647;114;-198;289;20;-512;-2294;4831
48;7186;2394086;-130;-927;1155;55;-622;764;-118;-575;-2178;49586
48;7187;2394404;276;-1862;1963;284;-29;-772;-154;-601;-2134;35271
48;7188;2394741;159;-933;1254;513;91;415;-9;-577;-2161;41193
48;7189;2395087;-476;-1872;1277;-189;-69;548;-61;-580;-2176;699
48;7190;2395404;77;-1364;1417;-100;-296;541;-137;-611;-2077;38421
48;7191;2395636;331;-1767;1945;310;34;-904;-179;-611;-2082;53024
48;7192;2396083;-133;-1655;1437;-154;-78;416;-117;-565;-2229;38344
48;7193;2396416;-90;-1776;944;-412;-387;-251;-216;-625;-2020;56701
48;7194;2396733;67;-1977;1531;-37;-178;-132;-327;-610;-2074;54173
48;7195;2397075;43;-776;937;1031;297;-55;-214;-599;-2133;63195
48;7196;2397303;117;-1329;1533;15;-59;209;-172;-562;-2181;24482
48;7197;2397621;-205;-1089;960;534;-56;365;-119;-647;-1983;6112
48;7198;2397944;540;-1828;1726;459;-49;-17;-160;-625;-2036;42158
48;7199;2398198;241;-846;737;721;244;-476;-138;-599;-2124;41727
48;7200;2398516;181;-1461;1723;-842;-198;286;-75;-564;-2220;38550
48;7201;2399070;-249;-2641;1266;-215;-45;-514;-172;-637;-2013;9867
48;7202;2399306;73;-948;882;485;432;-746;-123;-616;-2060;28010
48;7203;2399623;-363;-1983;1385;-1066;-128;143;-42;-595;-2132;2708
48;7204;2400063;189;-2089;1527;-23;-75;-32;-93;-614;-2067;18921
48;7205;2400408;255;-769;1109;353;228;-396;-15;-584;-2097;63670
48;7206;2400725;-272;-2409;1168;-658;-32;230;55;-594;-2103;28307
48;7207;2401064;57;-2093;1460;-392;-452;-292;-56;-621;-2055;34282
48;7208;2401381;179;-1944;699;152;307;-352;5;-623;-2018;41043
48;7209;2401616;-128;-1647;1406;165;53;225;16;-563;-2168;39288
48;7210;2401951;-57;-1382;910;-26;-353;258;-11;-621;-2058;5768
48;7211;2402272;515;-2149;1513;-181;-152;-184;-112;-623;-2025;40163
48;7212;2402734;-114;-1738;1295;168;-103;222;-57;-583;-2154;16020
48;7213;2403057;97;-1484;923;151;-218;520;-59;-617;-2039;54219
48;7214;2403375;267;-2144;1399;-193;-208;325;-158;-637;-2013;36939
48;7215;2403606;424;-2495;583;183;506;-224;-120;-644;-1940;16311
48;7216;2403953;-78;-1984;1351;-128;-167;-175;-115;-603;-2101;50247
48;7217;2404270;-113;-1195;940;366;-186;285;-68;-639;-1995;43883
48;7218;2404498;390;-2126;1379;-32;-161;173;-123;-647;-1992;50910
48;7219;2405051;-120;-2000;1244;-308;-155;-289;-59;-602;-2135;7969
48;7220;2405388;-97;-1161;1018;501;81;449;-69;-627;-2033;47913
48;7221;2405710;463;-1634;1814;166;24;-222;-75;-602;-2085;37165
48;7222;2406056;34;-1301;1345;142;415;218;-28;-577;-2179;6230
48;7223;2406283;-20;-1568;1701;-127;-278;614;-73;-571;-2205;6340
48;7224;2406601;-83;-1500;1497;142;-111;293;-56;-597;-2120;35111
48;7225;2407064;138;-1146;835;701;162;-149;18;-590;-2146;56512
48;7226;2407382;-20;-1399;1706;284;-326;691;-43;-553;-2240;1155
48;7227;2407700;-39;-1137;1423;253;-305;867;-87;-592;-2137;30843
48;7228;2408038;149;-2248;1203;-277;-297;-432;-131;-618;-2064;45852
48;7229;2408273;220;-1070;1310;541;199;178;-70;-592;-2184;41359
48;7230;2408594;-252;-1976;1391;-1077;-288;-90;-121;-589;-2165;51102
48;7231;2409034;208;-1786;1548;-148;-295;66;-225;-635;-2030;54584
48;7232;2409375;25;-1239;611;100;-65;422;-205;-634;-1994;31431
48;7233;2409712;-94;-1833;831;-334;-696;374;-275;-617;-1934;18510
48;7234;2410036;-133;-2060;716;-589;-395;-225;-423;-610;-1849;50899
48;7235;2410376;-245;-2076;613;-141;-54;300;-410;-618;-1822;4925
48;7236;2410605;-122;-2048;418;-480;-188;-69;-471;-598;-1750;58591
48;7237;2410928;-381;-2090;314;-138;149;-168;-474;-582;-1641;50219
48;7238;2411251;-215;-2017;295;-112;-394;-169;-512;-594;-1663;10366
48;7239;2411501;-514;-2006;112;277;-104;-116;-489;-591;-1700;55615
48;7240;2412032;123;-1553;669;728;-1169;158;-479;-570;-2016;4131
48;7241;2412366;113;-1510;1124;563;-970;-74;-428;-496;-2372;53117
48;7242;2412601;704;-1189;1508;194;-909;-476;-436;-520;-2676;54522
48;7243;2412921;209;-1256;1324;276;-340;781;-297;-483;-2781;46194
48;7244;2413368;681;-1850;932;-13;546;97;-499;-520;-2652;12588
48;7245;2413709;429;-1933;889;-510;35;644;-376;-542;-2218;20078
48;7246;2414033;-115;-2202;787;-411;-296;328;-386;-536;-2132;16388
48;7247;2414260;-16;-1829;656;-26;-231;-20;-414;-552;-2092;47281
48;7248;2414579;-579;-2507;620;652;-1147;-216;-359;-537;-2144;59918
48;7249;2415045;-917;-2391;76;-2767;-523;1523;-187;-407;-2290;28486
48;7250;2415361;405;-1981;488;547;-194;639;-125;-552;-2125;12435
48;7251;2415679;-523;-2049;666;-75;56;-12;-165;-551;-2045;57245
48;7252;2416039;-219;-2217;513;-18;-103;-103;-95;-557;-2094;2142
48;7253;2416356;841;-2195;254;-229;-841;-1861;-13;-532;-2008;48986
48;7254;2416678;1705;-327;-460;-262;-290;-3086;598;285;-1862;54301
48;7255;2417035;1497;1246;215;-666;221;-2543;497;879;-1936;65005
48;7256;2417357;-230;1176;83;-1273;1181;955;-158;1071;-1974;65274
48;7257;2417902;880;2422;-162;105;749;-80;19;1061;-1728;31013
48;7258;2418137;958;1840;-2;193;667;-290;48;1077;-1783;9815
48;7259;2418455;483;2009;225;96;167;-1205;-158;1098;-1736;46671
48;7260;2418687;265;2359;402;-209;93;643;-257;1100;-1692;21776
48;7261;2419005;733;2093;133;103;192;852;-155;1109;-1738;26886
48;7262;2419349;766;1519;-181;471;36;-1370;68;1050;-1474;48328
48;7263;2419577;58;1876;-494;151;616;-454;-170;1056;-1401;58355
48;7264;2420002;1244;2190;-310;-90;-157;432;14;1022;-1496;16056
48;7265;2420357;1032;1066;-273;-85;949;-568;156;971;-1523;60171
48;7266;2420674;1726;1656;354;-420;-668;904;123;912;-1498;600
48;7267;2421001;760;1612;-63;169;595;463;145;973;-1522;34415
48;7268;2421232;1827;1443;-236;280;-148;-341;221;940;-1493;43406
48;7269;2421469;1555;1119;84;-46;26;-86;222;959;-1588;56003
48;7270;2422004;1257;1705;258;170;379;253;185;977;-1574;30508
48;7271;2422231;952;1439;191;-24;250;50;218;942;-1579;26580
48;7272;2422573;1535;1860;376;-266;-275;168;225;951;-1543;63807
48;7273;2422892;1127;1440;113;-12;-221;88;198;964;-1521;58425
48;7274;2423120;1253;1936;166;55;489;-192;186;961;-1514;53282
48;7275;2423437;1449;1333;-353;356;518;475;185;927;-1511;29916
48;7276;2424010;1544;1208;-378;182;-429;77;290;831;-1378;57122
48;7277;2424331;1344;1875;-10;-825;235;196;247;828;-1353;27497
48;7278;2424653;1137;1413;-129;276;528;478;319;731;-1390;2089
48;7279;2425010;1791;1165;168;-430;-533;-918;407;765;-1376;3931
48;7280;2425327;1880;1409;-590;96;-228;-64;242;885;-1350;59278
48;7281;2425660;1094;1513;-184;143;556;-24;188;880;-1351;56744
48;7282;2426004;1698;1256;-298;-293;-26;-145;260;846;-1355;27263
48;7283;2426322;1394;1372;-149;-202;-9;51;207;914;-1371;64066
48;7284;2426659;1249;1900;-463;82;168;-302;138;935;-1321;20236
48;7285;2427001;1354;1223;-488;-134;48;148;156;907;-1388;54243
48;7286;2427322;1580;1817;-191;-103;-189;-532;167;917;-1332;21360
48;7287;2427550;1058;1170;-184;118;-4;-211;162;937;-1343;17197
48;7288;2427974;787;1987;-98;-34;43;-404;112;923;-1339;12674
48;7289;2428213;756;1405;-302;66;-61;143;149;897;-1336;54458
48;7290;2428441;1225;1782;-517;52;-46;222;170;885;-1331;35982
48;7291;2428865;1013;1486;-428;75;-43;-204;185;897;-1317;30784
48;7292;2429332;1209;1475;-189;-75;165;309;87;905;-1301;34087
48;7293;2429649;1160;1985;-365;104;214;139;189;874;-1285;51335
48;7294;2429972;882;1508;-64;-481;584;207;158;922;-1349;29807
48;7295;2430200;1461;1668;-398;200;-315;-97;156;970;-1405;24471
48;7296;2430435;998;1992;45;61;344;-269;60;999;-1383;36057
48;7297;2430859;1224;1782;-160;78;-242;122;108;1025;-1409;63602
48;7298;2431087;766;1668;154;-235;16;-234;117;1060;-1448;13770
48;7299;2431427;929;1914;-183;40;-111;-41;29;1074;-1465;39206
48;7300;2431986;690;2077;-178;179;78;-368;-16;1072;-1459;15845
48;7301;2432302;428;1884;37;12;-35;30;-51;1085;-1440;35488
48;7302;2432643;1064;2046;-199;229;-194;63;-69;1082;-1419;12440
48;7303;2432981;641;1917;-109;230;-99;110;-70;1086;-1410;13827
48;7304;2433299;722;2001;-250;-13;-52;-232;-49;1078;-1414;35337
48;7305;2433654;685;1737;97;-119;199;-4;-63;1069;-1388;13080
48;7306;2433973;828;2072;-223;-1;322;-160;-55;1068;-1380;12883
48;7307;2434295;477;1766;-225;-51;171;80;-35;1047;-1368;31432
48;7308;2434628;1143;2143;-321;57;-12;-333;60;962;-1369;25571
48;7309;2434970;699;1335;-238;-472;65;281;32;950;-1323;12991
48;7310;2435287;645;1940;-254;-112;373;-98;7;964;-1337;64624
48;7311;2435519;186;1637;-100;-283;270;-285;-2;985;-1382;49138
48;7312;2435971;1009;1931;790;-440;66;186;-29;1002;-1496;59997
48;7313;2436304;829;1971;44;474;469;-452;2;1021;-1492;15621
48;7314;2436622;304;2226;535;94;190;-57;-29;991;-1429;25198
48;7315;2436971;549;1933;-246;196;1;193;0;992;-1438;42739
48;7316;2437198;945;1903;-90;162;58;352;48;978;-1440;32766
48;7317;2437516;835;1535;-238;-20;-99;-248;72;974;-1394;52593
48;7318;2437835;1363;2145;-395;43;175;217;27;950;-1345;26488
48;7319;2438090;822;1743;-230;-161;-49;70;32;941;-1359;42735
48;7320;2438407;1042;1864;-458;38;-227;37;57;947;-1369;9517
48;7321;2438953;924;1733;-271;-46;-99;-77;23;970;-1401;36645
48;7322;2439188;446;2255;-155;10;-103;-292;3;974;-1361;1141
48;7323;2439509;547;1858;-281;-201;176;72;8;969;-1326;23100
48;7324;2439954;1040;2012;-199;29;-458;322;36;919;-1275;18163
48;7325;2440295;1286;2160;-277;-82;303;-87;50;986;-1412;28847
48;7326;2440613;861;1849;-28;180;106;494;132;984;-1403;45235
48;7327;2440948;1001;2039;-224;431;-218;-137;75;1021;-1440;23536
48;7328;2441270;1021;1726;-126;-90;-154;-108;29;1004;-1391;12107
48;7329;2441505;851;1799;-282;313;66;-268;18;1004;-1381;7770
48;7330;2441840;965;1967;-376;106;-106;146;-44;1015;-1388;18645
48;7331;2442162;547;1899;-282;-172;-174;-228;-73;1050;-1391;61079
48;7332;2442624;392;1759;149;-198;135;-72;-156;1086;-1415;61255
48;7333;2442954;583;2042;-57;251;-115;-12;-143;1096;-1411;50921
48;7334;2443272;485;1938;-93;10;-62;-217;-154;1108;-1442;23008
48;7335;2443500;340;2083;-30;-41;143;-93;-162;1130;-1444;46293
48;7336;2443857;55;1875;52;-117;-164;106;-184;1118;-1421;33885
48;7337;2444175;330;1801;-59;171;-64;274;-174;1105;-1407;22388
48;7338;2444403;436;2021;-87;128;-144;144;-159;1086;-1389;42375
48;7339;2444959;329;2002;-83;13;-66;-135;-154;1101;-1424;1934
48;7340;2445293;268;1941;47;68;-65;7;-220;1052;-1593;20766
48;7341;2445610;437;1992;-5;-23;139;-7;-193;1032;-1631;39914
48;7342;2445953;407;2065;26;84;25;-197;-177;1048;-1654;44705
48;7343;2446180;584;2023;5;387;-349;-63;-189;1056;-1666;62726
48;7344;2446506;495;2234;65;311;-192;-4;-173;1055;-1660;5545
48;7345;2446969;296;1888;121;179;-96;-455;-191;1076;-1714;25206
48;7346;2447286;156;2160;153;132;104;-315;-231;1054;-1657;32842
48;7347;2447608;256;1901;103;-59;-46;41;-279;1063;-1649;9994
48;7348;2447946;210;2152;-15;-68;437;-84;-248;1059;-1652;7761
48;7349;2448182;629;1689;-65;-526;367;182;-248;1076;-1705;50730
48;7350;2448499;63;1799;69;-461;324;816;-217;1080;-1729;32665
48;7351;2448939;205;1782;462;312;-138;-425;-141;1065;-1674;11570
48;7352;2449283;326;1906;113;-187;21;-116;-164;1060;-1675;60275
48;7353;2449616;371;2178;-40;-52;16;11;-135;1070;-1693;59761
48;7354;2449934;710;2024;12;95;-345;-166;-138;1053;-1655;2853
48;7355;2450280;342;2264;-226;-51;-257;-196;-172;1066;-1682;55322
48;7356;2450508;426;2260;-109;633;-85;-426;-189;1058;-1643;21422
48;7357;2450831;84;2256;50;113;57;-251;-228;1044;-1605;4025
48;7358;2451149;251;2131;-321;286;-339;-193;-185;1057;-1627;47586
48;7359;2451400;375;2323;107;-530;210;354;-232;1058;-1631;12592
48;7360;2451934;563;2121;-284;192;-96;-237;-221;1053;-1627;12567
48;7361;2452267;163;1933;144;314;-17;171;-235;1043;-1613;6915
48;7362;2452502;133;2053;-143;-69;-45;-113;-185;1042;-1618;40851
48;7363;2452825;209;2234;239;-317;-122;5;-217;1050;-1609;42862
48;7364;2453264;319;1799;-129;-265;-239;77;-267;1047;-1523;22004
48;7365;2453604;436;2428;84;-61;-33;-57;-253;1065;-1525;60981
48;7366;2453929;324;2019;-88;-194;-56;-56;-257;1070;-1549;42123
48;7367;2454161;285;2284;49;46;125;-127;-284;1083;-1540;1770
48;7368;2454483;650;2039;31;51;-208;-35;-263;1057;-1519;9174
48;7369;2454946;94;2203;87;-114;365;-36;-288;1039;-1502;55846
48;7370;2455267;266;1877;-99;-230;154;262;-220;1016;-1567;3592
48;7371;2455585;259;2129;-51;-25;-42;31;-204;1037;-1588;40793
48;7372;2455942;230;1982;34;104;-149;-52;-255;1034;-1616;38444
48;7373;2456259;257;1992;-59;44;280;-57;-278;1046;-1640;17086
48;7374;2456576;97;1998;100;-62;176;15;-280;1035;-1534;30216
48;7375;2456933;13;1908;-120;216;24;-141;-251;1036;-1533;15665
48;7376;2457255;205;2171;-90;-336;125;-77;-297;1011;-1504;40578
48;7377;2457914;-37;2226;-393;-171;326;489;-297;995;-1491;7794
48;7378;2458150;180;1894;-258;-68;-54;-5;-232;1045;-1471;59951
48;7379;2458484;385;2094;38;-316;-341;128;-296;1005;-1533;50366
48;7380;2458806;434;2156;-172;-136;79;33;-286;1018;-1623;7268
48;7381;2459252;-269;1889;190;14;149;191;-303;1063;-1711;28411
48;7382;2459480;-16;2180;-13;156;-40;-27;-254;1075;-1681;41719
48;7383;2459904;-93;1638;395;-10;-132;222;-283;1069;-1686;64677
48;7384;2460263;-130;1842;263;-174;-39;27;-293;1066;-1709;6710
48;7385;2460585;287;1828;131;-192;393;73;-332;1056;-1647;32281
48;7386;2460904;138;2327;110;7;71;-139;-229;1066;-1674;54849
48;7387;2461241;-240;2205;188;-664;161;759;-223;1084;-1736;31959
48;7388;2461476;39;2121;167;222;19;-476;-224;1070;-1669;13519
48;7389;2461900;-394;1548;212;-331;7;607;-406;1040;-1625;30780
48;7390;2462127;-58;1702;124;-163;-205;353;-355;1070;-1684;30786
48;7391;2462468;-28;2209;140;310;4;124;-305;1070;-1679;56104
48;7392;2462787;39;1947;-122;-105;-189;241;-341;1036;-1623;11061
48;7393;2463021;124;2256;-93;312;412;-317;-316;998;-1597;56279
48;7394;2463338;-31;1748;27;-220;178;121;-517;572;-1847;32951
48;7395;2463907;11;2170;275;-44;-193;12;-338;598;-1987;35349
48;7396;2464224;-28;1937;-130;-10;129;87;-383;433;-2026;52990
48;7397;2464541;-229;2169;66;7;296;116;-357;569;-1974;17087
48;7398;2464902;-31;2058;-253;-100;258;-169;-365;511;-2028;52999
48;7399;2465224;75;2385;109;252;-381;56;-312;505;-2001;40031
48;7400;2465557;-36;1739;103;112;-170;142;-310;519;-1987;59599
48;7401;2465907;-278;2671;-420;445;176;-416;-338;511;-1968;12136
48;7402;2466225;-227;1765;-176;65;34;181;-312;442;-2013;10969
48;7403;2466557;35;2358;-318;307;-445;-137;-216;386;-1944;42251
48;7404;2466899;218;1700;-145;140;-222;-151;-199;238;-1950;1869
48;7405;2467217;0;2355;-209;-485;12;256;-184;294;-1978;62409
48;7406;2467444;-231;2082;76;-329;171;224;-176;344;-1981;32537
48;7407;2467868;239;2192;46;331;-103;-75;-92;330;-1983;52318
48;7408;2468103;311;1956;-117;-373;91;141;-68;340;-1970;33824
48;7409;2468339;159;2003;-143;-147;112;-188;-120;342;-1987;33323
48;7410;2468764;-83;2124;-13;-293;43;-139;-105;381;-1975;39465
48;7411;2469229;-141;1954;388;-19;-263;242;-85;384;-1956;30600
48;7412;2469546;207;1864;-142;-208;-78;161;-82;375;-1948;34545
48;7413;2469869;-159;2170;4;210;1;107;-115;369;-1930;63878
48;7414;2470097;291;1864;-88;156;-148;199;-57;369;-1983;21651
48;7415;2470332;855;2491;-255;162;-296;-74;-57;364;-1980;56141
48;7416;2470756;272;1789;10;-122;-108;-216;-118;368;-1974;8886
48;7417;2470991;25;2118;-40;342;76;-225;-140;391;-1926;3455
48;7418;2471331;-167;1812;-31;-47;-14;233;-335;914;-1576;175
48;7419;2471877;218;2042;-187;52;-66;-151;-160;967;-1486;64898
48;7420;2472194;137;2389;-507;456;723;-184;-7;1139;-1334;17285
48;7421;2472539;14;1688;-132;-82;739;205;103;1485;-1382;3043
48;7422;2472873;456;2339;-205;343;394;-394;139;1580;-1482;33874
48;7423;2473191;35;2015;-335;-240;196;269;-106;1516;-1453;59277
48;7424;2473547;474;2129;-601;-117;-345;113;-39;1923;-1281;21457
48;7425;2473872;-45;1874;-377;-8;-115;403;147;2024;-1320;52897
48;7426;2474190;320;1811;-270;-349;-478;90;226;1778;-1315;5787
48;7427;2474523;303;2151;-301;-422;-316;-79;291;1477;-1326;53755
48;7428;2474865;216;2222;-137;-6;-44;205;204;1363;-1373;22219
48;7429;2475182;87;1638;0;-499;-43;63;199;1309;-1255;57245
48;7430;2475410;-172;2092;-144;-51;-401;196;145;1368;-1243;1700
48;7431;2475859;82;2371;-135;-61;-67;-538;82;1336;-1212;23866
48;7432;2476192;108;1809;67;-355;-86;8;-46;1362;-1284;47739
48;7433;2476413;-101;1782;53;81;-227;-78;77;1268;-1284;42042
48;7434;2476736;234;1873;-287;-55;51;190;209;1127;-1372;48693
48;7435;2476971;271;2354;-200;-120;-282;107;119;1092;-1412;5562
48;7436;2477198;150;1932;16;-52;-363;109;41;1054;-1442;41036
48;7437;2477516;422;2123;-219;137;-702;-114;-148;1016;-1453;18263
48;7438;2477835;233;2273;-143;-79;-108;-62;-212;1002;-1443;10846
48;7439;2478085;-220;1871;-9;-4;-269;-23;-214;995;-1459;64969
48;7440;2478402;-101;2044;-177;6;-711;20;-305;1017;-1475;243
48;7441;2478846;96;1928;217;-139;-715;101;-426;1046;-1607;711
48;7442;2479085;-70;2000;133;-110;-307;66;-441;1047;-1620;21519
48;7443;2479403;58;2105;-71;60;-49;93;-477;1052;-1611;10962
48;7444;2479847;236;2110;-120;-68;167;-17;-399;1060;-1605;36640
48;7445;2480189;124;2119;-45;103;-98;-3;-415;1056;-1600;26543
48;7446;2480506;81;2025;20;61;-3;22;-432;1056;-1595;26893
48;7447;2480844;132;2005;30;-127;-16;-39;-405;1065;-1591;57208
48;7448;2481162;15;2032;50;-104;18;-9;-419;1066;-1605;44555
48;7449;2481400;52;2047;109;-43;-161;-56;-421;1064;-1641;471
48;7450;2481738;5;2106;85;-69;15;-15;-440;1068;-1631;34394
48;7451;2482056;-11;1935;49;5;-49;37;-437;1084;-1630;39277
48;7452;2482517;5;1939;76;-65;53;9;-427;1070;-1617;9727
48;7453;2482836;8;2049;55;-79;23;-37;-417;1074;-1651;62614
48;7454;2483154;144;2059;208;-113;-46;65;-424;1074;-1673;42195
48;7455;2483381;155;2151;117;17;-56;238;-405;1081;-1704;20534
48;7456;2483727;57;1922;205;120;-13;86;-384;1078;-1633;5510
48;7457;2484045;167;2132;141;-25;2;48;-399;1076;-1673;19647
48;7458;2484272;43;2112;94;-169;91;240;-424;1064;-1639;5661
48;7459;2484829;231;2113;184;63;-19;-2;-400;1085;-1665;22441
48;7460;2485162;87;2367;-49;281;-191;31;-381;1073;-1619;48079
48;7461;2485479;-12;1956;-31;-4;-156;-158;-396;1068;-1642;47876
48;7462;2485823;112;2006;46;61;-15;27;-398;1078;-1639;6920
48;7463;2486051;108;1936;45;-162;228;79;-376;1071;-1628;4703
48;7464;2486368;159;2033;26;-40;15;34;-349;1063;-1615;59289
48;7465;2486839;196;2056;-37;0;-109;-68;-345;1069;-1605;31762
48;7466;2487156;141;1933;-91;-265;6;210;-346;1071;-1566;21772
48;7467;2487377;194;2113;-120;-35;91;97;-352;1063;-1584;22211
48;7468;2487817;267;2029;-18;8;-32;-103;-356;1076;-1595;2506
48;7469;2488053;216;2064;-71;333;5;-22;-334;1061;-1582;19371
48;7470;2488370;244;2009;-24;-59;39;141;-361;1063;-1579;42423
48;7471;2488810;281;2100;-24;-234;-26;172;-352;1072;-1597;28561
48;7472;2489154;317;1989;34;-20;292;429;-333;1078;-1593;35993
48;7473;2489486;296;2199;-31;171;-105;-449;-235;1066;-1575;10678
48;7474;2489805;323;2002;-118;-71;50;-3;-274;1065;-1568;59731
48;7475;2490150;455;1900;9;308;-180;-238;-265;1069;-1549;16144
48;7476;2490378;392;1991;-211;272;-37;-111;-288;1037;-1501;56722
48;7477;2490697;307;2046;-111;85;-6;-32;-285;1058;-1524;6887
48;7478;2491014;391;2065;-87;-91;28;82;-289;1052;-1535;50019
48;7479;2491268;487;1918;-194;-30;-35;7;-292;1064;-1539;38061
48;7480;2491804;540;2076;-162;-119;-37;-149;-249;1074;-1551;8786
48;7481;2492138;446;1850;9;-10;24;6;-243;1062;-1550;51047
48;7482;2492373;450;1991;-64;-30;29;-61;-240;1058;-1546;17179
48;7483;2492696;412;2047;-111;111;-27;47;-262;1059;-1539;46094
48;7484;2493135;351;1775;-155;37;-83;-61;-260;1028;-1493;36616
48;7485;2493475;331;2000;-85;-183;-41;-59;-277;1042;-1526;47264
48;7486;2493794;316;2058;-133;-55;-68;35;-305;1060;-1539;24253
48;7487;2494021;505;2048;-162;173;-216;-271;-312;1046;-1531;63424
48;7488;2494343;371;1988;-312;-172;-120;-313;-317;1036;-1511;27231
48;7489;2494811;254;1894;-58;59;-52;21;-350;1057;-1548;26132
48;7490;2495128;215;2001;-136;-22;-60;-34;-329;1066;-1560;23609
48;7491;2495450;324;1980;-124;116;-88;-137;-341;1055;-1538;6357
48;7492;2495807;226;2108;-186;33;-5;-162;-335;1055;-1532;36939
48;7493;2496125;247;2078;-287;71;-118;-15;-345;1034;-1521;30485
48;7494;2496442;457;2040;-174;-66;-8;146;-333;1057;-1556;54381
48;7495;2496799;330;2072;-160;-18;51;42;-292;1062;-1567;11949
48;7496;2497121;486;2016;-119;34;28;12;-289;1069;-1561;46729
48;7497;2497670;376;2001;-27;-95;16;-16;-286;1069;-1562;39590
