flag; num; time_ms; bme_temp; bme_press; photorez; ds_temp; status; find; crc
1;2;1113;2955;99080;0;288;0;0;4879
1;3;1434;2962;99083;0;288;0;0;64617
1;4;1749;2967;99085;0;288;0;0;4795
1;5;1974;2969;99085;0;289;0;0;16320
1;6;2319;2972;99086;0;289;0;0;57651
1;7;2634;2973;99087;0;289;0;0;24869
1;8;2860;2974;99086;0;289;0;0;21126
1;9;3303;2976;99087;0;289;0;0;48536
1;10;3617;2977;99087;0;289;0;0;8402
1;11;3853;2977;99087;0;289;0;0;44659
1;12;4272;2978;99087;0;289;0;0;1960
1;13;4506;2979;99086;0;289;0;0;30319
1;14;4731;2979;99086;0;5410;0;0;30538
1;15;5050;2980;99087;0;5410;0;0;35806
1;16;5366;2980;99087;0;5410;0;0;50593
1;17;5615;2981;99087;0;1570;0;0;65393
1;18;5930;2981;99087;0;1570;0;0;5758
1;19;6251;2982;99087;0;1570;0;0;5688
1;20;6476;2982;99087;0;290;0;0;39810
1;21;6714;2982;99087;0;290;0;0;38299
1;22;7028;2983;99087;0;290;0;0;38788
1;23;7254;2983;99088;0;290;0;0;58060
1;24;7569;2983;99088;0;290;0;0;6763
1;25;7805;2983;99088;0;290;0;0;23727
1;26;8240;2984;99088;0;290;1;0;49299
1;27;8555;2984;99087;0;290;1;0;47253
1;28;8793;2984;99087;0;290;1;0;26880
1;29;9022;2984;99088;0;290;1;0;63389
1;30;9338;2985;99088;0;290;1;0;37869
1;31;9656;2985;99088;0;290;1;0;19486
1;32;9905;2985;99088;0;290;1;0;51559
1;33;10220;2986;99088;0;290;1;0;49798
1;34;10535;2986;99089;0;290;1;0;34763
1;35;10761;2986;99089;0;290;1;0;26823
1;36;10996;2986;99088;0;290;1;0;62692
1;37;11315;2987;99088;0;290;3;1;11200
1;38;11646;2987;99088;0;10530;3;1;61207
1;39;11960;2987;99088;0;10530;3;1;13061
1;40;12194;2987;99088;0;10530;3;1;35285
1;41;12524;2988;99088;0;290;3;1;59399
1;42;12847;2988;99088;0;290;3;1;25412
1;43;13188;2988;99088;0;290;3;1;28483
1;44;13414;2989;99088;0;290;3;1;60778
1;45;13729;2989;99088;0;290;3;1;25075
1;46;14153;2989;99088;0;290;3;1;24708
1;47;14402;2989;99089;0;290;3;1;43518
1;48;14716;2990;99089;0;290;3;1;37724
1;49;15152;2990;99088;0;291;3;1;50094
1;50;15388;2990;99088;0;291;3;1;8619
1;51;15702;2990;99088;0;291;3;1;35136
1;52;16138;2991;99087;0;291;3;1;51910
1;53;16476;2991;99086;0;291;3;1;22773
1;54;16794;2991;99086;0;291;3;1;26769
1;55;17129;2991;99086;0;291;3;1;13794
1;56;17444;2992;99086;0;291;3;1;54504
1;57;17678;2992;99087;0;291;3;1;57420
1;58;17904;2992;99086;0;291;3;1;1366
1;59;18223;2993;99087;0;291;3;1;26041
1;60;18538;2993;99086;0;291;3;1;54683
1;61;18789;2993;99085;0;291;3;1;12004
1;62;19103;2993;99086;0;291;3;1;49288
1;63;19422;2993;99085;0;291;3;1;42671
1;64;19648;2993;99085;0;291;3;1;3807
1;65;19882;2994;99086;0;291;3;1;11625
1;66;20201;2994;99086;0;291;3;1;65030
1;67;20426;2994;99085;0;291;3;1;64995
1;68;20741;2995;99085;0;291;3;1;3353
1;69;21086;2995;99085;0;291;3;1;60280
1;70;21311;2995;99085;0;291;3;1;26040
1;71;21626;2996;99085;0;291;3;1;12894
1;72;22073;2996;99085;0;291;3;1;37172
1;73;22299;2996;99085;0;291;3;1;64201
1;74;22613;2996;99085;0;291;3;1;27787
1;75;23072;2997;99085;0;291;3;1;48883
1;76;23386;2997;99085;0;291;3;1;53275
1;77;23701;2997;99085;0;291;3;1;6953
1;78;24036;2998;99085;0;291;3;1;17485
1;79;24269;2998;99085;0;291;3;1;55791
1;80;24588;2998;99085;0;291;3;1;28509
1;81;24813;2998;99085;0;291;3;1;5550
1;82;25132;2999;99085;0;291;3;1;64074
1;83;25365;2999;99086;0;291;3;1;16762
1;84;25696;2999;99086;0;5411;3;1;52161
1;85;26012;3000;99086;0;5411;3;1;4671
1;86;26351;3000;99086;0;5411;3;1;58195
1;87;26580;3000;99086;0;291;3;1;53259
1;88;27007;3000;99085;0;291;3;1;43474
1;89;27321;3001;99085;0;291;3;1;12451
1;90;27570;3001;99085;0;291;3;1;23729
1;91;27990;3001;99086;0;291;3;1;52585
1;92;28321;3002;99086;0;291;3;1;2111
1;93;28554;3002;99087;0;291;3;1;11385
1;94;28974;3002;99087;0;291;3;1;9167
1;95;29200;3003;99087;0;291;3;1;38817
1;96;29522;3003;99087;0;291;3;1;40067
1;97;29760;3003;99087;0;291;3;1;5574
1;98;30091;3003;99087;0;291;3;1;61912
1;99;30405;3003;99087;0;291;3;1;23250
1;100;30744;3004;99087;0;291;3;1;14732
1;101;30970;3004;99086;0;291;3;1;43536
1;102;31284;3004;99086;0;291;3;1;62761
1;103;31598;3004;99087;0;291;3;1;39818
1;104;31953;3005;99088;0;291;3;1;58860
1;105;32271;3005;99088;0;291;3;1;2251
1;106;32589;3006;99089;0;291;3;1;40131
1;107;32948;3006;99089;0;291;3;1;59260
1;108;33263;3006;99089;0;291;3;1;42356
1;109;33596;3006;99088;0;292;3;1;9140
1;110;33913;3007;99089;0;292;3;1;36719
1;111;34146;3007;99089;0;292;3;1;20835
1;112;34476;3007;99089;0;292;3;1;19970
1;113;34900;3008;99089;0;292;3;1;52322
1;114;35136;3008;99089;0;292;3;1;19407
1;115;35362;3008;99089;0;292;3;1;6239
1;116;35677;3008;99089;0;292;3;1;9693
1;117;35993;3008;99088;0;292;3;1;32912
1;118;36240;3008;99088;0;292;3;0;56679
1;119;36554;3009;99088;0;292;3;0;28295
1;120;36871;3009;99088;0;292;3;0;27364
1;121;37096;3009;99088;0;292;3;0;62795
1;122;37333;3009;99088;0;292;3;0;55574
1;123;37656;3010;99088;0;292;3;0;54451
1;124;37987;3010;99089;0;292;3;0;45643
1;125;38301;3010;99089;0;292;3;0;35619
1;126;38537;3011;99089;0;292;3;0;2436
1;127;38868;3011;99089;0;292;4;1;22641
1;128;39182;3011;99089;0;292;4;1;4333
1;129;39520;3012;99089;0;292;4;1;19949
1;130;39855;3012;99089;0;292;4;1;60027
1;131;40174;3012;99089;0;292;4;1;13341
1;132;40488;3013;99091;0;292;4;1;16891
1;133;40848;3013;99091;0;5413;4;1;6620
1;134;41163;3013;99091;0;5413;4;1;42987
1;135;41496;3014;99091;0;292;4;1;10772
1;136;41836;3014;99092;0;292;4;1;6179
1;137;42151;3015;99092;0;292;4;1;54778
1;138;42376;3015;99092;0;292;4;1;50786
1;139;42822;3015;99091;0;292;4;1;7417
1;140;43137;3015;99091;0;292;4;1;42334
1;141;43362;3015;99091;0;292;4;1;22093
1;142;43786;3016;99091;0;292;4;1;26208
1;143;44020;3016;99092;0;292;4;1;56977
1;144;44245;3016;99091;0;293;4;1;33662
1;145;44560;3017;99091;0;293;4;1;33549
1;146;44876;3017;99091;0;293;4;1;64436
1;147;45125;3017;99091;0;293;4;1;59465
1;148;45443;3017;99091;0;293;4;1;36914
1;149;45762;3018;99091;0;293;4;1;291
1;150;45988;3018;99091;0;293;4;1;64845
1;151;46221;3018;99091;0;293;4;1;57405
1;152;46539;3019;99092;0;293;4;1;38062
1;153;46769;3019;99091;0;293;4;1;30610
1;154;47084;3019;99091;0;293;4;1;8137
1;155;47317;3020;99091;0;293;4;1;50997
1;156;47753;3020;99091;0;293;4;1;8158
1;157;48072;3020;99091;0;293;4;1;259
1;158;48306;3020;99091;0;293;4;1;59215
1;159;48532;3020;99091;0;933;4;1;130
1;160;48848;3021;99092;0;933;4;1;17755
1;161;49163;3021;99093;0;933;4;1;23358
1;162;49414;3021;99093;0;293;4;1;39640
1;163;49734;3022;99093;0;293;4;1;6955
1;164;50049;3022;99093;0;293;4;1;29618
1;165;50274;3022;99093;0;293;4;1;16410
1;166;50512;3022;99092;0;293;4;1;16816
1;167;50828;3023;99092;0;293;4;1;24596
1;168;51158;3023;99092;0;293;4;1;41664
1;169;51472;3023;99092;0;293;4;1;18337
1;170;51706;3023;99092;0;293;4;1;10107
1;171;52037;3024;99092;0;293;4;1;18782
1;172;52351;3024;99092;0;293;4;1;40713
1;173;52694;3024;99092;0;293;4;1;45770
1;174;52923;3024;99092;0;293;4;1;47355
1;175;53242;3025;99092;0;293;4;1;58181
1;176;53665;3025;99091;0;293;4;1;29315
1;177;53915;3025;99091;0;293;4;1;49158
1;178;54229;3026;99091;0;293;4;1;18655
1;179;54664;3026;99091;0;293;4;1;58372
1;180;54898;3026;99092;0;293;4;1;4912
1;181;55212;3026;99092;0;293;4;1;5722
1;182;55657;3026;99092;0;293;4;1;28162
1;183;55995;3027;99091;0;293;4;1;33607
1;184;56310;3027;99092;0;293;4;1;1153
1;185;56641;3027;99092;0;293;4;1;47744
1;186;56956;3028;99092;0;293;4;1;7356
1;187;57189;3028;99092;0;293;4;1;58228
1;188;57419;3028;99091;0;293;4;1;13708
1;189;57734;3029;99092;0;293;4;1;29471
1;190;58050;3029;99092;0;293;4;1;53982
1;191;58305;3029;99092;0;293;4;1;38339
1;192;58619;3029;99092;0;293;4;1;16953
1;193;58935;3030;99092;0;293;4;1;24446
1;194;59160;3030;99092;0;293;4;1;19686
1;195;59393;3030;99092;0;293;4;1;25104
1;196;59713;3030;99092;0;293;4;1;34863
1;197;59938;3030;99091;0;293;4;1;58080
1;198;60252;3031;99092;0;293;4;1;60225
1;199;60592;3031;99092;0;293;4;1;11607
1;200;60821;3031;99093;0;294;4;1;30369
1;201;61144;3032;99093;0;294;4;1;11743
1;202;61587;3032;99094;0;294;4;1;6947
1;203;61813;3032;99094;0;294;4;1;47962
1;204;62127;3032;99093;0;294;4;1;8491
1;205;62587;3033;99092;0;294;4;1;30496
1;206;62902;3033;99093;0;294;4;1;10555
1;207;63216;3033;99093;0;294;4;1;1313
1;208;63551;3034;99094;0;294;4;1;33934
1;209;63785;3034;99095;0;294;4;1;22193
1;210;64104;3034;99095;0;294;4;1;42010
1;211;64328;3034;99095;0;294;4;1;60963
1;212;64644;3035;99094;0;294;4;1;27933
1;213;64878;3035;99095;0;294;4;1;53685
1;214;65208;3035;99095;0;294;4;1;49081
1;215;65527;3035;99095;0;294;4;1;17464
1;216;65876;3036;99095;0;294;4;1;18360
1;217;66240;3036;99096;0;294;4;1;22360
1;218;66641;3036;99096;0;294;4;1;6920
1;219;66984;3037;99096;0;294;4;1;5549
1;220;67209;3037;99095;0;294;4;1;24620
1;221;67523;3037;99095;0;294;4;1;51399
1;222;67838;3038;99094;0;294;4;1;8776
1;223;68087;3038;99094;0;294;4;1;50049
1;224;68507;3038;99094;0;294;4;1;63920
1;225;68838;3039;99094;0;294;4;1;33838
1;226;69179;3039;99094;0;294;4;1;62512
1;227;69495;3039;99094;0;294;4;1;16023
1;228;69724;3039;99093;0;934;4;1;25582
1;229;70043;3040;99094;0;934;4;1;27907
1;230;70276;3040;99094;0;934;4;1;7409
1;231;70607;3040;99095;0;295;4;1;6488
1;232;70922;3041;99095;0;295;4;1;60871
1;233;71237;3041;99095;0;295;4;1;22063
1;234;71490;3041;99095;0;295;4;1;65189
1;235;71804;3041;99094;0;295;4;1;18102
1;236;72119;3042;99094;0;295;4;1;9490
1;237;72473;3042;99095;0;295;4;1;19067
1;238;72788;3042;99094;0;295;4;1;9427
1;239;73106;3043;99094;0;295;4;1;64971
1;240;73441;3043;99094;0;295;4;1;58587
1;241;73678;3044;99095;0;295;4;1;18717
1;242;73993;3044;99094;0;295;4;1;44502
1;243;74222;3044;99094;0;295;4;1;46441
1;244;74538;3044;99094;0;295;4;1;1179
1;245;74772;3044;99094;0;295;4;1;30020
1;246;74997;3045;99094;0;295;4;1;59083
1;247;75417;3045;99095;0;295;4;1;8298
1;248;75758;3045;99094;0;295;4;1;53903
1;249;75984;3046;99095;0;295;4;1;42297
1;250;76404;3046;99095;0;295;4;1;6354
1;251;76738;3046;99095;0;295;4;1;57006
1;252;76972;3046;99095;0;295;4;1;11636
1;253;77392;3047;99096;0;295;4;1;5061
1;254;77621;3047;99096;0;295;4;1;56973
1;255;77959;3047;99096;0;295;4;1;43341
1;256;78380;3048;99096;0;295;4;1;2816
1;257;78609;3048;99096;0;295;4;1;35650
1;258;78924;3048;99096;0;295;4;1;9122
1;259;79157;3048;99096;0;295;4;1;39020
1;260;79387;3048;99096;0;295;4;1;37728
1;261;79702;3049;99096;0;295;4;1;3142
1;262;80016;3049;99096;0;295;4;1;60700
1;263;80374;3049;99096;0;295;4;1;48493
1;264;80689;3050;99095;0;295;4;1;59665
1;265;81004;3050;99096;0;295;4;1;26333
1;266;81359;3050;99095;0;295;4;1;51942
1;267;81678;3050;99095;0;295;4;1;52350
1;268;82016;3051;99095;0;295;4;1;33396
1;269;82354;3051;99095;0;295;4;1;17286
1;270;82669;3051;99095;0;295;4;1;19056
1;271;82895;3051;99095;0;295;4;1;8589
1;272;83315;3052;99096;0;295;4;1;11490
1;273;83548;3052;99096;0;295;4;1;54028
1;274;83774;3052;99095;0;295;4;1;59353
1;275;84088;3052;99095;0;295;4;1;23188
1;276;84407;3052;99095;0;295;4;1;46365
1;277;84658;3053;99095;0;295;4;1;38214
1;278;84974;3053;99095;0;295;4;1;60927
1;279;85289;3053;99095;0;295;4;1;2553
1;280;85515;3053;99096;0;295;4;1;56672
1;281;85751;3053;99096;0;295;4;1;28136
1;282;86066;3054;99096;0;295;4;1;63775
1;283;86401;3054;99097;0;295;4;1;46144
1;284;86738;3055;99097;0;295;4;1;29778
1;285;87060;3055;99096;0;295;4;1;22783
1;286;87285;3055;99096;0;296;4;1;60394
1;287;87599;3055;99096;0;296;4;1;17733
1;288;87834;3055;99095;0;296;4;1;60925
1;289;88269;3056;99096;0;296;4;1;62094
1;290;88583;3056;99097;0;296;4;1;13942
1;291;88923;3056;99097;0;296;4;1;58064
1;292;89254;3056;99098;0;296;4;1;46815
1;293;89568;3056;99097;0;296;4;1;41558
1;294;89789;3057;99097;0;296;4;1;52999
1;295;90038;3057;99096;0;296;4;1;55107
1;296;90353;3057;99096;0;296;4;1;27596
1;297;90668;3057;99096;0;296;4;1;47053
1;298;90894;3057;99096;0;296;4;1;28719
1;299;91232;3058;99095;0;296;4;1;9059
1;300;91547;3058;99095;0;296;4;1;44385
1;301;91773;3058;99095;0;296;4;1;19825
1;302;92218;3058;99095;0;296;4;1;58597
1;303;92548;3059;99095;0;296;4;1;57578
1;304;92867;3059;99095;0;296;4;1;39025
1;305;93186;3059;99095;0;296;4;1;7739
1;306;93435;3060;99095;0;296;4;1;39886
1;307;93754;3060;99096;0;296;4;1;5733
1;308;94174;3060;99096;0;296;4;1;29656
1;309;94422;3060;99096;0;296;4;1;28871
1;310;94737;3061;99096;0;296;4;1;64879
1;311;95176;3061;99096;0;296;4;1;35499
1;312;95519;3061;99096;0;296;4;1;1170
1;313;95834;3061;99095;0;296;4;1;37533
1;314;96165;3062;99095;0;296;4;1;55469
1;315;96479;3062;99094;0;296;4;1;23346
1;316;96713;3062;99095;0;296;4;1;27917
1;317;96938;3062;99094;0;296;4;1;63030
1;318;97254;3063;99095;0;296;4;1;3492
1;319;97572;3063;99097;0;296;4;1;59826
1;320;97825;3063;99097;0;296;4;1;26919
1;321;98144;3063;99097;0;296;4;1;30714
1;322;98459;3064;99098;0;296;4;1;14390
1;323;98685;3064;99098;0;296;4;1;38991
1;324;98919;3064;99097;0;296;4;1;35378
1;325;99234;3064;99098;0;296;4;1;24469
1;326;99564;3065;99098;0;296;4;1;40241
1;327;99903;3065;99098;0;296;4;1;42092
1;328;100224;3065;99098;0;296;4;1;33244
1;329;100449;3065;99099;0;296;4;1;23164
1;330;100764;3065;99099;0;296;4;1;65069
1;331;101105;3066;99100;0;296;4;1;48667
1;332;101331;3066;99100;0;296;4;1;12774
1;333;101649;3066;99100;0;296;4;1;34442
1;334;102093;3066;99099;0;296;4;1;26607
1;335;102318;3067;99099;0;297;4;1;35782
1;336;102632;3067;99099;0;297;4;1;20962
1;337;103072;3067;99100;0;296;4;1;45932
1;338;103307;3068;99100;0;296;4;1;10612
1;339;103624;3068;99100;0;296;4;1;54998
1;340;104061;3068;99100;0;297;4;1;34704
1;341;104294;3068;99100;0;297;4;1;22940
1;342;104608;3068;99101;0;297;4;1;24719
1;343;104834;3069;99101;0;297;4;1;19985
1;344;105153;3069;99102;0;297;4;1;15781
1;345;105386;3069;99102;0;297;4;1;47534
1;346;105720;3070;99102;0;297;4;1;11093
1;347;106039;3070;99102;0;297;4;1;51345
1;348;106354;3070;99102;0;297;4;1;29124
1;349;106606;3070;99103;0;297;4;1;45327
1;350;107027;3071;99105;0;297;4;1;58437
1;351;107341;3071;99104;0;297;4;1;51566
1;352;107590;3071;99103;0;297;4;1;39285
1;353;108014;3071;99103;0;297;4;1;42068
1;354;108344;3071;99103;0;297;4;1;25212
1;355;108682;3072;99103;0;297;4;1;11011
1;356;108998;3072;99103;0;297;4;1;1444
1;357;109223;3072;99103;0;297;4;1;26386
1;358;109542;3072;99103;0;297;4;1;54736
1;359;109779;3073;99103;0;297;4;1;22362
1;360;110110;3073;99103;0;297;4;1;57700
1;361;110424;3073;99103;0;297;4;1;36119
1;362;110743;3073;99102;0;297;4;1;252
1;363;110994;3073;99102;0;297;4;1;9645
1;364;111308;3074;99102;0;297;4;1;47875
1;365;111622;3074;99101;0;297;4;1;62341
1;366;111977;3074;99102;0;297;4;1;57571
1;367;112292;3075;99102;0;297;4;1;53156
1;368;112610;3075;99103;0;297;4;1;16381
1;369;112945;3075;99103;0;298;4;1;31013
1;370;113182;3075;99102;0;298;4;1;62109
1;371;113497;3075;99102;0;298;4;1;36364
1;372;113726;3076;99102;0;298;4;1;8236
1;373;114042;3076;99103;0;298;4;1;46546
1;374;114275;3076;99103;0;298;4;1;42604
1;375;114501;3077;99103;0;298;4;1;52090
1;376;114921;3077;99104;0;298;4;1;36241
1;377;115258;3077;99104;0;298;4;1;46284
1;378;115487;3077;99103;0;298;4;1;30196
1;379;115912;3078;99103;0;298;4;1;59506
1;380;116242;3078;99102;0;298;4;1;31380
1;381;116475;3078;99102;0;298;4;1;34679
1;382;116896;3079;99101;0;298;4;1;51683
1;383;117121;3079;99101;0;298;4;1;37688
1;384;117459;3079;99101;0;298;4;1;38351
1;385;117883;3079;99101;0;298;4;1;49265
1;386;118112;3079;99102;0;298;4;1;51864
1;387;118431;3080;99102;0;298;4;1;25129
1;388;118665;3080;99102;0;298;4;1;35935
1;389;118891;3080;99102;0;298;4;1;40346
1;390;119206;3080;99102;0;298;4;1;7112
1;391;119520;3080;99102;0;298;4;1;14290
1;392;119879;3081;99102;0;298;4;1;42639
1;393;120194;3081;99102;0;298;4;1;3026
1;394;120508;3081;99102;0;298;4;1;22208
1;395;120863;3081;99101;0;938;4;1;5007
1;396;121185;3081;99101;0;938;4;1;16111
1;397;121519;3082;99101;0;5419;4;1;7927
1;398;121858;3082;99100;0;5419;4;1;27765
1;399;122173;3082;99101;0;5419;4;1;5562
1;400;122399;3082;99101;0;298;4;1;330
1;401;122819;3083;99101;0;298;4;1;24711
1;402;123052;3083;99101;0;298;4;1;48955
1;403;123277;3083;99101;0;298;4;1;58848
1;404;123591;3083;99101;0;298;4;1;59746
1;405;123911;3084;99102;0;298;4;1;52536
1;406;124164;3084;99102;0;298;4;1;9786
1;407;124479;3084;99102;0;298;4;1;33885
1;408;124795;3084;99101;0;298;4;1;50478
1;409;125020;3084;99101;0;298;4;1;11399
1;410;125257;3085;99102;0;298;4;1;34385
1;411;125572;3085;99103;0;298;4;1;13372
1;412;125907;3085;99102;0;298;4;1;27365
1;413;126248;3085;99102;0;298;4;1;26744
1;414;126563;3086;99102;0;298;4;1;62370
1;415;126789;3086;99102;0;298;4;1;56279
1;416;127107;3086;99102;0;298;4;1;37185
1;417;127340;3086;99102;0;298;4;1;42698
1;418;127776;3086;99102;0;298;4;1;10303
1;419;128091;3086;99102;0;298;4;1;29326
1;420;128428;3087;99102;0;298;4;1;32119
1;421;128765;3087;99102;0;298;4;1;15810
1;422;129080;3087;99103;0;298;4;1;40403
1;423;129413;3087;99102;0;298;4;1;13776
1;424;129752;3088;99102;0;298;4;1;4645
1;425;130071;3088;99102;0;298;4;1;28979
1;426;130297;3088;99103;0;298;4;1;35368
1;427;130740;3088;99102;0;298;4;1;24681
1;428;131055;3089;99101;0;298;4;1;8184
1;429;131280;3089;99102;0;299;4;1;49033
1;430;131727;3089;99102;0;299;4;1;7771
1;431;132058;3089;99102;0;299;4;1;23823
1;432;132372;3089;99102;0;299;4;1;27288
1;433;132691;3090;99102;0;299;4;1;39365
1;434;132946;3090;99102;0;299;4;1;21251
1;435;133260;3090;99102;0;299;4;1;34647
1;436;133684;3090;99101;0;299;4;1;53440
1;437;133933;3090;99101;0;299;4;1;12040
1;438;134252;3091;99102;0;299;4;1;24808
1;439;134687;3091;99103;0;299;4;1;19958
1;440;135025;3091;99103;0;299;4;1;61097
1;441;135340;3091;99103;0;299;4;1;10449
1;442;135671;3092;99104;0;299;4;1;40122
1;443;135989;3092;99104;0;299;4;1;43780
1;444;136222;3092;99104;0;299;4;1;29616
1;445;136447;3092;99104;0;299;4;1;2371
1;446;136767;3092;99104;0;299;4;1;45862
1;447;137082;3093;99104;0;299;4;1;43792
1;448;137330;3093;99104;0;299;4;1;28328
1;449;137650;3093;99104;0;299;4;1;37023
1;450;137965;3093;99104;0;299;4;1;39273
1;451;138191;3094;99104;0;299;4;1;15665
1;452;138427;3094;99104;0;299;4;1;30270
1;453;138747;3094;99104;0;299;4;1;30721
1;454;139078;3094;99103;0;299;4;1;14445
1;455;139419;3094;99103;0;299;4;1;47105
1;456;139735;3095;99103;0;299;4;1;17403
1;457;139960;3095;99104;0;299;4;1;45157
1;458;140274;3095;99104;0;299;4;1;46225
1;459;140614;3095;99104;0;299;4;1;15286
1;460;140840;3095;99104;0;300;4;1;12138
1;461;141155;3096;99104;0;300;4;1;22065
1;462;141605;3096;99103;0;300;4;1;39731
1;463;141835;3096;99103;0;300;4;1;29759
1;464;142149;3096;99104;0;300;4;1;44875
1;465;142585;3097;99104;0;300;4;1;19003
1;466;142819;3097;99104;0;300;4;1;10442
1;467;143133;3097;99104;0;300;4;1;63983
1;468;143569;3097;99103;0;300;4;1;41216
1;469;143803;3097;99103;0;300;4;1;13801
1;470;144117;3098;99104;0;300;4;1;35117
1;471;144346;3098;99104;0;300;4;1;13994
1;472;144666;3098;99104;0;300;4;1;54332
1;473;144899;3098;99104;0;300;4;1;27549
1;474;145233;3098;99103;0;300;4;1;33292
1;475;145552;3098;99103;0;300;4;1;48615
1;476;145867;3098;99103;0;300;4;1;65519
1;477;146116;3098;99103;0;300;4;1;15363
1;478;146536;3099;99103;0;300;4;1;49993
1;479;146851;3099;99103;0;300;4;1;35656
1;480;147100;3099;99103;0;300;4;1;20094
1;481;147528;3099;99103;0;300;4;1;32236
1;482;147859;3099;99103;0;300;4;1;34803
1;483;148196;3100;99103;0;300;4;1;21248
1;484;148512;3100;99104;0;300;4;1;5716
1;485;148738;3100;99104;0;300;4;1;32169
1;486;149053;3100;99104;0;300;4;1;12377
1;487;149290;3101;99104;0;300;4;1;28590
1;488;149621;3101;99104;0;940;4;1;57494
1;489;149939;3101;99104;0;940;4;1;31981
1;490;150258;3101;99103;0;940;4;1;64050
1;491;150507;3101;99104;0;300;4;1;48694
1;492;150822;3101;99103;0;300;4;1;27792
1;493;151136;3102;99103;0;300;4;1;36655
1;494;151490;3102;99104;0;300;4;1;52401
1;495;151805;3102;99103;0;300;4;1;60279
1;496;152120;3102;99103;0;300;4;1;59908
1;497;152457;3102;99103;0;300;4;1;24278
1;498;152690;3103;99104;0;300;4;1;26983
1;499;153006;3103;99104;0;300;4;1;19913
1;500;153239;3103;99103;0;300;4;1;24094
1;501;153554;3103;99103;0;300;4;1;843
1;502;153788;3103;99103;0;300;4;1;43275
1;503;154013;3103;99102;0;300;4;1;11161
1;504;154433;3104;99103;0;300;4;1;45443
1;505;154772;3104;99102;0;300;4;1;6701
1;506;155001;3104;99102;0;300;4;1;41085
1;507;155421;3104;99102;0;300;4;1;14725
1;508;155751;3105;99102;0;300;4;1;42542
1;509;155985;3105;99102;0;300;4;1;36954
1;510;156409;3105;99102;0;300;4;1;16653
1;511;156634;3105;99102;0;300;4;1;14866
1;512;156972;3106;99102;0;300;4;1;21574
1;513;157396;3106;99102;0;300;4;1;20235
1;514;157626;3106;99102;0;310;4;1;30337
1;515;157941;3106;99102;0;310;4;1;23614
1;516;158174;3107;99103;0;310;4;1;55579
1;517;158403;3107;99103;0;300;4;1;26566
1;518;158718;3107;99103;0;300;4;1;19355
1;519;159033;3107;99103;0;300;4;1;44957
1;520;159390;3107;99103;0;300;4;1;21333
1;521;159705;3108;99103;0;300;4;1;58828
1;522;160020;3108;99103;0;300;4;1;14734
1;523;160378;3108;99103;0;301;4;1;1239
1;524;160693;3108;99103;0;301;4;1;60254
1;525;161023;3109;99103;0;301;4;1;50797
1;526;161365;3109;99103;0;301;4;1;40666
1;527;161680;3109;99103;0;301;4;1;13191
1;528;161910;3109;99103;0;301;4;1;1699
1;529;162329;3110;99103;0;301;4;1;59080
1;530;162563;3110;99103;0;301;4;1;33849
1;531;162789;3110;99103;0;301;4;1;35940
1;532;163107;3110;99104;0;301;4;1;59636
1;533;163423;3110;99104;0;301;4;1;16441
1;534;163671;3110;99104;0;301;4;1;7437
1;535;163987;3110;99104;0;301;4;1;37067
1;536;164302;3111;99104;0;301;4;1;26066
1;537;164528;3111;99104;0;941;4;1;9059
1;538;164765;3111;99104;0;941;4;1;4415
1;539;165084;3111;99104;0;941;4;1;53081
1;540;165420;3111;99103;0;301;4;1;42220
1;541;165758;3111;99103;0;301;4;1;38166
1;542;166073;3112;99103;0;301;4;1;42492
1;543;166299;3112;99104;0;301;4;1;47733
1;544;166613;3112;99104;0;301;4;1;13734
1;545;166847;3112;99104;0;301;4;1;41295
1;546;167283;3112;99104;0;301;4;1;24416
1;547;167597;3113;99104;0;301;4;1;24320
1;548;167939;3113;99104;0;301;4;1;48765
1;549;168276;3113;99103;0;301;4;1;43161
1;550;168591;3113;99103;0;301;4;1;4847
1;551;168925;3114;99103;0;301;4;1;60592
1;552;169272;3114;99103;0;301;4;1;24910
1;553;169587;3114;99103;0;301;4;1;39214
1;554;169813;3114;99103;0;301;4;1;7492
1;555;170256;3114;99103;0;301;4;1;14603
1;556;170571;3114;99103;0;301;4;1;15210
1;557;170804;3115;99103;0;1581;4;1;63142
1;558;171250;3115;99103;0;1581;4;1;1657
1;559;171580;3115;99103;0;301;4;1;42098
1;560;171895;3115;99104;0;301;4;1;11372
1;561;172210;3116;99105;0;301;4;1;10064
1;562;172459;3116;99105;0;301;4;1;29831
1;563;172774;3116;99105;0;301;4;1;61099
1;564;173198;3116;99105;0;301;4;1;55065
1;565;173451;3116;99104;0;301;4;1;10753
1;566;173770;3117;99104;0;301;4;1;40393
1;567;174205;3117;99104;0;301;4;1;12877
1;568;174542;3117;99104;0;301;4;1;54117
1;569;174858;3117;99104;0;301;4;1;34455
1;570;175189;3117;99104;0;301;4;1;4019
1;571;175503;3118;99103;0;301;4;1;62080
1;572;175737;3118;99103;0;301;4;1;59537
1;573;175962;3118;99103;0;301;4;1;37774
1;574;176281;3118;99103;0;301;4;1;692
1;575;176595;3118;99103;0;301;4;1;43615
1;576;176850;3118;99103;0;301;4;1;26946
1;577;177169;3118;99103;0;301;4;1;52940
1;578;177484;3119;99103;0;301;4;1;58356
1;579;177710;3119;99103;0;301;4;1;45156
1;580;177944;3119;99102;0;301;4;1;47705
1;581;178263;3119;99103;0;301;4;1;18607
1;582;178597;3119;99104;0;301;4;1;27956
1;583;178935;3119;99103;0;301;4;1;26835
1;584;179250;3120;99104;0;301;4;1;31421
1;585;179475;3120;99104;0;301;4;1;8294
1;586;179794;3120;99104;0;301;4;1;53965
1;587;180133;3120;99104;0;301;4;1;31831
1;588;180358;3120;99105;0;301;4;1;777
1;589;180673;3120;99104;0;301;4;1;42961
1;590;181123;3121;99104;0;301;4;1;35099
1;591;181348;3121;99103;0;302;4;1;25501
1;592;181663;3121;99103;0;302;4;1;19964
1;593;182099;3121;99103;0;301;4;1;29132
1;594;182332;3121;99103;0;301;4;1;52078
1;595;182650;3121;99103;0;301;4;1;42781
1;596;183087;3122;99103;0;302;4;1;51571
1;597;183320;3122;99103;0;302;4;1;12126
1;598;183634;3122;99103;0;302;4;1;11178
1;599;183864;3122;99102;0;302;4;1;10083
1;600;184183;3123;99104;0;302;4;1;16770
1;601;184417;3123;99103;0;302;4;1;52660
1;602;184747;3123;99104;0;302;4;1;19772
1;603;185067;3123;99104;0;302;4;1;874
1;604;185382;3123;99104;0;302;4;1;42424
1;605;185637;3123;99104;0;302;4;1;58021
1;606;186057;3124;99105;0;302;4;1;6719
1;607;186376;3124;99104;0;302;4;1;21945
1;608;186643;3124;99104;0;302;4;1;44908
1;609;187063;3124;99104;0;302;4;1;5820
1;610;187393;3125;99104;0;302;4;1;20771
1;611;188046;3125;99104;0;302;4;1;51939
1;612;188272;3125;99103;0;302;4;1;25599
1;613;188590;3125;99103;0;302;4;1;53941
1;614;189034;3126;99103;0;302;4;1;58621
1;615;189263;3126;99104;0;302;4;1;35290
1;616;189581;3126;99105;0;302;4;1;15077
1;617;190017;3126;99105;0;302;4;1;59399
1;618;190251;3126;99105;0;302;4;1;53489
1;619;190565;3127;99105;0;302;4;1;45007
1;620;191005;3127;99104;0;302;4;1;53479
1;621;191239;3127;99104;0;302;4;1;7689
1;622;191557;3127;99103;0;302;4;1;10530
1;623;191782;3127;99103;0;302;4;1;10809
1;624;192102;3128;99104;0;302;4;1;38186
1;625;192335;3128;99104;0;302;4;1;18657
1;626;192665;3128;99104;0;302;4;1;38064
1;627;192981;3129;99104;0;302;4;1;7028
1;628;193295;3129;99104;0;302;4;1;20955
1;629;193547;3129;99104;0;303;4;1;3714
1;630;193967;3129;99105;0;303;4;1;33645
1;631;194282;3129;99105;0;303;4;1;40529
1;632;194534;3130;99105;0;303;4;1;38761
1;633;194958;3130;99104;0;303;4;1;33559
1;634;195288;3130;99104;0;303;4;1;7443
1;635;195626;3130;99104;0;303;4;1;34940
1;636;195942;3130;99104;0;303;4;1;42715
1;637;196167;3130;99104;0;303;4;1;48233
1;638;196482;3131;99104;0;303;4;1;63560
1;639;196716;3131;99105;0;303;4;1;39405
1;640;197051;3131;99105;0;303;4;1;31761
1;641;197373;3131;99105;0;303;4;1;20491
1;642;197688;3131;99105;0;303;4;1;14806
1;643;197941;3131;99104;0;303;4;1;17374
1;644;198255;3131;99104;0;303;4;1;20829
1;645;198569;3131;99103;0;303;4;1;47442
1;646;198924;3131;99103;0;303;4;1;34060
1;647;199239;3132;99104;0;303;4;1;49936
1;648;199553;3132;99104;0;303;4;1;11093
1;649;199889;3132;99103;0;303;4;1;36772
1;650;200122;3132;99103;0;303;4;1;42928
1;651;200441;3132;99103;0;303;4;1;55488
1;652;200667;3133;99103;0;1583;4;1;17267
1;653;200983;3133;99102;0;1583;4;1;64389
1;654;201219;3133;99102;0;1583;4;1;15425
1;655;201444;3133;99102;0;303;4;1;30163
1;656;201864;3133;99103;0;303;4;1;30659
1;657;202203;3133;99102;0;303;4;1;36498
1;658;202432;3133;99103;0;303;4;1;25761
1;659;202853;3133;99103;0;303;4;1;62688
1;660;203182;3133;99103;0;303;4;1;22753
1;661;203420;3134;99103;0;303;4;1;41681
1;662;203844;3134;99101;0;303;4;1;41412
1;663;204070;3134;99101;0;303;4;1;45629
1;664;204407;3134;99101;0;303;4;1;34486
1;665;204828;3134;99100;0;303;4;1;50928
1;666;205058;3134;99100;0;303;4;1;59273
1;667;205375;3135;99101;0;303;4;1;47752
1;668;205609;3135;99100;0;303;4;1;36023
1;669;205835;3135;99100;0;303;4;1;10225
1;670;206150;3135;99101;0;303;4;1;35298
1;671;206468;3135;99100;0;303;4;1;52785
1;672;206823;3136;99100;0;303;4;1;18861
1;673;207138;3136;99099;0;303;4;1;46167
1;674;207452;3136;99099;0;303;4;1;37185
1;675;207809;3136;99099;0;303;4;1;56585
1;676;208124;3136;99100;0;303;4;1;20557
1;677;208453;3137;99101;0;303;4;1;5864
1;678;208792;3137;99101;0;303;4;1;36539
1;679;209107;3137;99101;0;303;4;1;50310
1;680;209340;3137;99101;0;303;4;1;30523
1;681;209760;3137;99101;0;303;4;1;48088
1;682;209995;3137;99100;0;303;4;1;62266
1;683;210220;3138;99101;0;303;4;1;42053
1;684;210537;3138;99101;0;303;4;1;23929
1;685;210857;3139;99102;0;303;4;1;40663
1;686;211106;3139;99102;0;303;4;1;9211
1;687;211420;3139;99102;0;303;4;1;60059
1;688;211736;3139;99102;0;303;4;1;64266
1;689;211962;3139;99103;0;303;4;1;26774
1;690;212199;3139;99103;0;303;4;1;47218
1;691;212514;3140;99103;0;303;4;1;14186
1;692;212849;3140;99103;0;303;4;1;62066
1;693;213190;3140;99103;0;303;4;1;7396
1;694;213505;3140;99102;0;303;4;1;3174
1;695;213731;3140;99101;0;303;4;1;16201
1;696;214046;3140;99101;0;303;4;1;11174
1;697;214279;3140;99101;0;303;4;1;54382
1;698;214715;3141;99102;0;303;4;1;25897
1;699;215033;3141;99102;0;303;4;1;19154
1;700;215371;3141;99102;0;303;4;1;21052
1;701;215706;3141;99103;0;303;4;1;15048
1;702;216021;3141;99103;0;303;4;1;27990
1;703;216350;3142;99103;0;304;4;1;58318
1;704;216693;3142;99102;0;304;4;1;6728
1;705;217012;3142;99102;0;304;4;1;62621
1;706;217238;3142;99102;0;304;4;1;49483
1;707;217682;3142;99101;0;304;4;1;60483
1;708;218001;3143;99101;0;304;4;1;33329
1;709;218230;3143;99101;0;304;4;1;61969
1;710;218675;3143;99101;0;304;4;1;60182
1;711;219006;3143;99101;0;304;4;1;12627
1;712;219320;3143;99101;0;304;4;1;2088
1;713;219636;3143;99102;0;304;4;1;47733
1;714;219885;3144;99102;0;304;4;1;26777
1;715;220200;3144;99103;0;304;4;1;29970
1;716;220620;3144;99102;0;304;4;1;51430
1;717;220876;3144;99102;0;304;4;1;65204
1;718;221194;3144;99102;0;304;4;1;53972
1;719;221629;3144;99101;0;10544;4;1;52797
1;720;221967;3145;99102;0;10544;4;1;55934
1;721;222282;3145;99102;0;10544;4;1;18320
1;722;222613;3145;99101;0;304;4;1;13424
1;723;222928;3145;99102;0;304;4;1;20918
1;724;223161;3145;99101;0;304;4;1;26755
1;725;223386;3146;99102;0;304;4;1;30205
1;726;223710;3146;99102;0;304;4;1;37973
1;727;224028;3146;99102;0;304;4;1;41963
1;728;224278;3147;99102;0;304;4;1;33506
1;729;224593;3147;99102;0;304;4;1;65139
1;730;224909;3147;99102;0;304;4;1;13995
1;731;225138;3147;99102;0;304;4;1;7969
1;732;225372;3147;99102;0;304;4;1;42608
1;733;225687;3148;99102;0;304;4;1;9337
1;734;226022;3148;99101;0;304;4;1;35883
1;735;226359;3148;99101;0;304;4;1;5216
1;736;226679;3148;99101;0;304;4;1;16006
1;737;226904;3148;99101;0;304;4;1;49512
1;738;227218;3148;99100;0;304;4;1;60893
1;739;227557;3148;99100;0;304;4;1;25201
1;740;227783;3148;99100;0;304;4;1;60812
1;741;228098;3148;99099;0;304;4;1;33057
1;742;228543;3148;99100;0;304;4;1;46194
1;743;228769;3148;99100;0;304;4;1;14612
1;744;229087;3148;99099;0;304;4;1;60830
1;745;229527;3149;99100;0;305;4;1;14947
1;746;229764;3149;99100;0;305;4;1;53088
1;747;230079;3149;99100;0;305;4;1;27911
1;748;230514;3149;99100;0;305;4;1;52181
1;749;230748;3149;99100;0;305;4;1;25776
1;750;231063;3149;99100;0;305;4;1;49351
1;751;231292;3150;99100;0;305;4;1;31585
1;752;231607;3150;99100;0;305;4;1;42557
1;753;231842;3150;99100;0;305;4;1;40301
1;754;232171;3150;99099;0;305;4;1;49515
1;755;232490;3150;99099;0;305;4;1;18209
1;756;232806;3151;99100;0;305;4;1;1368
1;757;233057;3151;99101;0;305;4;1;39405
1;758;233477;3151;99101;0;305;4;1;7767
1;759;233796;3151;99101;0;305;4;1;138
1;760;234045;3151;99101;0;305;4;1;36627
1;761;234464;3151;99100;0;305;4;1;25366
1;762;234795;3151;99100;0;305;4;1;61335
1;763;235132;3151;99099;0;305;4;1;58579
1;764;235452;3152;99100;0;305;4;1;191
1;765;235677;3152;99100;0;305;4;1;35674
1;766;235993;3152;99101;0;305;4;1;45755
1;767;236226;3152;99102;0;305;4;1;21540
1;768;236563;3152;99101;0;305;4;1;13248
1;769;236878;3153;99101;0;305;4;1;45799
1;770;237197;3153;99100;0;305;4;1;18889
1;771;237446;3153;99100;0;305;4;1;35268
1;772;237761;3153;99100;0;305;4;1;42357
1;773;238075;3153;99101;0;305;4;1;36816
1;774;238433;3153;99101;0;305;4;1;62820
1;775;238748;3153;99101;0;305;4;1;15761
1;776;239063;3153;99101;0;305;4;1;61862
1;777;239397;3154;99101;0;305;4;1;11198
1;778;239632;3154;99101;0;305;4;1;20941
1;779;239948;3154;99101;0;305;4;1;34155
1;780;240173;3154;99100;0;305;4;1;56212
1;781;240488;3154;99101;0;305;4;1;24200
1;782;240725;3154;99101;0;305;4;1;45678
1;783;240950;3154;99100;0;305;4;1;26940
1;784;241373;3154;99101;0;305;4;1;49532
1;785;241715;3155;99101;0;305;4;1;63846
1;786;241941;3155;99102;0;305;4;1;1526
1;787;242361;3155;99102;0;305;4;1;15158
1;788;242691;3155;99102;0;305;4;1;46413
1;789;242925;3155;99101;0;305;4;1;17146
1;790;243349;3155;99101;0;305;4;1;44420
1;791;243575;3155;99101;0;305;4;1;20085
1;792;243913;3156;99102;0;305;4;1;6379
1;793;244341;3156;99102;0;305;4;1;36878
1;794;244566;3156;99102;0;305;4;1;18190
1;795;244885;3156;99103;0;305;4;1;37101
1;796;245118;3157;99103;0;305;4;1;17805
1;797;245344;3157;99103;0;305;4;1;34946
1;798;245659;3157;99103;0;305;4;1;20127
1;799;245974;3157;99103;0;305;4;1;44242
1;800;246328;3157;99103;0;305;4;1;18223
1;801;246643;3157;99103;0;305;4;1;65318
1;802;246963;3157;99103;0;305;4;1;28085
1;803;247319;3157;99102;0;305;4;1;41992
1;804;247634;3157;99102;0;305;4;1;7517
1;805;247965;3158;99101;0;305;4;1;28853
1;806;248303;3158;99102;0;305;4;1;43432
1;807;248618;3158;99101;0;305;4;1;37954
1;808;248848;3158;99102;0;305;4;1;43729
1;809;249272;3158;99101;0;305;4;1;61194
1;810;249509;3159;99102;0;305;4;1;33445
1;811;249734;3159;99103;0;305;4;1;8691
1;812;250049;3159;99104;0;305;4;1;16162
1;813;250370;3159;99104;0;305;4;1;6270
1;814;250619;3159;99104;0;305;4;1;22403
1;815;250935;3159;99104;0;305;4;1;1459
1;816;251250;3159;99104;0;305;4;1;7301
1;817;251475;3159;99104;0;305;4;1;1591
1;818;251709;3159;99104;0;305;4;1;32073
1;819;252028;3160;99104;0;305;4;1;29688
1;820;252359;3160;99104;0;306;4;1;27436
1;821;252700;3160;99104;0;306;4;1;54625
1;822;253019;3160;99104;0;306;4;1;50516
1;823;253245;3160;99104;0;305;4;1;31735
1;824;253559;3160;99104;0;305;4;1;59211
1;825;253794;3161;99105;0;305;4;1;16689
1;826;254230;3161;99105;0;305;4;1;40606
1;827;254544;3161;99105;0;305;4;1;45700
1;828;254886;3161;99105;0;305;4;1;59644
1;829;255217;3162;99105;0;306;4;1;27552
1;830;255531;3162;99105;0;306;4;1;26896
1;831;255862;3162;99104;0;306;4;1;29981
1;832;256208;3162;99104;0;306;4;1;39411
1;833;256523;3163;99104;0;306;4;1;25309
1;834;256755;3163;99104;0;306;4;1;15810
1;835;257205;3163;99105;0;306;4;1;57703
1;836;257524;3163;99105;0;306;4;1;7098
1;837;257750;3163;99105;0;306;4;1;12334
1;838;258193;3163;99104;0;306;4;1;25337
1;839;258523;3163;99104;0;306;4;1;51730
1;840;258841;3163;99103;0;306;4;1;64998
1;841;259157;3164;99104;0;306;4;1;18822
1;842;259406;3164;99103;0;306;4;1;20449
1;843;259721;3164;99104;0;306;4;1;63333
1;844;260144;3164;99104;0;306;4;1;22973
1;845;260393;3164;99103;0;306;4;1;53761
1;846;260708;3164;99104;0;306;4;1;36934
1;847;261147;3165;99103;0;306;4;1;4172
1;848;261486;3165;99104;0;306;4;1;24333
1;849;261805;3165;99104;0;306;4;1;53365
1;850;262140;3165;99103;0;306;4;1;2242
1;851;262454;3165;99102;0;306;4;1;26786
1;852;262691;3165;99102;0;306;4;1;63387
1;853;262917;3165;99102;0;306;4;1;57326
1;854;263232;3165;99102;0;306;4;1;60959
1;855;263546;3165;99102;0;306;4;1;7411
1;856;263796;3165;99101;0;306;4;1;49977
1;857;264111;3165;99102;0;306;4;1;60867
1;858;264426;3166;99102;0;306;4;1;530
1;859;264656;3166;99103;0;20786;4;1;23948
1;860;264892;3166;99103;0;20786;4;1;3904
1;861;265211;3166;99103;0;20786;4;1;29649
1;862;265541;3166;99103;0;306;4;1;33542
1;863;265880;3166;99103;0;306;4;1;63267
1;864;266195;3167;99103;0;306;4;1;11920
1;865;266420;3167;99103;0;306;4;1;39991
1;866;266735;3167;99103;0;306;4;1;38432
1;867;267074;3167;99103;0;306;4;1;4134
1;868;267299;3167;99103;0;306;4;1;5698
1;869;267618;3167;99102;0;306;4;1;53462
1;870;268066;3167;99102;0;306;4;1;39611
1;871;268292;3167;99103;0;306;4;1;48057
1;872;268610;3168;99103;0;306;4;1;22906
1;873;269050;3168;99103;0;306;4;1;14899
1;874;269283;3168;99103;0;306;4;1;27108
1;875;269598;3168;99104;0;306;4;1;32065
1;876;270034;3168;99104;0;306;4;1;58247
1;877;270267;3169;99104;0;306;4;1;811
1;878;270589;3168;99104;0;306;4;1;12804
1;879;270815;3169;99104;0;306;4;1;7322
1;880;271131;3169;99104;0;306;4;1;3339
1;881;271364;3169;99104;0;306;4;1;20532
1;882;271694;3169;99104;0;306;4;1;21696
1;883;272010;3169;99104;0;306;4;1;43286
1;884;272324;3169;99104;0;306;4;1;42613
1;885;272576;3169;99104;0;306;4;1;17144
1;886;273000;3170;99104;0;306;4;1;62510
1;887;273314;3170;99104;0;306;4;1;44237
1;888;273565;3170;99104;0;306;4;1;47566
1;889;273986;3170;99104;0;306;4;1;17419
1;890;274316;3170;99104;0;306;4;1;62335
1;891;274653;3170;99105;0;306;4;1;55774
1;892;274973;3171;99105;0;306;4;1;28359
1;893;275199;3171;99105;0;306;4;1;9490
1;894;275514;3171;99105;0;306;4;1;19663
1;895;275751;3171;99105;0;306;4;1;61583
1;896;276082;3171;99105;0;306;4;1;34006
1;897;276400;3172;99104;0;306;4;1;18788
1;898;276719;3172;99105;0;306;4;1;2444
1;899;276969;3172;99104;0;306;4;1;50610
1;900;277283;3172;99104;0;306;4;1;37148
1;901;277597;3172;99104;0;306;4;1;39111
1;902;277952;3172;99104;0;306;4;1;30864
1;903;278270;3172;99104;0;306;4;1;35229
1;904;278585;3173;99104;0;306;4;1;42101
1;905;278916;3173;99104;0;10546;4;1;26290
1;906;279150;3173;99105;0;10546;4;1;13932
1;907;279468;3173;99104;0;10546;4;1;12758
1;908;279694;3173;99104;0;306;4;1;52253
1;909;280010;3173;99104;0;306;4;1;33194
1;910;280243;3173;99104;0;306;4;1;54802
1;911;280472;3173;99104;0;306;4;1;10781
1;912;280896;3174;99103;0;306;4;1;52115
1;913;281236;3174;99103;0;306;4;1;10308
1;914;281461;3174;99104;0;307;4;1;34985
1;915;281886;3174;99104;0;307;4;1;25661
1;916;282215;3174;99103;0;307;4;1;4078
1;917;282449;3174;99104;0;307;4;1;19950
1;918;282870;3175;99104;0;307;4;1;40505
1;919;283095;3175;99104;0;307;4;1;50402
1;920;283434;3175;99103;0;307;4;1;9387
1;921;283858;3175;99103;0;307;4;1;48948
1;922;284084;3175;99102;0;307;4;1;39699
1;923;284402;3175;99100;0;307;4;1;6074
1;924;284635;3175;99100;0;307;4;1;11889
1;925;284862;3175;99100;0;307;4;1;40472
1;926;285180;3175;99100;0;307;4;1;7676
1;927;285494;3175;99100;0;307;4;1;44370
1;928;285849;3176;99101;0;307;4;1;8100
1;929;286168;3176;99101;0;307;4;1;377
1;930;286482;3176;99101;0;307;4;1;7624
1;931;286837;3176;99100;0;307;4;1;12594
1;932;287152;3176;99101;0;307;4;1;40998
1;933;287481;3176;99102;0;307;4;1;376
1;934;287825;3177;99102;0;307;4;1;48570
1;935;288140;3177;99102;0;307;4;1;35318
1;936;288369;3177;99102;0;307;4;1;46575
1;937;288795;3177;99103;0;307;4;1;32853
1;938;289029;3177;99105;0;307;4;1;3345
1;939;289254;3177;99106;0;307;4;1;11996
1;940;289568;3178;99106;0;307;4;1;29007
1;941;289884;3178;99106;0;307;4;1;22864
1;942;290133;3178;99106;0;307;4;1;5254
1;943;290451;3178;99106;0;307;4;1;51348
1;944;290767;3178;99105;0;307;4;1;8363
1;945;290993;3178;99105;0;307;4;1;7167
1;946;291231;3178;99105;0;307;4;1;6277
1;947;291546;3178;99105;0;307;4;1;1465
1;948;291878;3178;99105;0;307;4;1;37258
1;949;292219;3179;99105;0;307;4;1;4269
1;950;292534;3179;99104;0;307;4;1;3807
1;951;292760;3179;99105;0;307;4;1;31219
1;952;293078;3179;99105;0;307;4;1;14224
1;953;293311;3179;99105;0;307;4;1;37471
1;954;293747;3179;99104;0;307;4;1;13547
1;955;294066;3179;99104;0;307;4;1;6789
1;956;294403;3179;99105;0;307;4;1;31315
1;957;294738;3180;99106;0;307;4;1;51325
1;958;295053;3180;99106;0;307;4;1;16787
1;959;295383;3180;99105;0;308;4;1;59479
1;960;295726;3180;99105;0;308;4;1;44657
1;961;296041;3180;99105;0;308;4;1;4699
1;962;296270;3180;99105;0;307;4;1;57607
1;963;296717;3180;99105;0;307;4;1;13907
1;964;297032;3181;99106;0;307;4;1;25505
1;965;297258;3181;99106;0;308;4;1;6028
1;966;297702;3181;99106;0;308;4;1;49493
1;967;298033;3181;99107;0;308;4;1;58139
1;968;298351;3181;99107;0;308;4;1;25159
1;969;298666;3181;99107;0;308;4;1;36723
1;970;298916;3181;99107;0;308;4;1;45067
1;971;299234;3182;99107;0;308;4;1;57833
1;972;299654;3182;99107;0;308;4;1;39953
1;973;299904;3182;99107;0;308;4;1;34918
1;974;300218;3182;99107;0;308;4;1;5678
1;975;300657;3182;99106;0;308;4;1;28203
1;976;300999;3182;99106;0;308;4;1;60468
1;977;301314;3183;99106;0;308;4;1;32016
1;978;301649;3183;99106;0;308;4;1;45182
1;979;301967;3183;99105;0;308;4;1;52718
1;980;302200;3183;99105;0;308;4;1;18383
1;981;302426;3183;99105;0;308;4;1;11314
1;982;302741;3183;99105;0;308;4;1;52173
1;983;303056;3183;99105;0;308;4;1;38552
1;984;303305;3183;99106;0;308;4;1;53684
1;985;303624;3184;99106;0;308;4;1;202
1;986;303939;3183;99106;0;308;4;1;49978
1;987;304165;3184;99105;0;308;4;1;64748
1;988;304405;3184;99106;0;308;4;1;13358
1;989;304720;3184;99106;0;308;4;1;10514
1;990;305051;3184;99106;0;308;4;1;52492
1;991;305390;3185;99106;0;308;4;1;9735
1;992;305705;3185;99106;0;308;4;1;26122
1;993;305931;3185;99105;0;308;4;1;29965
1;994;306249;3185;99105;0;308;4;1;13906
1;995;306588;3185;99105;0;308;4;1;34062
1;996;306814;3185;99105;0;308;4;1;49814
1;997;307133;3185;99105;0;308;4;1;3463
1;998;307579;3185;99106;0;308;4;1;7945
1;999;307805;3185;99105;0;308;4;1;4079
1;1000;308119;3186;99106;0;308;4;1;37997
1;1001;308558;3186;99105;0;308;4;1;62412
1;1002;308903;3186;99105;0;308;4;1;19069
1;1003;309222;3186;99105;0;308;4;1;21664
1;1004;309553;3186;99105;0;308;4;1;23330
1;1005;309873;3186;99105;0;308;4;1;5492
1;1006;310108;3186;99106;0;308;4;1;24530
1;1007;310333;3186;99106;0;308;4;1;48566
1;1008;310648;3186;99106;0;308;4;1;42112
1;1009;310964;3186;99106;0;308;4;1;56902
1;1010;311216;3186;99106;0;308;4;1;18410
1;1011;311531;3187;99107;0;308;4;1;17600
1;1012;311847;3187;99107;0;308;4;1;29218
1;1013;312080;3187;99107;0;308;4;1;21684
1;1014;312316;3187;99107;0;308;4;1;22050
1;1015;312636;3187;99106;0;308;4;1;6339
1;1016;312967;3187;99105;0;308;4;1;18024
1;1017;313306;3187;99105;0;308;4;1;33324
1;1018;313622;3188;99105;0;308;4;1;42894
1;1019;313848;3188;99106;0;308;4;1;20537
1;1020;314162;3188;99106;0;308;4;1;1175
1;1021;314507;3188;99106;0;308;4;1;63470
1;1022;314737;3188;99107;0;308;4;1;63832
1;1023;315056;3189;99107;0;308;4;1;4743
1;1024;315501;3189;99107;0;308;4;1;64362
1;1025;315727;3189;99107;0;308;4;1;37015
1;1026;316046;3189;99108;0;308;4;1;48009
1;1027;316481;3189;99108;0;308;4;1;55455
1;1028;316718;3189;99107;0;308;4;1;53921
1;1029;317033;3189;99107;0;308;4;1;61017
1;1030;317472;3190;99108;0;308;4;1;17545
1;1031;317712;3190;99108;0;308;4;1;4273
1;1032;318027;3190;99107;0;308;4;1;43859
1;1033;318252;3190;99108;0;308;4;1;49789
1;1034;318568;3190;99107;0;308;4;1;51923
1;1035;318803;3190;99107;0;308;4;1;10461
1;1036;319133;3190;99107;0;308;4;1;38879
1;1037;319449;3190;99107;0;308;4;1;55912
1;1038;319764;3191;99107;0;308;4;1;1373
1;1039;320022;3191;99107;0;308;4;1;4811
1;1040;320446;3191;99107;0;308;4;1;27529
1;1041;320761;3191;99107;0;308;4;1;55203
1;1042;321012;3191;99108;0;308;4;1;61504
1;1043;321435;3191;99107;0;308;4;1;63027
1;1044;321766;3191;99107;0;10548;4;1;35270
1;1045;322106;3192;99107;0;10548;4;1;33911
1;1046;322422;3192;99108;0;10548;4;1;52082
1;1047;322651;3192;99108;0;308;4;1;9991
1;1048;322971;3192;99108;0;308;4;1;44302
1;1049;323206;3192;99107;0;308;4;1;30874
1;1050;323537;3192;99107;0;308;4;1;46613
1;1051;323857;3192;99108;0;308;4;1;15247
1;1052;324172;3192;99107;0;308;4;1;29215
1;1053;324423;3192;99107;0;308;4;1;45586
1;1054;324738;3193;99107;0;308;4;1;13960
1;1055;325053;3193;99107;0;308;4;1;38670
1;1056;325412;3193;99107;0;309;4;1;65035
1;1057;325731;3193;99107;0;309;4;1;21412
1;1058;326045;3193;99107;0;309;4;1;50899
1;1059;326376;3193;99108;0;309;4;1;53329
1;1060;326612;3193;99108;0;309;4;1;42225
1;1061;326928;3193;99107;0;309;4;1;22636
1;1062;327153;3194;99108;0;308;4;1;49865
1;1063;327373;3194;99108;0;308;4;1;4608
1;1064;327608;3194;99108;0;308;4;1;6504
1;1065;327939;3194;99108;0;309;4;1;38814
1;1066;328366;3194;99108;0;309;4;1;5539
1;1067;328706;3194;99107;0;309;4;1;10792
1;1068;328933;3194;99108;0;309;4;1;65322
1;1069;329353;3194;99108;0;309;4;1;57794
1;1070;329682;3195;99108;0;309;4;1;44726
1;1071;329919;3195;99108;0;309;4;1;39375
1;1072;330339;3195;99109;0;309;4;1;51462
1;1073;330565;3195;99108;0;309;4;1;14650
1;1074;330915;3195;99108;0;309;4;1;62951
1;1075;331335;3196;99108;0;309;4;1;22047
1;1076;331564;3196;99109;0;309;4;1;61021
1;1077;331879;3196;99109;0;309;4;1;42080
1;1078;332115;3196;99109;0;309;4;1;8143
1;1079;332341;3196;99109;0;309;4;1;4055
1;1080;332656;3196;99109;0;309;4;1;9916
1;1081;332971;3196;99109;0;309;4;1;45063
1;1082;333331;3196;99109;0;309;4;1;55157
1;1083;333650;3196;99109;0;309;4;1;51624
1;1084;333965;3197;99110;0;309;4;1;54407
1;1085;334326;3197;99109;0;309;4;1;13943
1;1086;334641;3197;99109;0;309;4;1;65212
1;1087;334971;3197;99108;0;309;4;1;20133
1;1088;335312;3197;99107;0;309;4;1;36530
1;1089;335631;3197;99108;0;309;4;1;23242
1;1090;335857;3197;99107;0;309;4;1;20004
1;1091;336078;3197;99107;0;309;4;1;23426
1;1092;336427;3197;99108;0;309;4;1;61229
1;1093;336758;3198;99108;0;309;4;1;58572
1;1094;337073;3198;99108;0;309;4;1;1265
1;1095;337388;3198;99109;0;309;4;1;6396
1;1096;337639;3198;99109;0;309;4;1;60582
1;1097;337955;3198;99109;0;309;4;1;10243
1;1098;338270;3198;99109;0;309;4;1;31834
1;1099;338500;3198;99109;0;309;4;1;62173
1;1100;338741;3198;99109;0;309;4;1;10755
1;1101;339060;3198;99109;0;309;4;1;62565
1;1102;339391;3199;99109;0;309;4;1;21784
1;1103;339734;3199;99109;0;309;4;1;37014
1;1104;340049;3199;99109;0;309;4;1;23120
1;1105;340279;3199;99108;0;310;4;1;15546
1;1106;340593;3199;99108;0;310;4;1;48319
1;1107;340829;3199;99108;0;310;4;1;12830
1;1108;341269;3199;99109;0;309;4;1;309
1;1109;341587;3199;99109;0;309;4;1;11567
1;1110;341928;3199;99109;0;309;4;1;60210
1;1111;342259;3199;99109;0;310;4;1;29398
1;1112;342574;3200;99109;0;310;4;1;53015
1;1113;342904;3200;99109;0;309;4;1;21431
1;1114;343248;3200;99109;0;309;4;1;562
1;1115;343562;3200;99109;0;309;4;1;44189
1;1116;343793;3200;99109;0;310;4;1;25705
1;1117;344242;3200;99109;0;310;4;1;52060
1;1118;344557;3200;99109;0;310;4;1;33475
1;1119;344783;3200;99109;0;309;4;1;18309
1;1120;345229;3201;99109;0;309;4;1;24923
1;1121;345559;3201;99109;0;310;4;1;14691
1;1122;345874;3201;99109;0;310;4;1;53356
1;1123;346190;3201;99109;0;310;4;1;54772
1;1124;346444;3201;99110;0;310;4;1;7921
1;1125;346759;3202;99110;0;310;4;1;55612
1;1126;347191;3202;99110;0;310;4;1;47500
1;1127;347442;3202;99110;0;310;4;1;40157
1;1128;347757;3202;99110;0;310;4;1;19722
1;1129;348192;3203;99110;0;310;4;1;34876
1;1130;348532;3203;99110;0;310;4;1;30613
1;1131;348848;3203;99110;0;310;4;1;35395
1;1132;349183;3203;99109;0;310;4;1;60728
1;1133;349497;3203;99109;0;310;4;1;6620
1;1134;349737;3203;99109;0;310;4;1;40336
1;1135;349963;3203;99109;0;310;4;1;63085
1;1136;350278;3203;99109;0;310;4;1;47477
1;1137;350592;3203;99109;0;310;4;1;9486
1;1138;350844;3204;99109;0;310;4;1;7132
1;1139;351164;3204;99109;0;310;4;1;58859
1;1140;351478;3204;99109;0;310;4;1;27067
1;1141;351708;3204;99109;0;310;4;1;34134
1;1142;351945;3204;99110;0;310;4;1;10890
1;1143;352264;3204;99110;0;310;4;1;55387
1;1144;352594;3204;99110;0;310;4;1;6799
1;1145;352936;3204;99110;0;310;4;1;8198
1;1146;353256;3204;99110;0;310;4;1;33318
1;1147;353481;3204;99110;0;310;4;1;6214
1;1148;353795;3205;99111;0;310;4;1;53698
1;1149;354141;3205;99110;0;310;4;1;64745
1;1150;354366;3205;99111;0;310;4;1;23194
1;1151;354685;3205;99111;0;310;4;1;25987
1;1152;355135;3205;99110;0;310;4;1;3352
1;1153;355360;3205;99111;0;310;4;1;34926
1;1154;355675;3205;99110;0;310;4;1;26162
1;1155;356111;3206;99111;0;310;4;1;51749
1;1156;356347;3206;99110;0;310;4;1;49652
1;1157;356661;3206;99110;0;310;4;1;32911
1;1158;357101;3206;99111;0;310;4;1;54166
1;1159;357337;3206;99111;0;310;4;1;50214
1;1160;357655;3206;99111;0;310;4;1;50156
1;1161;357881;3206;99111;0;310;4;1;19617
1;1162;358197;3206;99112;0;310;4;1;47471
1;1163;358432;3206;99112;0;310;4;1;21249
1;1164;358766;3207;99112;0;310;4;1;6401
1;1165;359082;3207;99113;0;310;4;1;15518
1;1166;359401;3207;99112;0;310;4;1;30673
1;1167;359652;3207;99112;0;310;4;1;5419
1;1168;360077;3207;99111;0;310;4;1;38905
1;1169;360391;3207;99110;0;310;4;1;59227
1;1170;360646;3207;99111;0;310;4;1;50605
1;1171;361067;3207;99111;0;310;4;1;17323
1;1172;361397;3207;99111;0;310;4;1;41665
1;1173;361737;3208;99112;0;310;4;1;57495
1;1174;362057;3208;99112;0;310;4;1;734
1;1175;362283;3208;99112;0;310;4;1;4391
1;1176;362601;3208;99112;0;310;4;1;39900
1;1177;362838;3208;99112;0;310;4;1;14938
1;1178;363173;3208;99112;0;310;4;1;15166
1;1179;363487;3209;99111;0;310;4;1;32646
1;1180;363802;3209;99110;0;310;4;1;34317
1;1181;364054;3209;99110;0;310;4;1;29895
1;1182;364368;3209;99109;0;310;4;1;52305
1;1183;364682;3209;99109;0;310;4;1;30855
1;1184;365043;3209;99109;0;310;4;1;59280
1;1185;365358;3209;99108;0;310;4;1;58328
1;1186;365673;3209;99110;0;310;4;1;21342
1;1187;366011;3209;99111;0;310;4;1;19173
1;1188;366254;3209;99112;0;310;4;1;24303
1;1189;366573;3210;99111;0;310;4;1;9568
1;1190;366799;3210;99111;0;310;4;1;13244
1;1191;367123;3210;99110;0;310;4;1;10006
1;1192;367360;3210;99111;0;310;4;1;53885
1;1193;367585;3210;99111;0;310;4;1;43150
1;1194;368005;3211;99113;0;310;4;1;2978
1;1195;368345;3211;99114;0;310;4;1;59287
1;1196;368574;3211;99114;0;310;4;1;17156
1;1197;368995;3211;99113;0;310;4;1;5046
1;1198;369325;3211;99113;0;310;4;1;58539
1;1199;369561;3211;99112;0;310;4;1;11090
1;1200;369986;3212;99113;0;310;4;1;17391
1;1201;370215;3212;99113;0;310;4;1;25297
1;1202;370557;3212;99113;0;310;4;1;30756
1;1203;370978;3212;99113;0;310;4;1;58558
1;1204;371207;3212;99113;0;310;4;1;22916
1;1205;371522;3212;99112;0;310;4;1;56472
1;1206;371758;3212;99111;0;310;4;1;52650
1;1207;371984;3212;99112;0;310;4;1;63485
1;1208;372299;3212;99112;0;310;4;1;26018
1;1209;372617;3212;99111;0;310;4;1;12642
1;1210;372978;3212;99112;0;310;4;1;32368
1;1211;373293;3212;99112;0;310;4;1;33717
1;1212;373607;3212;99112;0;310;4;1;53086
1;1213;373967;3213;99112;0;310;4;1;30631
1;1214;374286;3213;99112;0;310;4;1;56608
1;1215;374616;3213;99111;0;311;4;1;36400
1;1216;374959;3213;99110;0;311;4;1;52336
1;1217;375278;3213;99110;0;311;4;1;53933
1;1218;375503;3213;99110;0;310;4;1;52817
1;1219;375923;3213;99110;0;310;4;1;50790
1;1220;376159;3213;99111;0;310;4;1;29838
1;1221;376384;3213;99111;0;311;4;1;818
1;1222;376703;3214;99111;0;311;4;1;49422
1;1223;377019;3214;99111;0;311;4;1;17593
1;1224;377270;3214;99111;0;311;4;1;37574
1;1225;377585;3214;99111;0;311;4;1;44606
1;1226;377805;3214;99111;0;311;4;1;37505
1;1227;378134;3214;99111;0;311;4;1;44062
1;1228;378370;3214;99111;0;311;4;1;9157
1;1229;378685;3214;99111;0;311;4;1;33347
1;1230;379017;3214;99110;0;311;4;1;49299
1;1231;379360;3214;99111;0;311;4;1;48405
1;1232;379675;3215;99111;0;311;4;1;15962
1;1233;379906;3215;99111;0;311;4;1;297
1;1234;380220;3215;99111;0;311;4;1;7250
1;1235;380459;3215;99111;0;311;4;1;18095
1;1236;380896;3215;99111;0;311;4;1;60078
1;1237;381210;3215;99111;0;311;4;1;51806
1;1238;381551;3215;99112;0;311;4;1;53837
1;1239;381886;3215;99112;0;311;4;1;8857
1;1240;382205;3215;99112;0;311;4;1;43269
1;1241;382535;3215;99112;0;311;4;1;17324
1;1242;382877;3216;99112;0;311;4;1;32439
1;1243;383196;3216;99112;0;311;4;1;45396
1;1244;383421;3216;99111;0;311;4;1;64696
1;1245;383867;3216;99110;0;311;4;1;20679
1;1246;384182;3216;99110;0;311;4;1;5678
1;1247;384407;3216;99110;0;311;4;1;19701
1;1248;384857;3217;99110;0;311;4;1;56937
1;1249;385188;3216;99110;0;311;4;1;10084
1;1250;385502;3217;99111;0;311;4;1;40121
1;1251;385722;3217;99111;0;311;4;1;44389
1;1252;385960;3217;99111;0;311;4;1;155
1;1253;386186;3217;99111;0;311;4;1;43997
1;1254;386501;3217;99111;0;311;4;1;64579
1;1255;386816;3217;99110;0;311;4;1;24858
1;1256;387067;3217;99109;0;311;4;1;45048
1;1257;387386;3217;99108;0;311;4;1;57470
1;1258;387821;3217;99109;0;311;4;1;18137
1;1259;388161;3218;99110;0;311;4;1;59312
1;1260;388480;3218;99110;0;311;4;1;60773
1;1261;388811;3218;99111;0;311;4;1;52556
1;1262;389126;3218;99111;0;311;4;1;4366
1;1263;389363;3218;99111;0;311;4;1;13940
1;1264;389592;3219;99111;0;311;4;1;52091
1;1265;389908;3219;99110;0;311;4;1;49616
1;1266;390226;3219;99111;0;311;4;1;6478
1;1267;390477;3219;99111;0;311;4;1;33994
1;1268;390797;3219;99111;0;311;4;1;56980
1;1269;391112;3219;99110;0;311;4;1;23432
1;1270;391338;3219;99110;0;311;4;1;13648
1;1271;391574;3219;99110;0;311;4;1;42480
1;1272;391890;3219;99110;0;311;4;1;56336
1;1273;392220;3219;99110;0;311;4;1;45028
1;1274;392564;3219;99111;0;311;4;1;28319
1;1275;392885;3219;99111;0;311;4;1;49187
1;1276;393110;3219;99110;0;311;4;1;34677
1;1277;393428;3220;99111;0;311;4;1;27027
1;1278;393774;3220;99111;0;311;4;1;22305
1;1279;393999;3220;99111;0;311;4;1;3578
1;1280;394314;3220;99111;0;311;4;1;5953
1;1281;394760;3220;99111;0;311;4;1;53495
1;1282;394986;3220;99111;0;311;4;1;14141
1;1283;395300;3220;99111;0;311;4;1;21836
1;1284;395740;3220;99110;0;311;4;1;12833
1;1285;395980;3220;99110;0;311;4;1;6770
1;1286;396294;3220;99109;0;311;4;1;65259
1;1287;396730;3221;99109;0;311;4;1;56096
1;1288;396968;3221;99109;0;311;4;1;42633
1;1289;397286;3221;99110;0;311;4;1;13584
1;1290;397511;3221;99110;0;311;4;1;12768
1;1291;397827;3221;99110;0;311;4;1;25618
1;1292;398063;3221;99110;0;311;4;1;11931
1;1293;398396;3221;99110;0;311;4;1;38676
1;1294;398716;3222;99110;0;311;4;1;64145
1;1295;399031;3221;99110;0;311;4;1;15708
1;1296;399282;3221;99110;0;311;4;1;23662
1;1297;399706;3222;99110;0;311;4;1;45044
1;1298;400022;3222;99110;0;311;4;1;31021
1;1299;400273;3222;99110;0;311;4;1;32184
1;1300;400692;3222;99111;0;311;4;1;49205
1;1301;401027;3222;99111;0;311;4;1;22210
1;1302;401371;3222;99110;0;311;4;1;46522
1;1303;401691;3222;99110;0;311;4;1;22409
1;1304;401917;3222;99111;0;311;4;1;62371
1;1305;402232;3222;99111;0;311;4;1;46771
1;1306;402470;3222;99111;0;311;4;1;22385
1;1307;402801;3222;99111;0;311;4;1;13793
1;1308;403115;3222;99111;0;311;4;1;55146
1;1309;403434;3223;99111;0;311;4;1;36052
1;1310;403687;3223;99112;0;311;4;1;55431
1;1311;404006;3223;99112;0;311;4;1;56863
1;1312;404320;3223;99112;0;311;4;1;38581
1;1313;404677;3224;99112;0;311;4;1;32263
1;1314;404996;3224;99113;0;311;4;1;3273
1;1315;405310;3224;99112;0;311;4;1;9836
1;1316;405646;3224;99111;0;311;4;1;8027
1;1317;405882;3224;99111;0;311;4;1;32999
1;1318;406201;3224;99111;0;311;4;1;41856
1;1319;406427;3224;99111;0;311;4;1;51325
1;1320;406746;3224;99111;0;311;4;1;25125
1;1321;406983;3224;99110;0;311;4;1;1580
1;1322;407208;3224;99110;0;311;4;1;11737
1;1323;407627;3224;99110;0;311;4;1;42960
1;1324;407968;3224;99110;0;311;4;1;14291
1;1325;408193;3224;99110;0;311;4;1;11617
1;1326;408613;3224;99111;0;311;4;1;51217
1;1327;408948;3225;99111;0;312;4;1;59479
1;1328;409190;3225;99110;0;312;4;1;32234
1;1329;409610;3225;99110;0;312;4;1;7011
1;1330;409836;3225;99111;0;311;4;1;657
1;1331;410176;3225;99110;0;311;4;1;19516
1;1332;410596;3226;99111;0;311;4;1;18025
1;1333;410822;3226;99111;0;311;4;1;60719
1;1334;411137;3226;99111;0;311;4;1;9700
1;1335;411373;3226;99111;0;311;4;1;35693
1;1336;411599;3226;99111;0;312;4;1;61783
1;1337;411923;3226;99111;0;312;4;1;44259
1;1338;412237;3226;99111;0;312;4;1;46583
1;1339;412600;3226;99110;0;312;4;1;58080
1;1340;412916;3226;99110;0;312;4;1;3324
1;1341;413230;3226;99110;0;312;4;1;41555
1;1342;413586;3226;99110;0;312;4;1;28388
1;1343;413902;3226;99110;0;312;4;1;18550
1;1344;414231;3226;99110;0;312;4;1;12882
1;1345;414579;3226;99110;0;312;4;1;17383
1;1346;414895;3226;99110;0;312;4;1;3053
1;1347;415120;3226;99110;0;312;4;1;43627
1;1348;415539;3227;99110;0;312;4;1;26706
1;1349;415776;3227;99110;0;312;4;1;57456
1;1350;416001;3227;99109;0;312;4;1;28238
1;1351;416315;3227;99109;0;312;4;1;56523
1;1352;416635;3227;99109;0;312;4;1;42698
1;1353;416886;3227;99109;0;312;4;1;50224
1;1354;417205;3227;99108;0;312;4;1;32631
1;1355;417525;3227;99109;0;312;4;1;59752
1;1356;417751;3228;99109;0;312;4;1;44189
1;1357;417987;3228;99109;0;312;4;1;13071
1;1358;418302;3228;99109;0;312;4;1;8018
1;1359;418639;3228;99109;0;312;4;1;17357
1;1360;418990;3228;99110;0;312;4;1;27960
1;1361;419304;3228;99110;0;312;4;1;331
1;1362;419534;3228;99110;0;312;4;1;50504
1;1363;419849;3228;99109;0;312;4;1;18481
1;1364;420091;3229;99109;0;312;4;1;48262
1;1365;420527;3229;99109;0;312;4;1;1917
1;1366;420842;3229;99109;0;312;4;1;63031
1;1367;421181;3229;99109;0;312;4;1;3120
1;1368;421512;3229;99109;0;312;4;1;53053
1;1369;421828;3229;99109;0;312;4;1;1434
1;1370;422157;3229;99108;0;312;4;1;16921
1;1371;422501;3229;99109;0;312;4;1;28436
1;1372;422821;3229;99108;0;312;4;1;44394
1;1373;423046;3229;99108;0;312;4;1;5838
1;1374;423491;3229;99108;0;312;4;1;65473
1;1375;423807;3230;99108;0;312;4;1;41156
1;1376;424032;3230;99108;0;312;4;1;51367
1;1377;424482;3230;99108;0;312;4;1;3857
1;1378;424812;3230;99108;0;312;4;1;18541
1;1379;425131;3230;99107;0;312;4;1;11762
1;1380;425454;3230;99108;0;312;4;1;48410
1;1381;425707;3230;99108;0;312;4;1;55330
1;1382;426023;3230;99108;0;312;4;1;54991
1;1383;426442;3230;99109;0;312;4;1;6345
1;1384;426694;3230;99110;0;312;4;1;59079
1;1385;427009;3231;99110;0;312;4;1;18338
1;1386;427444;3231;99110;0;312;4;1;7399
1;1387;427789;3231;99110;0;312;4;1;51048
1;1388;428108;3231;99111;0;312;4;1;13506
1;1389;428439;3231;99111;0;312;4;1;25282
1;1390;428757;3231;99111;0;312;4;1;41295
1;1391;429029;3232;99111;0;312;4;1;4089
1;1392;429254;3232;99110;0;313;4;1;33318
1;1393;429570;3232;99110;0;313;4;1;55252
1;1394;429885;3232;99111;0;313;4;1;516
1;1395;430252;3232;99111;0;313;4;1;30944
1;1396;430572;3232;99111;0;313;4;1;37599
1;1397;430907;3232;99112;0;313;4;1;25401
1;1398;431221;3232;99112;0;313;4;1;58622
1;1399;431461;3232;99112;0;313;4;1;36036
1;1400;431792;3232;99111;0;313;4;1;33020
1;1401;432107;3233;99111;0;313;4;1;25495
1;1402;432452;3233;99111;0;313;4;1;63773
1;1403;432678;3233;99111;0;313;4;1;43661
1;1404;432997;3233;99112;0;313;4;1;64167
1;1405;433417;3233;99112;0;313;4;1;25757
1;1406;433668;3233;99112;0;313;4;1;10922
1;1407;433987;3234;99111;0;313;4;1;4781
1;1408;434423;3234;99111;0;313;4;1;13905
1;1409;434659;3234;99111;0;313;4;1;7651
1;1410;434973;3234;99111;0;313;4;1;24793
1;1411;435409;3234;99110;0;313;4;1;17028
1;1412;435754;3234;99110;0;313;4;1;9419
1;1413;436068;3235;99110;0;313;4;1;35531
1;1414;436399;3235;99110;0;313;4;1;49131
1;1415;436722;3235;99111;0;313;4;1;41958
1;1416;436960;3235;99111;0;313;4;1;56911
1;1417;437185;3235;99111;0;313;4;1;33940
1;1418;437501;3235;99111;0;313;4;1;30864
1;1419;437816;3235;99110;0;313;4;1;58825
1;1420;438068;3235;99111;0;313;4;1;27427
1;1421;438389;3235;99111;0;313;4;1;34762
1;1422;438704;3235;99111;0;313;4;1;34440
1;1423;438930;3235;99111;0;313;4;1;44316
1;1424;439170;3235;99111;0;313;4;1;33093
1;1425;439485;3235;99111;0;313;4;1;57464
1;1426;439711;3235;99111;0;10554;4;1;31685
1;1427;440029;3235;99111;0;10554;4;1;5207
1;1428;440370;3235;99111;0;10554;4;1;48838
1;1429;440596;3236;99111;0;313;4;1;228
1;1430;440915;3236;99111;0;313;4;1;36867
1;1431;441361;3236;99111;0;313;4;1;55143
1;1432;441586;3236;99111;0;313;4;1;63598
1;1433;441901;3236;99110;0;313;4;1;56802
1;1434;442366;3236;99111;0;313;4;1;30884
1;1435;442680;3237;99111;0;313;4;1;12688
1;1436;442995;3237;99111;0;313;4;1;11760
1;1437;443326;3237;99111;0;313;4;1;1981
1;1438;443564;3237;99110;0;313;4;1;64174
1;1439;443880;3237;99110;0;313;4;1;46873
1;1440;444108;3237;99110;0;313;4;1;55832
1;1441;444424;3237;99109;0;313;4;1;26183
1;1442;444661;3237;99110;0;313;4;1;4808
1;1443;444996;3237;99109;0;313;4;1;13997
1;1444;445315;3237;99109;0;313;4;1;24116
1;1445;445655;3237;99109;0;313;4;1;52537
1;1446;445881;3237;99109;0;313;4;1;46663
1;1447;446306;3238;99110;0;313;4;1;48981
1;1448;446620;3238;99111;0;313;4;1;55422
1;1449;446872;3238;99111;0;313;4;1;60877
1;1450;447291;3238;99112;0;313;4;1;43451
1;1451;447621;3238;99112;0;313;4;1;10348
1;1452;447865;3238;99111;0;313;4;1;24563
1;1453;448284;3238;99111;0;313;4;1;55017
1;1454;448510;3238;99111;0;313;4;1;12579
1;1455;448829;3238;99111;0;313;4;1;34600
1;1456;449065;3238;99111;0;313;4;1;43152
1;1457;449396;3239;99111;0;313;4;1;10679
1;1458;449711;3239;99111;0;313;4;1;4883
1;1459;450052;3239;99111;0;313;4;1;63321
1;1460;450278;3239;99111;0;313;4;1;22668
1;1461;450596;3239;99110;0;313;4;1;17202
1;1462;450911;3239;99110;0;313;4;1;29991
1;1463;451274;3239;99109;0;313;4;1;34540
1;1464;451589;3239;99110;0;313;4;1;59710
1;1465;451821;3239;99110;0;313;4;1;1087
1;1466;452045;3239;99110;0;313;4;1;57881
1;1467;452550;3239;99110;0;313;4;1;51801
1;1468;452881;3239;99111;0;313;4;1;7570
1;1469;453195;3239;99112;0;313;4;1;24610
1;1470;453534;3240;99113;0;313;4;1;26234
1;1471;453763;3240;99112;0;313;4;1;49864
1;1472;454079;3240;99112;0;313;4;1;47045
1;1473;454502;3240;99113;0;313;4;1;61445
1;1474;454751;3240;99112;0;313;4;1;46509
1;1475;455066;3240;99111;0;313;4;1;37827
1;1476;455501;3240;99111;0;5433;4;1;56384
1;1477;455739;3240;99112;0;5433;4;1;55736
1;1478;456053;3240;99112;0;5433;4;1;40644
1;1479;456493;3240;99111;0;313;4;1;48066
1;1480;456831;3241;99111;0;313;4;1;27227
1;1481;457149;3241;99111;0;313;4;1;46504
1;1482;457480;3241;99110;0;313;4;1;57065
1;1483;457795;3241;99110;0;313;4;1;42587
1;1484;458029;3241;99110;0;313;4;1;38202
1;1485;458254;3241;99110;0;313;4;1;44620
1;1486;458573;3241;99109;0;313;4;1;17840
1;1487;458893;3242;99110;0;313;4;1;37469
1;1488;459142;3242;99110;0;313;4;1;5683
1;1489;459456;3242;99111;0;313;4;1;57952
1;1490;459779;3242;99110;0;313;4;1;12728
1;1491;460005;3242;99110;0;313;4;1;14821
1;1492;460238;3242;99110;0;313;4;1;8682
1;1493;460553;3242;99110;0;313;4;1;17726
1;1494;460779;3242;99111;0;313;4;1;31421
1;1495;461093;3242;99111;0;313;4;1;6348
1;1496;461434;3242;99111;0;313;4;1;51483
1;1497;461664;3242;99111;0;313;4;1;2037
1;1498;461979;3242;99111;0;313;4;1;339
1;1499;462425;3242;99111;0;313;4;1;14061
1;1500;462651;3243;99110;0;313;4;1;23614
1;1501;462966;3242;99109;0;313;4;1;18902
1;1502;463429;3243;99108;0;313;4;1;62896
1;1503;463743;3243;99107;0;313;4;1;12001
1;1504;464058;3243;99107;0;313;4;1;26590
1;1505;464396;3243;99106;0;313;4;1;37286
1;1506;464630;3243;99105;0;313;4;1;38791
1;1507;464949;3243;99105;0;313;4;1;8588
1;1508;465173;3243;99105;0;313;4;1;36789
1;1509;465489;3243;99105;0;313;4;1;33387
1;1510;465723;3243;99105;0;313;4;1;47773
1;1511;466053;3244;99105;0;313;4;1;61762
1;1512;466369;3244;99105;0;313;4;1;51403
1;1513;466708;3244;99106;0;313;4;1;60192
1;1514;466938;3244;99106;0;313;4;1;51314
1;1515;467366;3244;99106;0;313;4;1;208
1;1516;467680;3244;99106;0;313;4;1;51402
1;1517;467929;3244;99106;0;313;4;1;2816
1;1518;468349;3244;99105;0;313;4;1;20163
1;1519;468679;3244;99106;0;314;4;1;39526
1;1520;468913;3245;99106;0;314;4;1;54550
1;1521;469333;3245;99106;0;314;4;1;11697
1;1522;469558;3245;99107;0;313;4;1;62535
1;1523;469878;3245;99106;0;313;4;1;8753
1;1524;470113;3245;99106;0;313;4;1;7198
1;1525;470444;3245;99105;0;314;4;1;41083
1;1526;470759;3245;99105;0;314;4;1;62468
1;1527;471101;3245;99105;0;314;4;1;59638
1;1528;471330;3245;99105;0;314;4;1;332
1;1529;471645;3245;99105;0;314;4;1;39079
1;1530;471959;3245;99105;0;314;4;1;27739
1;1531;472313;3245;99106;0;314;4;1;891
1;1532;472634;3245;99105;0;314;4;1;47325
1;1533;472949;3245;99106;0;314;4;1;15270
1;1534;473303;3246;99106;0;314;4;1;4823
1;1535;473618;3246;99106;0;314;4;1;22471
1;1536;473948;3246;99106;0;314;4;1;52146
1;1537;474263;3246;99105;0;314;4;1;15346
1;1538;474498;3246;99105;0;314;4;1;44221
1;1539;474828;3246;99106;0;314;4;1;32589
1;1540;475259;3246;99105;0;314;4;1;42245
1;1541;475492;3246;99104;0;314;4;1;57544
1;1542;475718;3246;99103;0;314;4;1;4919
1;1543;476033;3247;99104;0;314;4;1;44729
1;1544;476349;3247;99104;0;314;4;1;35484
1;1545;476596;3247;99104;0;314;4;1;27477
1;1546;476911;3247;99103;0;314;4;1;21855
1;1547;477227;3247;99104;0;314;4;1;58766
1;1548;477452;3247;99104;0;314;4;1;14617
1;1549;477690;3247;99105;0;314;4;1;63244
1;1550;478006;3247;99106;0;314;4;1;61707
1;1551;478337;3247;99106;0;314;4;1;59182
1;1552;478651;3247;99107;0;314;4;1;35304
1;1553;478887;3247;99107;0;314;4;1;25891
1;1554;479218;3247;99108;0;314;4;1;41941
1;1555;479532;3248;99108;0;314;4;1;11081
1;1556;479870;3248;99108;0;314;4;1;48858
1;1557;480201;3248;99108;0;314;4;1;26692
1;1558;480523;3248;99108;0;314;4;1;29495
1;1559;480838;3248;99109;0;314;4;1;12626
1;1560;481193;3248;99108;0;314;4;1;43694
1;1561;481507;3248;99109;0;314;4;1;2866
1;1562;481838;3248;99109;0;314;4;1;25901
1;1563;482177;3249;99110;0;314;4;1;5947
1;1564;482492;3249;99109;0;314;4;1;52024
1;1565;482722;3249;99109;0;314;4;1;18014
1;1566;483171;3249;99109;0;314;4;1;60633
1;1567;483486;3249;99110;0;314;4;1;10317
1;1568;483712;3249;99110;0;314;4;1;33266
1;1569;484136;3249;99110;0;314;4;1;21662
1;1570;484369;3249;99109;0;314;4;1;33546
1;1571;484594;3249;99109;0;314;4;1;55357
1;1572;484910;3250;99110;0;314;4;1;18305
1;1573;485225;3250;99110;0;314;4;1;15120
1;1574;485478;3250;99110;0;314;4;1;50612
1;1575;485796;3250;99109;0;314;4;1;25277
1;1576;486112;3250;99109;0;314;4;1;7005
1;1577;486337;3250;99109;0;314;4;1;16774
1;1578;486573;3250;99108;0;314;4;1;974
1;1579;486888;3250;99109;0;314;4;1;34514
1;1580;487114;3250;99109;0;314;4;1;18758
1;1581;487428;3250;99108;0;314;4;1;53364
1;1582;487662;3250;99108;0;314;4;1;45230
1;1583;488098;3251;99109;0;315;4;1;42303
1;1584;488420;3251;99109;0;315;4;1;36143
1;1585;488655;3251;99110;0;315;4;1;51553
1;1586;488881;3251;99110;0;314;4;1;1615
1;1587;489196;3251;99110;0;314;4;1;33378
1;1588;489511;3251;99110;0;314;4;1;22393
1;1589;489759;3251;99110;0;315;4;1;11776
1;1590;490079;3251;99110;0;315;4;1;52297
1;1591;490394;3251;99110;0;315;4;1;24852
1;1592;490619;3251;99110;0;1594;4;1;64570
1;1593;490860;3252;99110;0;1594;4;1;11430
1;1594;491179;3251;99110;0;1594;4;1;34369
1;1595;491509;3251;99110;0;315;4;1;34911
1;1596;491824;3252;99110;0;315;4;1;37719
1;1597;492060;3252;99110;0;315;4;1;23967
1;1598;492390;3252;99110;0;315;4;1;31592
1;1599;492705;3252;99110;0;315;4;1;14154
1;1600;493044;3252;99109;0;315;4;1;59721
1;1601;493273;3252;99110;0;315;4;1;20377
1;1602;493592;3252;99109;0;315;4;1;3251
1;1603;494016;3253;99110;0;315;4;1;22028
1;1604;494265;3253;99110;0;315;4;1;18859
1;1605;494579;3253;99110;0;315;4;1;57664
1;1606;495015;3253;99111;0;315;4;1;44607
1;1607;495249;3253;99110;0;315;4;1;107
1;1608;495563;3253;99110;0;315;4;1;49855
1;1609;496003;3254;99110;0;315;4;1;56869
1;1610;496341;3254;99110;0;315;4;1;16417
1;1611;496659;3254;99109;0;315;4;1;52287
1;1612;496995;3254;99109;0;315;4;1;1027
1;1613;497309;3254;99110;0;315;4;1;1528
1;1614;497543;3254;99109;0;315;4;1;8179
1;1615;497773;3254;99110;0;315;4;1;53974
1;1616;498088;3254;99110;0;315;4;1;15336
1;1617;498403;3254;99110;0;315;4;1;50056
1;1618;498655;3254;99111;0;315;4;1;10110
1;1619;498970;3254;99111;0;315;4;1;58044
1;1620;499288;3254;99109;0;315;4;1;51613
1;1621;499513;3254;99110;0;315;4;1;37816
1;1622;499747;3254;99109;0;315;4;1;15763
1;1623;500063;3255;99110;0;315;4;1;59566
1;1624;500288;3255;99110;0;315;4;1;16765
1;1625;500602;3255;99109;0;315;4;1;52075
1;1626;500942;3255;99109;0;315;4;1;16503
1;1627;501171;3255;99109;0;315;4;1;47153
1;1628;501490;3255;99110;0;315;4;1;31359
1;1629;501937;3256;99110;0;315;4;1;64814
1;1630;502163;3256;99110;0;315;4;1;15052
1;1631;502477;3256;99111;0;315;4;1;22414
1;1632;502936;3256;99111;0;315;4;1;22684
1;1633;503250;3256;99111;0;315;4;1;61559
1;1634;503565;3256;99110;0;315;4;1;31204
1;1635;503904;3256;99110;0;315;4;1;28055
1;1636;504146;3256;99109;0;315;4;1;33937
1;1637;504461;3256;99109;0;315;4;1;53616
1;1638;504686;3256;99109;0;10555;4;1;15601
1;1639;505005;3256;99109;0;10555;4;1;13147
1;1640;505251;3256;99109;0;10555;4;1;54274
1;1641;505581;3256;99109;0;315;4;1;52613
1;1642;505897;3256;99109;0;315;4;1;42303
1;1643;506235;3256;99110;0;315;4;1;60479
1;1644;506464;3256;99110;0;315;4;1;38490
1;1645;506885;3256;99110;0;315;4;1;40850
1;1646;507199;3256;99110;0;315;4;1;49505
1;1647;507451;3256;99110;0;315;4;1;46267
1;1648;507872;3257;99110;0;315;4;1;58299
1;1649;508202;3257;99110;0;315;4;1;11124
1;1650;508435;3257;99109;0;315;4;1;31794
1;1651;508855;3257;99110;0;315;4;1;64881
1;1652;509085;3257;99110;0;315;4;1;13607
1;1653;509403;3257;99109;0;315;4;1;8622
1;1654;509637;3257;99109;0;315;4;1;16574
1;1655;509976;3257;99109;0;315;4;1;3560
1;1656;510290;3257;99108;0;315;4;1;2420
1;1657;510630;3257;99108;0;315;4;1;54945
1;1658;510856;3257;99108;0;315;4;1;54747
1;1659;511170;3257;99108;0;315;4;1;48523
1;1660;511485;3257;99108;0;315;4;1;63501
1;1661;511842;3257;99109;0;315;4;1;42373
1;1662;512157;3257;99109;0;315;4;1;53796
1;1663;512471;3258;99109;0;315;4;1;46442
1;1664;512830;3258;99109;0;315;4;1;32644
1;1665;513148;3258;99109;0;315;4;1;37060
1;1666;513478;3258;99109;0;315;4;1;15935
1;1667;513794;3258;99109;0;315;4;1;27597
1;1668;514028;3258;99109;0;315;4;1;128
1;1669;514362;3258;99108;0;315;4;1;9129
1;1670;514782;3258;99107;0;315;4;1;26591
1;1671;515016;3259;99107;0;315;4;1;10442
1;1672;515245;3259;99108;0;315;4;1;54437
1;1673;515560;3259;99108;0;315;4;1;35312
1;1674;515876;3259;99108;0;315;4;1;63245
1;1675;516124;3259;99107;0;315;4;1;47544
1;1676;516438;3259;99107;0;315;4;1;62803
1;1677;516760;3259;99107;0;315;4;1;44625
1;1678;516990;3259;99108;0;315;4;1;35722
1;1679;517224;3259;99107;0;315;4;1;26874
1;1680;517539;3259;99107;0;315;4;1;25752
1;1681;517874;3259;99108;0;315;4;1;3472
1;1682;518188;3260;99108;0;315;4;1;6135
1;1683;518421;3260;99108;0;315;4;1;54333
1;1684;518752;3260;99106;0;315;4;1;65270
1;1685;519067;3260;99107;0;315;4;1;19645
1;1686;519404;3260;99107;0;315;4;1;32395
1;1687;519739;3260;99108;0;315;4;1;11747
1;1688;520054;3260;99108;0;315;4;1;33688
1;1689;520368;3260;99108;0;315;4;1;60887
1;1690;520729;3260;99108;0;315;4;1;33862
1;1691;521044;3260;99109;0;315;4;1;34378
1;1692;521374;3260;99109;0;315;4;1;64018
1;1693;521713;3260;99111;0;315;4;1;40226
1;1694;522028;3260;99113;0;315;4;1;48710
1;1695;522257;3260;99113;0;315;4;1;61242
1;1696;522702;3260;99114;0;315;4;1;42641
1;1697;523017;3260;99115;0;315;4;1;6668
1;1698;523247;3261;99116;0;315;4;1;53904
1;1699;523670;3261;99118;0;315;4;1;41330
1;1700;523904;3261;99119;0;315;4;1;55076
1;1701;524129;3261;99120;0;315;4;1;56317
1;1702;524444;3261;99120;0;315;4;1;4103
1;1703;524767;3261;99121;0;315;4;1;63319
1;1704;525018;3261;99120;0;315;4;1;15896
1;1705;525332;3261;99121;0;315;4;1;38309
1;1706;525647;3261;99122;0;315;4;1;59208
1;1707;525873;3261;99123;0;1595;4;1;59173
1;1708;526110;3261;99123;0;1595;4;1;48290
1;1709;526424;3261;99125;0;1595;4;1;61467
1;1710;526650;3261;99125;0;315;4;1;7888
1;1711;526966;3261;99126;0;315;4;1;60644
1;1712;527202;3262;99127;0;315;4;1;38105
1;1713;527638;3262;99128;0;315;4;1;6337
1;1714;527953;3262;99128;0;315;4;1;34854
1;1715;528190;3262;99128;0;315;4;1;20389
1;1716;528416;3262;99128;0;315;4;1;54519
1;1717;528735;3262;99128;0;315;4;1;3445
1;1718;529050;3262;99128;0;315;4;1;19550
1;1719;529298;3262;99128;0;315;4;1;48501
1;1720;529617;3262;99128;0;315;4;1;14057
1;1721;529937;3262;99128;0;315;4;1;8339
1;1722;530162;3263;99129;0;315;4;1;19089
1;1723;530396;3263;99130;0;315;4;1;40206
1;1724;530712;3263;99130;0;315;4;1;48555
1;1725;531042;3263;99131;0;315;4;1;44899
1;1726;531360;3263;99132;0;315;4;1;62770
1;1727;531594;3263;99133;0;315;4;1;301
1;1728;531929;3263;99134;0;315;4;1;48482
1;1729;532243;3263;99137;0;315;4;1;15725
1;1730;532587;3263;99139;0;315;4;1;11981
1;1731;532813;3263;99140;0;315;4;1;12037
1;1732;533128;3264;99141;0;315;4;1;24102
1;1733;533547;3264;99144;0;315;4;1;38446
1;1734;533797;3264;99145;0;315;4;1;28959
1;1735;534115;3264;99146;0;315;4;1;9727
1;1736;534550;3264;99147;0;316;4;1;59408
1;1737;534784;3264;99149;0;316;4;1;5010
1;1738;535102;3264;99149;0;316;4;1;20096
1;1739;535538;3264;99150;0;316;4;1;3285
1;1740;535880;3265;99151;0;316;4;1;8068
1;1741;536194;3265;99151;0;316;4;1;1806
1;1742;536529;3265;99151;0;316;4;1;35337
1;1743;536848;3265;99151;0;316;4;1;16076
1;1744;537081;3266;99152;0;316;4;1;38631
1;1745;537307;3266;99151;0;316;4;1;25469
1;1746;537626;3266;99151;0;316;4;1;18728
1;1747;537942;3266;99152;0;316;4;1;23937
1;1748;538190;3266;99152;0;316;4;1;5826
1;1749;538505;3266;99153;0;316;4;1;16914
1;1750;538820;3266;99154;0;316;4;1;40332
1;1751;539046;3266;99155;0;316;4;1;22076
1;1752;539285;3266;99155;0;316;4;1;1909
1;1753;539605;3266;99156;0;316;4;1;8439
1;1754;539830;3266;99157;0;316;4;1;38657
1;1755;540145;3266;99158;0;316;4;1;37738
1;1756;540495;3266;99160;0;316;4;1;36145
1;1757;540721;3266;99161;0;316;4;1;42000
1;1758;541036;3267;99162;0;316;4;1;61906
1;1759;541479;3266;99164;0;316;4;1;5377
1;1760;541704;3266;99164;0;316;4;1;20196
1;1761;542023;3266;99165;0;316;4;1;27948
1;1762;542484;3267;99166;0;316;4;1;13823
1;1763;542799;3267;99167;0;316;4;1;39552
1;1764;543117;3267;99168;0;316;4;1;54535
1;1765;543452;3267;99169;0;316;4;1;19963
1;1766;543685;3267;99170;0;316;4;1;26326
1;1767;544001;3267;99171;0;316;4;1;27583
1;1768;544225;3267;99171;0;316;4;1;30096
1;1769;544540;3268;99172;0;316;4;1;30246
1;1770;544778;3268;99171;0;316;4;1;3014
1;1771;545109;3268;99171;0;316;4;1;60998
1;1772;545428;3268;99171;0;316;4;1;42234
1;1773;545766;3268;99171;0;316;4;1;43266
1;1774;545992;3268;99172;0;316;4;1;17278
1;1775;546412;3268;99172;0;316;4;1;21130
1;1776;546726;3268;99172;0;316;4;1;19978
1;1777;546977;3268;99172;0;316;4;1;39841
1;1778;547404;3268;99174;0;316;4;1;26895
1;1779;547734;3268;99176;0;316;4;1;31895
1;1780;547968;3268;99176;0;316;4;1;21082
1;1781;548392;3268;99177;0;316;4;1;24447
1;1782;548617;3268;99177;0;316;4;1;43451
1;1783;548933;3268;99179;0;316;4;1;30607
1;1784;549167;3268;99179;0;316;4;1;38744
1;1785;549501;3269;99181;0;316;4;1;21084
1;1786;549820;3269;99182;0;316;4;1;26732
1;1787;550168;3269;99184;0;316;4;1;65293
1;1788;550394;3269;99185;0;316;4;1;34961
1;1789;550712;3269;99185;0;316;4;1;48943
1;1790;551031;3269;99186;0;316;4;1;16757
1;1791;551385;3269;99187;0;316;4;1;50769
1;1792;551700;3269;99189;0;316;4;1;29424
1;1793;552015;3269;99190;0;316;4;1;27833
1;1794;552370;3269;99190;0;316;4;1;51432
1;1795;552685;3269;99189;0;316;4;1;5627
1;1796;553019;3269;99190;0;316;4;1;20843
1;1797;553338;3269;99191;0;316;4;1;38911
1;1798;553572;3269;99191;0;316;4;1;63215
1;1799;553903;3269;99192;0;316;4;1;13789
1;1800;554322;3270;99193;0;316;4;1;14046
1;1801;554557;3270;99194;0;316;4;1;51662
1;1802;554783;3270;99193;0;316;4;1;30422
1;1803;555102;3270;99193;0;316;4;1;47413
1;1804;555425;3270;99194;0;316;4;1;3141
1;1805;555673;3270;99194;0;316;4;1;40708
1;1806;555991;3270;99194;0;316;4;1;55416
1;1807;556307;3271;99194;0;316;4;1;18491
1;1808;556532;3270;99194;0;316;4;1;20868
1;1809;556766;3270;99193;0;316;4;1;34298
1;1810;557081;3271;99193;0;316;4;1;30786
1;1811;557412;3271;99193;0;316;4;1;32772
1;1812;557727;3271;99193;0;316;4;1;20079
1;1813;557964;3271;99193;0;316;4;1;6003
1;1814;558295;3271;99193;0;316;4;1;56799
1;1815;558615;3271;99193;0;316;4;1;52133
1;1816;558953;3271;99194;0;316;4;1;3585
1;1817;559284;3271;99193;0;316;4;1;37769
1;1818;559599;3271;99193;0;316;4;1;39326
1;1819;559914;3271;99193;0;316;4;1;56462
1;1820;560268;3272;99195;0;316;4;1;16809
1;1821;560583;3272;99195;0;316;4;1;63904
1;1822;560917;3272;99194;0;316;4;1;42057
1;1823;561259;3272;99194;0;316;4;1;40733
1;1824;561574;3272;99194;0;316;4;1;37257
1;1825;561800;3272;99193;0;316;4;1;1663
1;1826;562245;3272;99192;0;316;4;1;12539
1;1827;562560;3272;99193;0;316;4;1;17903
1;1828;562790;3272;99193;0;316;4;1;16895
1;1829;563210;3273;99193;0;316;4;1;35619
1;1830;563447;3273;99193;0;316;4;1;34646
1;1831;563676;3273;99193;0;316;4;1;31577
1;1832;563992;3273;99192;0;316;4;1;33500
1;1833;564307;3273;99193;0;316;4;1;8743
1;1834;564556;3273;99192;0;316;4;1;52213
1;1835;564871;3273;99192;0;316;4;1;50077
1;1836;565186;3273;99193;0;316;4;1;41601
1;1837;565411;3273;99193;0;316;4;1;13438
1;1838;565645;3273;99193;0;316;4;1;14084
1;1839;565963;3273;99193;0;316;4;1;6942
1;1840;566193;3273;99193;0;316;4;1;54677
1;1841;566511;3273;99193;0;316;4;1;57420
1;1842;566745;3273;99193;0;316;4;1;31271
1;1843;567180;3274;99194;0;316;4;1;26209
1;1844;567495;3274;99194;0;316;4;1;60246
1;1845;567728;3274;99193;0;316;4;1;52542
1;1846;567954;3274;99193;0;316;4;1;19125
1;1847;568270;3274;99193;0;316;4;1;40467
1;1848;568588;3274;99192;0;316;4;1;34056
1;1849;568838;3274;99192;0;316;4;1;5518
1;1850;569161;3274;99192;0;316;4;1;16912
1;1851;569475;3274;99193;0;316;4;1;12430
1;1852;569701;3274;99193;0;316;4;1;29943
1;1853;569939;3274;99193;0;316;4;1;746
1;1854;570254;3274;99192;0;316;4;1;17136
1;1855;570584;3274;99191;0;316;4;1;31498
1;1856;570899;3274;99191;0;316;4;1;16107
1;1857;571133;3274;99191;0;316;4;1;45478
1;1858;571469;3275;99191;0;316;4;1;34288
1;1859;571784;3275;99191;0;316;4;1;10413
1;1860;572123;3275;99192;0;316;4;1;9967
1;1861;572349;3275;99192;0;316;4;1;30366
1;1862;572664;3275;99192;0;316;4;1;18287
1;1863;573084;3275;99192;0;316;4;1;56983
1;1864;573332;3275;99191;0;316;4;1;53425
1;1865;573647;3275;99192;0;316;4;1;50562
1;1866;574090;3275;99192;0;316;4;1;56453
1;1867;574326;3275;99191;0;316;4;1;20250
1;1868;574641;3275;99191;0;316;4;1;59192
1;1869;575080;3275;99191;0;316;4;1;30897
1;1870;575418;3276;99191;0;316;4;1;57172
1;1871;575732;3276;99191;0;316;4;1;58633
1;1872;576063;3276;99190;0;316;4;1;55663
1;1873;576378;3276;99191;0;316;4;1;23667
1;1874;576613;3276;99191;0;316;4;1;44371
1;1875;576847;3276;99191;0;5436;4;1;37096
1;1876;577162;3276;99191;0;5436;4;1;39388
1;1877;577477;3276;99190;0;5436;4;1;47636
1;1878;577728;3276;99190;0;316;4;1;4152
1;1879;578043;3276;99190;0;316;4;1;62006
1;1880;578358;3276;99191;0;316;4;1;40001
1;1881;578583;3276;99190;0;316;4;1;56936
1;1882;578817;3276;99191;0;316;4;1;41032
1;1883;579137;3277;99192;0;316;4;1;8270
1;1884;579362;3277;99192;0;316;4;1;51029
1;1885;579680;3277;99191;0;316;4;1;45731
1;1886;580019;3277;99191;0;316;4;1;53164
1;1887;580245;3277;99191;0;317;4;1;3553
1;1888;580560;3277;99190;0;317;4;1;44068
1;1889;581005;3277;99190;0;317;4;1;255
1;1890;581230;3277;99189;0;317;4;1;26464
1;1891;581548;3277;99190;0;317;4;1;49257
1;1892;582014;3277;99189;0;316;4;1;11060
1;1893;582332;3277;99188;0;316;4;1;27879
1;1894;582646;3277;99188;0;316;4;1;26643
1;1895;582978;3277;99187;0;316;4;1;52873
1;1896;583212;3277;99189;0;316;4;1;56395
1;1897;583527;3277;99188;0;316;4;1;48139
1;1898;583752;3277;99188;0;317;4;1;54524
1;1899;584068;3277;99188;0;317;4;1;61011
1;1900;584301;3278;99189;0;317;4;1;2065
1;1901;584635;3278;99189;0;317;4;1;35435
1;1902;584955;3278;99189;0;317;4;1;59632
1;1903;585296;3278;99189;0;317;4;1;3258
1;1904;585522;3278;99189;0;317;4;1;23328
1;1905;585943;3278;99189;0;317;4;1;14411
1;1906;586257;3278;99189;0;317;4;1;57442
1;1907;586506;3278;99189;0;317;4;1;15982
1;1908;586926;3278;99189;0;317;4;1;58220
1;1909;587260;3279;99190;0;317;4;1;61199
1;1910;587495;3278;99189;0;317;4;1;57580
1;1911;587920;3278;99189;0;317;4;1;51044
1;1912;588145;3278;99189;0;317;4;1;24973
1;1913;588460;3279;99190;0;317;4;1;10289
1;1914;588693;3279;99190;0;317;4;1;18404
1;1915;589025;3279;99190;0;317;4;1;59627
1;1916;589343;3279;99190;0;317;4;1;56782
1;1917;589685;3279;99190;0;317;4;1;18727
1;1918;589911;3279;99189;0;317;4;1;26810
1;1919;590229;3279;99190;0;317;4;1;53171
1;1920;590543;3279;99189;0;317;4;1;13998
1;1921;590899;3279;99190;0;317;4;1;15975
1;1922;591214;3279;99191;0;317;4;1;36469
1;1923;591528;3279;99191;0;317;4;1;21095
1;1924;591883;3279;99191;0;317;4;1;17514
1;1925;592198;3280;99191;0;317;4;1;18889
1;1926;592532;3280;99190;0;317;4;1;48132
1;1927;592848;3280;99191;0;317;4;1;10746
1;1928;593087;3280;99192;0;317;4;1;53711
1;1929;593418;3280;99192;0;317;4;1;52952
1;1930;593838;3280;99192;0;317;4;1;39806
1;1931;594071;3280;99192;0;317;4;1;43648
1;1932;594297;3280;99193;0;317;4;1;45472
1;1933;594612;3280;99194;0;317;4;1;41854
1;1934;594934;3280;99196;0;317;4;1;53614
1;1935;595182;3280;99196;0;317;4;1;65279
1;1936;595496;3281;99198;0;317;4;1;11130
1;1937;595816;3281;99198;0;317;4;1;9541
1;1938;596041;3281;99199;0;317;4;1;56054
1;1939;596275;3281;99199;0;317;4;1;20510
1;1940;596589;3281;99200;0;317;4;1;47134
1;1941;596925;3281;99200;0;317;4;1;22568
1;1942;597239;3281;99201;0;317;4;1;17454
1;1943;597472;3281;99202;0;317;4;1;9792
1;1944;597803;3281;99202;0;317;4;1;62002
1;1945;598118;3281;99203;0;317;4;1;17438
1;1946;598460;3281;99205;0;317;4;1;24343
1;1947;598791;3281;99206;0;317;4;1;56742
1;1948;599106;3281;99207;0;317;4;1;31745
1;1949;599421;3281;99207;0;317;4;1;56711
1;1950;599775;3281;99207;0;317;4;1;43524
1;1951;600094;3282;99206;0;317;4;1;10791
1;1952;600424;3282;99206;0;317;4;1;16526
1;1953;600767;3282;99206;0;317;4;1;37503
1;1954;601085;3282;99206;0;317;4;1;4507
1;1955;601311;3282;99205;0;317;4;1;49703
1;1956;601757;3282;99204;0;317;4;1;14808
1;1957;602072;3282;99203;0;317;4;1;19760
1;1958;602297;3282;99204;0;317;4;1;6265
1;1959;602721;3282;99204;0;317;4;1;38674
1;1960;602955;3282;99204;0;317;4;1;4033
1;1961;603180;3282;99204;0;317;4;1;36841
1;1962;603495;3283;99205;0;317;4;1;1749
1;1963;603815;3283;99205;0;317;4;1;47243
1;1964;604064;3283;99205;0;318;4;1;46796
1;1965;604378;3283;99205;0;318;4;1;60698
1;1966;604697;3283;99205;0;318;4;1;26201
1;1967;604923;3283;99205;0;317;4;1;50014
1;1968;605156;3283;99204;0;317;4;1;49904
1;1969;605474;3283;99205;0;317;4;1;61021
1;1970;605700;3283;99205;0;317;4;1;10846
1;1971;606016;3283;99204;0;317;4;1;49056
1;1972;606250;3283;99203;0;317;4;1;57084
1;1973;606689;3283;99202;0;318;4;1;41062
1;1974;607004;3283;99202;0;318;4;1;60538
1;1975;607237;3283;99202;0;318;4;1;54025
1;1976;607463;3283;99201;0;318;4;1;37912
1;1977;607786;3283;99195;0;318;4;1;26141
1;1978;608105;3283;99197;0;318;4;1;1263
1;1979;608353;3283;99199;0;318;4;1;33865
1;1980;608669;3283;99200;0;318;4;1;49646
1;1981;608984;3283;99201;0;318;4;1;1179
1;1982;609213;3283;99201;0;318;4;1;51667
1;1983;609447;3283;99200;0;318;4;1;8143
1;1984;609763;3283;99200;0;318;4;1;47061
1;1985;610093;3283;99200;0;318;4;1;17651
1;1986;610411;3283;99201;0;318;4;1;44770
1;1987;610645;3283;99201;0;318;4;1;8070
1;1988;610976;3283;99200;0;318;4;1;60664
1;1989;611290;3283;99200;0;318;4;1;26128
1;1990;611629;3283;99200;0;318;4;1;3082
1;1991;611862;3283;99199;0;318;4;1;5990
1;1992;612177;3283;99200;0;318;4;1;42690
1;1993;612597;3283;99199;0;318;4;1;14158
1;1994;612850;3284;99198;0;318;4;1;36229
1;1995;613168;3284;99197;0;318;4;1;49857
1;1996;613603;3284;99195;0;318;4;1;50846
1;1997;613837;3284;99194;0;318;4;1;45490
1;1998;614152;3284;99194;0;318;4;1;22717
1;1999;614595;3284;99194;0;318;4;1;42140
1;2000;614933;3284;99193;0;318;4;1;62002
1;2001;615247;3284;99194;0;318;4;1;15394
1;2002;615578;3284;99194;0;318;4;1;58330
1;2003;615900;3284;99194;0;318;4;1;36777
1;2004;616133;3284;99194;0;318;4;1;54280
1;2005;616359;3284;99193;0;318;4;1;48907
1;2006;616674;3284;99194;0;318;4;1;59269
1;2007;616994;3284;99194;0;318;4;1;61951
1;2008;617243;3284;99194;0;318;4;1;17931
1;2009;617557;3284;99194;0;318;4;1;28115
1;2010;617872;3284;99194;0;318;4;1;27793
1;2011;618098;3285;99194;0;318;4;1;35434
1;2012;618334;3285;99193;0;318;4;1;38961
1;2013;618649;3285;99193;0;318;4;1;59036
1;2014;618875;3285;99193;0;318;4;1;43378
1;2015;619189;3285;99195;0;318;4;1;21187
1;2016;619531;3285;99195;0;318;4;1;24553
1;2017;619760;3285;99196;0;318;4;1;46194
1;2018;620075;3285;99195;0;318;4;1;36765
1;2019;620523;3285;99195;0;318;4;1;29098
1;2020;620753;3286;99195;0;318;4;1;31197
1;2021;621067;3286;99196;0;318;4;1;65231
1;2022;621526;3286;99195;0;5438;4;1;40567
1;2023;621841;3286;99195;0;5438;4;1;31345
1;2024;622155;3286;99196;0;5438;4;1;53617
1;2025;622486;3286;99196;0;318;4;1;13419
1;2026;622724;3286;99195;0;318;4;1;51278
1;2027;623039;3286;99195;0;318;4;1;10816
1;2028;623267;3286;99195;0;318;4;1;8843
1;2029;623587;3286;99195;0;318;4;1;11444
1;2030;623820;3287;99195;0;318;4;1;47860
1;2031;624151;3287;99196;0;318;4;1;11524
1;2032;624466;3287;99196;0;318;4;1;13362
1;2033;624804;3287;99196;0;318;4;1;23412
1;2034;625030;3287;99196;0;318;4;1;40086
1;2035;625453;3287;99196;0;318;4;1;30940
1;2036;625768;3287;99195;0;318;4;1;10383
1;2037;626021;3287;99195;0;318;4;1;35534
1;2038;626440;3287;99195;0;318;4;1;10459
1;2039;626771;3287;99195;0;318;4;1;31975
1;2040;627004;3287;99195;0;318;4;1;53082
1;2041;627431;3288;99195;0;318;4;1;6241
1;2042;627657;3288;99195;0;318;4;1;6939
1;2043;627977;3288;99194;0;318;4;1;22010
1;2044;628210;3288;99194;0;318;4;1;29660
1;2045;628544;3288;99194;0;5439;4;1;25954
1;2046;628859;3288;99194;0;5439;4;1;64077
1;2047;629197;3288;99193;0;5439;4;1;17611
1;2048;629423;3288;99194;0;318;4;1;25208
1;2049;629737;3288;99194;0;318;4;1;3595
1;2050;630052;3288;99195;0;318;4;1;14479
1;2051;630406;3288;99195;0;318;4;1;58131
1;2052;630725;3288;99197;0;318;4;1;51710
1;2053;631043;3288;99198;0;318;4;1;12667
1;2054;631399;3288;99198;0;318;4;1;44216
1;2055;631714;3288;99198;0;318;4;1;485
1;2056;632045;3288;99198;0;318;4;1;20193
1;2057;632360;3289;99199;0;318;4;1;38619
1;2058;632593;3289;99198;0;318;4;1;8519
1;2059;632924;3289;99199;0;318;4;1;62069
1;2060;633348;3289;99198;0;318;4;1;45407
1;2061;633584;3289;99198;0;318;4;1;34503
1;2062;633813;3289;99198;0;318;4;1;13195
1;2063;634128;3289;99198;0;318;4;1;63049
1;2064;634444;3289;99197;0;318;4;1;24095
1;2065;634693;3289;99198;0;318;4;1;50988
1;2066;635012;3289;99198;0;318;4;1;30674
1;2067;635327;3289;99198;0;318;4;1;38364
1;2068;635553;3289;99198;0;318;4;1;48339
1;2069;635787;3289;99197;0;318;4;1;10436
1;2070;636106;3289;99198;0;318;4;1;8775
1;2071;636440;3289;99198;0;318;4;1;3064
1;2072;636755;3289;99198;0;318;4;1;51151
1;2073;636989;3289;99197;0;318;4;1;47466
1;2074;637319;3289;99198;0;318;4;1;28523
1;2075;637633;3289;99198;0;318;4;1;17265
1;2076;637972;3289;99197;0;318;4;1;1096
1;2077;638302;3289;99197;0;318;4;1;44195
1;2078;638621;3289;99196;0;318;4;1;22413
1;2079;638940;3289;99196;0;318;4;1;18768
1;2080;639298;3289;99197;0;318;4;1;22658
1;2081;639613;3289;99198;0;318;4;1;49559
1;2082;639943;3289;99198;0;318;4;1;28524
1;2083;640286;3289;99198;0;318;4;1;28727
1;2084;640601;3289;99197;0;318;4;1;53301
1;2085;640827;3289;99198;0;318;4;1;47926
1;2086;641270;3290;99198;0;318;4;1;9215
1;2087;641588;3290;99198;0;318;4;1;5185
1;2088;641818;3290;99197;0;318;4;1;47072
1;2089;642238;3290;99196;0;318;4;1;22187
1;2090;642473;3290;99195;0;318;4;1;51613
1;2091;642702;3290;99196;0;318;4;1;39134
1;2092;643018;3290;99195;0;318;4;1;6356
1;2093;643333;3290;99196;0;318;4;1;24816
1;2094;643584;3290;99195;0;318;4;1;32874
1;2095;643903;3290;99195;0;318;4;1;8684
1;2096;644218;3290;99194;0;318;4;1;8232
1;2097;644447;3290;99194;0;318;4;1;14715
1;2098;644681;3290;99194;0;318;4;1;57211
1;2099;644996;3290;99194;0;318;4;1;62774
1;2100;645222;3290;99194;0;318;4;1;9209
1;2101;645536;3291;99195;0;318;4;1;8872
1;2102;645770;3291;99196;0;318;4;1;2958
1;2103;646206;3291;99196;0;318;4;1;33961
1;2104;646524;3291;99196;0;318;4;1;57196
1;2105;646758;3291;99196;0;318;4;1;20971
1;2106;646991;3291;99197;0;318;4;1;63606
1;2107;647307;3291;99196;0;318;4;1;10656
1;2108;647622;3291;99197;0;318;4;1;53164
1;2109;647870;3291;99197;0;318;4;1;9449
1;2110;648186;3291;99196;0;318;4;1;7432
1;2111;648501;3291;99197;0;318;4;1;42583
1;2112;648726;3291;99197;0;318;4;1;30860
1;2113;648960;3291;99197;0;318;4;1;29434
1;2114;649282;3291;99197;0;318;4;1;8224
1;2115;649612;3291;99198;0;318;4;1;17329
1;2116;649930;3291;99197;0;318;4;1;62289
1;2117;650166;3291;99198;0;318;4;1;25359
1;2118;650496;3291;99198;0;318;4;1;25075
1;2119;650810;3291;99197;0;318;4;1;43916
1;2120;651150;3291;99197;0;318;4;1;14346
1;2121;651375;3291;99197;0;318;4;1;6377
1;2122;651690;3291;99197;0;318;4;1;6571
1;2123;652114;3291;99197;0;318;4;1;43714
1;2124;652363;3291;99196;0;318;4;1;43512
1;2125;652677;3291;99197;0;318;4;1;27354
1;2126;653114;3291;99197;0;318;4;1;32518
1;2127;653347;3291;99197;0;318;4;1;20976
1;2128;653661;3291;99197;0;318;4;1;56563
1;2129;654102;3292;99197;0;318;4;1;18111
1;2130;654439;3292;99196;0;318;4;1;52876
1;2131;654760;3292;99196;0;318;4;1;50437
1;2132;655091;3292;99197;0;318;4;1;7981
1;2133;655406;3292;99197;0;318;4;1;20505
1;2134;655639;3292;99197;0;318;4;1;16332
1;2135;655865;3292;99197;0;318;4;1;45185
1;2136;656185;3292;99198;0;318;4;1;43583
1;2137;656500;3292;99198;0;318;4;1;45249
1;2138;656749;3292;99198;0;318;4;1;58134
1;2139;657064;3292;99198;0;318;4;1;3618
1;2140;657388;3292;99197;0;318;4;1;57199
1;2141;657617;3292;99197;0;318;4;1;36371
1;2142;657851;3292;99197;0;318;4;1;46821
1;2143;658167;3292;99198;0;318;4;1;17617
1;2144;658392;3292;99197;0;318;4;1;42869
1;2145;658706;3292;99197;0;318;4;1;38665
1;2146;659046;3292;99197;0;318;4;1;5323
1;2147;659271;3292;99197;0;318;4;1;19984
1;2148;659586;3292;99196;0;318;4;1;11568
1;2149;660036;3293;99197;0;318;4;1;50220
1;2150;660261;3293;99197;0;318;4;1;19180
1;2151;660575;3293;99197;0;318;4;1;191
1;2152;661035;3293;99197;0;319;4;1;22825
1;2153;661349;3293;99198;0;319;4;1;51888
1;2154;661667;3294;99198;0;319;4;1;58447
1;2155;661999;3294;99199;0;319;4;1;63137
1;2156;662233;3294;99199;0;319;4;1;25788
1;2157;662551;3294;99199;0;319;4;1;5960
1;2158;662776;3294;99199;0;319;4;1;9464
1;2159;663096;3294;99199;0;319;4;1;12930
1;2160;663329;3294;99199;0;319;4;1;35113
1;2161;663660;3295;99200;0;319;4;1;6948
1;2162;663980;3295;99199;0;319;4;1;61447
1;2163;664318;3295;99199;0;319;4;1;33172
1;2164;664544;3295;99199;0;319;4;1;59634
1;2165;664969;3295;99199;0;319;4;1;9634
1;2166;665287;3295;99199;0;319;4;1;8887
1;2167;665540;3295;99198;0;319;4;1;48611
1;2168;665960;3295;99197;0;319;4;1;46740
1;2169;666290;3295;99198;0;319;4;1;51429
1;2170;666524;3295;99198;0;319;4;1;52127
1;2171;666944;3295;99199;0;319;4;1;24551
1;2172;667170;3295;99199;0;319;4;1;59511
1;2173;667485;3295;99199;0;319;4;1;12789
1;2174;667722;3295;99199;0;319;4;1;30026
1;2175;668058;3295;99198;0;319;4;1;19765
1;2176;668372;3295;99199;0;319;4;1;18706
1;2177;668710;3296;99200;0;319;4;1;40952
1;2178;668937;3296;99200;0;319;4;1;35936
1;2179;669255;3296;99199;0;319;4;1;40545
1;2180;669570;3296;99198;0;319;4;1;3957
1;2181;669924;3296;99198;0;319;4;1;36410
1;2182;670240;3296;99198;0;319;4;1;30679
1;2183;670560;3296;99199;0;319;4;1;41377
1;2184;671203;3296;99199;0;319;4;1;2581
1;2185;671423;3296;99199;0;319;4;1;40666
1;2186;671648;3296;99198;0;319;4;1;30472
1;2187;671869;3296;99198;0;319;4;1;31564
1;2188;672184;3296;99197;0;319;4;1;19179
1;2189;672439;3296;99197;0;320;4;1;61816
1;2190;672859;3296;99197;0;320;4;1;13141
1;2191;673182;3297;99198;0;320;4;1;41873
1;2192;673432;3297;99198;0;320;4;1;46060
1;2193;673852;3297;99197;0;320;4;1;19381
1;2194;674187;3297;99198;0;320;4;1;18894
1;2195;674524;3297;99198;0;320;4;1;27447
1;2196;674840;3297;99199;0;320;4;1;33374
1;2197;675066;3297;99199;0;321;4;1;25562
1;2198;675382;3297;99199;0;321;4;1;7463
1;2199;675615;3297;99199;0;321;4;1;49388
1;2200;675950;3297;99198;0;320;4;1;2080
1;2201;676265;3297;99199;0;320;4;1;23792
1;2202;676584;3297;99199;0;320;4;1;44635
1;2203;676834;3297;99198;0;320;4;1;42749
1;2204;677152;3297;99198;0;320;4;1;62865
1;2205;677467;3297;99199;0;320;4;1;63419
1;2206;677821;3297;99198;0;320;4;1;9108
1;2207;678137;3297;99198;0;320;4;1;48925
1;2208;678455;3297;99199;0;320;4;1;45227
1;2209;678786;3297;99199;0;320;4;1;18417
1;2210;679022;3297;99200;0;320;4;1;38131
1;2211;679341;3297;99200;0;320;4;1;23522
1;2212;679566;3297;99199;0;320;4;1;15775
1;2213;679886;3297;99199;0;320;4;1;13216
1;2214;680120;3297;99199;0;320;4;1;26095
1;2215;680346;3297;99200;0;320;4;1;46873
1;2216;680769;3297;99198;0;320;4;1;7208
1;2217;681111;3297;99199;0;320;4;1;34464
1;2218;681337;3297;99199;0;320;4;1;3542
1;2219;681758;3297;99199;0;320;4;1;42248
1;2220;682092;3297;99198;0;320;4;1;17799
1;2221;682326;3297;99200;0;320;4;1;54825
1;2222;682746;3297;99200;0;320;4;1;17654
1;2223;682972;3297;99199;0;320;4;1;54664
1;2224;683310;3297;99199;0;320;4;1;1156
1;2225;683734;3297;99199;0;320;4;1;8137
1;2226;683960;3297;99199;0;320;4;1;25783
1;2227;684275;3297;99198;0;320;4;1;63171
1;2228;684512;3297;99198;0;320;4;1;19423
1;2229;684742;3297;99198;0;320;4;1;9155
1;2230;685058;3297;99197;0;320;4;1;8710
1;2231;685372;3297;99197;0;320;4;1;37730
1;2232;685727;3297;99198;0;320;4;1;21720
1;2233;686042;3297;99198;0;320;4;1;2445
1;2234;686361;3297;99198;0;320;4;1;5017
1;2235;686716;3297;99198;0;320;4;1;12967
1;2236;687031;3297;99198;0;320;4;1;40614
1;2237;687361;3297;99197;0;320;4;1;18623
1;2238;687706;3297;99198;0;320;4;1;31291
1;2239;688021;3297;99198;0;320;4;1;29106
1;2240;688248;3297;99198;0;320;4;1;45609
1;2241;688667;3297;99198;0;320;4;1;22911
1;2242;688905;3297;99198;0;320;4;1;48286
1;2243;689131;3297;99198;0;320;4;1;63307
1;2244;689445;3297;99197;0;320;4;1;6213
1;2245;689761;3297;99197;0;320;4;1;5531
1;2246;690010;3297;99197;0;320;4;1;23434
1;2247;690329;3297;99198;0;320;4;1;15711
1;2248;690645;3297;99198;0;320;4;1;33734
1;2249;690871;3297;99198;0;320;4;1;53334
1;2250;691104;3297;99198;0;320;4;1;26333
1;2251;691423;3297;99198;0;320;4;1;32740
1;2252;691754;3297;99198;0;320;4;1;64759
1;2253;692092;3297;99197;0;320;4;1;63103
1;2254;692411;3297;99197;0;320;4;1;9421
1;2255;692637;3297;99197;0;320;4;1;3256
1;2256;692951;3297;99197;0;320;4;1;41049
1;2257;693188;3297;99198;0;320;4;1;33215
1;2258;693623;3297;99197;0;320;4;1;43219
1;2259;693943;3297;99197;0;320;4;1;5773
1;2260;694281;3297;99197;0;320;4;1;51963
1;2261;694612;3297;99197;0;320;4;1;3775
1;2262;694927;3297;99197;0;320;4;1;46281
1;2263;695258;3297;99197;0;320;4;1;63389
1;2264;695600;3297;99197;0;320;4;1;36829
1;2265;695920;3297;99198;0;320;4;1;47473
1;2266;696146;3297;99198;0;320;4;1;32403
1;2267;696596;3297;99198;0;320;4;1;3812
1;2268;696912;3297;99198;0;320;4;1;59194
1;2269;697138;3297;99198;0;2880;4;1;40040
1;2270;697581;3297;99198;0;2880;4;1;58692
1;2271;697912;3297;99197;0;320;4;1;44548
1;2272;698227;3297;99197;0;320;4;1;13012
1;2273;698546;3297;99197;0;320;4;1;3391
1;2274;698796;3297;99197;0;320;4;1;11334
1;2275;699111;3297;99198;0;320;4;1;44252
1;2276;699535;3297;99197;0;320;4;1;60820
1;2277;699784;3297;99197;0;320;4;1;59649
1;2278;700100;3297;99196;0;320;4;1;6041
1;2279;700539;3297;99196;0;320;4;1;7175
1;2280;700878;3297;99196;0;320;4;1;40803
1;2281;701193;3297;99196;0;320;4;1;64439
1;2282;701528;3297;99196;0;320;4;1;38863
1;2283;701843;3297;99196;0;320;4;1;57294
1;2284;702079;3297;99195;0;320;4;1;21687
1;2285;702305;3297;99195;0;320;4;1;55761
1;2286;702620;3297;99195;0;320;4;1;44222
1;2287;702935;3297;99195;0;320;4;1;5303
1;2288;703187;3297;99195;0;320;4;1;9486
1;2289;703506;3297;99195;0;320;4;1;41796
1;2290;703825;3297;99195;0;320;4;1;12354
1;2291;704051;3297;99195;0;320;4;1;25554
1;2292;704288;3297;99194;0;320;4;1;1671
1;2293;704607;3297;99195;0;320;4;1;16196
1;2294;704938;3297;99197;0;320;4;1;60913
1;2295;705276;3297;99197;0;320;4;1;57322
1;2296;705591;3297;99196;0;320;4;1;21251
1;2297;705817;3297;99196;0;320;4;1;64614
1;2298;706132;3297;99197;0;320;4;1;4636
1;2299;706471;3297;99196;0;320;4;1;10055
1;2300;706700;3297;99196;0;320;4;1;61046
1;2301;707016;3297;99197;0;320;4;1;31624
1;2302;707463;3297;99197;0;320;4;1;50267
1;2303;707689;3297;99197;0;320;4;1;9097
1;2304;708008;3297;99198;0;320;4;1;13043
1;2305;708444;3297;99197;0;320;4;1;15864
1;2306;708678;3297;99196;0;320;4;1;30068
1;2307;708993;3297;99197;0;320;4;1;8612
1;2308;709433;3297;99197;0;320;4;1;3785
1;2309;709669;3297;99197;0;320;4;1;25296
1;2310;709984;3297;99197;0;320;4;1;37786
1;2311;710210;3297;99198;0;320;4;1;49396
1;2312;710526;3297;99198;0;320;4;1;9322
1;2313;710759;3297;99199;0;320;4;1;53973
1;2314;711089;3297;99199;0;320;4;1;64688
1;2315;711409;3297;99198;0;320;4;1;27311
1;2316;711724;3297;99198;0;320;4;1;53884
1;2317;711975;3297;99198;0;320;4;1;4721
1;2318;712406;3297;99198;0;320;4;1;13009
1;2319;712721;3297;99198;0;320;4;1;41548
1;2320;712977;3297;99198;0;320;4;1;36884
1;2321;713398;3297;99197;0;320;4;1;24600
1;2322;713728;3297;99198;0;340;4;1;38722
1;2323;714066;3297;99198;0;340;4;1;42680
1;2324;714382;3297;99198;0;340;4;1;9855
1;2325;714607;3297;99199;0;320;4;1;41405
1;2326;714927;3297;99199;0;320;4;1;8875
1;2327;715166;3297;99199;0;320;4;1;26225
1;2328;715497;3297;99199;0;320;4;1;3252
1;2329;715811;3297;99199;0;320;4;1;15560
1;2330;716131;3297;99199;0;320;4;1;40680
1;2331;716380;3296;99199;0;319;4;1;16923
1;2332;716694;3296;99198;0;319;4;1;9905
1;2333;717009;3296;99196;0;319;4;1;2215
1;2334;717364;3296;99195;0;319;4;1;62487
1;2335;717685;3296;99194;0;319;4;1;12931
1;2336;718000;3296;99193;0;319;4;1;838
1;2337;718331;3296;99193;0;319;4;1;47951
1;2338;718565;3296;99193;0;319;4;1;55903
1;2339;718880;3296;99192;0;319;4;1;54865
1;2340;719106;3296;99192;0;319;4;1;22956
1;2341;719426;3296;99192;0;319;4;1;6138
1;2342;719661;3296;99191;0;319;4;1;63317
1;2343;719887;3296;99192;0;1599;4;1;34317
1;2344;720311;3296;99192;0;1599;4;1;53523
1;2345;720653;3296;99192;0;1599;4;1;15290
1;2346;720879;3296;99192;0;319;4;1;36189
1;2347;721300;3296;99192;0;319;4;1;8694
1;2348;721629;3296;99192;0;319;4;1;7250
1;2349;721863;3296;99191;0;319;4;1;22927
1;2350;722284;3296;99192;0;319;4;1;6715
1;2351;722510;3296;99192;0;319;4;1;12719
1;2352;722853;3296;99192;0;319;4;1;463
1;2353;723278;3296;99193;0;319;4;1;54431
1;2354;723503;3296;99192;0;319;4;1;49791
1;2355;723821;3296;99192;0;319;4;1;60804
1;2356;724055;3296;99192;0;319;4;1;15315
1;2357;724282;3296;99191;0;319;4;1;22183
1;2358;724596;3296;99191;0;319;4;1;20914
1;2359;724911;3296;99190;0;319;4;1;57339
1;2360;725266;3295;99189;0;319;4;1;1003
1;2361;725585;3295;99189;0;319;4;1;31899
1;2362;725903;3295;99190;0;319;4;1;44308
1;2363;726259;3295;99190;0;319;4;1;34059
1;2364;726573;3295;99190;0;319;4;1;35884
1;2365;726904;3295;99190;0;319;4;1;53112
1;2366;727246;3294;99190;0;319;4;1;12614
1;2367;727564;3294;99190;0;319;4;1;1784
1;2368;727790;3294;99190;0;319;4;1;43136
1;2369;728214;3294;99190;0;319;4;1;27443
1;2370;728448;3294;99190;0;319;4;1;52570
1;2371;728673;3294;99190;0;319;4;1;24548
1;2372;728992;3294;99190;0;319;4;1;21809
1;2373;729308;3294;99190;0;319;4;1;2485
1;2374;729557;3294;99190;0;319;4;1;17507
1;2375;729872;3294;99190;0;319;4;1;371
1;2376;730189;3294;99189;0;319;4;1;2376
1;2377;730414;3294;99190;0;319;4;1;29353
1;2378;730651;3294;99190;0;319;4;1;39309
1;2379;730967;3294;99190;0;319;4;1;21290
1;2380;731306;3294;99190;0;319;4;1;28250
1;2381;731643;3294;99191;0;319;4;1;46799
1;2382;731959;3294;99192;0;319;4;1;17153
1;2383;732185;3294;99191;0;319;4;1;42988
1;2384;732499;3294;99190;0;319;4;1;37677
1;2385;732733;3294;99190;0;319;4;1;1061
1;2386;733173;3293;99190;0;319;4;1;7864
1;2387;733487;3293;99190;0;319;4;1;586
1;2388;733827;3293;99190;0;319;4;1;55434
1;2389;734159;3293;99190;0;319;4;1;4653
1;2390;734477;3293;99190;0;319;4;1;2398
1;2391;734807;3293;99190;0;319;4;1;65501
1;2392;735157;3293;99191;0;319;4;1;45147
1;2393;735475;3293;99190;0;319;4;1;54623
1;2394;735703;3293;99190;0;319;4;1;28913
1;2395;736156;3293;99191;0;319;4;1;63740
1;2396;736474;3293;99190;0;319;4;1;26749
1;2397;736702;3293;99190;0;319;4;1;6600
1;2398;737156;3293;99191;0;319;4;1;30527
1;2399;737490;3293;99192;0;318;4;1;7207
1;2400;737808;3293;99192;0;318;4;1;3904
1;2401;738127;3293;99194;0;318;4;1;19059
1;2402;738379;3293;99194;0;319;4;1;47413
1;2403;738701;3292;99194;0;319;4;1;24621
1;2404;739127;3293;99195;0;319;4;1;62382
1;2405;739382;3292;99196;0;318;4;1;33478
1;2406;739704;3292;99197;0;318;4;1;7667
1;2407;740149;3292;99197;0;319;4;1;34218
1;2408;740490;3292;99197;0;319;4;1;24737
1;2409;740809;3292;99197;0;319;4;1;24504
1;2410;741144;3292;99197;0;318;4;1;16751
1;2411;741466;3292;99197;0;318;4;1;40096
1;2412;741702;3292;99197;0;318;4;1;54274
1;2413;741930;3292;99197;0;318;4;1;25294
1;2414;742249;3292;99196;0;318;4;1;10625
1;2415;742571;3292;99195;0;318;4;1;8052
1;2416;742822;3292;99195;0;318;4;1;63830
1;2417;743142;3292;99195;0;318;4;1;46848
1;2418;743465;3292;99194;0;318;4;1;45509
1;2419;743693;3291;99194;0;318;4;1;29308
1;2420;743933;3291;99194;0;318;4;1;57964
1;2421;744253;3291;99193;0;318;4;1;36076
1;2422;744587;3291;99193;0;318;4;1;9780
1;2423;744933;3291;99195;0;318;4;1;20966
1;2424;745253;3291;99196;0;318;4;1;6687
1;2425;745480;3291;99197;0;318;4;1;59445
1;2426;745798;3291;99199;0;318;4;1;4090
1;2427;746145;3291;99200;0;318;4;1;17923
1;2428;746377;3291;99200;0;318;4;1;28458
1;2429;746695;3290;99199;0;318;4;1;47258
1;2430;747148;3290;99197;0;318;4;1;58482
1;2431;747376;3290;99195;0;318;4;1;3370
1;2432;747697;3290;99194;0;318;4;1;40428
1;2433;748139;3290;99194;0;318;4;1;13123
1;2434;748375;3290;99193;0;318;4;1;30470
1;2435;748693;3290;99192;0;318;4;1;45063
1;2436;749138;3290;99193;0;318;4;1;59546
1;2437;749374;3290;99193;0;318;4;1;7743
1;2438;749692;3290;99193;0;318;4;1;28655
1;2439;749920;3289;99193;0;318;4;1;3304
1;2440;750240;3289;99193;0;318;4;1;50824
1;2441;750475;3289;99193;0;318;4;1;14983
1;2442;750812;3289;99195;0;318;4;1;37888
1;2443;751138;3289;99197;0;318;4;1;46289
1;2444;751457;3289;99198;0;318;4;1;5938
1;2445;751716;3288;99199;0;318;4;1;32375
1;2446;752150;3288;99200;0;318;4;1;36566
1;2447;752469;3288;99201;0;318;4;1;27014
1;2448;752719;3288;99201;0;318;4;1;9136
1;2449;753145;3288;99201;0;318;4;1;58828
1;2450;753483;3288;99201;0;318;4;1;9322
1;2451;753823;3288;99200;0;318;4;1;28644
1;2452;754143;3288;99199;0;318;4;1;15568
1;2453;754375;3288;99198;0;318;4;1;19418
1;2454;754694;3288;99197;0;318;4;1;6517
1;2455;754933;3288;99197;0;318;4;1;23619
1;2456;755269;3287;99196;0;318;4;1;32027
1;2457;755587;3287;99195;0;318;4;1;51421
1;2458;755909;3287;99195;0;318;4;1;55695
1;2459;756161;3287;99194;0;318;4;1;13429
1;2460;756479;3286;99194;0;318;4;1;25627
1;2461;756797;3287;99194;0;318;4;1;38420
1;2462;757158;3287;99195;0;318;4;1;52294
1;2463;757477;3287;99195;0;318;4;1;45878
1;2464;757794;3287;99195;0;318;4;1;16742
1;2465;758134;3287;99195;0;318;4;1;4816
1;2466;758370;3286;99195;0;318;4;1;36983
1;2467;758692;3286;99195;0;318;4;1;3084
1;2468;758924;3286;99195;0;318;4;1;58782
1;2469;759244;3286;99195;0;318;4;1;60321
1;2470;759481;3286;99195;0;318;4;1;30849
1;2471;759712;3286;99194;0;318;4;1;24320
1;2472;760137;3286;99193;0;318;4;1;32537
1;2473;760479;3286;99193;0;318;4;1;48394
1;2474;760707;3286;99193;0;318;4;1;48567
1;2475;761334;3286;99193;0;318;4;1;43646
1;2476;761556;3286;99193;0;318;4;1;26090
1;2477;761785;3286;99194;0;318;4;1;64343
1;2478;762210;3285;99194;0;318;4;1;53993
1;2479;762441;3285;99194;0;318;4;1;28303
1;2480;762661;3285;99194;0;318;4;1;56393
1;2481;762897;3285;99194;0;318;4;1;2882
1;2482;763219;3285;99194;0;318;4;1;34982
1;2483;763447;3285;99193;0;318;4;1;49536
1;2484;763764;3285;99193;0;318;4;1;6809
1;2485;763999;3285;99193;0;318;4;1;14248
1;2486;764228;3285;99193;0;318;4;1;17851
1;2487;764546;3285;99193;0;318;4;1;39337
1;2488;764863;3285;99194;0;318;4;1;5423
1;2489;765231;3285;99194;0;318;4;1;58754
1;2490;765549;3285;99194;0;318;4;1;9743
1;2491;765866;3285;99194;0;318;4;1;43670
1;2492;766224;3284;99194;0;318;4;1;21249
1;2493;766545;3284;99195;0;318;4;1;54780
1;2494;766878;3284;99194;0;1598;4;1;64270
1;2495;767222;3284;99195;0;1598;4;1;22225
1;2496;767540;3284;99196;0;1598;4;1;44415
1;2497;767771;3284;99197;0;318;4;1;39836
1;2498;768199;3284;99196;0;318;4;1;6746
1;2499;768435;3284;99195;0;318;4;1;23635
1;2500;768662;3284;99195;0;318;4;1;57705
1;2501;768980;3284;99195;0;318;4;1;52882
1;2502;769303;3284;99195;0;318;4;1;50435
1;2503;769554;3284;99195;0;318;4;1;41019
1;2504;769872;3283;99196;0;318;4;1;6219
1;2505;770195;3283;99196;0;318;4;1;61266
1;2506;770429;3283;99196;0;318;4;1;25636
1;2507;770664;3283;99196;0;318;4;1;7965
1;2508;770982;3283;99196;0;318;4;1;57462
1;2509;771317;3283;99196;0;318;4;1;469
1;2510;771658;3283;99196;0;318;4;1;5129
1;2511;771976;3283;99196;0;318;4;1;52218
1;2512;772204;3283;99195;0;318;4;1;63143
1;2513;772522;3283;99196;0;318;4;1;17249
1;2514;772758;3283;99196;0;318;4;1;16311
1;2515;773206;3282;99196;0;317;4;1;686
1;2516;773524;3282;99196;0;317;4;1;14685
1;2517;773865;3282;99195;0;317;4;1;43215
1;2518;774209;3282;99195;0;318;4;1;36147
1;2519;774527;3282;99194;0;318;4;1;58398
1;2520;774860;3282;99194;0;318;4;1;17759
1;2521;775203;3282;99194;0;318;4;1;6731
1;2522;775521;3282;99194;0;318;4;1;39343
1;2523;775754;3281;99194;0;317;4;1;1214
1;2524;776202;3281;99194;0;317;4;1;38811
1;2525;776521;3281;99194;0;317;4;1;43138
1;2526;776748;3281;99194;0;637;4;1;44823
1;2527;777196;3281;99194;0;637;4;1;20768
1;2528;777530;3281;99194;0;317;4;1;5544
1;2529;777847;3281;99194;0;317;4;1;36740
1;2530;778165;3281;99194;0;317;4;1;64616
1;2531;778423;3281;99194;0;317;4;1;8119
1;2532;778739;3281;99194;0;317;4;1;46592
1;2533;779163;3280;99193;0;317;4;1;55033
1;2534;779414;3280;99193;0;317;4;1;6172
1;2535;779732;3280;99193;0;317;4;1;14311
1;2536;780176;3280;99194;0;317;4;1;40665
1;2537;780517;3280;99193;0;317;4;1;18507
1;2538;780835;3280;99193;0;317;4;1;36962
1;2539;781177;3280;99192;0;317;4;1;65217
1;2540;781495;3280;99192;0;317;4;1;49425
1;2541;781731;3280;99192;0;317;4;1;60067
1;2542;781959;3280;99192;0;317;4;1;3940
1;2543;782282;3280;99192;0;317;4;1;54561
1;2544;782599;3279;99192;0;317;4;1;14073
1;2545;782851;3280;99192;0;317;4;1;38085
1;2546;783170;3280;99192;0;317;4;1;9735
1;2547;783488;3279;99192;0;317;4;1;61097
1;2548;783722;3279;99192;0;317;4;1;28232
1;2549;783958;3279;99192;0;317;4;1;48769
1;2550;784277;3279;99193;0;317;4;1;1478
1;2551;784611;3279;99193;0;317;4;1;39560
1;2552;784952;3279;99193;0;317;4;1;20731
1;2553;785271;3279;99193;0;317;4;1;43898
1;2554;785499;3279;99193;0;317;4;1;18815
1;2555;785816;3279;99194;0;317;4;1;65172
1;2556;786167;3279;99194;0;317;4;1;40318
1;2557;786402;3279;99194;0;317;4;1;42542
1;2558;786720;3279;99193;0;317;4;1;19954
1;2559;787168;3279;99193;0;317;4;1;62380
1;2560;787396;3279;99193;0;317;4;1;36107
1;2561;787713;3278;99192;0;317;4;1;54755
1;2562;788154;3278;99191;0;317;4;1;41120
1;2563;788390;3278;99191;0;317;4;1;3074
1;2564;788707;3278;99190;0;317;4;1;48160
1;2565;789152;3278;99190;0;317;4;1;27508
1;2566;789391;3278;99190;0;317;4;1;30956
1;2567;789708;3278;99189;0;317;4;1;65460
1;2568;789940;3278;99190;0;317;4;1;22620
1;2569;790260;3278;99189;0;317;4;1;28400
1;2570;790495;3278;99189;0;317;4;1;16096
1;2571;790828;3277;99188;0;957;4;1;20918
1;2572;791151;3277;99188;0;957;4;1;51910
1;2573;791469;3277;99188;0;957;4;1;5429
1;2574;791724;3277;99189;0;317;4;1;2233
1;2575;792153;3277;99189;0;317;4;1;28586
1;2576;792471;3277;99189;0;317;4;1;12450
1;2577;793386;3277;99189;0;317;4;1;31131
1;2578;793614;3277;99189;0;317;4;1;7310
1;2579;793932;3276;99189;0;317;4;1;30230
1;2580;794396;3276;99189;0;316;4;1;49204
1;2581;794717;3276;99189;0;316;4;1;27337
1;2582;795040;3276;99190;0;316;4;1;46690
1;2583;795378;3276;99190;0;317;4;1;28064
1;2584;795615;3276;99190;0;317;4;1;34781
1;2585;795932;3276;99190;0;317;4;1;8275
1;2586;796160;3276;99190;0;316;4;1;51926
1;2587;796479;3276;99190;0;316;4;1;27472
1;2588;796715;3276;99190;0;316;4;1;30172
1;2589;797048;3276;99190;0;316;4;1;21700
1;2590;797268;3276;99190;0;316;4;1;13843
1;2591;797586;3276;99190;0;316;4;1;43624
1;2592;797826;3276;99190;0;316;4;1;9776
1;2593;798058;3276;99190;0;316;4;1;25365
1;2594;798376;3276;99190;0;316;4;1;20624
1;2595;798694;3275;99190;0;316;4;1;29179
1;2596;798946;3275;99190;0;316;4;1;21116
1;2597;799371;3275;99190;0;316;4;1;8190
1;2598;799704;3275;99189;0;316;4;1;59907
1;2599;799940;3275;99190;0;316;4;1;65248
1;2600;800368;3275;99189;0;316;4;1;64977
1;2601;800600;3275;99189;0;316;4;1;12536
1;2602;800918;3275;99189;0;316;4;1;22194
1;2603;801155;3275;99188;0;316;4;1;46507
1;2604;801490;3275;99187;0;316;4;1;14499
1;2605;801807;3275;99187;0;316;4;1;25712
1;2606;802153;3275;99186;0;316;4;1;16471
1;2607;802386;3275;99187;0;316;4;1;14969
1;2608;802707;3275;99187;0;316;4;1;37071
1;2609;803025;3275;99186;0;316;4;1;24437
1;2610;803386;3275;99186;0;316;4;1;28452
1;2611;803703;3274;99186;0;316;4;1;61442
1;2612;804021;3274;99185;0;316;4;1;29616
1;2613;804380;3274;99184;0;316;4;1;28279
1;2614;804698;3274;99184;0;316;4;1;44571
1;2615;805031;3274;99184;0;316;4;1;30571
1;2616;805354;3274;99184;0;316;4;1;55568
1;2617;805590;3274;99184;0;316;4;1;2521
1;2618;805932;3274;99183;0;316;4;1;27063
1;2619;806356;3273;99183;0;316;4;1;64822
1;2620;806593;3274;99183;0;316;4;1;44458
1;2621;806820;3273;99183;0;316;4;1;856
1;2622;807139;3273;99183;0;316;4;1;8674
1;2623;807458;3273;99182;0;316;4;1;65331
1;2624;807708;3273;99183;0;316;4;1;29619
1;2625;808030;3273;99182;0;316;4;1;17594
1;2626;808353;3273;99182;0;316;4;1;49455
1;2627;808581;3273;99182;0;316;4;1;35063
1;2628;808820;3273;99182;0;316;4;1;40993
1;2629;809139;3273;99181;0;316;4;1;34172
1;2630;809474;3273;99181;0;316;4;1;30204
1;2631;809795;3273;99182;0;316;4;1;5083
1;2632;810031;3273;99182;0;316;4;1;20987
1;2633;810366;3273;99182;0;316;4;1;20775
1;2634;810687;3272;99182;0;316;4;1;5863
1;2635;811028;3272;99182;0;316;4;1;1764
1;2636;811363;3272;99182;0;316;4;1;48246
1;2637;811685;3273;99182;0;316;4;1;9479
1;2638;812003;3272;99181;0;316;4;1;55538
1;2639;812362;3272;99181;0;316;4;1;40366
1;2640;812680;3272;99181;0;316;4;1;18007
1;2641;813013;3272;99181;0;316;4;1;33299
1;2642;813362;3272;99182;0;316;4;1;40823
1;2643;813684;3272;99182;0;316;4;1;45933
1;2644;813912;3272;99182;0;316;4;1;55756
1;2645;814360;3272;99181;0;316;4;1;51094
1;2646;814682;3272;99181;0;316;4;1;1051
1;2647;814910;3271;99181;0;316;4;1;46332
1;2648;815335;3271;99181;0;316;4;1;17714
1;2649;815572;3272;99182;0;316;4;1;39300
1;2650;815803;3271;99181;0;316;4;1;3033
1;2651;816122;3271;99180;0;316;4;1;52557
1;2652;816441;3271;99180;0;316;4;1;36547
1;2653;816692;3271;99181;0;316;4;1;46242
1;2654;817014;3271;99181;0;316;4;1;14150
1;2655;817333;3271;99181;0;316;4;1;10601
1;2656;817564;3271;99181;0;316;4;1;53371
1;2657;817800;3271;99181;0;316;4;1;48032
1;2658;818118;3272;99181;0;316;4;1;15758
1;2659;818350;3272;99181;0;316;4;1;18456
1;2660;818668;3272;99181;0;316;4;1;33763
1;2661;818905;3272;99182;0;316;4;1;48162
1;2662;819349;3272;99181;0;316;4;1;14909
1;2663;819666;3272;99182;0;316;4;1;15958
1;2664;819905;3272;99181;0;316;4;1;11239
1;2665;820133;3272;99182;0;316;4;1;8872
1;2666;820452;3272;99181;0;316;4;1;10283
1;2667;820770;3272;99181;0;316;4;1;23581
1;2668;821025;3272;99181;0;316;4;1;65280
1;2669;821348;3272;99181;0;316;4;1;29547
1;2670;821666;3272;99181;0;316;4;1;17167
1;2671;821894;3273;99181;0;20796;4;1;14991
1;2672;822130;3273;99180;0;20796;4;1;14617
1;2673;822453;3273;99181;0;20796;4;1;44402
1;2674;822786;3273;99181;0;316;4;1;19077
1;2675;823104;3273;99181;0;316;4;1;25982
1;2676;823342;3273;99181;0;316;4;1;42027
1;2677;823679;3273;99182;0;316;4;1;56333
1;2678;823997;3273;99181;0;316;4;1;38770
1;2679;824342;3273;99181;0;316;4;1;62442
1;2680;824570;3274;99181;0;317;4;1;19625
1;2681;824892;3274;99181;0;317;4;1;14495
1;2682;825321;3274;99181;0;317;4;1;10204
1;2683;825576;3274;99181;0;317;4;1;36923
1;2684;825893;3274;99181;0;317;4;1;46651
1;2685;826338;3274;99181;0;317;4;1;15010
1;2686;826574;3274;99182;0;317;4;1;41053
1;2687;826891;3274;99181;0;317;4;1;40375
1;2688;827332;3274;99181;0;317;4;1;57690
1;2689;827673;3274;99182;0;317;4;1;45544
1;2690;827991;3275;99182;0;317;4;1;62366
1;2691;828330;3275;99182;0;10557;4;1;18781
1;2692;828648;3275;99183;0;10557;4;1;39508
1;2693;828887;3275;99182;0;10557;4;1;58267
1;2694;829118;3275;99182;0;317;4;1;6319
1;2695;829438;3275;99183;0;317;4;1;52953
1;2696;829756;3275;99183;0;317;4;1;7182
1;2697;830007;3275;99182;0;317;4;1;17443
1;2698;830330;3276;99182;0;317;4;1;63601
1;2699;830648;3276;99182;0;317;4;1;59193
1;2700;830881;3276;99181;0;10559;4;1;29189
1;2701;831117;3276;99181;0;10559;4;1;48333
1;2702;831440;3276;99182;0;10559;4;1;44140
1;2703;831667;3276;99182;0;20798;4;1;12452
1;2704;831985;3276;99183;0;20798;4;1;33653
1;2705;832330;3276;99182;0;20798;4;1;41335
1;2706;832558;3276;99182;0;318;4;1;51549
1;2707;832876;3277;99182;0;318;4;1;41925
1;2708;833325;3277;99181;0;318;4;1;51631
1;2709;833556;3277;99181;0;318;4;1;56155
1;2710;833874;3277;99182;0;318;4;1;25549
1;2711;834342;3277;99182;0;318;4;1;58420
1;2712;834659;3277;99182;0;318;4;1;3556
1;2713;834977;3277;99182;0;318;4;1;53783
1;2714;835312;3277;99182;0;318;4;1;16061
1;2715;835548;3277;99182;0;318;4;1;45084
1;2716;835866;3278;99182;0;318;4;1;38894
1;2717;836093;3278;99183;0;318;4;1;22296
1;2718;836317;3278;99182;0;318;4;1;10526
1;2719;836560;3278;99183;0;318;4;1;21270
1;2720;836884;3278;99182;0;318;4;1;31398
1;2721;837112;3278;99182;0;318;4;1;54319
1;2722;837432;3278;99182;0;318;4;1;28234
1;2723;837668;3278;99182;0;318;4;1;5078
1;2724;837896;3279;99182;0;318;4;1;15380
1;2725;838321;3279;99182;0;318;4;1;20415
1;2726;838639;3279;99182;0;318;4;1;5826
1;2727;838890;3279;99182;0;318;4;1;62248
1;2728;839315;3279;99182;0;318;4;1;54421
1;2729;839538;3279;99182;0;318;4;1;1602
1;2730;839800;3279;99182;0;318;4;1;34950
1;2731;840118;3279;99182;0;318;4;1;37869
1;2732;840438;3280;99182;0;318;4;1;61021
1;2733;840665;3280;99182;0;318;4;1;20954
1;2734;840900;3280;99182;0;318;4;1;33086
1;2735;841329;3280;99183;0;318;4;1;18016
1;2736;841557;3280;99183;0;318;4;1;2994
1;2737;841874;3280;99183;0;318;4;1;22037
1;2738;842117;3280;99182;0;318;4;1;14551
1;2739;842345;3281;99182;0;318;4;1;15216
1;2740;842663;3281;99182;0;318;4;1;50203
1;2741;842981;3281;99182;0;318;4;1;11099
1;2742;843339;3282;99184;0;318;4;1;63878
1;2743;843661;3282;99184;0;318;4;1;26109
1;2744;843978;3282;99183;0;318;4;1;1916
1;2745;844338;3282;99183;0;319;4;1;7748
1;2746;844660;3283;99183;0;319;4;1;39755
1;2747;844997;3283;99183;0;319;4;1;61218
1;2748;845340;3283;99183;0;319;4;1;38059
1;2749;845658;3283;99183;0;319;4;1;63704
1;2750;845886;3283;99184;0;319;4;1;10818
1;2751;846311;3284;99184;0;319;4;1;38798
1;2752;846547;3284;99183;0;319;4;1;64500
1;2753;846774;3284;99184;0;319;4;1;17581
1;2754;847092;3284;99184;0;319;4;1;2034
1;2755;847417;3284;99184;0;319;4;1;50674
1;2756;847671;3285;99184;0;330;4;1;51495
1;2757;847993;3285;99184;0;330;4;1;53360
1;2758;848312;3285;99185;0;330;4;1;19187
1;2759;848540;3285;99185;0;320;4;1;17797
1;2760;848776;3285;99185;0;320;4;1;6665
1;2761;849095;3286;99184;0;320;4;1;14047
1;2762;849430;3286;99185;0;320;4;1;23056
1;2763;849771;3286;99184;0;320;4;1;31263
1;2764;850093;3286;99185;0;320;4;1;2835
1;2765;850322;3286;99185;0;400;4;1;40311
1;2766;850643;3286;99185;0;400;4;1;28636
1;2767;850879;3287;99185;0;400;4;1;56346
1;2768;851324;3287;99184;0;320;4;1;53340
1;2769;851641;3287;99184;0;320;4;1;15720
1;2770;851984;3287;99184;0;320;4;1;35349
1;2771;852322;3287;99184;0;320;4;1;34797
1;2772;852644;3287;99183;0;320;4;1;25073
1;2773;852977;3288;99184;0;320;4;1;15865
1;2774;853325;3288;99183;0;320;4;1;18399
1;2775;853643;3288;99183;0;320;4;1;39885
1;2776;853871;3288;99183;0;320;4;1;28238
1;2777;854319;3288;99184;0;320;4;1;51045
1;2778;854637;3289;99183;0;320;4;1;40837
1;2779;854865;3289;99184;0;321;4;1;31610
1;2780;855318;3289;99184;0;321;4;1;35700
1;2781;855655;3290;99183;0;321;4;1;58984
1;2782;855973;3290;99183;0;321;4;1;38276
1;2783;856296;3290;99183;0;321;4;1;48629
1;2784;856548;3290;99183;0;321;4;1;11151
1;2785;856866;3291;99183;0;321;4;1;6874
1;2786;857291;3291;99183;0;321;4;1;9145
1;2787;857542;3291;99183;0;321;4;1;33272
1;2788;857860;3291;99182;0;321;4;1;35343
1;2789;858308;3292;99182;0;321;4;1;28430
1;2790;858649;3292;99182;0;321;4;1;7952
1;2791;858972;3292;99181;0;321;4;1;15039
1;2792;859306;3292;99181;0;321;4;1;12354
1;2793;859629;3292;99180;0;321;4;1;38042
1;2794;859865;3292;99180;0;321;4;1;28508
1;2795;860093;3293;99180;0;321;4;1;23434
1;2796;860412;3293;99180;0;321;4;1;5495
1;2797;860733;3293;99180;0;321;4;1;5103
1;2798;860985;3293;99180;0;322;4;1;25745
1;2799;861304;3294;99180;0;322;4;1;30034
1;2800;861626;3294;99180;0;322;4;1;61122
1;2801;861854;3294;99181;0;322;4;1;32595
1;2802;862090;3294;99180;0;322;4;1;8375
1;2803;862410;3295;99180;0;322;4;1;47829
1;2804;862743;3295;99179;0;322;4;1;43881
1;2805;863085;3295;99181;0;322;4;1;53365
1;2806;863410;3296;99181;0;322;4;1;21463
1;2807;863637;3296;99181;0;322;4;1;27456
1;2808;863955;3296;99182;0;322;4;1;19358
1;2809;864302;3297;99182;0;322;4;1;23715
1;2810;864534;3297;99181;0;322;4;1;23406
1;2811;864852;3297;99182;0;322;4;1;19462
1;2812;865300;3298;99182;0;322;4;1;259
1;2813;865528;3298;99181;0;322;4;1;55152
1;2814;865850;3298;99181;0;322;4;1;19665
1;2815;866290;3299;99182;0;323;4;1;41534
1;2816;866528;3299;99182;0;323;4;1;48555
1;2817;866845;3300;99183;0;323;4;1;20457
1;2818;867294;3300;99183;0;323;4;1;11495
1;2819;867530;3300;99183;0;323;4;1;51182
1;2820;867847;3300;99182;0;323;4;1;14759
1;2821;868075;3301;99182;0;323;4;1;53837
1;2822;868399;3301;99182;0;323;4;1;21441
1;2823;868634;3301;99183;0;323;4;1;36058
1;2824;868967;3301;99183;0;323;4;1;16587
1;2825;869290;3301;99183;0;323;4;1;27270
1;2826;869609;3302;99182;0;323;4;1;11991
1;2827;869864;3302;99182;0;323;4;1;18446
1;2828;870289;3302;99182;0;323;4;1;65421
1;2829;870607;3302;99182;0;323;4;1;56273
1;2830;870858;3303;99182;0;323;4;1;6140
1;2831;871078;3303;99182;0;323;4;1;41264
1;2832;871398;3303;99182;0;323;4;1;60268
1;2833;871625;3303;99182;0;323;4;1;37968
1;2834;871966;3303;99182;0;323;4;1;17050
1;2835;872286;3303;99182;0;323;4;1;19621
1;2836;872518;3303;99182;0;323;4;1;46523
1;2837;872836;3304;99183;0;323;4;1;29523
1;2838;873072;3304;99183;0;323;4;1;153
1;2839;873407;3304;99183;0;323;4;1;2832
1;2840;873728;3305;99183;0;323;4;1;860
1;2841;874046;3305;99183;0;323;4;1;62033
1;2842;874300;3305;99183;0;323;4;1;2481
1;2843;874621;3305;99183;0;323;4;1;50770
1;2844;874939;3305;99183;0;323;4;1;48681
1;2845;875300;3306;99183;0;964;4;1;23585
1;2846;875622;3306;99182;0;964;4;1;50999
1;2847;875939;3306;99182;0;964;4;1;27242
1;2848;876278;3307;99182;0;324;4;1;51029
1;2849;876514;3307;99183;0;324;4;1;13486
1;2850;876832;3307;99182;0;324;4;1;33551
1;2851;877060;3307;99183;0;324;4;1;4766
1;2852;877380;3308;99183;0;324;4;1;12969
1;2853;877615;3308;99183;0;324;4;1;30233
1;2854;877843;3308;99183;0;324;4;1;19110
1;2855;878271;3308;99182;0;324;4;1;44079
1;2856;878616;3308;99182;0;324;4;1;27028
1;2857;878844;3308;99182;0;324;4;1;16397
1;2858;879273;3309;99181;0;324;4;1;31378
1;2859;879606;3309;99181;0;324;4;1;40722
1;2860;879842;3309;99181;0;324;4;1;36891
1;2861;880271;3309;99182;0;324;4;1;59115
1;2862;880499;3310;99182;0;325;4;1;14252
1;2863;880840;3310;99182;0;325;4;1;55198
1;2864;881269;3310;99182;0;325;4;1;3066
1;2865;881501;3310;99181;0;324;4;1;5240
1;2866;881818;3310;99181;0;324;4;1;62533
1;2867;882055;3310;99182;0;324;4;1;12543
1;2868;882288;3310;99182;0;325;4;1;36957
1;2869;882606;3310;99181;0;325;4;1;60877
1;2870;882924;3311;99181;0;325;4;1;64116
1;2871;883282;3311;99181;0;325;4;1;21333
1;2872;883600;3311;99181;0;325;4;1;63640
1;2873;883922;3311;99181;0;325;4;1;6104
1;2874;884284;3312;99181;0;325;4;1;41733
1;2875;884602;3312;99181;0;325;4;1;53110
1;2876;884935;3312;99181;0;2885;4;1;1006
1;2877;885278;3312;99181;0;2885;4;1;40039
1;2878;885597;3312;99182;0;2885;4;1;30619
1;2879;885824;3313;99182;0;325;4;1;9896
1;2880;886253;3313;99183;0;325;4;1;29959
1;2881;886497;3313;99182;0;325;4;1;24452
1;2882;886724;3313;99182;0;1605;4;1;48101
1;2883;887046;3313;99182;0;1605;4;1;7436
1;2884;887366;3314;99181;0;1605;4;1;5
1;2885;887617;3314;99181;0;325;4;1;21949
1;2886;887935;3314;99181;0;325;4;1;34941
1;2887;888255;3314;99181;0;325;4;1;30282
1;2888;888483;3314;99182;0;325;4;1;38469
1;2889;888720;3314;99182;0;325;4;1;62299
1;2890;889045;3315;99182;0;325;4;1;46406
1;2891;889384;3315;99183;0;325;4;1;36108
1;2892;889732;3315;99182;0;325;4;1;53228
1;2893;890055;3315;99182;0;325;4;1;12366
1;2894;890283;3315;99182;0;325;4;1;27380
1;2895;890601;3316;99183;0;325;4;1;5927
1;2896;890836;3316;99183;0;325;4;1;54022
1;2897;891277;3316;99183;0;325;4;1;11728
1;2898;891595;3316;99183;0;325;4;1;44501
1;2899;891936;3317;99184;0;325;4;1;10788
1;2900;892281;3317;99184;0;325;4;1;18920
1;2901;892599;3317;99185;0;325;4;1;51875
1;2902;892932;3318;99185;0;325;4;1;8203
1;2903;893276;3318;99185;0;325;4;1;46885
1;2904;893594;3318;99184;0;325;4;1;51008
1;2905;893821;3318;99185;0;325;4;1;44946
1;2906;894274;3318;99184;0;325;4;1;4829
1;2907;894592;3319;99184;0;325;4;1;51236
1;2908;894826;3319;99184;0;325;4;1;18629
1;2909;895275;3319;99185;0;325;4;1;63307
1;2910;895608;3320;99184;0;325;4;1;9022
1;2911;895926;3320;99184;0;325;4;1;14421
1;2912;896246;3321;99185;0;325;4;1;20258
1;2913;896499;3321;99185;0;325;4;1;27251
1;2914;896817;3321;99185;0;325;4;1;61906
1;2915;897245;3321;99184;0;325;4;1;56578
1;2916;897502;3321;99185;0;325;4;1;42582
1;2917;897820;3321;99185;0;325;4;1;37352
1;2918;898264;3321;99184;0;345;4;1;6091
1;2919;898605;3322;99183;0;345;4;1;24947
1;2920;898924;3322;99183;0;345;4;1;2960
1;2921;899259;3322;99183;0;405;4;1;61605
1;2922;899576;3322;99182;0;405;4;1;48106
1;2923;899812;3322;99182;0;405;4;1;22305
1;2924;900040;3322;99183;0;325;4;1;53803
1;2925;900363;3322;99183;0;325;4;1;30117
1;2926;900684;3323;99183;0;325;4;1;40993
1;2927;900936;3323;99183;0;325;4;1;38290
1;2928;901255;3323;99183;0;325;4;1;57968
1;2929;901574;3323;99183;0;325;4;1;64685
1;2930;901801;3323;99183;0;325;4;1;55128
1;2931;902040;3323;99183;0;325;4;1;37762
1;2932;902359;3324;99183;0;325;4;1;34480
1;2933;902696;3324;99182;0;20808;4;1;52095
1;2934;903042;3324;99182;0;20808;4;1;31621
1;2935;903366;3324;99181;0;20808;4;1;40950
1;2936;903593;3324;99182;0;326;4;1;60962
1;2937;903911;3324;99182;0;326;4;1;17704
1;2938;904254;3324;99182;0;326;4;1;63084
1;2939;904482;3325;99182;0;326;4;1;8109
1;2940;904799;3325;99182;0;326;4;1;17282
1;2941;905248;3325;99181;0;326;4;1;47338
1;2942;905479;3325;99181;0;326;4;1;11362
1;2943;905800;3325;99181;0;326;4;1;38794
1;2944;906245;3326;99181;0;326;4;1;40337
1;2945;906481;3326;99182;0;326;4;1;54003
1;2946;906798;3326;99183;0;326;4;1;23392
1;2947;907239;3326;99181;0;326;4;1;37398
1;2948;907475;3326;99181;0;326;4;1;45208
1;2949;907793;3326;99180;0;326;4;1;24431
1;2950;908025;3326;99180;0;326;4;1;7793
1;2951;908348;3327;99180;0;326;4;1;40656
1;2952;908583;3327;99180;0;326;4;1;13538
1;2953;908920;3327;99180;0;326;4;1;37131
1;2954;909240;3327;99181;0;326;4;1;7018
1;2955;909558;3327;99180;0;326;4;1;40032
1;2956;909811;3328;99181;0;326;4;1;37875
1;2957;910236;3328;99181;0;326;4;1;48189
1;2958;910555;3328;99181;0;326;4;1;44040
1;2959;910811;3328;99181;0;20808;4;1;24736
1;2960;911236;3328;99181;0;20808;4;1;10510
1;2961;911573;3328;99180;0;326;4;1;39478
1;2962;911914;3329;99180;0;326;4;1;45709
1;2963;912234;3329;99180;0;326;4;1;48306
1;2964;912462;3329;99181;0;326;4;1;18929
1;2965;912779;3329;99180;0;326;4;1;15589
1;2966;913016;3329;99180;0;326;4;1;15745
1;2967;913355;3330;99180;0;326;4;1;26418
1;2968;913676;3330;99180;0;326;4;1;50565
1;2969;913995;3330;99180;0;326;4;1;63869
1;2970;914472;3330;99181;0;326;4;1;59055
1;2971;914793;3330;99181;0;326;4;1;63602
1;2972;915112;3331;99181;0;326;4;1;63405
1;2973;915470;3331;99181;0;326;4;1;22218
1;2974;915788;3331;99180;0;326;4;1;3431
1;2975;916122;3331;99180;0;326;4;1;53108
1;2976;916445;3332;99181;0;326;4;1;34173
1;2977;916681;3332;99181;0;326;4;1;28276
1;2978;917015;3332;99181;0;406;4;1;6318
1;2979;917444;3332;99181;0;406;4;1;51646
1;2980;917680;3332;99181;0;406;4;1;37206
1;2981;917912;3332;99181;0;326;4;1;27549
1;2982;918229;3332;99180;0;326;4;1;34279
1;2983;918549;3332;99180;0;326;4;1;4943
1;2984;918803;3332;99179;0;326;4;1;23227
1;2985;919121;3333;99180;0;326;4;1;23031
1;2986;919445;3333;99180;0;326;4;1;18519
1;2987;919672;3333;99180;0;326;4;1;36646
1;2988;919911;3333;99179;0;326;4;1;57119
1;2989;920229;3333;99180;0;326;4;1;26936
1;2990;920564;3333;99180;0;326;4;1;50683
1;2991;920881;3334;99180;0;326;4;1;53148
1;2992;921118;3334;99180;0;326;4;1;29713
1;2993;921460;3334;99181;0;326;4;1;14513
1;2994;921777;3334;99181;0;326;4;1;52167
1;2995;922120;3335;99180;0;326;4;1;36194
1;2996;922455;3335;99180;0;406;4;1;47872
1;2997;922772;3335;99180;0;406;4;1;46250
1;2998;923094;3335;99180;0;406;4;1;14158
1;2999;923452;3335;99180;0;326;4;1;35840
1;3000;923770;3335;99181;0;326;4;1;40250
1;3001;924103;3336;99180;0;1606;4;1;42310
1;3002;924450;3336;99179;0;1606;4;1;23030
1;3003;924768;3336;99180;0;1606;4;1;40715
1;3004;924996;3336;99180;0;326;4;1;9111
1;3005;925446;3336;99180;0;326;4;1;58401
1;3006;925666;3336;99180;0;326;4;1;24999
1;3007;925893;3337;99181;0;406;4;1;18392
1;3008;926211;3337;99180;0;406;4;1;3594
1;3009;926554;3337;99180;0;406;4;1;35270
1;3010;926785;3337;99181;0;326;4;1;54469
1;3011;927104;3337;99181;0;326;4;1;14864
1;3012;927423;3337;99180;0;326;4;1;59318
1;3013;927674;3338;99180;0;326;4;1;3394
1;3014;927992;3338;99179;0;326;4;1;30245
1;3015;928421;3338;99180;0;326;4;1;29585
1;3016;928649;3338;99180;0;326;4;1;35086
1;3017;928885;3338;99180;0;326;4;1;20761
1;3018;929206;3338;99180;0;326;4;1;12823
1;3019;929440;3338;99180;0;326;4;1;30728
1;3020;929758;3338;99180;0;326;4;1;21864
1;3021;929994;3338;99180;0;326;4;1;36078
1;3022;930434;3339;99179;0;326;4;1;11597
1;3023;930752;3339;99179;0;326;4;1;694
1;3024;930988;3339;99178;0;326;4;1;43138
1;3025;931220;3339;99179;0;326;4;1;41955
1;3026;931543;3339;99179;0;326;4;1;28812
1;3027;931865;3339;99179;0;326;4;1;4861
1;3028;932116;3339;99179;0;326;4;1;21692
1;3029;932435;3340;99180;0;326;4;1;35825
1;3030;932753;3340;99180;0;326;4;1;63517
1;3031;932985;3340;99180;0;327;4;1;55250
1;3032;933221;3340;99180;0;327;4;1;3918
1;3033;933540;3341;99180;0;327;4;1;58513
1;3034;933877;3340;99180;0;326;4;1;42848
1;3035;934195;3341;99179;0;326;4;1;51177
1;3036;934436;3341;99180;0;326;4;1;20649
1;3037;934769;3341;99179;0;327;4;1;36881
1;3038;935087;3341;99179;0;327;4;1;63967
1;3039;935430;3341;99178;0;327;4;1;58392
1;3040;935658;3341;99178;0;327;4;1;28232
1;3041;935976;3341;99178;0;327;4;1;51361
1;3042;936404;3341;99178;0;327;4;1;31762
1;3043;936663;3341;99178;0;327;4;1;31590
1;3044;936980;3342;99178;0;327;4;1;63309
1;3045;937425;3342;99177;0;327;4;1;8938
1;3046;937661;3342;99177;0;327;4;1;14393
1;3047;937978;3342;99177;0;327;4;1;17576
1;3048;938419;3342;99177;0;326;4;1;22810
1;3049;938760;3342;99177;0;326;4;1;41809
1;3050;939078;3342;99177;0;326;4;1;9366
1;3051;939413;3343;99178;0;327;4;1;25166
1;3052;939735;3343;99178;0;327;4;1;59868
1;3053;939973;3343;99178;0;327;4;1;40994
1;3054;940201;3343;99178;0;327;4;1;11174
1;3055;940521;3343;99178;0;327;4;1;9625
1;3056;940842;3344;99179;0;327;4;1;18697
1;3057;941094;3344;99180;0;327;4;1;4780
1;3058;941413;3344;99180;0;327;4;1;33194
1;3059;941730;3344;99181;0;327;4;1;38163
1;3060;941959;3344;99180;0;327;4;1;45065
1;3061;942199;3345;99180;0;327;4;1;40318
1;3062;942524;3345;99179;0;327;4;1;20701
1;3063;942751;3345;99179;0;367;4;1;24882
1;3064;943069;3345;99178;0;367;4;1;58046
1;3065;943412;3345;99179;0;367;4;1;1967
1;3066;943640;3345;99179;0;327;4;1;28641
1;3067;943958;3345;99179;0;327;4;1;33922
1;3068;944408;3345;99178;0;327;4;1;10930
1;3069;944635;3345;99178;0;327;4;1;29061
1;3070;944957;3345;99178;0;327;4;1;43436
1;3071;945427;3346;99178;0;327;4;1;41459
1;3072;945744;3346;99178;0;327;4;1;22834
1;3073;946062;3346;99179;0;327;4;1;33809
1;3074;946397;3346;99179;0;327;4;1;64290
1;3075;946633;3346;99179;0;327;4;1;53392
1;3076;946951;3346;99179;0;327;4;1;51126
1;3077;947178;3346;99179;0;327;4;1;31197
1;3078;947501;3347;99178;0;327;4;1;44270
1;3079;947739;3347;99178;0;327;4;1;56051
1;3080;948077;3347;99178;0;487;4;1;51929
1;3081;948400;3347;99179;0;487;4;1;63458
1;3082;948741;3347;99179;0;487;4;1;17642
1;3083;948969;3347;99179;0;327;4;1;49159
1;3084;949395;3348;99179;0;327;4;1;3192
1;3085;949712;3348;99178;0;327;4;1;60200
1;3086;949964;3348;99178;0;327;4;1;44028
1;3087;950392;3348;99178;0;327;4;1;54297
1;3088;950730;3348;99177;0;327;4;1;28020
1;3089;950966;3349;99178;0;327;4;1;63520
1;3090;951391;3349;99178;0;327;4;1;26983
1;3091;951618;3348;99177;0;328;4;1;36167
1;3092;951937;3348;99177;0;328;4;1;58943
1;3093;952174;3349;99177;0;328;4;1;38103
1;3094;952509;3349;99177;0;328;4;1;14566
1;3095;952826;3348;99176;0;328;4;1;55645
1;3096;953172;3349;99176;0;328;4;1;24352
1;3097;953405;3349;99177;0;328;4;1;57885
1;3098;953726;3349;99177;0;328;4;1;28955
1;3099;954044;3350;99178;0;328;4;1;23006
1;3100;954402;3350;99177;0;328;4;1;57946
1;3101;954720;3350;99177;0;328;4;1;52641
1;3102;955038;3350;99177;0;328;4;1;6335
1;3103;955396;3350;99176;0;328;4;1;38543
1;3104;955718;3350;99176;0;328;4;1;40365
1;3105;956052;3350;99176;0;328;4;1;7222
1;3106;956378;3350;99176;0;328;4;1;23370
1;3107;956614;3350;99176;0;328;4;1;9942
1;3108;956948;3350;99176;0;328;4;1;60265
1;3109;957373;3350;99175;0;328;4;1;19865
1;3110;957609;3350;99176;0;328;4;1;33212
1;3111;957837;3350;99176;0;328;4;1;34829
1;3112;958155;3351;99176;0;328;4;1;38218
1;3113;958376;3351;99176;0;328;4;1;38481
1;3114;958733;3351;99176;0;328;4;1;53009
1;3115;959051;3351;99176;0;328;4;1;58123
1;3116;959374;3351;99176;0;328;4;1;43606
1;3117;959602;3351;99176;0;328;4;1;29249
1;3118;959838;3351;99176;0;328;4;1;20735
1;3119;960160;3351;99176;0;328;4;1;10750
1;3120;960495;3352;99177;0;328;4;1;36615
1;3121;960816;3352;99177;0;328;4;1;58261
1;3122;961053;3352;99178;0;328;4;1;59738
1;3123;961387;3352;99178;0;328;4;1;42794
1;3124;961705;3352;99178;0;328;4;1;23650
1;3125;962050;3352;99178;0;328;4;1;47144
1;3126;962385;3352;99177;0;328;4;1;19925
1;3127;962703;3352;99177;0;328;4;1;47755
1;3128;963021;3352;99178;0;328;4;1;39348
1;3129;963380;3353;99178;0;328;4;1;32604
1;3130;963701;3353;99178;0;328;4;1;3365
1;3131;964038;3353;99178;0;328;4;1;38963
1;3132;964385;3353;99178;0;328;4;1;9445
1;3133;964703;3353;99178;0;328;4;1;15547
1;3134;964935;3353;99178;0;1608;4;1;11939
1;3135;965383;3353;99178;0;1608;4;1;51409
1;3136;965701;3354;99178;0;1608;4;1;3481
1;3137;965929;3354;99178;0;328;4;1;43537
1;3138;966358;3354;99177;0;328;4;1;5911
1;3139;966595;3354;99178;0;328;4;1;21693
1;3140;966822;3354;99178;0;328;4;1;59874
1;3141;967141;3354;99178;0;328;4;1;55035
1;3142;967464;3354;99178;0;328;4;1;47332
1;3143;967715;3354;99177;0;328;4;1;49320
1;3144;968036;3355;99177;0;328;4;1;36196
1;3145;968355;3355;99176;0;328;4;1;39389
1;3146;968583;3355;99176;0;328;4;1;15475
1;3147;968821;3355;99176;0;328;4;1;4285
1;3148;969139;3355;99177;0;328;4;1;45199
1;3149;969367;3355;99176;0;328;4;1;8478
1;3150;969686;3355;99177;0;328;4;1;19349
1;3151;969921;3355;99177;0;328;4;1;37306
1;3152;970365;3355;99177;0;328;4;1;23868
1;3153;970687;3355;99177;0;328;4;1;33487
1;3154;970923;3355;99177;0;328;4;1;63318
1;3155;971151;3356;99177;0;328;4;1;13551
1;3156;971372;3356;99177;0;328;4;1;25493
1;3157;971690;3356;99177;0;328;4;1;65518
1;3158;972047;3356;99176;0;338;4;1;18568
1;3159;972366;3356;99176;0;338;4;1;5692
1;3160;972684;3356;99176;0;338;4;1;48625
1;3161;972912;3356;99176;0;328;4;1;13975
1;3162;973151;3356;99177;0;328;4;1;64838
1;3163;973470;3356;99177;0;328;4;1;21498
1;3164;973807;3356;99177;0;10568;4;1;14761
1;3165;974125;3357;99177;0;10568;4;1;52134
1;3166;974363;3357;99176;0;10568;4;1;51693
1;3167;974697;3357;99176;0;968;4;1;47392
1;3168;975018;3357;99176;0;968;4;1;59080
1;3169;975364;3357;99177;0;968;4;1;35233
1;3170;975592;3357;99177;0;328;4;1;17551
1;3171;975910;3357;99176;0;328;4;1;61234
1;3172;976338;3358;99177;0;328;4;1;33634
1;3173;976592;3358;99177;0;328;4;1;38132
1;3174;976910;3358;99177;0;328;4;1;17563
1;3175;977351;3358;99178;0;328;4;1;21924
1;3176;977589;3358;99177;0;328;4;1;5361
1;3177;977906;3359;99177;0;328;4;1;11523
1;3178;978347;3359;99178;0;328;4;1;5813
1;3179;978688;3359;99178;0;328;4;1;62207
1;3180;979009;3359;99178;0;328;4;1;64022
1;3181;979353;3359;99178;0;328;4;1;40240
1;3182;979670;3360;99178;0;328;4;1;28745
1;3183;979906;3360;99178;0;328;4;1;23547
1;3184;980134;3360;99178;0;328;4;1;44694
1;3185;980454;3360;99178;0;328;4;1;41129
1;3186;980772;3360;99178;0;328;4;1;15112
1;3187;981023;3360;99178;0;338;4;1;19148
1;3188;981347;3360;99177;0;338;4;1;16018
1;3189;981665;3360;99177;0;338;4;1;41224
1;3190;981899;3360;99177;0;328;4;1;41742
1;3191;982135;3360;99177;0;328;4;1;31513
1;3192;982455;3360;99178;0;328;4;1;35306
1;3193;982686;3360;99178;0;328;4;1;5192
1;3194;983003;3360;99178;0;328;4;1;58626
1;3195;983347;3360;99178;0;328;4;1;38534
1;3196;983574;3361;99178;0;328;4;1;28383
1;3197;983893;3361;99178;0;328;4;1;20934
1;3198;984345;3361;99178;0;328;4;1;24545
1;3199;984577;3361;99178;0;328;4;1;61602
1;3200;984894;3361;99178;0;328;4;1;9792
1;3201;985359;3361;99179;0;20808;4;1;46834
1;3202;985676;3361;99179;0;20808;4;1;26013
1;3203;985994;3362;99179;0;20808;4;1;13891
1;3204;986332;3362;99179;0;328;4;1;5553
1;3205;986569;3362;99179;0;328;4;1;12001
1;3206;986891;3362;99180;0;328;4;1;40189
1;3207;987117;3362;99179;0;328;4;1;48413
1;3208;987440;3362;99179;0;328;4;1;42879
1;3209;987680;3362;99179;0;328;4;1;36652
1;3210;988014;3362;99178;0;328;4;1;4121
1;3211;988334;3362;99178;0;328;4;1;11925
1;3212;988676;3362;99177;0;328;4;1;18119
1;3213;988904;3362;99177;0;328;4;1;59470
1;3214;989329;3362;99178;0;328;4;1;65151
1;3215;989647;3362;99177;0;328;4;1;29671
1;3216;989900;3363;99178;0;10568;4;1;49124
1;3217;990329;3363;99178;0;10568;4;1;8225
1;3218;990666;3363;99178;0;328;4;1;43941
1;3219;990903;3363;99179;0;328;4;1;52163
1;3220;991327;3363;99179;0;328;4;1;30434
1;3221;991555;3363;99179;0;328;4;1;55872
1;3222;991873;3363;99179;0;328;4;1;59845
1;3223;992110;3363;99178;0;328;4;1;1543
1;3224;992451;3363;99178;0;328;4;1;56521
1;3225;992768;3364;99178;0;328;4;1;12701
1;3226;993114;3364;99178;0;328;4;1;11112
1;3227;993343;3364;99177;0;328;4;1;58363
1;3228;993660;3364;99177;0;328;4;1;14562
1;3229;993978;3364;99177;0;328;4;1;58608
1;3230;994337;3364;99177;0;2888;4;1;26335
1;3231;994659;3364;99177;0;2888;4;1;18724
1;3232;994976;3364;99177;0;2888;4;1;57989
1;3233;995339;3364;99178;0;328;4;1;42179
1;3234;995657;3365;99178;0;328;4;1;25156
1;3235;995994;3365;99178;0;328;4;1;62269
1;3236;996313;3365;99178;0;328;4;1;10276
1;3237;996550;3365;99178;0;328;4;1;29979
1;3238;996884;3365;99178;0;328;4;1;61627
1;3239;997312;3365;99178;0;328;4;1;21253
1;3240;997549;3365;99178;0;328;4;1;4162
1;3241;997780;3365;99178;0;2888;4;1;47907
1;3242;998099;3365;99178;0;2888;4;1;11204
1;3243;998319;3365;99178;0;2888;4;1;50016
1;3244;998687;3366;99178;0;328;4;1;19649
1;3245;999005;3366;99178;0;328;4;1;9043
1;3246;999324;3366;99178;0;328;4;1;24985
1;3247;999552;3366;99178;0;328;4;1;62771
1;3248;999788;3366;99178;0;328;4;1;47101
1;3249;1000110;3366;99178;0;328;4;1;10343
1;3250;1000445;3366;99178;0;328;4;1;42336
1;3251;1000762;3366;99178;0;328;4;1;16742
1;3252;1001002;3366;99178;0;328;4;1;36149
1;3253;1001336;3366;99178;0;968;4;1;29559
1;3254;1001654;3367;99178;0;968;4;1;20574
1;3255;1001995;3367;99177;0;968;4;1;45219
1;3256;1002334;3367;99177;0;328;4;1;18545
1;3257;1002652;3367;99177;0;328;4;1;22329
1;3258;1002974;3367;99177;0;328;4;1;54493
1;3259;1003337;3367;99177;0;328;4;1;54796
1;3260;1003656;3368;99177;0;328;4;1;61375
1;3261;1003992;3368;99178;0;328;4;1;34683
1;3262;1004336;3368;99178;0;328;4;1;34316
1;3263;1004654;3368;99178;0;328;4;1;46037
1;3264;1004882;3368;99178;0;368;4;1;51227
1;3265;1005330;3368;99178;0;368;4;1;11881
1;3266;1005652;3368;99178;0;368;4;1;16187
1;3267;1005880;3368;99177;0;328;4;1;49063
1;3268;1006309;3369;99178;0;328;4;1;4635
1;3269;1006549;3369;99177;0;328;4;1;16089
1;3270;1006776;3369;99177;0;328;4;1;46138
1;3271;1007095;3369;99177;0;328;4;1;20411
1;3272;1007414;3369;99177;0;328;4;1;15645
1;3273;1007665;3369;99177;0;328;4;1;36264
1;3274;1007990;3369;99177;0;328;4;1;23846
1;3275;1008313;3369;99176;0;328;4;1;52879
1;3276;1008541;3369;99176;0;328;4;1;9022
1;3277;1008785;3369;99176;0;328;4;1;20774
1;3278;1009107;3369;99176;0;328;4;1;53954
1;3279;1009336;3369;99176;0;328;4;1;5792
1;3280;1009658;3369;99176;0;328;4;1;32056
1;3281;1009895;3369;99176;0;328;4;1;4166
1;3282;1010335;3369;99177;0;328;4;1;10097
1;3283;1010657;3369;99176;0;328;4;1;13912
1;3284;1010893;3369;99177;0;328;4;1;17419
1;3285;1011121;3370;99177;0;328;4;1;25354
1;3286;1011441;3370;99178;0;328;4;1;63929
1;3287;1011762;3370;99177;0;328;4;1;5186
1;3288;1012013;3370;99177;0;328;4;1;65016
1;3289;1012332;3370;99178;0;328;4;1;56246
1;3290;1012651;3371;99178;0;328;4;1;48723
1;3291;1012878;3371;99178;0;328;4;1;26555
1;3292;1013118;3371;99178;0;328;4;1;24463
1;3293;1013442;3371;99178;0;328;4;1;32590
1;3294;1013775;3371;99177;0;328;4;1;63740
1;3295;1014093;3371;99177;0;328;4;1;55047
1;3296;1014333;3371;99177;0;328;4;1;40843
1;3297;1014667;3371;99177;0;329;4;1;62374
1;3298;1014989;3372;99177;0;329;4;1;14713
1;3299;1015332;3372;99177;0;329;4;1;34035
1;3300;1015560;3372;99177;0;329;4;1;61010
1;3301;1015882;3372;99177;0;329;4;1;61904
1;3302;1016306;3372;99176;0;329;4;1;42662
1;3303;1016558;3372;99176;0;329;4;1;19053
1;3304;1016879;3372;99176;0;329;4;1;47129
1;3305;1017320;3372;99176;0;329;4;1;13440
1;3306;1017560;3373;99177;0;329;4;1;4580
1;3307;1017877;3373;99176;0;329;4;1;39674
1;3308;1018318;3373;99177;0;329;4;1;61619
1;3309;1018663;3373;99177;0;329;4;1;19769
1;3310;1018981;3373;99176;0;329;4;1;54831
1;3311;1019319;3373;99177;0;329;4;1;53140
1;3312;1019638;3373;99178;0;329;4;1;44473
1;3313;1019874;3373;99178;0;329;4;1;34315
1;3314;1020106;3373;99178;0;329;4;1;5385
1;3315;1020425;3373;99178;0;329;4;1;12885
1;3316;1020743;3374;99177;0;329;4;1;35433
1;3317;1020997;3374;99177;0;5449;4;1;52347
1;3318;1021319;3374;99176;0;5449;4;1;26590
1;3319;1021638;3373;99175;0;5449;4;1;32252
1;3320;1021865;3374;99175;0;329;4;1;53426
1;3321;1022102;3374;99175;0;329;4;1;40970
1;3322;1022421;3374;99175;0;329;4;1;13068
1;3323;1022648;3374;99175;0;329;4;1;38178
1;3324;1022970;3374;99175;0;329;4;1;24281
1;3325;1023313;3374;99174;0;329;4;1;57864
1;3326;1023541;3374;99174;0;329;4;1;32715
1;3327;1023863;3374;99173;0;329;4;1;10442
1;3328;1024311;3374;99173;0;329;4;1;48548
1;3329;1024543;3374;99174;0;329;4;1;18462
1;3330;1024860;3374;99174;0;329;4;1;56088
1;3331;1025328;3374;99174;0;329;4;1;17698
1;3332;1025649;3374;99174;0;329;4;1;65430
1;3333;1025967;3374;99174;0;329;4;1;64252
1;3334;1026302;3374;99175;0;329;4;1;24392
1;3335;1026540;3374;99175;0;329;4;1;5814
1;3336;1026858;3374;99175;0;329;4;1;5822
1;3337;1027085;3374;99174;0;329;4;1;14043
1;3338;1027405;3374;99173;0;329;4;1;60417
1;3339;1027641;3374;99173;0;329;4;1;50140
1;3340;1027974;3375;99174;0;329;4;1;19403
1;3341;1028297;3375;99175;0;329;4;1;39479
1;3342;1028642;3375;99176;0;329;4;1;8533
1;3343;1028870;3376;99176;0;330;4;1;4560
1;3344;1029299;3376;99176;0;330;4;1;25170
1;3345;1029617;3376;99176;0;330;4;1;19881
1;3346;1029868;3376;99176;0;5450;4;1;52425
1;3347;1030297;3376;99175;0;5450;4;1;16822
1;3348;1030630;3376;99175;0;330;4;1;44386
1;3349;1030866;3376;99174;0;330;4;1;8946
1;3350;1031295;3377;99174;0;330;4;1;52570
1;3351;1031523;3377;99174;0;330;4;1;25080
1;3352;1031844;3377;99174;0;330;4;1;55606
1;3353;1032084;3377;99174;0;330;4;1;36110
1;3354;1032419;3377;99174;0;330;4;1;18315
1;3355;1032736;3377;99174;0;330;4;1;24791
1;3356;1033079;3377;99174;0;330;4;1;58951
1;3357;1033307;3377;99174;0;330;4;1;43101
1;3358;1033625;3377;99174;0;330;4;1;56241
1;3359;1033946;3377;99173;0;330;4;1;56379
1;3360;1034309;3378;99174;0;330;4;1;23339
1;3361;1034627;3378;99174;0;330;4;1;51024
1;3362;1034945;3378;99175;0;330;4;1;56468
1;3363;1035304;3378;99176;0;330;4;1;27391
1;3364;1035623;3378;99177;0;330;4;1;44343
1;3365;1035849;3378;99177;0;330;4;1;16955
1;3366;1036077;3379;99177;0;10571;4;1;49710
1;3367;1036570;3379;99177;0;10571;4;1;48808
1;3368;1036797;3379;99176;0;330;4;1;4796
1;3369;1037122;3379;99176;0;330;4;1;43903
1;3370;1037442;3379;99176;0;330;4;1;14828
1;3371;1037692;3379;99175;0;330;4;1;35767
1;3372;1038010;3379;99175;0;330;4;1;45989
1;3373;1038330;3379;99174;0;330;4;1;26067
1;3374;1038558;3379;99174;0;330;4;1;4419
1;3375;1038794;3379;99174;0;330;4;1;15089
1;3376;1039112;3380;99174;0;330;4;1;33572
1;3377;1039447;3380;99174;0;330;4;1;42527
1;3378;1039670;3380;99174;0;330;4;1;10463
1;3379;1039905;3380;99174;0;330;4;1;29218
1;3380;1040345;3380;99174;0;330;4;1;52486
1;3381;1040663;3380;99175;0;330;4;1;4640
1;3382;1041004;3380;99175;0;330;4;1;25692
1;3383;1041343;3380;99174;0;330;4;1;27909
1;3384;1041661;3380;99174;0;330;4;1;63099
1;3385;1041979;3380;99174;0;330;4;1;33357
1;3386;1042342;3380;99173;0;1610;4;1;19405
1;3387;1042664;3381;99173;0;1610;4;1;13555
1;3388;1042997;3381;99173;0;330;4;1;24031
1;3389;1043341;3380;99173;0;330;4;1;15260
1;3390;1043663;3380;99172;0;330;4;1;41098
1;3391;1043891;3381;99173;0;330;4;1;54532
1;3392;1044339;3381;99173;0;330;4;1;9939
1;3393;1044658;3381;99173;0;330;4;1;14898
1;3394;1044885;3381;99174;0;330;4;1;54848
1;3395;1045314;3381;99173;0;330;4;1;54383
1;3396;1045554;3381;99173;0;330;4;1;56552
1;3397;1045781;3381;99173;0;330;4;1;58495
1;3398;1046100;3381;99173;0;330;4;1;5844
1;3399;1046419;3382;99173;0;330;4;1;21992
1;3400;1046671;3381;99172;0;330;4;1;19366
1;3401;1046988;3382;99172;0;330;4;1;47898
1;3402;1047315;3382;99172;0;330;4;1;60096
1;3403;1047547;3382;99173;0;330;4;1;57224
1;3404;1047782;3382;99173;0;330;4;1;18291
1;3405;1048104;3382;99173;0;330;4;1;46165
1;3406;1048333;3382;99173;0;330;4;1;281
1;3407;1048651;3382;99173;0;330;4;1;19531
1;3408;1048887;3382;99174;0;330;4;1;39030
1;3409;1049327;3382;99173;0;330;4;1;51139
1;3410;1049645;3382;99173;0;330;4;1;56496
1;3411;1049881;3382;99173;0;330;4;1;51968
1;3412;1050109;3383;99173;0;330;4;1;17402
1;3413;1050433;3383;99173;0;330;4;1;51999
1;3414;1050758;3383;99172;0;330;4;1;58094
1;3415;1051010;3383;99172;0;330;4;1;55133
1;3416;1051329;3383;99173;0;330;4;1;1114
1;3417;1051648;3383;99174;0;330;4;1;64234
1;3418;1051875;3383;99174;0;330;4;1;3522
1;3419;1052112;3383;99173;0;330;4;1;4134
1;3420;1052435;3383;99174;0;330;4;1;43904
1;3421;1052772;3383;99173;0;330;4;1;32732
1;3422;1053090;3383;99173;0;330;4;1;20408
1;3423;1053327;3383;99173;0;330;4;1;37266
1;3424;1053664;3383;99174;0;330;4;1;2610
1;3425;1053982;3383;99174;0;330;4;1;23493
1;3426;1054325;3384;99175;0;330;4;1;10915
1;3427;1054557;3384;99175;0;330;4;1;59274
1;3428;1054875;3384;99175;0;330;4;1;20175
1;3429;1055300;3384;99175;0;330;4;1;45834
1;3430;1055553;3384;99175;0;330;4;1;14916
1;3431;1055871;3384;99174;0;330;4;1;37842
1;3432;1056316;3384;99174;0;330;4;1;12472
1;3433;1056552;3384;99173;0;330;4;1;25584
1;3434;1056869;3384;99174;0;330;4;1;55664
1;3435;1057314;3385;99174;0;330;4;1;2255
1;3436;1057654;3385;99174;0;330;4;1;49017
1;3437;1057972;3385;99174;0;330;4;1;41009
1;3438;1058311;3385;99174;0;330;4;1;29045
1;3439;1058633;3385;99175;0;330;4;1;16991
1;3440;1058870;3385;99174;0;330;4;1;54985
1;3441;1059102;3385;99174;0;330;4;1;7136
1;3442;1059421;3385;99175;0;330;4;1;4294
1;3443;1059739;3385;99175;0;330;4;1;36029
1;3444;1059991;3385;99175;0;330;4;1;6821
1;3445;1060309;3385;99175;0;330;4;1;13662
1;3446;1060627;3386;99176;0;330;4;1;43489
1;3447;1060859;3386;99175;0;330;4;1;53203
1;3448;1061095;3385;99174;0;330;4;1;62103
1;3449;1061414;3386;99174;0;330;4;1;15274
1;3450;1061642;3386;99174;0;330;4;1;6420
1;3451;1061967;3386;99174;0;330;4;1;34042
1;3452;1062310;3386;99175;0;330;4;1;60788
1;3453;1062538;3386;99175;0;330;4;1;9148
1;3454;1062856;3386;99176;0;330;4;1;11115
1;3455;1063310;3386;99177;0;330;4;1;58955
1;3456;1063538;3386;99177;0;330;4;1;51690
1;3457;1063856;3386;99177;0;330;4;1;5657
1;3458;1064320;3387;99177;0;330;4;1;50114
1;3459;1064642;3387;99177;0;330;4;1;44112
1;3460;1064959;3387;99177;0;330;4;1;51218
1;3461;1065294;3387;99177;0;330;4;1;60652
1;3462;1065532;3387;99177;0;330;4;1;3426
1;3463;1065853;3387;99177;0;330;4;1;5055
1;3464;1066084;3387;99177;0;330;4;1;22770
1;3465;1066404;3387;99177;0;330;4;1;42693
1;3466;1066640;3387;99177;0;330;4;1;23811
1;3467;1066973;3387;99176;0;330;4;1;24335
1;3468;1067300;3387;99177;0;330;4;1;20890
1;3469;1067650;3387;99177;0;330;4;1;51598
1;3470;1067878;3387;99177;0;330;4;1;58412
1;3471;1068307;3387;99177;0;330;4;1;62437
1;3472;1068629;3387;99177;0;330;4;1;39836
1;3473;1068880;3388;99177;0;330;4;1;29893
1;3474;1069305;3388;99177;0;330;4;1;1837
1;3475;1069638;3388;99177;0;330;4;1;48878
1;3476;1069880;3388;99178;0;330;4;1;60276
1;3477;1070305;3388;99177;0;330;4;1;9457
1;3478;1070533;3388;99177;0;330;4;1;33119
1;3479;1070851;3388;99177;0;330;4;1;62825
1;3480;1071087;3388;99177;0;330;4;1;12254
1;3481;1071426;3388;99177;0;331;4;1;37598
1;3482;1071743;3388;99177;0;331;4;1;65258
1;3483;1072085;3388;99177;0;331;4;1;57871
1;3484;1072314;3388;99177;0;331;4;1;311
1;3485;1072635;3388;99177;0;331;4;1;8170
1;3486;1072953;3388;99177;0;331;4;1;33867
1;3487;1073313;3389;99178;0;371;4;1;7187
1;3488;1073635;3389;99178;0;371;4;1;5937
1;3489;1073952;3389;99177;0;371;4;1;18583
1;3490;1074317;3389;99178;0;330;4;1;38416
1;3491;1074636;3389;99177;0;330;4;1;61495
1;3492;1074969;3389;99177;0;331;4;1;58743
1;3493;1075288;3389;99177;0;331;4;1;10900
1;3494;1075528;3389;99177;0;331;4;1;61105
1;3495;1075862;3389;99177;0;20813;4;1;4876
1;3496;1076286;3389;99176;0;20813;4;1;60101
1;3497;1076525;3389;99176;0;20813;4;1;46041
1;3498;1076753;3389;99176;0;331;4;1;30641
1;3499;1077071;3389;99175;0;331;4;1;2528
1;3500;1077394;3389;99176;0;331;4;1;41131
1;3501;1077645;3389;99175;0;331;4;1;46620
1;3502;1077962;3389;99175;0;331;4;1;9979
1;3503;1078286;3390;99176;0;331;4;1;46925
1;3504;1078514;3390;99176;0;331;4;1;17318
1;3505;1078750;3390;99176;0;331;4;1;52487
1;3506;1079068;3390;99177;0;331;4;1;36591
1;3507;1079289;3390;99177;0;331;4;1;46996
1;3508;1079517;3390;99177;0;331;4;1;35611
1;3509;1079859;3390;99177;0;331;4;1;17471
1;3510;1080300;3390;99177;0;971;4;1;12816
1;3511;1080618;3390;99178;0;971;4;1;48654
1;3512;1080967;3390;99179;0;971;4;1;15451
1;3513;1081302;3391;99180;0;331;4;1;40929
1;3514;1081620;3391;99179;0;331;4;1;24045
1;3515;1081941;3391;99179;0;331;4;1;857
1;3516;1082300;3391;99179;0;331;4;1;45726
1;3517;1082618;3391;99179;0;331;4;1;7766
1;3518;1082951;3391;99180;0;331;4;1;1011
1;3519;1083294;3391;99180;0;331;4;1;29751
1;3520;1083617;3391;99180;0;331;4;1;39206
1;3521;1083844;3391;99180;0;331;4;1;32885
1;3522;1084293;3391;99179;0;331;4;1;62279
1;3523;1084615;3391;99180;0;331;4;1;13754
1;3524;1084846;3391;99179;0;331;4;1;24008
1;3525;1085275;3392;99180;0;331;4;1;45880
1;3526;1085511;3392;99180;0;331;4;1;16817
1;3527;1085739;3392;99180;0;331;4;1;46868
1;3528;1086061;3392;99180;0;331;4;1;61232
1;3529;1086381;3392;99180;0;331;4;1;4359
1;3530;1086632;3392;99181;0;331;4;1;32955
1;3531;1086950;3392;99181;0;331;4;1;27608
1;3532;1087272;3392;99180;0;331;4;1;42167
1;3533;1087500;3392;99179;0;331;4;1;21893
1;3534;1087737;3392;99179;0;331;4;1;57056
1;3535;1088055;3392;99179;0;331;4;1;11718
1;3536;1088284;3392;99180;0;331;4;1;48151
1;3537;1088606;3392;99180;0;331;4;1;21335
1;3538;1088845;3392;99180;0;331;4;1;42580
1;3539;1089285;3392;99181;0;331;4;1;8063
1;3540;1089604;3392;99182;0;331;4;1;10616
1;3541;1089843;3392;99182;0;331;4;1;30698
1;3542;1090071;3392;99183;0;331;4;1;19044
1;3543;1090394;3392;99183;0;331;4;1;36897
1;3544;1090712;3392;99183;0;331;4;1;64343
1;3545;1090963;3392;99182;0;331;4;1;58131
1;3546;1091282;3392;99183;0;331;4;1;51697
1;3547;1091604;3392;99183;0;331;4;1;11408
1;3548;1091832;3392;99183;0;331;4;1;26137
1;3549;1092072;3392;99183;0;331;4;1;3619
1;3550;1092395;3392;99183;0;331;4;1;34144
1;3551;1092728;3392;99183;0;331;4;1;25795
1;3552;1093046;3392;99184;0;331;4;1;34175
1;3553;1093283;3392;99184;0;331;4;1;65094
1;3554;1093617;3392;99184;0;331;4;1;25507
1;3555;1093934;3393;99185;0;331;4;1;45329
1;3556;1094281;3393;99184;0;331;4;1;1454
1;3557;1094509;3393;99184;0;331;4;1;33811
1;3558;1094831;3393;99183;0;331;4;1;59722
1;3559;1095256;3393;99183;0;331;4;1;44957
1;3560;1095509;3393;99184;0;331;4;1;42988
1;3561;1095830;3393;99184;0;331;4;1;47555
1;3562;1096275;3393;99183;0;331;4;1;36546
1;3563;1096511;3393;99183;0;331;4;1;30823
1;3564;1096832;3393;99183;0;331;4;1;3410
1;3565;1097273;3393;99183;0;331;4;1;55005
1;3566;1097618;3393;99184;0;331;4;1;43211
1;3567;1097936;3393;99183;0;331;4;1;24886
1;3568;1098270;3393;99182;0;331;4;1;3642
1;3569;1098589;3393;99182;0;331;4;1;12579
1;3570;1098826;3393;99182;0;331;4;1;18195
1;3571;1099055;3393;99182;0;331;4;1;9796
1;3572;1099378;3393;99181;0;331;4;1;16019
1;3573;1099700;3393;99182;0;331;4;1;55826
1;3574;1099951;3393;99182;0;331;4;1;31039
1;3575;1100274;3393;99182;0;331;4;1;48507
1;3576;1100591;3393;99182;0;331;4;1;5444
1;3577;1100819;3393;99181;0;411;4;1;2631
1;3578;1101055;3393;99181;0;411;4;1;2257
1;3579;1101378;3393;99181;0;411;4;1;37078
1;3580;1101606;3393;99182;0;331;4;1;19067
1;3581;1101923;3393;99182;0;331;4;1;58650
1;3582;1102271;3393;99182;0;331;4;1;28075
1;3583;1102499;3393;99182;0;331;4;1;33120
1;3584;1102821;3394;99181;0;331;4;1;11610
1;3585;1103269;3393;99180;0;331;4;1;23574
1;3586;1103501;3393;99180;0;331;4;1;32073
1;3587;1103818;3393;99180;0;331;4;1;472
1;3588;1104283;3394;99181;0;971;4;1;17482
1;3589;1104601;3394;99181;0;971;4;1;11224
1;3590;1104922;3394;99180;0;971;4;1;63488
1;3591;1105257;3394;99180;0;331;4;1;10914
1;3592;1105495;3394;99179;0;331;4;1;34348
1;3593;1105813;3394;99179;0;331;4;1;23007
1;3594;1106040;3394;99180;0;331;4;1;32274
1;3595;1106360;3394;99180;0;331;4;1;32805
1;3596;1106596;3394;99181;0;331;4;1;20647
1;3597;1106929;3394;99181;0;331;4;1;5107
1;3598;1107256;3394;99181;0;331;4;1;48822
1;3599;1107602;3394;99180;0;331;4;1;14963
1;3600;1107829;3394;99180;0;331;4;1;52875
1;3601;1108258;3394;99179;0;331;4;1;64700
1;3602;1108576;3394;99179;0;331;4;1;16177
1;3603;1108827;3394;99179;0;331;4;1;56639
1;3604;1109252;3394;99180;0;331;4;1;40349
1;3605;1109586;3394;99180;0;331;4;1;44934
1;3606;1109823;3394;99181;0;331;4;1;15767
1;3607;1110251;3394;99181;0;331;4;1;27677
1;3608;1110479;3394;99182;0;331;4;1;26984
1;3609;1110801;3394;99182;0;331;4;1;33871
1;3610;1111040;3394;99181;0;331;4;1;59593
1;3611;1111375;3394;99181;0;331;4;1;4936
1;3612;1111692;3394;99181;0;331;4;1;30768
1;3613;1112034;3394;99180;0;331;4;1;30488
1;3614;1112266;3394;99180;0;331;4;1;50960
1;3615;1112584;3394;99181;0;331;4;1;10471
1;3616;1112905;3394;99180;0;331;4;1;51882
1;3617;1113268;3394;99180;0;331;4;1;607
1;3618;1113586;3394;99181;0;331;4;1;6778
1;3619;1113903;3395;99181;0;331;4;1;33560
1;3620;1114262;3395;99181;0;331;4;1;51807
1;3621;1114580;3395;99181;0;331;4;1;58788
1;3622;1114917;3395;99181;0;331;4;1;27936
1;3623;1115237;3395;99182;0;331;4;1;56158
1;3624;1115476;3395;99182;0;331;4;1;60346
1;3625;1115810;3395;99183;0;331;4;1;52706
1;3626;1116238;3395;99182;0;331;4;1;50691
1;3627;1116475;3395;99182;0;331;4;1;47445
1;3628;1116702;3394;99182;0;331;4;1;16652
1;3629;1117021;3394;99181;0;331;4;1;1775
1;3630;1117340;3394;99180;0;331;4;1;23767
1;3631;1117592;3394;99180;0;331;4;1;26980
1;3632;1117909;3395;99180;0;331;4;1;62024
1;3633;1118236;3395;99181;0;331;4;1;6612
1;3634;1118464;3395;99180;0;10571;4;1;29613
1;3635;1118705;3395;99180;0;10571;4;1;5983
1;3636;1119023;3395;99180;0;10571;4;1;7800
1;3637;1119358;3395;99181;0;331;4;1;46299
1;3638;1119699;3395;99180;0;331;4;1;44742
1;3639;1120018;3395;99181;0;331;4;1;28695
1;3640;1120246;3395;99181;0;331;4;1;11696
1;3641;1120564;3395;99181;0;331;4;1;35673
1;3642;1120802;3395;99181;0;331;4;1;27993
1;3643;1121247;3395;99181;0;331;4;1;25879
1;3644;1121565;3395;99181;0;331;4;1;13947
1;3645;1121906;3395;99182;0;331;4;1;51563
1;3646;1122241;3395;99181;0;331;4;1;34968
1;3647;1122563;3395;99182;0;331;4;1;13205
1;3648;1122896;3395;99181;0;331;4;1;53171
1;3649;1123243;3395;99181;0;331;4;1;42417
1;3650;1123565;3395;99181;0;331;4;1;42342
1;3651;1123792;3395;99180;0;331;4;1;64877
1;3652;1124246;3395;99179;0;331;4;1;46318
1;3653;1124565;3395;99179;0;331;4;1;23241
1;3654;1124792;3395;99179;0;336;4;1;63540
1;3655;1125241;3395;99179;0;336;4;1;65196
1;3656;1125574;3395;99179;0;331;4;1;62210
1;3657;1125892;3395;99180;0;331;4;1;60673
1;3658;1126215;3395;99180;0;331;4;1;32263
1;3659;1126469;3395;99181;0;331;4;1;901
1;3660;1126791;3395;99181;0;331;4;1;14454
1;3661;1127216;3395;99181;0;331;4;1;1701
1;3662;1127468;3395;99181;0;331;4;1;50851
1;3663;1127786;3394;99181;0;331;4;1;61363
1;3664;1128230;3394;99180;0;331;4;1;20851
1;3665;1128571;3394;99180;0;331;4;1;17417
1;3666;1128893;3394;99180;0;331;4;1;29805
1;3667;1129228;3394;99180;0;2891;4;1;16473
1;3668;1129550;3394;99181;0;2891;4;1;37712
1;3669;1129787;3394;99181;0;2891;4;1;60422
1;3670;1130015;3394;99181;0;331;4;1;24938
1;3671;1130338;3394;99181;0;331;4;1;39212
1;3672;1130656;3394;99181;0;331;4;1;2793
1;3673;1130907;3394;99181;0;331;4;1;59623
1;3674;1131230;3394;99181;0;331;4;1;22980
1;3675;1131549;3394;99181;0;331;4;1;65098
1;3676;1131776;3394;99181;0;351;4;1;11094
1;3677;1132016;3394;99181;0;351;4;1;24390
1;3678;1132335;3394;99182;0;351;4;1;30310
1;3679;1132669;3394;99182;0;331;4;1;7166
1;3680;1133010;3394;99182;0;331;4;1;28840
1;3681;1133330;3394;99182;0;331;4;1;26322
1;3682;1133557;3394;99182;0;331;4;1;53874
1;3683;1133777;3394;99182;0;331;4;1;7032
1;3684;1134229;3394;99181;0;331;4;1;8824
1;3685;1134461;3394;99181;0;331;4;1;26461
1;3686;1134779;3394;99180;0;331;4;1;32068
1;3687;1135227;3394;99181;0;331;4;1;45943
1;3688;1135455;3395;99181;0;331;4;1;35739
1;3689;1135772;3394;99181;0;331;4;1;49490
1;3690;1136213;3394;99180;0;331;4;1;13452
1;3691;1136453;3394;99180;0;331;4;1;23734
1;3692;1136771;3394;99180;0;331;4;1;62963
1;3693;1137215;3394;99179;0;20811;4;1;8592
1;3694;1137451;3394;99180;0;20811;4;1;36736
1;3695;1137769;3394;99179;0;20811;4;1;18813
1;3696;1138001;3394;99179;0;331;4;1;43789
1;3697;1138320;3395;99180;0;331;4;1;26991
1;3698;1138556;3394;99180;0;331;4;1;34494
1;3699;1138889;3394;99179;0;331;4;1;60537
1;3700;1139217;3394;99179;0;331;4;1;34578
1;3701;1139536;3394;99180;0;331;4;1;45170
1;3702;1139791;3394;99181;0;331;4;1;39195
1;3703;1140215;3394;99181;0;331;4;1;47675
1;3704;1140534;3394;99181;0;331;4;1;51357
1;3705;1140785;3394;99182;0;331;4;1;26060
1;3706;1141210;3394;99181;0;331;4;1;50474
1;3707;1141544;3394;99181;0;331;4;1;53399
1;3708;1141892;3394;99181;0;331;4;1;35461
1;3709;1142212;3394;99181;0;331;4;1;33978
1;3710;1142443;3394;99182;0;331;4;1;55221
1;3711;1142762;3394;99182;0;331;4;1;51560
1;3712;1142998;3394;99182;0;331;4;1;56472
1;3713;1143333;3394;99182;0;331;4;1;55751
1;3714;1143650;3394;99182;0;331;4;1;2377
1;3715;1143968;3394;99182;0;331;4;1;5633
1;3716;1144221;3394;99182;0;331;4;1;29251
1;3717;1144542;3394;99181;0;331;4;1;30153
1;3718;1144860;3394;99182;0;331;4;1;1989
1;3719;1145223;3394;99181;0;331;4;1;20795
1;3720;1145545;3394;99181;0;331;4;1;36367
1;3721;1145863;3394;99181;0;331;4;1;65019
1;3722;1146197;3394;99181;0;336;4;1;35003
1;3723;1146435;3394;99182;0;336;4;1;47710
1;3724;1146753;3394;99182;0;336;4;1;33197
1;3725;1146984;3394;99182;0;331;4;1;3254
1;3726;1147304;3394;99181;0;331;4;1;9828
1;3727;1147544;3394;99182;0;331;4;1;19151
1;3728;1147771;3394;99181;0;330;4;1;12052
1;3729;1148195;3394;99182;0;330;4;1;43103
1;3730;1148537;3394;99182;0;330;4;1;62147
1;3731;1148764;3394;99181;0;330;4;1;37738
1;3732;1149193;3394;99180;0;330;4;1;38253
1;3733;1149527;3394;99181;0;330;4;1;63535
1;3734;1149766;3394;99182;0;330;4;1;21522
1;3735;1150195;3394;99182;0;330;4;1;25587
1;3736;1150427;3394;99182;0;331;4;1;28853
1;3737;1150768;3394;99180;0;331;4;1;19528
1;3738;1151193;3394;99180;0;331;4;1;18340
1;3739;1151421;3394;99180;0;10571;4;1;33948
1;3740;1151739;3394;99181;0;10571;4;1;38095
1;3741;1151975;3394;99181;0;10571;4;1;14445
1;3742;1152203;3394;99180;0;330;4;1;6909
1;3743;1152525;3393;99180;0;330;4;1;41326
1;3744;1152846;3394;99180;0;330;4;1;29963
1;3745;1153209;3394;99180;0;330;4;1;2735
1;3746;1153527;3394;99181;0;330;4;1;38298
1;3747;1153845;3394;99180;0;330;4;1;31341
1;3748;1154204;3394;99179;0;330;4;1;23208
1;3749;1154523;3394;99179;0;330;4;1;9785
1;3750;1154855;3394;99180;0;330;4;1;21370
1;3751;1155202;3394;99180;0;330;4;1;3585
1;3752;1155521;3394;99179;0;330;4;1;27803
1;3753;1155752;3394;99179;0;330;4;1;35133
1;3754;1156181;3394;99180;0;330;4;1;27726
1;3755;1156417;3394;99180;0;330;4;1;18428
1;3756;1156649;3394;99181;0;330;4;1;36593
1;3757;1156966;3394;99181;0;330;4;1;30064
1;3758;1157286;3394;99181;0;330;4;1;63078
1;3759;1157709;3394;99181;0;330;4;1;27176
1;3760;1158135;3394;99182;0;330;4;1;21589
1;3761;1158456;3394;99182;0;330;4;1;14147
1;3762;1158688;3393;99181;0;330;4;1;33600
1;3763;1158924;3394;99181;0;330;4;1;49732
1;3764;1159244;3394;99182;0;330;4;1;41653
1;3765;1159471;3394;99182;0;330;4;1;41390
1;3766;1159788;3394;99182;0;330;4;1;29377
1;3767;1160133;3393;99181;0;330;4;1;59485
1;3768;1160360;3393;99181;0;330;4;1;47775
1;3769;1160682;3393;99182;0;330;4;1;60830
1;3770;1161141;3393;99182;0;330;4;1;19532
1;3771;1161369;3393;99183;0;330;4;1;52122
1;3772;1161686;3393;99183;0;330;4;1;54299
1;3773;1162151;3393;99183;0;330;4;1;136
1;3774;1162469;3393;99183;0;330;4;1;17367
1;3775;1162786;3393;99183;0;330;4;1;9987
1;3776;1163121;3393;99183;0;330;4;1;58294
1;3777;1163358;3393;99183;0;330;4;1;25657
1;3778;1163680;3393;99182;0;330;4;1;10503
1;3779;1163906;3393;99182;0;330;4;1;659
1;3780;1164230;3393;99183;0;330;4;1;29549
1;3781;1164468;3393;99182;0;330;4;1;26215
1;3782;1164802;3393;99182;0;330;4;1;58441
1;3783;1165121;3393;99182;0;330;4;1;56144
1;3784;1165464;3393;99182;0;330;4;1;2452
1;3785;1165692;3393;99182;0;350;4;1;1397
1;3786;1166117;3393;99182;0;350;4;1;50923
1;3787;1166439;3393;99182;0;350;4;1;10667
1;3788;1166692;3393;99182;0;330;4;1;2026
1;3789;1167121;3393;99182;0;330;4;1;37105
1;3790;1167455;3393;99181;0;330;4;1;23875
1;3791;1167691;3393;99181;0;330;4;1;30449
1;3792;1168115;3393;99181;0;330;4;1;20955
1;3793;1168347;3393;99181;0;330;4;1;40178
1;3794;1168665;3393;99181;0;330;4;1;34689
1;3795;1168905;3393;99181;0;330;4;1;45010
1;3796;1169244;3393;99181;0;330;4;1;2182
1;3797;1169562;3392;99180;0;330;4;1;55529
1;3798;1169904;3392;99179;0;330;4;1;51618
1;3799;1170132;3392;99179;0;330;4;1;32890
1;3800;1170450;3392;99179;0;330;4;1;160
1;3801;1170767;3392;99179;0;330;4;1;50404
1;3802;1171126;3392;99179;0;330;4;1;25428
1;3803;1171445;3392;99180;0;330;4;1;30192
1;3804;1171766;3392;99180;0;330;4;1;17125
1;3805;1172132;3392;99180;0;330;4;1;47994
1;3806;1172450;3392;99180;0;330;4;1;31510
1;3807;1172783;3392;99181;0;330;4;1;57741
1;3808;1173102;3392;99181;0;330;4;1;39904
1;3809;1173339;3392;99181;0;330;4;1;40114
1;3810;1173672;3392;99182;0;330;4;1;29819
1;3811;1174097;3392;99182;0;330;4;1;55280
1;3812;1174335;3392;99182;0;330;4;1;58513
1;3813;1174567;3392;99182;0;330;4;1;51968
1;3814;1174885;3392;99182;0;330;4;1;18660
1;3815;1175205;3392;99182;0;330;4;1;63162
1;3816;1175455;3392;99182;0;330;4;1;28776
1;3817;1175772;3392;99182;0;330;4;1;48453
1;3818;1176096;3392;99182;0;330;4;1;57787
1;3819;1176324;3392;99181;0;335;4;1;45991
1;3820;1176560;3392;99181;0;335;4;1;24639
1;3821;1176881;3392;99181;0;335;4;1;58997
1;3822;1177101;3392;99180;0;335;4;1;17130
1;3823;1177329;3392;99181;0;330;4;1;2428
1;3824;1177678;3392;99181;0;330;4;1;25995
1;3825;1178122;3391;99181;0;330;4;1;24623
1;3826;1178440;3391;99183;0;330;4;1;17272
1;3827;1178781;3391;99182;0;330;4;1;59606
1;3828;1179116;3391;99181;0;330;4;1;18674
1;3829;1179434;3392;99183;0;330;4;1;15401
1;3830;1179656;3392;99182;0;330;4;1;61662
1;3831;1179908;3392;99182;0;330;4;1;17021
1;3832;1180227;3392;99182;0;330;4;1;2747
1;3833;1180546;3391;99183;0;330;4;1;40057
1;3834;1180772;3391;99183;0;330;4;1;20644
1;3835;1181116;3391;99183;0;330;4;1;14210
1;3836;1181434;3391;99183;0;330;4;1;65432
1;3837;1181662;3391;99183;0;330;4;1;63017
1;3838;1182110;3391;99183;0;330;4;1;11539
1;3839;1182432;3391;99182;0;330;4;1;31827
1;3840;1182664;3391;99182;0;330;4;1;13871
1;3841;1183092;3391;99181;0;330;4;1;18146
1;3842;1183331;3391;99181;0;330;4;1;45056
1;3843;1183559;3391;99181;0;330;4;1;47537
1;3844;1183877;3391;99181;0;330;4;1;28790
1;3845;1184196;3391;99182;0;330;4;1;5713
1;3846;1184448;3391;99182;0;330;4;1;53140
1;3847;1184765;3391;99183;0;330;4;1;38815
1;3848;1185088;3391;99183;0;330;4;1;64372
1;3849;1185320;3391;99184;0;330;4;1;53310
1;3850;1185556;3391;99183;0;330;4;1;12943
1;3851;1185873;3391;99183;0;330;4;1;48868
1;3852;1186102;3391;99183;0;330;4;1;6775
1;3853;1186420;3391;99183;0;330;4;1;30181
1;3854;1186660;3391;99182;0;330;4;1;27017
1;3855;1187100;3391;99182;0;330;4;1;43578
1;3856;1187418;3390;99182;0;330;4;1;34592
1;3857;1187657;3391;99182;0;330;4;1;39775
1;3858;1187888;3390;99181;0;330;4;1;1335
1;3859;1188108;3390;99181;0;330;4;1;38295
1;3860;1188426;3390;99180;0;330;4;1;34244
1;3861;1188792;3390;99181;0;330;4;1;41085
1;3862;1189112;3390;99181;0;330;4;1;49894
1;3863;1189430;3390;99181;0;330;4;1;12736
1;3864;1189658;3390;99180;0;330;4;1;4886
1;3865;1189894;3390;99182;0;330;4;1;52793
1;3866;1190217;3390;99183;0;330;4;1;16878
1;3867;1190559;3390;99183;0;330;4;1;33789
1;3868;1190876;3390;99183;0;330;4;1;22756
1;3869;1191113;3390;99183;0;330;4;1;41743
1;3870;1191447;3390;99184;0;330;4;1;15417
1;3871;1191764;3390;99184;0;330;4;1;800
1;3872;1192107;3390;99184;0;330;4;1;64583
1;3873;1192335;3390;99184;0;330;4;1;62966
1;3874;1192653;3390;99184;0;330;4;1;13947
1;3875;1193082;3391;99185;0;330;4;1;5456
1;3876;1193337;3391;99185;0;350;4;1;15121
1;3877;1193655;3391;99185;0;350;4;1;24595
1;3878;1194099;3390;99185;0;330;4;1;49302
1;3879;1194340;3390;99185;0;330;4;1;55810
1;3880;1194658;3390;99185;0;330;4;1;29230
1;3881;1195099;3390;99185;0;330;4;1;20855
1;3882;1195440;3390;99185;0;330;4;1;35179
1;3883;1195761;3391;99185;0;330;4;1;37564
1;3884;1196100;3391;99185;0;330;4;1;4554
1;3885;1196418;3391;99186;0;330;4;1;62795
1;3886;1196654;3391;99185;0;330;4;1;26474
1;3887;1196882;3391;99186;0;330;4;1;36656
1;3888;1197201;3391;99186;0;330;4;1;50425
1;3889;1197520;3390;99186;0;330;4;1;40775
1;3890;1197771;3390;99186;0;330;4;1;44349
1;3891;1198097;3390;99186;0;330;4;1;37573
1;3892;1198415;3390;99186;0;330;4;1;33703
1;3893;1198647;3390;99186;0;330;4;1;26850
1;3894;1198883;3390;99185;0;330;4;1;38837
1;3895;1199206;3390;99186;0;330;4;1;29345
1;3896;1199434;3391;99186;0;330;4;1;52573
1;3897;1199751;3391;99186;0;330;4;1;42873
1;3898;1200094;3390;99185;0;330;4;1;45363
1;3899;1200322;3390;99185;0;330;4;1;61349
1;3900;1200644;3390;99185;0;330;4;1;32659
1;3901;1201094;3390;99185;0;330;4;1;41056
1;3902;1201325;3390;99185;0;330;4;1;18639
1;3903;1201648;3389;99185;0;330;4;1;17198
1;3904;1202111;3390;99185;0;330;4;1;31466
1;3905;1202429;3389;99184;0;330;4;1;37827
1;3906;1202747;3389;99184;0;330;4;1;19434
1;3907;1203082;3389;99184;0;330;4;1;65336
1;3908;1203322;3389;99184;0;330;4;1;1975
1;3909;1203640;3389;99185;0;330;4;1;13
1;3910;1203867;3389;99186;0;330;4;1;61342
1;3911;1204191;3389;99186;0;330;4;1;41513
1;3912;1204427;3389;99186;0;330;4;1;18821
1;3913;1204760;3389;99186;0;330;4;1;28888
1;3914;1205083;3389;99187;0;330;4;1;15255
1;3915;1205425;3389;99187;0;330;4;1;40909
1;3916;1205657;3389;99186;0;330;4;1;28333
1;3917;1206086;3389;99187;0;330;4;1;19233
1;3918;1206408;3389;99187;0;330;4;1;11627
1;3919;1206659;3389;99187;0;330;4;1;60774
1;3920;1207084;3389;99188;0;330;4;1;10106
1;3921;1207418;3389;99188;0;330;4;1;38323
1;3922;1207654;3389;99188;0;330;4;1;38158
1;3923;1208078;3389;99189;0;330;4;1;4135
1;3924;1208306;3389;99189;0;330;4;1;17583
1;3925;1208628;3389;99189;0;330;4;1;33476
1;3926;1208865;3389;99190;0;330;4;1;11544
1;3927;1209204;3389;99189;0;330;4;1;5814
1;3928;1209526;3389;99190;0;330;4;1;1338
1;3929;1209867;3389;99190;0;330;4;1;40253
1;3930;1210100;3389;99190;0;330;4;1;45196
1;3931;1210418;3389;99190;0;330;4;1;21997
1;3932;1210735;3389;99191;0;330;4;1;44512
1;3933;1211094;3389;99191;0;330;4;1;56907
1;3934;1211416;3388;99190;0;330;4;1;40074
1;3935;1211734;3389;99191;0;330;4;1;60099
1;3936;1212096;3389;99191;0;330;4;1;29709
1;3937;1212415;3388;99190;0;330;4;1;18593
1;3938;1212748;3388;99191;0;330;4;1;12732
1;3939;1213067;3388;99190;0;330;4;1;9477
1;3940;1213306;3388;99190;0;330;4;1;3539
1;3941;1213640;3388;99190;0;329;4;1;42574
1;3942;1214068;3388;99190;0;329;4;1;33460
1;3943;1214304;3388;99190;0;329;4;1;43270
1;3944;1214536;3388;99190;0;330;4;1;12285
1;3945;1214854;3388;99189;0;330;4;1;19564
1;3946;1215174;3388;99188;0;330;4;1;30316
1;3947;1215424;3388;99188;0;330;4;1;25115
1;3948;1215742;3388;99186;0;330;4;1;1584
1;3949;1216065;3388;99185;0;330;4;1;50953
1;3950;1216293;3388;99185;0;330;4;1;6819
1;3951;1216533;3388;99185;0;330;4;1;48303
1;3952;1216855;3388;99184;0;330;4;1;3966
1;3953;1217193;3388;99185;0;330;4;1;44598
1;3954;1217511;3388;99184;0;330;4;1;12547
1;3955;1217747;3388;99183;0;330;4;1;14342
1;3956;1218081;3388;99183;0;329;4;1;10089
1;3957;1218399;3388;99182;0;329;4;1;13888
1;3958;1218740;3388;99182;0;329;4;1;16226
1;3959;1219079;3388;99181;0;329;4;1;15043
1;3960;1219397;3388;99181;0;329;4;1;24838
1;3961;1219718;3388;99181;0;329;4;1;28332
1;3962;1220079;3388;99181;0;330;4;1;35246
1;3963;1220397;3388;99182;0;330;4;1;50922
1;3964;1220730;3388;99182;0;329;4;1;6792
1;3965;1221081;3388;99182;0;329;4;1;37279
1;3966;1221400;3388;99183;0;329;4;1;58193
1;3967;1221628;3388;99184;0;330;4;1;64020
1;3968;1222079;3388;99184;0;330;4;1;56054
1;3969;1222402;3388;99184;0;330;4;1;17137
1;3970;1222630;3388;99184;0;330;4;1;51063
1;3971;1223054;3388;99185;0;330;4;1;54025
1;3972;1223292;3388;99185;0;330;4;1;35472
1;3973;1223520;3388;99185;0;329;4;1;51424
1;3974;1223838;3388;99185;0;329;4;1;40236
1;3975;1224157;3388;99185;0;329;4;1;41525
1;3976;1224413;3388;99186;0;335;4;1;21798
1;3977;1224633;3388;99185;0;335;4;1;23657
1;3978;1225058;3389;99187;0;335;4;1;6582
1;3979;1225286;3389;99186;0;329;4;1;17826
1;3980;1225523;3389;99186;0;329;4;1;57076
1;3981;1225840;3389;99187;0;329;4;1;63775
1;3982;1226069;3389;99187;0;329;4;1;19539
1;3983;1226387;3389;99187;0;329;4;1;36929
1;3984;1226624;3389;99187;0;329;4;1;36158
1;3985;1227071;3388;99185;0;339;4;1;654
1;3986;1227394;3388;99185;0;339;4;1;40626
1;3987;1227630;3388;99185;0;339;4;1;38943
1;3988;1227857;3388;99185;0;10569;4;1;60763
1;3989;1228181;3388;99185;0;10569;4;1;20708
1;3990;1228499;3388;99185;0;10569;4;1;53473
1;3991;1228749;3388;99185;0;329;4;1;61194
1;3992;1229069;3388;99186;0;329;4;1;36309
1;3993;1229387;3388;99186;0;329;4;1;41423
1;3994;1229618;3388;99186;0;329;4;1;46622
1;3995;1229856;3388;99185;0;329;4;1;18337
1;3996;1230176;3388;99186;0;329;4;1;54628
1;3997;1230509;3388;99186;0;330;4;1;20882
1;3998;1230827;3389;99187;0;330;4;1;3284
1;3999;1231064;3389;99187;0;330;4;1;47348
1;4000;1231398;3388;99186;0;350;4;1;23934
1;4001;1231719;3388;99185;0;350;4;1;15193
1;4002;1231939;3388;99185;0;350;4;1;24140
1;4003;1232174;3388;99185;0;350;4;1;47115
1;4004;1232406;3388;99184;0;330;4;1;39519
1;4005;1232724;3388;99185;0;330;4;1;28141
1;4006;1233042;3388;99184;0;330;4;1;30708
1;4007;1233293;3388;99185;0;370;4;1;15610
1;4008;1233611;3388;99185;0;370;4;1;25822
1;4009;1234051;3388;99186;0;330;4;1;62295
1;4010;1234287;3388;99186;0;330;4;1;23013
1;4011;1234605;3388;99186;0;330;4;1;50815
1;4012;1235049;3388;99185;0;330;4;1;40480
1;4013;1235269;3388;99185;0;330;4;1;4225
1;4014;1235505;3388;99185;0;330;4;1;37699
1;4015;1235837;3388;99185;0;330;4;1;23012
1;4016;1236156;3388;99185;0;330;4;1;13289
1;4017;1236498;3388;99184;0;330;4;1;23680
1;4018;1236725;3388;99184;0;369;4;1;2097
1;4019;1237048;3388;99185;0;369;4;1;58929
1;4020;1237367;3388;99185;0;369;4;1;63920
1;4021;1237631;3388;99185;0;329;4;1;17969
1;4022;1238059;3388;99187;0;329;4;1;29108
1;4023;1238377;3388;99187;0;329;4;1;24143
1;4024;1238605;3388;99186;0;329;4;1;48096
1;4025;1238853;3388;99187;0;329;4;1;37506
1;4026;1239173;3388;99186;0;329;4;1;51677
1;4027;1239400;3388;99186;0;330;4;1;12608
1;4028;1239717;3388;99187;0;330;4;1;26413
1;4029;1240062;3388;99186;0;330;4;1;6508
1;4030;1240294;3388;99187;0;330;4;1;17067
1;4031;1240612;3388;99186;0;330;4;1;44380
1;4032;1241059;3388;99186;0;330;4;1;50280
1;4033;1241287;3389;99186;0;329;4;1;37980
1;4034;1241605;3388;99186;0;329;4;1;19102
1;4035;1242068;3388;99186;0;330;4;1;21656
1;4036;1242386;3388;99186;0;330;4;1;17532
1;4037;1242707;3388;99187;0;330;4;1;49793
1;4038;1243075;3388;99186;0;330;4;1;12005
1;4039;1243393;3388;99186;0;330;4;1;34828
1;4040;1243711;3388;99185;0;330;4;1;30149
1;4041;1244045;3388;99185;0;329;4;1;7907
1;4042;1244281;3388;99185;0;329;4;1;60923
1;4043;1244600;3388;99185;0;329;4;1;814
1;4044;1244827;3388;99184;0;329;4;1;1041
1;4045;1245152;3388;99184;0;329;4;1;40475
1;4046;1245392;3388;99184;0;329;4;1;63673
1;4047;1245619;3388;99184;0;330;4;1;5488
1;4048;1246043;3388;99185;0;330;4;1;9266
1;4049;1246384;3388;99186;0;330;4;1;59504
1;4050;1246616;3388;99187;0;329;4;1;49117
1;4051;1247041;3388;99187;0;329;4;1;8276
1;4052;1247374;3388;99188;0;329;4;1;14174
1;4053;1247610;3388;99189;0;329;4;1;28843
1;4054;1248042;3388;99191;0;329;4;1;33908
1;4055;1248274;3388;99191;0;329;4;1;38887
1;4056;1248615;3388;99192;0;329;4;1;6076
1;4057;1249040;3388;99192;0;329;4;1;41315
1;4058;1249268;3388;99192;0;329;4;1;9445
1;4059;1249585;3388;99193;0;329;4;1;3041
1;4060;1249821;3388;99193;0;329;4;1;8489
1;4061;1250049;3388;99193;0;329;4;1;36235
1;4062;1250271;3388;99193;0;329;4;1;36058
1;4063;1250590;3388;99193;0;329;4;1;2704
1;4064;1250824;3388;99193;0;329;4;1;25686
1;4065;1251053;3388;99193;0;329;4;1;23853
1;4066;1251374;3388;99193;0;329;4;1;18233
1;4067;1251692;3388;99192;0;329;4;1;45195
1;4068;1252051;3388;99193;0;329;4;1;40229
1;4069;1252369;3388;99193;0;329;4;1;10825
1;4070;1252702;3388;99193;0;329;4;1;32215
1;4071;1253048;3388;99193;0;329;4;1;40391
1;4072;1253365;3388;99193;0;329;4;1;13244
1;4073;1253593;3388;99193;0;329;4;1;2365
1;4074;1254025;3388;99193;0;329;4;1;23889
1;4075;1254264;3388;99193;0;329;4;1;37255
1;4076;1254491;3388;99192;0;329;4;1;5738
1;4077;1254808;3388;99192;0;329;4;1;55675
1;4078;1255127;3388;99192;0;329;4;1;52876
1;4079;1255379;3388;99192;0;329;4;1;64319
1;4080;1255700;3388;99191;0;329;4;1;49644
1;4081;1256020;3388;99191;0;329;4;1;36794
1;4082;1256247;3388;99191;0;329;4;1;8382
1;4083;1256487;3388;99191;0;329;4;1;34879
1;4084;1256805;3388;99192;0;329;4;1;51447
1;4085;1257140;3388;99192;0;329;4;1;30794
1;4086;1257481;3388;99192;0;329;4;1;65039
1;4087;1257803;3388;99192;0;329;4;1;53748
1;4088;1258031;3388;99192;0;329;4;1;37910
1;4089;1258353;3388;99192;0;329;4;1;24948
1;4090;1258588;3388;99192;0;329;4;1;37779
1;4091;1259032;3388;99192;0;329;4;1;13929
1;4092;1259354;3388;99192;0;329;4;1;64914
1;4093;1259695;3388;99192;0;329;4;1;41970
1;4094;1260030;3388;99192;0;329;4;1;3889
1;4095;1260348;3388;99192;0;329;4;1;14479
1;4096;1260681;3388;99192;0;329;4;1;35663
1;4097;1261027;3388;99192;0;329;4;1;8102
1;4098;1261346;3388;99192;0;329;4;1;46369
1;4099;1261577;3388;99192;0;329;4;1;28966
1;4100;1262029;3388;99192;0;329;4;1;10393
1;4101;1262347;3388;99192;0;329;4;1;23727
1;4102;1262574;3388;99193;0;329;4;1;4482
1;4103;1263022;3388;99192;0;329;4;1;44907
1;4104;1263356;3389;99193;0;329;4;1;14316
1;4105;1263677;3388;99192;0;329;4;1;15625
1;4106;1263996;3389;99193;0;329;4;1;4833
1;4107;1264247;3389;99193;0;2889;4;1;64046
1;4108;1264569;3388;99193;0;2889;4;1;16422
1;4109;1264997;3389;99193;0;2889;4;1;18804
1;4110;1265249;3389;99193;0;2889;4;1;37041
1;4111;1265571;3388;99193;0;2889;4;1;2593
1;4112;1266010;3388;99193;0;329;4;1;14143
1;4113;1266357;3388;99193;0;329;4;1;16605
1;4114;1266675;3388;99194;0;329;4;1;63563
1;4115;1267009;3388;99193;0;329;4;1;28122
1;4116;1267330;3388;99194;0;329;4;1;32344
1;4117;1267567;3388;99194;0;329;4;1;26647
1;4118;1267793;3388;99193;0;329;4;1;56488
1;4119;1268113;3388;99193;0;329;4;1;8863
1;4120;1268430;3388;99193;0;329;4;1;62280
1;4121;1268682;3388;99193;0;329;4;1;50939
1;4122;1269004;3388;99194;0;329;4;1;59130
1;4123;1269326;3388;99194;0;329;4;1;35176
1;4124;1269554;3388;99195;0;329;4;1;23941
1;4125;1269793;3389;99195;0;329;4;1;62938
1;4126;1270117;3389;99194;0;329;4;1;52283
1;4127;1270450;3389;99194;0;329;4;1;7882
1;4128;1270791;3389;99194;0;329;4;1;42454
1;4129;1271110;3389;99194;0;329;4;1;47883
1;4130;1271337;3389;99194;0;329;4;1;37118
1;4131;1271659;3388;99193;0;329;4;1;33436
1;4132;1272001;3389;99193;0;329;4;1;60964
1;4133;1272229;3389;99193;0;329;4;1;40849
1;4134;1272551;3388;99193;0;329;4;1;6527
1;4135;1272998;3389;99195;0;329;4;1;35565
1;4136;1273230;3389;99195;0;329;4;1;13306
1;4137;1273548;3388;99195;0;329;4;1;6411
1;4138;1273988;3389;99195;0;329;4;1;9032
1;4139;1274227;3388;99194;0;329;4;1;4344
1;4140;1274545;3388;99194;0;329;4;1;27490
1;4141;1274985;3389;99194;0;329;4;1;8632
1;4142;1275223;3388;99194;0;329;4;1;31136
1;4143;1275541;3388;99195;0;329;4;1;15987
1;4144;1275768;3388;99195;0;329;4;1;27743
1;4145;1276091;3388;99195;0;329;4;1;29296
1;4146;1276327;3388;99195;0;329;4;1;29389
1;4147;1276660;3388;99195;0;329;4;1;5052
1;4148;1276986;3388;99195;0;329;4;1;33864
1;4149;1277305;3388;99195;0;329;4;1;47953
1;4150;1277591;3388;99195;0;328;4;1;55839
1;4151;1278015;3388;99195;0;328;4;1;32611
1;4152;1278365;3388;99195;0;328;4;1;37032
1;4153;1278616;3388;99195;0;328;4;1;62864
1;4154;1279041;3388;99194;0;328;4;1;40605
1;4155;1279374;3388;99194;0;328;4;1;38164
1;4156;1279715;3388;99193;0;328;4;1;44992
1;4157;1280038;3388;99194;0;328;4;1;893
1;4158;1280266;3388;99194;0;328;4;1;8643
1;4159;1280587;3388;99194;0;328;4;1;32631
1;4160;1280827;3388;99194;0;328;4;1;46822
1;4161;1281166;3387;99195;0;328;4;1;37702
1;4162;1281483;3388;99196;0;328;4;1;33209
1;4163;1281801;3387;99194;0;328;4;1;36347
1;4164;1282053;3388;99196;0;328;4;1;4752
1;4165;1282374;3388;99196;0;328;4;1;11657
1;4166;1282691;3388;99196;0;328;4;1;27810
1;4167;1283050;3387;99196;0;328;4;1;869
1;4168;1283372;3387;99196;0;328;4;1;33727
1;4169;1283689;3387;99195;0;328;4;1;46910
1;4170;1284024;3387;99195;0;328;4;1;60405
1;4171;1284260;3387;99195;0;328;4;1;38505
1;4172;1284582;3388;99196;0;328;4;1;48679
1;4173;1284809;3388;99196;0;328;4;1;16841
1;4174;1285132;3388;99196;0;328;4;1;10260
1;4175;1285369;3388;99196;0;328;4;1;3950
1;4176;1285597;3388;99197;0;328;4;1;39669
1;4177;1286025;3387;99196;0;328;4;1;13135
1;4178;1286366;3388;99197;0;328;4;1;23457
1;4179;1286594;3388;99196;0;328;4;1;12106
1;4180;1287023;3388;99196;0;328;4;1;19788
1;4181;1287356;3388;99196;0;328;4;1;23783
1;4182;1287596;3388;99196;0;328;4;1;39106
1;4183;1288020;3387;99196;0;328;4;1;57763
1;4184;1288248;3388;99196;0;328;4;1;30734
1;4185;1288468;3388;99196;0;328;4;1;63151
1;4186;1288704;3388;99197;0;328;4;1;59682
1;4187;1289023;3388;99197;0;328;4;1;18596
1;4188;1289251;3388;99196;0;328;4;1;6388
1;4189;1289568;3388;99196;0;328;4;1;10221
1;4190;1289804;3388;99196;0;328;4;1;17722
1;4191;1290036;3387;99196;0;328;4;1;9246
1;4192;1290355;3388;99196;0;328;4;1;17514
1;4193;1290672;3388;99196;0;328;4;1;35707
1;4194;1291030;3387;99196;0;328;4;1;56668
1;4195;1291352;3387;99196;0;328;4;1;63108
1;4196;1291670;3387;99196;0;328;4;1;2543
1;4197;1292036;3387;99196;0;328;4;1;22612
1;4198;1292354;3387;99195;0;328;4;1;24763
1;4199;1292687;3387;99195;0;20808;4;1;16333
1;4200;1293035;3387;99196;0;20808;4;1;21394
1;4201;1293353;3387;99196;0;20808;4;1;58622
1;4202;1293581;3387;99196;0;328;4;1;13419
1;4203;1294009;3387;99196;0;328;4;1;37818
1;4204;1294245;3387;99196;0;328;4;1;56088
1;4205;1294472;3387;99196;0;328;4;1;32083
1;4206;1294789;3387;99196;0;328;4;1;2825
1;4207;1295109;3387;99195;0;328;4;1;13518
1;4208;1295364;3387;99196;0;328;4;1;65394
1;4209;1295686;3387;99196;0;328;4;1;53385
1;4210;1296005;3387;99196;0;328;4;1;62446
1;4211;1296237;3387;99196;0;328;4;1;46795
1;4212;1296473;3387;99196;0;328;4;1;37957
1;4213;1296790;3386;99195;0;328;4;1;62226
1;4214;1297125;3386;99195;0;328;4;1;638
1;4215;1297467;3386;99195;0;328;4;1;28555
1;4216;1297784;3386;99196;0;328;4;1;3345
1;4217;1298017;3386;99196;0;328;4;1;45744
1;4218;1298334;3386;99195;0;328;4;1;7832
1;4219;1298570;3386;99195;0;328;4;1;50974
1;4220;1299014;3386;99195;0;328;4;1;61948
1;4221;1299336;3386;99195;0;328;4;1;60055
1;4222;1299676;3386;99195;0;328;4;1;54661
1;4223;1300011;3386;99195;0;328;4;1;37714
1;4224;1300329;3386;99195;0;328;4;1;52173
1;4225;1300662;3386;99194;0;328;4;1;55090
1;4226;1301008;3386;99195;0;328;4;1;37716
1;4227;1301326;3386;99195;0;328;4;1;26166
1;4228;1301558;3386;99194;0;328;4;1;12776
1;4229;1302005;3386;99194;0;328;4;1;65273
1;4230;1302323;3386;99194;0;328;4;1;9936
1;4231;1302551;3386;99194;0;328;4;1;39745
1;4232;1303001;3386;99193;0;328;4;1;36078
1;4233;1303339;3386;99193;0;328;4;1;39251
1;4234;1303660;3386;99193;0;328;4;1;35174
1;4235;1303982;3386;99193;0;328;4;1;22165
1;4236;1304234;3386;99194;0;328;4;1;49077
1;4237;1304552;3386;99193;0;328;4;1;59572
1;4238;1304976;3386;99194;0;328;4;1;61031
1;4239;1305228;3386;99194;0;328;4;1;684
1;4240;1305546;3386;99194;0;328;4;1;10940
1;4241;1305989;3386;99194;0;328;4;1;47522
1;4242;1306331;3386;99194;0;328;4;1;41142
1;4243;1306653;3386;99193;0;328;4;1;7719
1;4244;1306987;3386;99193;0;328;4;1;46167
1;4245;1307305;3386;99193;0;328;4;1;11213
1;4246;1307545;3386;99192;0;328;4;1;2979
1;4247;1307772;3386;99192;0;328;4;1;23111
1;4248;1308095;3385;99192;0;328;4;1;11981
1;4249;1308412;3385;99193;0;328;4;1;35316
1;4250;1308664;3385;99193;0;328;4;1;4184
1;4251;1308987;3386;99194;0;328;4;1;4364
1;4252;1309309;3386;99194;0;328;4;1;55574
1;4253;1309537;3386;99194;0;328;4;1;30132
1;4254;1309775;3386;99195;0;328;4;1;28220
1;4255;1310094;3386;99195;0;328;4;1;33001
1;4256;1310427;3385;99195;0;328;4;1;26792
1;4257;1310768;3385;99195;0;328;4;1;64609
1;4258;1311095;3385;99194;0;328;4;1;62630
1;4259;1311323;3385;99195;0;328;4;1;57895
1;4260;1311644;3385;99194;0;328;4;1;21239
1;4261;1311987;3385;99194;0;328;4;1;21967
1;4262;1312215;3385;99194;0;328;4;1;61537
1;4263;1312533;3385;99194;0;328;4;1;51167
1;4264;1312981;3385;99194;0;328;4;1;40168
1;4265;1313209;3385;99194;0;328;4;1;27213
1;4266;1313526;3385;99194;0;328;4;1;32186
1;4267;1313973;3385;99195;0;328;4;1;62069
1;4268;1314213;3385;99196;0;328;4;1;22514
1;4269;1314530;3385;99196;0;328;4;1;27402
1;4270;1314974;3385;99197;0;328;4;1;44520
1;4271;1315212;3385;99197;0;328;4;1;58390
1;4272;1315529;3385;99197;0;328;4;1;48457
1;4273;1315757;3385;99196;0;328;4;1;5301
1;4274;1316076;3385;99196;0;328;4;1;26316
1;4275;1316311;3385;99196;0;328;4;1;33986
1;4276;1316651;3385;99196;0;328;4;1;36899
1;4277;1316969;3385;99195;0;328;4;1;18267
1;4278;1317288;3385;99196;0;328;4;1;11308
1;4279;1317539;3385;99195;0;328;4;1;34293
1;4280;1317963;3385;99195;0;328;4;1;56433
1;4281;1318281;3385;99195;0;328;4;1;898
1;4282;1318533;3385;99196;0;328;4;1;29930
1;4283;1318960;3384;99196;0;328;4;1;56023
1;4284;1319300;3384;99195;0;328;4;1;61650
1;4285;1319641;3384;99195;0;328;4;1;29951
1;4286;1319960;3385;99195;0;328;4;1;7113
1;4287;1320188;3385;99195;0;328;4;1;12880
1;4288;1320506;3385;99194;0;328;4;1;31618
1;4289;1320742;3384;99194;0;328;4;1;37443
1;4290;1321077;3384;99195;0;328;4;1;5683
1;4291;1321394;3384;99195;0;328;4;1;39594
1;4292;1321716;3384;99195;0;328;4;1;21168
1;4293;1321970;3384;99195;0;328;4;1;18119
1;4294;1322287;3384;99195;0;328;4;1;46603
1;4295;1322610;3384;99196;0;328;4;1;7067
1;4296;1322967;3384;99195;0;328;4;1;44867
1;4297;1323286;3384;99196;0;328;4;1;12859
1;4298;1323603;3384;99194;0;328;4;1;29420
1;4299;1323937;3384;99195;0;328;4;1;22357
1;4300;1324177;3384;99196;0;328;4;1;3691
1;4301;1324499;3384;99196;0;328;4;1;8592
1;4302;1324726;3384;99195;0;328;4;1;34060
1;4303;1325049;3384;99196;0;328;4;1;22320
1;4304;1325285;3384;99196;0;328;4;1;28367
1;4305;1325513;3384;99197;0;328;4;1;14375
1;4306;1325937;3384;99197;0;328;4;1;24405
1;4307;1326282;3384;99198;0;328;4;1;62738
1;4308;1326509;3384;99198;0;328;4;1;20865
1;4309;1326938;3384;99198;0;328;4;1;5974
1;4310;1327274;3384;99198;0;328;4;1;24437
1;4311;1327511;3384;99199;0;328;4;1;1918
1;4312;1327935;3384;99200;0;328;4;1;7975
1;4313;1328163;3384;99199;0;328;4;1;51765
1;4314;1328504;3384;99199;0;328;4;1;49186
1;4315;1328929;3384;99199;0;328;4;1;44963
1;4316;1329161;3383;99199;0;328;4;1;38630
1;4317;1329478;3383;99199;0;328;4;1;28007
1;4318;1329719;3383;99199;0;328;4;1;48591
1;4319;1329955;3383;99199;0;328;4;1;38525
1;4320;1330273;3383;99199;0;328;4;1;24036
1;4321;1330590;3383;99199;0;328;4;1;29806
1;4322;1330948;3383;99199;0;328;4;1;3802
1;4323;1331266;3383;99200;0;328;4;1;10646
1;4324;1331584;3383;99199;0;328;4;1;43886
1;4325;1331944;3383;99200;0;328;4;1;59169
1;4326;1332263;3383;99200;0;328;4;1;10280
1;4327;1332599;3383;99200;0;328;4;1;14358
1;4328;1332942;3383;99200;0;328;4;1;16259
1;4329;1333260;3383;99199;0;328;4;1;8289
1;4330;1333488;3383;99199;0;328;4;1;15606
1;4331;1333912;3383;99198;0;328;4;1;47583
1;4332;1334154;3383;99198;0;328;4;1;5153
1;4333;1334381;3383;99199;0;328;4;1;48200
1;4334;1334699;3383;99199;0;328;4;1;35884
1;4335;1335022;3383;99198;0;328;4;1;18777
1;4336;1335273;3383;99199;0;328;4;1;53734
1;4337;1335591;3383;99199;0;328;4;1;54921
1;4338;1335914;3383;99199;0;328;4;1;57530
1;4339;1336142;3383;99199;0;328;4;1;59659
1;4340;1336378;3383;99200;0;328;4;1;6927
1;4341;1336700;3383;99200;0;328;4;1;30588
1;4342;1337034;3383;99200;0;328;4;1;23926
1;4343;1337377;3383;99200;0;328;4;1;20591
1;4344;1337597;3383;99200;0;328;4;1;43227
1;4345;1337931;3382;99200;0;328;4;1;50057
1;4346;1338248;3382;99200;0;328;4;1;41095
1;4347;1338485;3383;99201;0;328;4;1;62808
1;4348;1338925;3383;99202;0;328;4;1;5825
1;4349;1339242;3382;99202;0;328;4;1;12083
1;4350;1339587;3382;99203;0;328;4;1;33938
1;4351;1339921;3382;99203;0;328;4;1;44333
1;4352;1340243;3383;99204;0;328;4;1;26973
1;4353;1340576;3382;99203;0;328;4;1;10282
1;4354;1340925;3382;99204;0;328;4;1;27084
1;4355;1341243;3383;99204;0;328;4;1;22681
1;4356;1341475;3382;99204;0;328;4;1;51182
1;4357;1341926;3382;99204;0;328;4;1;27315
1;4358;1342244;3383;99205;0;328;4;1;27704
1;4359;1342472;3383;99206;0;328;4;1;23256
1;4360;1342922;3382;99205;0;328;4;1;52364
1;4361;1343256;3382;99205;0;338;4;1;42951
1;4362;1343573;3382;99205;0;338;4;1;57828
1;4363;1343892;3382;99205;0;338;4;1;3889
1;4364;1344144;3382;99205;0;328;4;1;56351
1;4365;1344467;3382;99205;0;328;4;1;58118
1;4366;1344891;3382;99205;0;328;4;1;6823
1;4367;1345142;3382;99206;0;328;4;1;32885
1;4368;1345464;3382;99206;0;328;4;1;57213
1;4369;1345911;3382;99206;0;328;4;1;44526
1;4370;1346260;3382;99205;0;328;4;1;45685
1;4371;1346578;3382;99205;0;328;4;1;18065
1;4372;1346920;3382;99206;0;328;4;1;20611
1;4373;1347238;3382;99206;0;328;4;1;2945
1;4374;1347474;3382;99206;0;328;4;1;45102
1;4375;1347701;3382;99206;0;328;4;1;62081
1;4376;1348020;3382;99206;0;328;4;1;26730
1;4377;1348341;3382;99206;0;328;4;1;14046
1;4378;1348593;3382;99206;0;328;4;1;44914
1;4379;1348912;3382;99206;0;328;4;1;10552
1;4380;1349132;3382;99206;0;328;4;1;7665
1;4381;1349465;3382;99204;0;328;4;1;65046
1;4382;1349701;3382;99203;0;328;4;1;1576
1;4383;1350020;3382;99202;0;328;4;1;12468
1;4384;1350353;3382;99201;0;328;4;1;28586
1;4385;1350695;3382;99200;0;328;4;1;24836
1;4386;1351018;3382;99199;0;328;4;1;44629
1;4387;1351245;3382;99199;0;328;4;1;54955
1;4388;1351562;3382;99199;0;328;4;1;48690
1;4389;1351913;3382;99199;0;328;4;1;2313
1;4390;1352140;3382;99200;0;328;4;1;1358
1;4391;1352459;3381;99200;0;328;4;1;44607
1;4392;1352907;3381;99202;0;328;4;1;17470
1;4393;1353138;3381;99203;0;328;4;1;10169
1;4394;1353460;3381;99205;0;328;4;1;22088
1;4395;1353900;3382;99207;0;328;4;1;55146
1;4396;1354136;3381;99207;0;328;4;1;60287
1;4397;1354458;3381;99208;0;328;4;1;4062
1;4398;1354898;3381;99208;0;328;4;1;17009
1;4399;1355134;3381;99208;0;328;4;1;17628
1;4400;1355452;3381;99209;0;328;4;1;18284
1;4401;1355679;3381;99209;0;328;4;1;15475
1;4402;1356002;3381;99209;0;328;4;1;39454
1;4403;1356238;3381;99209;0;328;4;1;5311
1;4404;1356571;3381;99210;0;328;4;1;54100
1;4405;1356898;3381;99210;0;328;4;1;43041
1;4406;1357216;3381;99210;0;328;4;1;56269
1;4407;1357467;3381;99211;0;328;4;1;41443
1;4408;1357895;3381;99210;0;328;4;1;20512
1;4409;1358213;3381;99210;0;328;4;1;36819
1;4410;1358466;3380;99209;0;328;4;1;23209
1;4411;1358894;3380;99210;0;328;4;1;13413
1;4412;1359228;3380;99210;0;328;4;1;57759
1;4413;1359572;3381;99211;0;328;4;1;509
1;4414;1359891;3380;99210;0;328;4;1;11389
1;4415;1360119;3380;99210;0;328;4;1;1508
1;4416;1360437;3381;99211;0;328;4;1;19165
1;4417;1360677;3380;99211;0;328;4;1;26500
1;4418;1361011;3380;99211;0;338;4;1;15270
1;4419;1361333;3380;99211;0;338;4;1;42973
1;4420;1361654;3381;99211;0;338;4;1;31182
1;4421;1361906;3380;99211;0;328;4;1;19434
1;4422;1362224;3381;99211;0;328;4;1;1151
1;4423;1362541;3380;99211;0;328;4;1;50481
1;4424;1362901;3380;99211;0;328;4;1;37423
1;4425;1363219;3380;99212;0;328;4;1;20342
1;4426;1363537;3380;99211;0;328;4;1;42310
1;4427;1363871;3380;99211;0;328;4;1;48685
1;4428;1364109;3380;99211;0;328;4;1;57831
1;4429;1364435;3380;99213;0;328;4;1;58737
1;4430;1364663;3380;99213;0;328;4;1;30898
1;4431;1364982;3380;99213;0;328;4;1;26223
1;4432;1365218;3380;99213;0;328;4;1;51461
1;4433;1365445;3380;99213;0;327;4;1;37995
1;4434;1365869;3380;99213;0;327;4;1;60696
1;4435;1366211;3380;99212;0;327;4;1;47874
1;4436;1366439;3380;99213;0;327;4;1;63230
1;4437;1366867;3380;99214;0;327;4;1;63989
1;4438;1367204;3380;99213;0;328;4;1;9928
1;4439;1367440;3380;99212;0;328;4;1;59697
1;4440;1367865;3380;99213;0;328;4;1;32968
1;4441;1368093;3380;99212;0;328;4;1;58640
1;4442;1368438;3380;99212;0;328;4;1;52484
1;4443;1368866;3380;99212;0;328;4;1;30463
1;4444;1369094;3380;99214;0;328;4;1;64326
1;4445;1369419;3380;99213;0;328;4;1;23033
1;4446;1369655;3380;99213;0;328;4;1;23851
1;4447;1369883;3379;99213;0;327;4;1;31867
1;4448;1370202;3379;99213;0;327;4;1;38721
1;4449;1370519;3379;99213;0;327;4;1;48396
1;4450;1370877;3379;99212;0;327;4;1;7642
1;4451;1371196;3379;99213;0;327;4;1;17369
1;4452;1371513;3379;99213;0;327;4;1;64140
1;4453;1371877;3379;99213;0;327;4;1;58959
1;4454;1372097;3379;99212;0;327;4;1;39848
1;4455;1372415;3379;99212;0;327;4;1;55544
1;4456;1372643;3379;99213;0;327;4;1;55341
1;4457;1372880;3379;99213;0;327;4;1;64858
1;4458;1373197;3379;99213;0;327;4;1;3478
1;4459;1373425;3379;99214;0;327;4;1;50660
1;4460;1373850;3379;99213;0;327;4;1;13656
1;4461;1374087;3379;99214;0;327;4;1;61922
1;4462;1374314;3379;99214;0;327;4;1;39564
1;4463;1374534;3379;99214;0;327;4;1;5165
1;4464;1374856;3379;99214;0;327;4;1;2892
1;4465;1375092;3379;99214;0;327;4;1;5088
1;4466;1375324;3379;99214;0;327;4;1;45677
1;4467;1375641;3379;99214;0;327;4;1;7984
1;4468;1375960;3379;99214;0;327;4;1;42372
1;4469;1376212;3379;99214;0;327;4;1;5927
1;4470;1376530;3379;99214;0;327;4;1;4578
1;4471;1376853;3379;99215;0;327;4;1;62803
1;4472;1377084;3379;99215;0;328;4;1;16731
1;4473;1377320;3379;99215;0;328;4;1;43602
1;4474;1377638;3379;99216;0;328;4;1;13088
1;4475;1377866;3379;99216;0;327;4;1;38929
1;4476;1378183;3379;99216;0;327;4;1;22108
1;4477;1378420;3379;99215;0;327;4;1;46206
1;4478;1378864;3378;99216;0;327;4;1;9974
1;4479;1379181;3378;99216;0;327;4;1;58034
1;4480;1379523;3378;99216;0;327;4;1;2560
1;4481;1379867;3378;99217;0;327;4;1;23842
1;4482;1380186;3378;99216;0;327;4;1;14249
1;4483;1380519;3378;99217;0;327;4;1;5530
1;4484;1380862;3378;99217;0;327;4;1;30294
1;4485;1381181;3378;99216;0;327;4;1;35139
1;4486;1381409;3378;99216;0;327;4;1;18757
1;4487;1381856;3378;99217;0;327;4;1;32729
1;4488;1382175;3378;99218;0;327;4;1;45786
1;4489;1382409;3378;99217;0;327;4;1;4456
1;4490;1382856;3378;99218;0;327;4;1;11096
1;4491;1383194;3378;99217;0;327;4;1;31261
1;4492;1383512;3378;99218;0;327;4;1;2471
1;4493;1383830;3378;99219;0;327;4;1;51845
1;4494;1384082;3378;99219;0;327;4;1;4928
1;4495;1384400;3378;99219;0;327;4;1;15547
1;4496;1384824;3378;99219;0;327;4;1;23037
1;4497;1385081;3378;99219;0;327;4;1;32589
1;4498;1385399;3378;99219;0;327;4;1;51257
1;4499;1385842;3378;99219;0;327;4;1;3579
1;4500;1386184;3378;99219;0;327;4;1;43894
1;4501;1386502;3378;99220;0;327;4;1;57530
1;4502;1386836;3378;99220;0;327;4;1;32095
1;4503;1387158;3378;99220;0;327;4;1;58053
1;4504;1387398;3378;99221;0;327;4;1;9864
1;4505;1387625;3378;99221;0;327;4;1;53688
1;4506;1387948;3378;99221;0;327;4;1;53498
1;4507;1388266;3378;99221;0;327;4;1;64736
1;4508;1388518;3378;99221;0;327;4;1;43587
1;4509;1388837;3378;99220;0;327;4;1;59147
1;4510;1389155;3377;99220;0;327;4;1;43179
1;4511;1389383;3377;99220;0;327;4;1;41242
1;4512;1389619;3377;99221;0;327;4;1;62085
1;4513;1389942;3377;99221;0;327;4;1;45008
1;4514;1390279;3378;99221;0;327;4;1;14545
1;4515;1390624;3378;99221;0;327;4;1;61776
1;4516;1390947;3378;99221;0;327;4;1;10825
1;4517;1391174;3377;99221;0;327;4;1;48342
1;4518;1391492;3377;99222;0;327;4;1;47040
1;4519;1391835;3377;99222;0;327;4;1;37627
1;4520;1392063;3377;99222;0;327;4;1;38768
1;4521;1392381;3377;99222;0;327;4;1;63714
1;4522;1392832;3377;99222;0;327;4;1;17555
1;4523;1393064;3377;99222;0;327;4;1;61886
1;4524;1393382;3377;99223;0;327;4;1;26365
1;4525;1393822;3377;99223;0;327;4;1;42318
1;4526;1394058;3377;99222;0;327;4;1;64170
1;4527;1394380;3377;99222;0;327;4;1;54960
1;4528;1394820;3377;99221;0;327;4;1;6684
1;4529;1395058;3377;99221;0;327;4;1;42084
1;4530;1395376;3376;99221;0;327;4;1;53890
1;4531;1395608;3377;99221;0;327;4;1;23240
1;4532;1395927;3377;99221;0;327;4;1;34290
1;4533;1396164;3377;99221;0;327;4;1;56558
1;4534;1396497;3377;99222;0;327;4;1;21274
1;4535;1396820;3377;99222;0;327;4;1;64635
1;4536;1397138;3377;99222;0;327;4;1;5182
1;4537;1397390;3377;99222;0;327;4;1;63733
1;4538;1397818;3376;99223;0;327;4;1;18151
1;4539;1398136;3376;99222;0;327;4;1;45397
1;4540;1398395;3376;99222;0;327;4;1;21025
1;4541;1398819;3376;99222;0;327;4;1;48149
1;4542;1399153;3376;99222;0;327;4;1;8688
1;4543;1399812;3376;99223;0;327;4;1;1597
1;4544;1400040;3376;99222;0;327;4;1;38224
1;4545;1400362;3376;99223;0;327;4;1;31399
1;4546;1400810;3376;99223;0;327;4;1;10383
1;4547;1401038;3376;99224;0;327;4;1;7725
1;4548;1401359;3376;99224;0;327;4;1;64693
1;4549;1401803;3376;99224;0;327;4;1;16650
1;4550;1402040;3376;99224;0;327;4;1;12468
1;4551;1402357;3376;99224;0;327;4;1;60145
1;4552;1402801;3376;99224;0;327;4;1;15157
1;4553;1403050;3376;99224;0;327;4;1;13319
1;4554;1403368;3375;99224;0;327;4;1;24581
1;4555;1403595;3375;99224;0;327;4;1;23411
1;4556;1403918;3375;99224;0;327;4;1;31409
1;4557;1404154;3375;99224;0;327;4;1;19753
1;4558;1404487;3375;99224;0;327;4;1;31025
1;4559;1404806;3375;99224;0;327;4;1;38884
1;4560;1405124;3375;99223;0;327;4;1;34171
1;4561;1405379;3375;99223;0;327;4;1;33262
1;4562;1405803;3375;99223;0;327;4;1;63645
1;4563;1406122;3375;99223;0;327;4;1;55027
1;4564;1406378;3375;99223;0;327;4;1;17608
1;4565;1406806;3375;99224;0;327;4;1;16154
1;4566;1407140;3375;99224;0;327;4;1;49099
1;4567;1407481;3375;99223;0;327;4;1;61628
1;4568;1407804;3375;99225;0;327;4;1;37608
1;4569;1408035;3375;99225;0;327;4;1;53207
1;4570;1408354;3375;99225;0;327;4;1;32021
1;4571;1408590;3375;99224;0;327;4;1;27540
1;4572;1408924;3375;99223;0;327;4;1;50517
1;4573;1409245;3375;99222;0;327;4;1;13240
1;4574;1409564;3375;99222;0;327;4;1;39231
1;4575;1409815;3375;99222;0;327;4;1;22834
1;4576;1410137;3374;99222;0;327;4;1;4944
1;4577;1410454;3375;99222;0;327;4;1;23994
1;4578;1410816;3375;99223;0;327;4;1;15327
1;4579;1411134;3374;99224;0;327;4;1;38357
1;4580;1411452;3374;99224;0;327;4;1;24110
1;4581;1411790;3375;99225;0;327;4;1;1689
1;4582;1412026;3374;99224;0;327;4;1;22552
1;4583;1412344;3374;99225;0;327;4;1;28433
1;4584;1412572;3374;99225;0;327;4;1;4766
1;4585;1412899;3374;99225;0;327;4;1;54105
1;4586;1413135;3374;99225;0;327;4;1;979
1;4587;1413362;3374;99225;0;327;4;1;41913
1;4588;1413786;3374;99225;0;327;4;1;6873
1;4589;1414137;3374;99225;0;327;4;1;6594
1;4590;1414368;3374;99224;0;327;4;1;21223
1;4591;1414793;3374;99225;0;327;4;1;50988
1;4592;1415126;3374;99226;0;327;4;1;7733
1;4593;1415362;3374;99225;0;327;4;1;40003
1;4594;1415791;3374;99227;0;327;4;1;5865
1;4595;1416019;3374;99227;0;327;4;1;34377
1;4596;1416360;3374;99227;0;327;4;1;51440
1;4597;1416785;3374;99226;0;327;4;1;45874
1;4598;1417017;3374;99226;0;327;4;1;43520
1;4599;1417335;3374;99226;0;327;4;1;62787
1;4600;1417571;3374;99227;0;327;4;1;29318
1;4601;1417803;3374;99227;0;327;4;1;65478
1;4602;1418125;3374;99227;0;327;4;1;53154
1;4603;1418442;3374;99227;0;327;4;1;29576
1;4604;1418803;3374;99227;0;327;4;1;13315
1;4605;1419121;3374;99227;0;327;4;1;7160
1;4606;1419438;3374;99227;0;327;4;1;29521
1;4607;1419796;3374;99228;0;327;4;1;45125
1;4608;1420114;3374;99227;0;327;4;1;33437
1;4609;1420446;3373;99226;0;967;4;1;41181
1;4610;1420792;3373;99225;0;967;4;1;9289
1;4611;1421110;3373;99226;0;967;4;1;44949
1;4612;1421338;3373;99225;0;326;4;1;10771
1;4613;1421765;3373;99225;0;326;4;1;16283
1;4614;1422002;3373;99225;0;326;4;1;36223
1;4615;1422229;3373;99226;0;327;4;1;26435
1;4616;1422550;3373;99225;0;327;4;1;37925
1;4617;1422868;3373;99225;0;327;4;1;41883
1;4618;1423119;3373;99226;0;327;4;1;43378
1;4619;1423441;3373;99227;0;327;4;1;21863
1;4620;1423763;3373;99227;0;327;4;1;28308
1;4621;1423991;3373;99228;0;327;4;1;34557
1;4622;1424227;3373;99228;0;327;4;1;336
1;4623;1424545;3373;99227;0;327;4;1;14245
1;4624;1424882;3373;99228;0;327;4;1;31587
1;4625;1425227;3373;99228;0;327;4;1;41196
1;4626;1425548;3373;99228;0;327;4;1;47202
1;4627;1425776;3373;99228;0;326;4;1;2719
1;4628;1426093;3373;99228;0;326;4;1;39610
1;4629;1426329;3373;99228;0;326;4;1;36106
1;4630;1426769;3373;99228;0;327;4;1;39676
1;4631;1427086;3373;99228;0;327;4;1;53021
1;4632;1427427;3373;99229;0;327;4;1;34093
1;4633;1427765;3373;99229;0;327;4;1;32333
1;4634;1428083;3373;99229;0;327;4;1;65096
1;4635;1428419;3373;99230;0;327;4;1;8834
1;4636;1428763;3373;99229;0;327;4;1;45505
1;4637;1429081;3373;99230;0;327;4;1;42665
1;4638;1429312;3373;99229;0;327;4;1;36228
1;4639;1429763;3373;99230;0;327;4;1;36983
1;4640;1430081;3373;99230;0;327;4;1;56124
1;4641;1430312;3373;99230;0;327;4;1;32499
1;4642;1430765;3373;99231;0;327;4;1;26435
1;4643;1431098;3373;99231;0;327;4;1;7574
1;4644;1431416;3373;99231;0;327;4;1;54893
1;4645;1431734;3372;99230;0;327;4;1;33042
1;4646;1431985;3373;99231;0;326;4;1;7907
1;4647;1432303;3372;99231;0;326;4;1;61067
1;4648;1432727;3372;99231;0;326;4;1;22790
1;4649;1432982;3372;99232;0;347;4;1;28299
1;4650;1433202;3372;99232;0;347;4;1;832
1;4651;1433520;3372;99232;0;347;4;1;56499
1;4652;1433747;3372;99231;0;327;4;1;3209
1;4653;1434088;3372;99231;0;327;4;1;38531
1;4654;1434406;3372;99230;0;327;4;1;4595
1;4655;1434744;3372;99230;0;326;4;1;36475
1;4656;1435061;3372;99231;0;326;4;1;14364
1;4657;1435297;3372;99231;0;326;4;1;21447
1;4658;1435524;3372;99230;0;326;4;1;16066
1;4659;1435846;3372;99231;0;326;4;1;6222
1;4660;1436167;3372;99232;0;326;4;1;36514
1;4661;1436420;3372;99232;0;326;4;1;51647
1;4662;1436742;3372;99232;0;326;4;1;35552
1;4663;1437060;3372;99232;0;326;4;1;21779
1;4664;1437288;3372;99232;0;326;4;1;26601
1;4665;1437524;3372;99232;0;326;4;1;63305
1;4666;1437842;3372;99232;0;326;4;1;13593
1;4667;1438183;3372;99233;0;327;4;1;14423
1;4668;1438524;3372;99232;0;327;4;1;47699
1;4669;1438843;3372;99232;0;327;4;1;1657
1;4670;1439070;3372;99232;0;326;4;1;6500
1;4671;1439387;3372;99233;0;326;4;1;11289
1;4672;1439729;3372;99233;0;326;4;1;23901
1;4673;1439957;3372;99234;0;2886;4;1;38275
1;4674;1440279;3372;99235;0;2886;4;1;54891
1;4675;1440731;3372;99235;0;2886;4;1;60612
1;4676;1440962;3372;99235;0;366;4;1;21893
1;4677;1441279;3372;99235;0;366;4;1;54727
1;4678;1441719;3372;99234;0;326;4;1;51818
1;4679;1441955;3372;99234;0;326;4;1;12932
1;4680;1442272;3372;99234;0;326;4;1;31139
1;4681;1442712;3372;99235;0;326;4;1;57995
1;4682;1442947;3372;99234;0;326;4;1;34922
1;4683;1443268;3372;99234;0;326;4;1;62715
1;4684;1443501;3372;99234;0;327;4;1;24332
1;4685;1443819;3372;99234;0;327;4;1;13183
1;4686;1444059;3372;99234;0;327;4;1;6758
1;4687;1444391;3372;99234;0;326;4;1;16598
1;4688;1444710;3372;99234;0;326;4;1;6760
1;4689;1445028;3372;99234;0;326;4;1;1312
1;4690;1445279;3372;99234;0;326;4;1;19249
1;4691;1445707;3372;99234;0;326;4;1;194
1;4692;1446030;3372;99234;0;326;4;1;48043
1;4693;1446282;3372;99234;0;5446;4;1;24398
1;4694;1446705;3372;99232;0;5446;4;1;43433
1;4695;1447039;3372;99232;0;326;4;1;21287
1;4696;1447380;3372;99232;0;326;4;1;11038
1;4697;1447698;3372;99232;0;326;4;1;24360
1;4698;1447926;3372;99232;0;326;4;1;55982
1;4699;1448146;3372;99232;0;326;4;1;545
1;4700;1448487;3371;99232;0;326;4;1;19258
1;4701;1448825;3371;99233;0;326;4;1;26129
1;4702;1449142;3371;99233;0;326;4;1;316
1;4703;1449460;3371;99233;0;326;4;1;11975
1;4704;1449711;3371;99233;0;326;4;1;38011
1;4705;1450028;3371;99232;0;326;4;1;40743
1;4706;1450345;3371;99232;0;326;4;1;28269
1;4707;1450704;3371;99232;0;326;4;1;7622
1;4708;1451025;3371;99232;0;326;4;1;32652
1;4709;1451346;3371;99232;0;326;4;1;16533
1;4710;1451684;3371;99232;0;326;4;1;4763
1;4711;1451922;3371;99233;0;326;4;1;64678
1;4712;1452240;3371;99233;0;326;4;1;30301
1;4713;1452467;3371;99234;0;326;4;1;3516
1;4714;1452786;3371;99234;0;326;4;1;65303
1;4715;1453021;3371;99234;0;326;4;1;16528
1;4716;1453248;3371;99234;0;20806;4;1;44368
1;4717;1453676;3371;99234;0;20806;4;1;15284
1;4718;1454020;3371;99233;0;20806;4;1;53872
1;4719;1454248;3371;99234;0;326;4;1;56096
1;4720;1454672;3371;99235;0;326;4;1;62563
1;4721;1455005;3371;99235;0;326;4;1;56878
1;4722;1455240;3371;99235;0;326;4;1;35290
1;4723;1455669;3371;99236;0;326;4;1;14432
1;4724;1455900;3371;99236;0;326;4;1;427
1;4725;1456241;3371;99234;0;326;4;1;50982
1;4726;1456673;3371;99235;0;326;4;1;19203
1;4727;1456900;3371;99235;0;326;4;1;21072
1;4728;1457217;3371;99235;0;326;4;1;48000
1;4729;1457453;3371;99236;0;326;4;1;25752
1;4730;1457681;3371;99236;0;326;4;1;6222
1;4731;1457999;3371;99235;0;326;4;1;50321
1;4732;1458316;3371;99234;0;326;4;1;4033
1;4733;1458679;3371;99235;0;326;4;1;19842
1;4734;1458996;3371;99236;0;326;4;1;61308
1;4735;1459320;3370;99236;0;326;4;1;40963
1;4736;1459678;3370;99236;0;326;4;1;3866
1;4737;1459996;3370;99236;0;326;4;1;14500
1;4738;1460328;3370;99237;0;326;4;1;62072
1;4739;1460671;3371;99238;0;326;4;1;23929
1;4740;1460992;3370;99237;0;326;4;1;15651
1;4741;1461220;3370;99237;0;326;4;1;5306
1;4742;1461644;3370;99237;0;326;4;1;25879
1;4743;1461883;3370;99237;0;326;4;1;35812
1;4744;1462111;3370;99237;0;326;4;1;63083
1;4745;1462428;3370;99237;0;326;4;1;52046
1;4746;1462750;3370;99237;0;326;4;1;18602
1;4747;1463001;3370;99236;0;326;4;1;54303
1;4748;1463323;3370;99236;0;326;4;1;34675
1;4749;1463645;3370;99236;0;326;4;1;60160
1;4750;1463873;3370;99236;0;326;4;1;43988
1;4751;1464108;3370;99236;0;326;4;1;19859
1;4752;1464430;3370;99236;0;326;4;1;63285
1;4753;1464764;3370;99235;0;326;4;1;8058
1;4754;1465106;3370;99235;0;326;4;1;1093
1;4755;1465424;3370;99236;0;326;4;1;49848
1;4756;1465652;3370;99235;0;326;4;1;32432
1;4757;1465973;3370;99236;0;326;4;1;2489
1;4758;1466208;3370;99236;0;326;4;1;40694
1;4759;1466648;3370;99237;0;326;4;1;61847
1;4760;1466969;3370;99236;0;326;4;1;852
1;4761;1467314;3370;99236;0;326;4;1;30551
1;4762;1467652;3370;99236;0;326;4;1;30123
1;4763;1467970;3370;99236;0;326;4;1;22961
1;4764;1468302;3370;99236;0;326;4;1;34590
1;4765;1468649;3370;99236;0;326;4;1;5811
1;4766;1468966;3370;99236;0;326;4;1;22888
1;4767;1469194;3370;99236;0;326;4;1;55241
1;4768;1469645;3370;99235;0;326;4;1;38543
1;4769;1469963;3370;99235;0;326;4;1;58041
1;4770;1470190;3370;99235;0;326;4;1;30685
1;4771;1470638;3370;99234;0;326;4;1;64443
1;4772;1470975;3370;99233;0;966;4;1;43045
1;4773;1471296;3370;99233;0;966;4;1;4582
1;4774;1471614;3370;99233;0;966;4;1;52262
1;4775;1471865;3370;99234;0;326;4;1;32753
1;4776;1472183;3370;99235;0;326;4;1;34948
1;4777;1472611;3370;99235;0;326;4;1;21024
1;4778;1472863;3370;99235;0;326;4;1;28319
1;4779;1473181;3370;99235;0;326;4;1;61701
1;4780;1473629;3370;99235;0;326;4;1;33709
1;4781;1473969;3370;99235;0;326;4;1;34048
1;4782;1474287;3370;99235;0;326;4;1;39956
1;4783;1474621;3370;99235;0;326;4;1;50619
1;4784;1474841;3370;99235;0;326;4;1;34921
1;4785;1475075;3370;99235;0;326;4;1;1774
1;4786;1475409;3370;99235;0;366;4;1;37266
1;4787;1475727;3370;99235;0;366;4;1;21571
1;4788;1476048;3370;99235;0;366;4;1;21955
1;4789;1476300;3370;99235;0;326;4;1;45969
1;4790;1476619;3370;99235;0;326;4;1;59917
1;4791;1476936;3370;99235;0;326;4;1;54548
1;4792;1477164;3370;99235;0;326;4;1;37110
1;4793;1477400;3370;99235;0;326;4;1;34630
1;4794;1477722;3370;99235;0;326;4;1;50201
1;4795;1478059;3370;99235;0;326;4;1;2255
1;4796;1478400;3370;99234;0;326;4;1;53452
1;4797;1478620;3370;99234;0;326;4;1;23622
1;4798;1478953;3369;99233;0;326;4;1;37448
1;4799;1479271;3369;99233;0;326;4;1;14658
1;4800;1479613;3370;99234;0;326;4;1;11602
1;4801;1479840;3370;99233;0;326;4;1;10579
1;4802;1480162;3370;99234;0;326;4;1;53837
1;4803;1480611;3370;99233;0;326;4;1;23591
1;4804;1480842;3370;99234;0;326;4;1;52264
1;4805;1481159;3370;99233;0;326;4;1;28311
1;4806;1481599;3370;99233;0;326;4;1;2533
1;4807;1481834;3370;99233;0;326;4;1;61966
1;4808;1482152;3370;99233;0;326;4;1;22979
1;4809;1482598;3369;99233;0;326;4;1;25920
1;4810;1482843;3369;99232;0;326;4;1;9588
1;4811;1483164;3369;99232;0;326;4;1;43501
1;4812;1483392;3369;99233;0;326;4;1;31087
1;4813;1483710;3369;99232;0;326;4;1;4162
1;4814;1483946;3369;99232;0;326;4;1;22356
1;4815;1484278;3369;99231;0;20806;4;1;33469
1;4816;1484601;3369;99230;0;20806;4;1;64851
1;4817;1484919;3369;99230;0;20806;4;1;50958
1;4818;1485170;3369;99231;0;326;4;1;58162
1;4819;1485597;3369;99231;0;326;4;1;52476
1;4820;1485919;3369;99230;0;326;4;1;8181
1;4821;1486174;3369;99231;0;326;4;1;41317
1;4822;1486598;3369;99231;0;326;4;1;29209
1;4823;1486931;3369;99232;0;326;4;1;46861
1;4824;1487273;3369;99232;0;326;4;1;47571
1;4825;1487592;3369;99232;0;326;4;1;59239
1;4826;1487819;3369;99231;0;326;4;1;17427
1;4827;1488141;3369;99231;0;326;4;1;45303
1;4828;1488379;3369;99231;0;326;4;1;17067
1;4829;1488713;3369;99231;0;326;4;1;12050
1;4830;1489030;3369;99231;0;326;4;1;22970
1;4831;1489348;3369;99231;0;326;4;1;30273
1;4832;1489604;3369;99232;0;326;4;1;4286
1;4833;1489925;3369;99231;0;326;4;1;57984
1;4834;1490242;3369;99230;0;326;4;1;59975
1;4835;1490600;3369;99229;0;326;4;1;46645
1;4836;1490925;3369;99229;0;326;4;1;3936
1;4837;1491242;3369;99229;0;326;4;1;5077
1;4838;1491576;3368;99228;0;326;4;1;21363
1;4839;1491812;3368;99227;0;326;4;1;54892
1;4840;1492130;3368;99227;0;326;4;1;65170
1;4841;1492357;3368;99227;0;326;4;1;50693
1;4842;1492676;3368;99227;0;326;4;1;13486
1;4843;1492914;3368;99228;0;326;4;1;21347
1;4844;1493141;3368;99227;0;326;4;1;30583
1;4845;1493363;3368;99228;0;326;4;1;65203
1;4846;1493681;3368;99228;0;326;4;1;52534
1;4847;1493916;3368;99229;0;326;4;1;35644
1;4848;1494143;3368;99229;0;326;4;1;64759
1;4849;1494568;3368;99229;0;326;4;1;30250
1;4850;1494900;3368;99227;0;486;4;1;54531
1;4851;1495137;3368;99227;0;486;4;1;7271
1;4852;1495565;3368;99226;0;486;4;1;16070
1;4853;1495799;3368;99226;0;326;4;1;50790
1;4854;1496140;3368;99226;0;326;4;1;4320
1;4855;1496564;3368;99226;0;326;4;1;13248
1;4856;1496791;3368;99227;0;326;4;1;42177
1;4857;1497109;3368;99227;0;326;4;1;552
1;4858;1497347;3368;99226;0;326;4;1;31752
1;4859;1497575;3368;99227;0;326;4;1;36312
1;4860;1497893;3368;99226;0;326;4;1;34351
1;4861;1498210;3368;99226;0;326;4;1;14853
1;4862;1498575;3368;99226;0;326;4;1;63569
1;4863;1498893;3368;99226;0;326;4;1;53231
1;4864;1499210;3368;99226;0;326;4;1;32779
1;4865;1499568;3368;99226;0;326;4;1;64235
1;4866;1499886;3368;99226;0;326;4;1;58367
1;4867;1500218;3368;99225;0;326;4;1;20516
1;4868;1500563;3368;99224;0;326;4;1;16814
1;4869;1500881;3368;99224;0;326;4;1;11836
1;4870;1501116;3368;99224;0;326;4;1;25700
1;4871;1501544;3368;99223;0;326;4;1;13811
1;4872;1501780;3368;99223;0;326;4;1;37124
1;4873;1502007;3368;99223;0;326;4;1;37407
1;4874;1502325;3368;99223;0;326;4;1;53568
1;4875;1502643;3368;99223;0;326;4;1;19771
1;4876;1502894;3368;99223;0;326;4;1;21778
1;4877;1503212;3368;99223;0;326;4;1;31465
1;4878;1503535;3368;99223;0;326;4;1;17399
1;4879;1503766;3368;99223;0;346;4;1;20261
1;4880;1504002;3368;99223;0;346;4;1;8436
1;4881;1504319;3368;99224;0;346;4;1;60222
1;4882;1504657;3368;99224;0;326;4;1;38717
1;4883;1504998;3368;99224;0;326;4;1;35270
1;4884;1505316;3367;99223;0;326;4;1;33102
1;4885;1505544;3368;99223;0;326;4;1;52925
1;4886;1505861;3367;99222;0;326;4;1;57749
1;4887;1506099;3367;99222;0;326;4;1;45029
1;4888;1506547;3367;99222;0;326;4;1;58711
1;4889;1506863;3368;99222;0;326;4;1;59622
1;4890;1507205;3367;99221;0;326;4;1;57780
1;4891;1507539;3367;99221;0;326;4;1;3395
1;4892;1507856;3367;99222;0;326;4;1;46821
1;4893;1508189;3367;99222;0;326;4;1;27808
1;4894;1508538;3367;99222;0;326;4;1;45215
1;4895;1508855;3367;99221;0;326;4;1;4640
1;4896;1509087;3367;99222;0;5446;4;1;4629
1;4897;1509536;3367;99221;0;5446;4;1;51831
1;4898;1509853;3367;99221;0;5446;4;1;40494
1;4899;1510081;3367;99221;0;326;4;1;41907
1;4900;1510528;3367;99221;0;326;4;1;12785
1;4901;1510861;3367;99220;0;326;4;1;13309
1;4902;1511183;3367;99220;0;326;4;1;43100
1;4903;1511505;3367;99220;0;326;4;1;44810
1;4904;1511760;3367;99220;0;10566;4;1;3936
1;4905;1512078;3367;99221;0;10566;4;1;37418
1;4906;1512505;3367;99221;0;10566;4;1;32820
1;4907;1512756;3367;99221;0;326;4;1;37112
1;4908;1513074;3367;99220;0;326;4;1;32939
1;4909;1513513;3367;99220;0;326;4;1;24505
1;4910;1513857;3367;99220;0;326;4;1;52871
1;4911;1514175;3367;99219;0;326;4;1;5687
1;4912;1514516;3367;99219;0;326;4;1;14028
1;4913;1514833;3367;99219;0;326;4;1;27545
1;4914;1515076;3367;99219;0;326;4;1;48319
1;4915;1515303;3367;99219;0;326;4;1;49060
1;4916;1515622;3367;99219;0;326;4;1;61785
1;4917;1515939;3367;99219;0;326;4;1;23556
1;4918;1516195;3367;99219;0;326;4;1;50761
1;4919;1516518;3366;99218;0;326;4;1;1590
1;4920;1516835;3366;99218;0;326;4;1;47050
1;4921;1517067;3366;99218;0;326;4;1;14986
1;4922;1517303;3366;99219;0;326;4;1;65108
1;4923;1517625;3366;99218;0;326;4;1;17516
1;4924;1517958;3366;99218;0;326;4;1;61922
1;4925;1518300;3366;99218;0;326;4;1;1889
1;4926;1518622;3366;99218;0;326;4;1;7186
1;4927;1518849;3366;99218;0;326;4;1;33174
1;4928;1519166;3366;99217;0;326;4;1;64814
1;4929;1519520;3366;99217;0;326;4;1;32832
1;4930;1519775;3366;99216;0;326;4;1;42916
1;4931;1520061;3366;99216;0;326;4;1;52313
1;4932;1520509;3367;99217;0;326;4;1;41737
1;4933;1520737;3367;99217;0;326;4;1;53008
1;4934;1521054;3367;99217;0;326;4;1;19077
1;4935;1521498;3367;99217;0;326;4;1;8055
1;4936;1521734;3367;99216;0;326;4;1;52892
1;4937;1522051;3367;99217;0;326;4;1;48008
1;4938;1522497;3367;99216;0;326;4;1;63584
1;4939;1522733;3367;99216;0;326;4;1;52862
1;4940;1523050;3367;99217;0;326;4;1;36518
1;4941;1523278;3366;99217;0;1606;4;1;54064
1;4942;1523597;3366;99216;0;1606;4;1;26743
1;4943;1523836;3366;99216;0;1606;4;1;40105
1;4944;1524172;3366;99216;0;326;4;1;11735
1;4945;1524491;3366;99216;0;326;4;1;18691
1;4946;1524809;3366;99216;0;326;4;1;2652
1;4947;1525064;3366;99216;0;326;4;1;27781
1;4948;1525488;3366;99215;0;326;4;1;13762
1;4949;1525805;3366;99214;0;326;4;1;41181
1;4950;1526057;3366;99212;0;326;4;1;39362
1;4951;1526484;3366;99211;0;326;4;1;63576
1;4952;1526817;3366;99210;0;326;4;1;46062
1;4953;1527160;3366;99211;0;326;4;1;60523
1;4954;1527478;3366;99210;0;326;4;1;49983
1;4955;1527713;3366;99209;0;326;4;1;41297
1;4956;1528031;3366;99209;0;326;4;1;32261
1;4957;1528267;3366;99208;0;326;4;1;36350
1;4958;1528605;3366;99207;0;326;4;1;49381
1;4959;1528926;3366;99206;0;326;4;1;59150
1;4960;1529244;3366;99205;0;326;4;1;25822
1;4961;1529496;3366;99205;0;326;4;1;4356
1;4962;1529813;3366;99205;0;326;4;1;26462
1;4963;1530130;3366;99205;0;326;4;1;37597
1;4964;1530492;3366;99207;0;326;4;1;16742
1;4965;1530810;3365;99208;0;326;4;1;39307
1;4966;1531127;3365;99209;0;326;4;1;63267
1;4967;1531465;3365;99210;0;326;4;1;9976
1;4968;1531705;3365;99210;0;326;4;1;32506
1;4969;1532023;3365;99210;0;326;4;1;8633
1;4970;1532250;3365;99210;0;326;4;1;5093
1;4971;1532569;3365;99210;0;326;4;1;40093
1;4972;1532809;3365;99211;0;326;4;1;51438
1;4973;1533036;3365;99211;0;326;4;1;39178
1;4974;1533464;3365;99211;0;326;4;1;45804
1;4975;1533804;3365;99210;0;326;4;1;1297
1;4976;1534035;3365;99211;0;326;4;1;59779
1;4977;1534460;3365;99211;0;326;4;1;42508
1;4978;1534792;3365;99210;0;326;4;1;56751
1;4979;1535029;3365;99210;0;326;4;1;58706
1;4980;1535458;3365;99209;0;326;4;1;60208
1;4981;1535689;3365;99209;0;326;4;1;22358
1;4982;1536029;3365;99209;0;326;4;1;743
1;4983;1536454;3365;99210;0;326;4;1;11293
1;4984;1536685;3365;99210;0;326;4;1;40001
1;4985;1537002;3365;99210;0;326;4;1;57552
1;4986;1537238;3365;99210;0;326;4;1;7380
1;4987;1537466;3365;99210;0;326;4;1;60017
1;4988;1537784;3365;99211;0;326;4;1;47530
1;4989;1538101;3365;99211;0;326;4;1;60157
1;4990;1538463;3365;99211;0;326;4;1;23047
1;4991;1538780;3365;99210;0;326;4;1;64830
1;4992;1539101;3365;99211;0;326;4;1;54361
1;4993;1539468;3365;99211;0;326;4;1;23689
1;4994;1539786;3365;99212;0;326;4;1;62769
1;4995;1540118;3365;99212;0;326;4;1;18882
1;4996;1540468;3365;99211;0;326;4;1;38790
1;4997;1540786;3365;99211;0;326;4;1;19348
1;4998;1541017;3365;99211;0;326;4;1;7044
1;4999;1541441;3365;99212;0;326;4;1;15744
1;5000;1541682;3365;99211;0;326;4;1;15728
1;5001;1541909;3365;99212;0;326;4;1;11354
1;5002;1542226;3365;99212;0;326;4;1;11754
1;5003;1542545;3365;99212;0;326;4;1;58107
1;5004;1542798;3365;99212;0;326;4;1;56086
1;5005;1543116;3365;99212;0;326;4;1;62701
1;5006;1543439;3365;99212;0;326;4;1;65404
1;5007;1543666;3365;99212;0;326;4;1;24342
1;5008;1543902;3365;99212;0;326;4;1;54717
1;5009;1544223;3365;99212;0;326;4;1;24952
1;5010;1544558;3365;99212;0;326;4;1;61881
1;5011;1544898;3365;99212;0;326;4;1;53113
1;5012;1545216;3364;99212;0;326;4;1;55670
1;5013;1545448;3365;99213;0;326;4;1;43357
1;5014;1545765;3365;99212;0;326;4;1;7947
1;5015;1546000;3365;99212;0;326;4;1;6233
1;5016;1546446;3365;99211;0;326;4;1;37262
1;5017;1546763;3364;99211;0;326;4;1;37373
1;5018;1547108;3364;99210;0;326;4;1;8744
1;5019;1547442;3364;99210;0;326;4;1;24809
1;5020;1547760;3364;99210;0;326;4;1;43794
1;5021;1548093;3364;99210;0;326;4;1;26898
1;5022;1548435;3364;99209;0;326;4;1;22202
1;5023;1548753;3364;99208;0;326;4;1;41224
1;5024;1548984;3364;99208;0;326;4;1;24695
1;5025;1549437;3364;99208;0;326;4;1;42421
1;5026;1549755;3364;99208;0;326;4;1;38353
1;5027;1549982;3364;99207;0;326;4;1;18392
1;5028;1550434;3364;99207;0;326;4;1;49774
1;5029;1550771;3364;99206;0;326;4;1;60147
1;5030;1551089;3364;99206;0;326;4;1;10622
1;5031;1551411;3364;99206;0;326;4;1;40466
1;5032;1551663;3364;99207;0;326;4;1;40647
1;5033;1551984;3364;99207;0;326;4;1;15150
1;5034;1552408;3364;99205;0;326;4;1;55487
1;5035;1552659;3364;99204;0;326;4;1;49403
1;5036;1552977;3364;99205;0;326;4;1;37664
1;5037;1553416;3364;99204;0;326;4;1;42042
1;5038;1553757;3364;99203;0;326;4;1;25292
1;5039;1554075;3364;99203;0;326;4;1;48862
1;5040;1554413;3364;99203;0;966;4;1;31605
1;5041;1554633;3364;99203;0;966;4;1;41978
1;5042;1554867;3364;99203;0;966;4;1;34061
1;5043;1555201;3364;99201;0;326;4;1;34751
1;5044;1555520;3364;99201;0;326;4;1;48601
1;5045;1555837;3364;99202;0;326;4;1;17761
1;5046;1556088;3364;99203;0;326;4;1;21519
1;5047;1556412;3364;99204;0;326;4;1;49165
1;5048;1556730;3364;99205;0;326;4;1;14337
1;5049;1556964;3364;99205;0;326;4;1;46439
1;5050;1557200;3364;99205;0;326;4;1;20129
1;5051;1557519;3364;99204;0;326;4;1;60415
1;5052;1557852;3364;99204;0;326;4;1;12007
1;5053;1558197;3364;99203;0;326;4;1;4852
1;5054;1558516;3364;99203;0;326;4;1;41014
1;5055;1558743;3364;99203;0;326;4;1;2583
1;5056;1559060;3364;99202;0;326;4;1;4271
1;5057;1559406;3364;99203;0;326;4;1;16910
1;5058;1559638;3364;99203;0;326;4;1;64898
1;5059;1559955;3364;99203;0;326;4;1;20703
1;5060;1560403;3364;99203;0;326;4;1;41637
1;5061;1560631;3364;99202;0;326;4;1;63853
1;5062;1560947;3364;99202;0;326;4;1;6341
1;5063;1561391;3364;99201;0;326;4;1;23764
1;5064;1561627;3363;99201;0;326;4;1;13801
1;5065;1561948;3364;99201;0;326;4;1;33648
1;5066;1562396;3363;99199;0;326;4;1;25175
1;5067;1562632;3363;99200;0;326;4;1;8656
1;5068;1562949;3364;99200;0;326;4;1;54685
1;5069;1563176;3363;99200;0;326;4;1;47547
1;5070;1563495;3363;99200;0;326;4;1;60965
1;5071;1563731;3363;99200;0;326;4;1;14638
1;5072;1564064;3364;99200;0;326;4;1;23127
1;5073;1564383;3363;99200;0;326;4;1;2484
1;5074;1564604;3363;99200;0;326;4;1;42672
1;5075;1564847;3363;99200;0;326;4;1;19340
1;5076;1565075;3363;99199;0;326;4;1;34343
1;5077;1565393;3363;99198;0;326;4;1;12796
1;5078;1565714;3363;99198;0;326;4;1;14957
1;5079;1565965;3363;99198;0;326;4;1;42985
1;5080;1566390;3363;99198;0;326;4;1;33208
1;5081;1566722;3363;99198;0;326;4;1;7962
1;5082;1567063;3363;99198;0;326;4;1;61521
1;5083;1567392;3363;99198;0;326;4;1;7842
1;5084;1567619;3363;99197;0;326;4;1;63815
1;5085;1567937;3363;99198;0;326;4;1;28413
1;5086;1568173;3363;99198;0;326;4;1;13383
1;5087;1568507;3363;99199;0;326;4;1;56853
1;5088;1568824;3363;99198;0;326;4;1;46980
1;5089;1569142;3363;99198;0;326;4;1;23783
1;5090;1569397;3363;99198;0;326;4;1;63372
1;5091;1569713;3363;99198;0;326;4;1;18995
1;5092;1569933;3363;99198;0;326;4;1;65064
1;5093;1570398;3363;99198;0;326;4;1;51061
1;5094;1570715;3363;99198;0;326;4;1;50743
1;5095;1571032;3363;99198;0;326;4;1;10256
1;5096;1571367;3363;99198;0;326;4;1;40425
1;5097;1571603;3363;99197;0;326;4;1;62115
1;5098;1571920;3363;99197;0;326;4;1;41246
1;5099;1572148;3363;99196;0;5446;4;1;55732
1;5100;1572477;3363;99196;0;5446;4;1;58384
1;5101;1572712;3363;99196;0;5446;4;1;57152
1;5102;1572943;3363;99197;0;326;4;1;11644
1;5103;1573367;3363;99196;0;326;4;1;54805
1;5104;1573708;3363;99195;0;326;4;1;16768
1;5105;1573935;3363;99195;0;326;4;1;33312
1;5106;1574360;3363;99195;0;326;4;1;32933
1;5107;1574692;3363;99195;0;326;4;1;28740
1;5108;1574932;3363;99195;0;326;4;1;4418
1;5109;1575360;3363;99195;0;326;4;1;45820
1;5110;1575588;3363;99194;0;326;4;1;63350
1;5111;1575928;3363;99194;0;326;4;1;9168
1;5112;1576353;3363;99194;0;326;4;1;47293
1;5113;1576581;3363;99194;0;10566;4;1;17384
1;5114;1576901;3363;99195;0;10566;4;1;14721
1;5115;1577137;3363;99195;0;10566;4;1;41985
1;5116;1577365;3363;99194;0;326;4;1;9076
1;5117;1577689;3363;99194;0;326;4;1;43450
1;5118;1578006;3363;99193;0;326;4;1;7753
1;5119;1578369;3363;99193;0;326;4;1;62677
1;5120;1578687;3363;99194;0;326;4;1;64147
1;5121;1579004;3363;99194;0;326;4;1;50570
1;5122;1579362;3362;99194;0;326;4;1;10370
1;5123;1579680;3362;99193;0;326;4;1;53218
1;5124;1580012;3363;99193;0;326;4;1;42022
1;5125;1580361;3363;99193;0;326;4;1;9698
1;5126;1580682;3363;99193;0;326;4;1;1669
1;5127;1580910;3363;99192;0;326;4;1;24433
1;5128;1581334;3363;99193;0;326;4;1;17454
1;5129;1581572;3363;99192;0;326;4;1;38384
1;5130;1581798;3363;99192;0;20808;4;1;51369
1;5131;1582116;3363;99192;0;20808;4;1;32709
1;5132;1582435;3363;99193;0;20808;4;1;16157
1;5133;1582690;3363;99192;0;326;4;1;31607
1;5134;1583007;3363;99191;0;326;4;1;21525
1;5135;1583334;3363;99191;0;326;4;1;16101
1;5136;1583561;3363;99191;0;326;4;1;50433
1;5137;1583796;3363;99191;0;326;4;1;32046
1;5138;1584118;3363;99191;0;326;4;1;65226
1;5139;1584453;3363;99191;0;326;4;1;835
1;5140;1584793;3363;99191;0;326;4;1;33668
1;5141;1585115;3363;99190;0;326;4;1;29750
1;5142;1585343;3362;99190;0;326;4;1;7883
1;5143;1585664;3362;99190;0;326;4;1;42760
1;5144;1585900;3362;99190;0;326;4;1;32191
1;5145;1586341;3362;99190;0;1606;4;1;56768
1;5146;1586658;3362;99189;0;1606;4;1;30132
1;5147;1586998;3362;99187;0;1606;4;1;53171
1;5148;1587333;3362;99186;0;326;4;1;59135
1;5149;1587650;3362;99185;0;326;4;1;58004
1;5150;1587870;3362;99185;0;326;4;1;55876
1;5151;1588121;3363;99185;0;326;4;1;39858
1;5152;1588444;3363;99185;0;326;4;1;8837
1;5153;1588761;3363;99184;0;326;4;1;49116
1;5154;1588989;3362;99183;0;486;4;1;35667
1;5155;1589334;3362;99183;0;486;4;1;6008
1;5156;1589652;3362;99183;0;486;4;1;11403
1;5157;1589879;3362;99183;0;326;4;1;46485
1;5158;1590331;3362;99184;0;326;4;1;26044
1;5159;1590664;3362;99183;0;326;4;1;11940
1;5160;1590985;3362;99183;0;326;4;1;1070
1;5161;1591304;3362;99183;0;326;4;1;37857
1;5162;1591555;3362;99183;0;326;4;1;65523
1;5163;1591877;3362;99182;0;326;4;1;2976
1;5164;1592301;3362;99183;0;326;4;1;2760
1;5165;1592553;3362;99182;0;326;4;1;10121
1;5166;1592874;3362;99182;0;326;4;1;44234
1;5167;1593314;3362;99182;0;326;4;1;54765
1;5168;1593659;3362;99182;0;326;4;1;48218
1;5169;1593977;3362;99182;0;326;4;1;54216
1;5170;1594315;3362;99183;0;366;4;1;10483
1;5171;1594632;3362;99183;0;366;4;1;36733
1;5172;1594867;3362;99184;0;366;4;1;30549
1;5173;1595095;3362;99185;0;326;4;1;60509
1;5174;1595414;3362;99185;0;326;4;1;55181
1;5175;1595738;3362;99186;0;326;4;1;26064
1;5176;1595990;3362;99185;0;326;4;1;39902
1;5177;1596312;3362;99184;0;326;4;1;22780
1;5178;1596630;3362;99184;0;326;4;1;57147
1;5179;1596857;3362;99184;0;326;4;1;6328
1;5180;1597093;3362;99184;0;326;4;1;4211
1;5181;1597412;3362;99183;0;326;4;1;53408
1;5182;1597745;3362;99183;0;20808;4;1;26996
1;5183;1598090;3362;99183;0;20808;4;1;15131
1;5184;1598409;3362;99183;0;20808;4;1;57775
1;5185;1598636;3362;99182;0;326;4;1;8857
1;5186;1598957;3362;99182;0;326;4;1;36955
1;5187;1599303;3361;99183;0;326;4;1;29471
1;5188;1599531;3361;99183;0;326;4;1;45188
1;5189;1599848;3362;99183;0;326;4;1;16440
1;5190;1600299;3362;99183;0;326;4;1;15219
1;5191;1600531;3362;99183;0;326;4;1;10464
1;5192;1600847;3362;99183;0;326;4;1;34936
1;5193;1601288;3362;99182;0;326;4;1;50413
1;5194;1601526;3362;99182;0;326;4;1;63934
1;5195;1601843;3362;99181;0;326;4;1;30217
1;5196;1602283;3362;99180;0;326;4;1;27919
1;5197;1602519;3362;99180;0;326;4;1;64943
1;5198;1602835;3362;99179;0;326;4;1;44333
1;5199;1603071;3362;99181;0;326;4;1;62032
1;5200;1603390;3362;99181;0;326;4;1;45227
1;5201;1603625;3362;99181;0;326;4;1;31489
1;5202;1603957;3362;99181;0;326;4;1;952
1;5203;1604280;3361;99179;0;326;4;1;22477
1;5204;1604598;3362;99181;0;326;4;1;26367
1;5205;1604849;3362;99180;0;326;4;1;31384
1;5206;1605276;3362;99181;0;326;4;1;196
1;5207;1605594;3362;99180;0;326;4;1;46334
1;5208;1605847;3361;99180;0;326;4;1;40285
1;5209;1606271;3361;99180;0;326;4;1;18481
1;5210;1606605;3361;99180;0;326;4;1;25050
1;5211;1606949;3362;99181;0;326;4;1;23436
1;5212;1607272;3362;99180;0;326;4;1;65001
1;5213;1607499;3362;99180;0;326;4;1;34550
1;5214;1607817;3362;99180;0;326;4;1;9252
1;5215;1608054;3361;99180;0;326;4;1;49675
1;5216;1608388;3361;99180;0;326;4;1;9039
1;5217;1608705;3361;99179;0;326;4;1;53040
1;5218;1609023;3361;99179;0;326;4;1;53835
1;5219;1609279;3361;99179;0;326;4;1;58393
1;5220;1609596;3361;99178;0;326;4;1;59209
1;5221;1609913;3361;99178;0;326;4;1;47136
1;5222;1610271;3361;99179;0;326;4;1;64582
1;5223;1610589;3361;99179;0;326;4;1;54205
1;5224;1610913;3362;99179;0;326;4;1;45105
1;5225;1611252;3361;99178;0;326;4;1;58505
1;5226;1611488;3361;99179;0;326;4;1;64260
1;5227;1611805;3361;99177;0;326;4;1;10979
1;5228;1612036;3361;99178;0;326;4;1;18897
1;5229;1612355;3361;99177;0;326;4;1;3539
1;5230;1612591;3361;99178;0;326;4;1;12179
1;5231;1612818;3361;99177;0;326;4;1;6032
1;5232;1613242;3361;99178;0;326;4;1;5672
1;5233;1613589;3361;99177;0;326;4;1;51472
1;5234;1613816;3361;99177;0;10566;4;1;27113
1;5235;1614241;3361;99177;0;10566;4;1;61985
1;5236;1614461;3361;99176;0;10566;4;1;43695
1;5237;1614713;3361;99176;0;326;4;1;11665
1;5238;1615031;3361;99175;0;326;4;1;53613
1;5239;1615350;3361;99176;0;326;4;1;17539
1;5240;1615577;3361;99176;0;10566;4;1;32222
1;5241;1615812;3361;99176;0;10566;4;1;49566
1;5242;1616244;3361;99175;0;10566;4;1;15256
1;5243;1616472;3360;99175;0;326;4;1;702
1;5244;1616789;3361;99175;0;326;4;1;35216
1;5245;1617025;3361;99175;0;326;4;1;25241
1;5246;1617257;3361;99175;0;326;4;1;35747
1;5247;1617575;3361;99174;0;326;4;1;2280
1;5248;1617895;3361;99174;0;326;4;1;29107
1;5249;1618253;3361;99173;0;326;4;1;20412
1;5250;1618571;3361;99173;0;326;4;1;16305
1;5251;1618892;3361;99174;0;326;4;1;15322
1;5252;1619250;3361;99174;0;326;4;1;36397
1;5253;1619568;3361;99174;0;326;4;1;57791
1;5254;1619904;3361;99173;0;326;4;1;37226
1;5255;1620246;3360;99173;0;326;4;1;12137
1;5256;1620564;3361;99173;0;326;4;1;29094
1;5257;1620792;3361;99174;0;326;4;1;65529
1;5258;1621219;3361;99173;0;326;4;1;48551
1;5259;1621455;3361;99173;0;326;4;1;13062
1;5260;1621686;3361;99173;0;325;4;1;49779
1;5261;1622003;3360;99173;0;325;4;1;55877
1;5262;1622326;3360;99173;0;325;4;1;19243
1;5263;1622581;3360;99173;0;326;4;1;41613
1;5264;1622898;3360;99172;0;326;4;1;16950
1;5265;1623217;3361;99173;0;326;4;1;53430
1;5266;1623445;3360;99172;0;326;4;1;59442
1;5267;1623684;3360;99172;0;326;4;1;53379
1;5268;1624002;3361;99173;0;326;4;1;50650
1;5269;1624336;3360;99172;0;326;4;1;57368
1;5270;1624677;3360;99173;0;326;4;1;43889
1;5271;1624998;3360;99172;0;326;4;1;48169
1;5272;1625230;3361;99172;0;325;4;1;28212
1;5273;1625548;3360;99172;0;325;4;1;1196
1;5274;1625783;3360;99173;0;325;4;1;43673
1;5275;1626223;3360;99174;0;326;4;1;391
1;5276;1626544;3360;99174;0;326;4;1;61455
1;5277;1626884;3360;99175;0;326;4;1;10163
1;5278;1627223;3360;99175;0;325;4;1;34013
1;5279;1627541;3360;99174;0;325;4;1;33639
1;5280;1627877;3360;99174;0;326;4;1;9529
1;5281;1628219;3360;99172;0;326;4;1;63994
1;5282;1628537;3360;99172;0;326;4;1;31262
1;5283;1628764;3360;99171;0;326;4;1;2713
1;5284;1629216;3360;99172;0;326;4;1;18207
1;5285;1629538;3360;99171;0;326;4;1;16729
1;5286;1629765;3360;99171;0;325;4;1;31594
1;5287;1630213;3360;99172;0;325;4;1;16620
1;5288;1630551;3360;99173;0;326;4;1;13235
1;5289;1630867;3360;99173;0;326;4;1;52837
1;5290;1631186;3360;99173;0;326;4;1;31911
1;5291;1631438;3360;99172;0;326;4;1;51447
1;5292;1631759;3360;99173;0;326;4;1;61990
1;5293;1632183;3360;99173;0;326;4;1;53510
1;5294;1632434;3360;99172;0;326;4;1;20799
1;5295;1632752;3360;99171;0;326;4;1;22393
1;5296;1633199;3360;99170;0;326;4;1;50846
1;5297;1633544;3360;99170;0;326;4;1;26270
1;5298;1633861;3360;99170;0;326;4;1;20653
1;5299;1634200;3360;99169;0;326;4;1;7195
1;5300;1634517;3360;99169;0;326;4;1;53354
1;5301;1634753;3360;99169;0;326;4;1;64472
1;5302;1634980;3360;99169;0;326;4;1;30457
1;5303;1635299;3360;99170;0;326;4;1;29330
1;5304;1635616;3360;99169;0;326;4;1;55768
1;5305;1635869;3360;99170;0;325;4;1;36827
1;5306;1636188;3360;99169;0;325;4;1;17891
1;5307;1636506;3360;99170;0;325;4;1;28764
1;5308;1636737;3360;99170;0;325;4;1;19024
1;5309;1636977;3360;99169;0;325;4;1;44791
1;5310;1637295;3360;99169;0;325;4;1;1922
1;5311;1637629;3360;99168;0;326;4;1;49240
1;5312;1637970;3360;99168;0;326;4;1;33335
1;5313;1638295;3360;99167;0;326;4;1;23326
1;5314;1638522;3360;99167;0;326;4;1;32715
1;5315;1638839;3360;99167;0;326;4;1;21894
1;5316;1639182;3360;99167;0;326;4;1;27145
1;5317;1639413;3360;99168;0;325;4;1;12937
1;5318;1639731;3360;99169;0;325;4;1;45627
1;5319;1640189;3360;99169;0;325;4;1;59705
1;5320;1640417;3360;99169;0;325;4;1;12709
1;5321;1640658;3360;99168;0;325;4;1;24012
1;5322;1640953;3360;99169;0;325;4;1;54677
1;5323;1641181;3360;99169;0;326;4;1;29343
1;5324;1641417;3360;99169;0;326;4;1;48429
1;5325;1641734;3360;99168;0;326;4;1;1650
1;5326;1642174;3360;99168;0;325;4;1;10230
1;5327;1642412;3360;99168;0;325;4;1;28168
1;5328;1642730;3360;99168;0;325;4;1;46124
1;5329;1642957;3360;99167;0;325;4;1;63695
1;5330;1643276;3360;99167;0;325;4;1;21064
1;5331;1643515;3360;99166;0;325;4;1;36031
1;5332;1643848;3360;99166;0;325;4;1;38198
1;5333;1644171;3360;99166;0;325;4;1;6734
1;5334;1644492;3360;99166;0;325;4;1;51904
1;5335;1644743;3360;99166;0;325;4;1;56307
1;5336;1645171;3360;99165;0;325;4;1;55490
1;5337;1645489;3360;99166;0;325;4;1;32715
1;5338;1645740;3360;99164;0;325;4;1;3996
1;5339;1646168;3360;99165;0;325;4;1;40996
1;5340;1646501;3360;99165;0;325;4;1;19562
1;5341;1646841;3360;99165;0;325;4;1;11500
1;5342;1647160;3360;99165;0;325;4;1;34411
1;5343;1647388;3360;99165;0;326;4;1;24840
1;5344;1647709;3359;99165;0;326;4;1;24889
1;5345;1647946;3360;99165;0;326;4;1;33059
1;5346;1648284;3360;99165;0;325;4;1;509
1;5347;1648601;3359;99165;0;325;4;1;42534
1;5348;1648923;3360;99164;0;325;4;1;50696
1;5349;1649178;3359;99163;0;325;4;1;13195
1;5350;1649495;3359;99162;0;325;4;1;40344
1;5351;1649812;3359;99162;0;325;4;1;37426
1;5352;1650170;3359;99162;0;325;4;1;12653
1;5353;1650492;3359;99162;0;325;4;1;17755
1;5354;1650809;3359;99162;0;325;4;1;17957
1;5355;1651143;3359;99161;0;325;4;1;32691
1;5356;1651379;3359;99161;0;325;4;1;46190
1;5357;1651700;3359;99162;0;325;4;1;45061
1;5358;1651932;3359;99162;0;325;4;1;4488
1;5359;1652251;3359;99163;0;325;4;1;44309
1;5360;1652490;3359;99162;0;325;4;1;18919
1;5361;1652717;3359;99162;0;325;4;1;20824
1;5362;1653141;3359;99162;0;325;4;1;12145
1;5363;1653482;3359;99162;0;325;4;1;46746
1;5364;1653710;3359;99161;0;325;4;1;9169
1;5365;1654138;3359;99161;0;325;4;1;44278
1;5366;1654470;3360;99161;0;325;4;1;55974
1;5367;1654706;3359;99160;0;325;4;1;38869
1;5368;1655135;3360;99162;0;325;4;1;16309
1;5369;1655366;3359;99162;0;325;4;1;31386
1;5370;1655712;3360;99163;0;325;4;1;21563
1;5371;1656136;3360;99163;0;325;4;1;31105
1;5372;1656364;3360;99163;0;325;4;1;44125
1;5373;1656681;3359;99162;0;325;4;1;54223
1;5374;1656919;3359;99161;0;325;4;1;26480
1;5375;1657147;3359;99160;0;10566;4;1;5571
1;5376;1657465;3359;99160;0;10566;4;1;64772
1;5377;1657782;3359;99160;0;10566;4;1;63117
1;5378;1658144;3359;99159;0;325;4;1;7967
1;5379;1658462;3359;99160;0;325;4;1;7461
1;5380;1658779;3359;99160;0;325;4;1;21624
1;5381;1659137;3359;99161;0;325;4;1;59591
1;5382;1659357;3359;99160;0;325;4;1;4123
1;5383;1659674;3359;99160;0;325;4;1;29903
1;5384;1659902;3359;99161;0;325;4;1;61729
1;5385;1660140;3359;99161;0;325;4;1;30820
1;5386;1660458;3359;99161;0;325;4;1;41037
1;5387;1660689;3359;99161;0;325;4;1;16963
1;5388;1661113;3359;99160;0;325;4;1;37397
1;5389;1661349;3359;99161;0;325;4;1;59134
1;5390;1661575;3359;99161;0;325;4;1;24949
1;5391;1661892;3359;99162;0;325;4;1;9878
1;5392;1662215;3359;99163;0;325;4;1;7474
1;5393;1662466;3359;99163;0;325;4;1;30730
1;5394;1662783;3359;99163;0;325;4;1;21591
1;5395;1663107;3359;99163;0;325;4;1;32991
1;5396;1663339;3359;99163;0;325;4;1;8698
1;5397;1663574;3359;99164;0;325;4;1;51308
1;5398;1663892;3359;99163;0;325;4;1;37437
1;5399;1664226;3359;99163;0;325;4;1;7414
1;5400;1664571;3359;99164;0;325;4;1;57084
1;5401;1664888;3359;99163;0;325;4;1;51288
1;5402;1665117;3359;99163;0;325;4;1;44074
1;5403;1665434;3359;99164;0;325;4;1;2318
1;5404;1665669;3358;99164;0;325;4;1;30080
1;5405;1666117;3358;99163;0;325;4;1;51861
1;5406;1666434;3358;99164;0;325;4;1;50094
1;5407;1666778;3359;99163;0;325;4;1;30775
1;5408;1667116;3358;99163;0;325;4;1;64997
1;5409;1667434;3359;99162;0;325;4;1;3260
1;5410;1667767;3359;99162;0;325;4;1;54406
1;5411;1668109;3359;99162;0;325;4;1;48893
1;5412;1668431;3359;99161;0;325;4;1;3580
1;5413;1668658;3359;99162;0;325;4;1;52521
1;5414;1669105;3359;99161;0;325;4;1;55005
1;5415;1669423;3359;99162;0;325;4;1;53847
1;5416;1669651;3359;99161;0;325;4;1;3674
1;5417;1670103;3359;99162;0;325;4;1;51999
1;5418;1670436;3359;99163;0;965;4;1;62844
1;5419;1670757;3358;99161;0;965;4;1;19992
1;5420;1671083;3359;99162;0;965;4;1;36074
1;5421;1671334;3358;99162;0;325;4;1;37897
1;5422;1671652;3359;99162;0;325;4;1;21134
1;5423;1672076;3359;99162;0;325;4;1;4078
1;5424;1672329;3359;99162;0;325;4;1;44647
1;5425;1672651;3359;99162;0;325;4;1;33180
1;5426;1673090;3359;99161;0;325;4;1;9465
1;5427;1673431;3359;99162;0;325;4;1;52841
1;5428;1673752;3359;99162;0;325;4;1;51629
1;5429;1674086;3359;99162;0;325;4;1;205
1;5430;1674404;3359;99162;0;325;4;1;45978
1;5431;1674642;3359;99162;0;325;4;1;34286
1;5432;1674868;3359;99162;0;965;4;1;56952
1;5433;1675191;3359;99163;0;965;4;1;51488
1;5434;1675509;3359;99162;0;965;4;1;24761
1;5435;1675760;3359;99162;0;325;4;1;35408
1;5436;1676082;3359;99161;0;325;4;1;8468
1;5437;1676400;3359;99160;0;325;4;1;5661
1;5438;1676628;3359;99160;0;325;4;1;46003
1;5439;1676863;3359;99159;0;325;4;1;64738
1;5440;1677186;3359;99159;0;325;4;1;26885
1;5441;1677519;3359;99160;0;325;4;1;59725
1;5442;1677864;3359;99160;0;325;4;1;7556
1;5443;1678184;3359;99159;0;325;4;1;39048
1;5444;1678414;3359;99160;0;325;4;1;8053
1;5445;1678735;3359;99160;0;325;4;1;61856
1;5446;1679078;3359;99160;0;325;4;1;47129
1;5447;1679305;3359;99160;0;325;4;1;1950
1;5448;1679623;3359;99161;0;325;4;1;44166
1;5449;1680071;3359;99161;0;325;4;1;4824
1;5450;1680302;3359;99161;0;325;4;1;6920
1;5451;1680619;3359;99161;0;325;4;1;34534
1;5452;1681059;3359;99161;0;325;4;1;900
1;5453;1681299;3359;99161;0;325;4;1;22460
1;5454;1681616;3359;99161;0;325;4;1;5508
1;5455;1682059;3359;99160;0;325;4;1;33672
1;5456;1682299;3359;99160;0;325;4;1;7135
1;5457;1682616;3359;99160;0;325;4;1;5237
1;5458;1682843;3359;99160;0;325;4;1;50037
1;5459;1683063;3359;99160;0;325;4;1;34225
1;5460;1683412;3359;99160;0;325;4;1;60070
1;5461;1683744;3358;99160;0;10565;4;1;55524
1;5462;1684067;3358;99160;0;10565;4;1;2955
1;5463;1684385;3358;99160;0;10565;4;1;54392
1;5464;1684638;3358;99161;0;325;4;1;43967
1;5465;1685061;3358;99162;0;325;4;1;27912
1;5466;1685379;3358;99161;0;325;4;1;9622
1;5467;1685630;3358;99161;0;325;4;1;64742
1;5468;1686060;3358;99159;0;325;4;1;37419
1;5469;1686397;3358;99159;0;5445;4;1;17313
1;5470;1686738;3358;99158;0;5445;4;1;47299
1;5471;1687057;3358;99159;0;5445;4;1;18390
1;5472;1687284;3358;99159;0;325;4;1;35618
1;5473;1687602;3358;99159;0;325;4;1;34677
1;5474;1687838;3358;99158;0;325;4;1;32130
1;5475;1688180;3358;99158;0;325;4;1;43266
1;5476;1688497;3358;99160;0;325;4;1;45861
1;5477;1688818;3358;99159;0;325;4;1;51124
1;5478;1689070;3358;99159;0;325;4;1;50953
1;5479;1689387;3358;99159;0;325;4;1;33305
1;5480;1689708;3358;99158;0;325;4;1;33729
1;5481;1690066;3358;99157;0;325;4;1;47703
1;5482;1690384;3358;99158;0;325;4;1;22796
1;5483;1690701;3358;99157;0;325;4;1;9481
1;5484;1691039;3358;99157;0;325;4;1;251
1;5485;1691275;3358;99156;0;325;4;1;45929
1;5486;1691596;3358;99156;0;325;4;1;25575
1;5487;1691823;3358;99155;0;325;4;1;47989
1;5488;1692142;3358;99155;0;325;4;1;57803
1;5489;1692379;3358;99155;0;325;4;1;42736
1;5490;1692606;3358;99155;0;325;4;1;27576
1;5491;1693034;3358;99155;0;325;4;1;41113
1;5492;1693375;3358;99155;0;325;4;1;47020
1;5493;1693610;3358;99154;0;325;4;1;21685
1;5494;1694034;3357;99153;0;325;4;1;28107
1;5495;1694371;3357;99155;0;20805;4;1;13564
1;5496;1694606;3357;99154;0;20805;4;1;1736
1;5497;1695031;3357;99154;0;20805;4;1;23957
1;5498;1695258;3358;99155;0;325;4;1;19831
1;5499;1695599;3357;99154;0;325;4;1;9677
1;5500;1696023;3357;99155;0;325;4;1;44716
1;5501;1696255;3357;99155;0;325;4;1;17325
1;5502;1696572;3358;99155;0;325;4;1;1867
1;5503;1696811;3358;99155;0;325;4;1;56676
1;5504;1697039;3357;99154;0;325;4;1;46173
1;5505;1697361;3358;99155;0;325;4;1;5818
1;5506;1697678;3358;99155;0;325;4;1;44845
1;5507;1698036;3358;99156;0;325;4;1;56646
1;5508;1698354;3358;99156;0;325;4;1;19824
1;5509;1698671;3358;99157;0;325;4;1;20861
1;5510;1699036;3358;99156;0;325;4;1;28806
1;5511;1699354;3358;99156;0;325;4;1;1200
1;5512;1699691;3358;99155;0;325;4;1;26093
1;5513;1700033;3358;99154;0;325;4;1;21365
1;5514;1700351;3358;99154;0;325;4;1;19982
1;5515;1700578;3358;99154;0;325;4;1;45607
1;5516;1701002;3357;99153;0;325;4;1;15562
1;5517;1701240;3357;99153;0;325;4;1;49466
1;5518;1701467;3357;99153;0;325;4;1;22099
1;5519;1701788;3357;99154;0;325;4;1;41520
1;5520;1702111;3357;99153;0;325;4;1;28814
1;5521;1702362;3357;99154;0;325;4;1;11557
1;5522;1702680;3357;99153;0;325;4;1;52862
1;5523;1702999;3357;99153;0;325;4;1;62788
1;5524;1703226;3357;99153;0;2885;4;1;40872
1;5525;1703464;3357;99154;0;2885;4;1;61125
1;5526;1703782;3357;99153;0;2885;4;1;53571
1;5527;1704122;3357;99153;0;325;4;1;19994
1;5528;1704467;3357;99154;0;325;4;1;34640
1;5529;1704788;3357;99154;0;325;4;1;64449
1;5530;1705016;3357;99154;0;325;4;1;25024
1;5531;1705333;3357;99155;0;325;4;1;25548
1;5532;1705569;3357;99156;0;325;4;1;50602
1;5533;1706009;3357;99156;0;325;4;1;6044
1;5534;1706326;3357;99156;0;325;4;1;16386
1;5535;1706668;3357;99155;0;325;4;1;21302
1;5536;1707006;3357;99155;0;325;4;1;17941
1;5537;1707328;3357;99156;0;325;4;1;18011
1;5538;1707660;3357;99155;0;325;4;1;47423
1;5539;1708003;3357;99155;0;325;4;1;32444
1;5540;1708320;3357;99154;0;325;4;1;55284
1;5541;1708552;3357;99154;0;325;4;1;23220
1;5542;1708999;3357;99154;0;325;4;1;64802
1;5543;1709317;3357;99154;0;325;4;1;19022
1;5544;1709548;3357;99154;0;325;4;1;50067
1;5545;1710002;3357;99154;0;325;4;1;57020
1;5546;1710335;3357;99154;0;325;4;1;31192
1;5547;1710652;3357;99154;0;325;4;1;24196
1;5548;1710971;3357;99153;0;325;4;1;48879
1;5549;1711222;3357;99154;0;325;4;1;42223
1;5550;1711540;3357;99154;0;325;4;1;55043
1;5551;1711963;3357;99155;0;325;4;1;53388
1;5552;1712218;3357;99155;0;325;4;1;17942
1;5553;1712540;3357;99155;0;325;4;1;55917
1;5554;1712983;3357;99156;0;325;4;1;65411
1;5555;1713324;3357;99155;0;325;4;1;31879
1;5556;1713641;3357;99154;0;325;4;1;7579
1;5557;1713976;3357;99154;0;325;4;1;1282
1;5558;1714293;3357;99154;0;325;4;1;41574
1;5559;1714530;3357;99155;0;325;4;1;24763
1;5560;1714757;3357;99155;0;325;4;1;27771
1;5561;1715085;3357;99154;0;325;4;1;52501
1;5562;1715402;3357;99154;0;325;4;1;56608
1;5563;1715654;3357;99153;0;325;4;1;6009
1;5564;1715972;3357;99153;0;325;4;1;50375
1;5565;1716290;3357;99153;0;325;4;1;23168
1;5566;1716522;3357;99155;0;325;4;1;58113
1;5567;1716757;3357;99154;0;325;4;1;55975
1;5568;1717076;3357;99154;0;325;4;1;8663
1;5569;1717417;3357;99153;0;325;4;1;37336
1;5570;1717758;3357;99153;0;325;4;1;24407
1;5571;1718076;3357;99152;0;325;4;1;45216
1;5572;1718304;3357;99153;0;325;4;1;61813
1;5573;1718621;3357;99153;0;325;4;1;2355
1;5574;1718963;3356;99153;0;325;4;1;34639
1;5575;1719191;3356;99153;0;325;4;1;36606
1;5576;1719509;3356;99154;0;325;4;1;28026
1;5577;1719958;3356;99153;0;325;4;1;49876
1;5578;1720194;3356;99153;0;325;4;1;17785
1;5579;1720511;3356;99152;0;325;4;1;9594
1;5580;1720954;3357;99153;0;325;4;1;6464
1;5581;1721191;3357;99154;0;325;4;1;56826
1;5582;1721508;3357;99154;0;325;4;1;32335
1;5583;1721948;3357;99155;0;325;4;1;5487
1;5584;1722184;3356;99154;0;325;4;1;59284
1;5585;1722501;3356;99154;0;325;4;1;7399
1;5586;1722735;3356;99153;0;325;4;1;44259
1;5587;1723054;3356;99153;0;325;4;1;607
1;5588;1723289;3356;99152;0;325;4;1;6272
1;5589;1723622;3356;99152;0;325;4;1;441
1;5590;1723947;3356;99152;0;325;4;1;28582
1;5591;1724265;3357;99153;0;325;4;1;56695
1;5592;1724523;3357;99152;0;325;4;1;54475
1;5593;1724947;3357;99152;0;325;4;1;38826
1;5594;1725268;3357;99152;0;325;4;1;18212
1;5595;1725522;3357;99153;0;5445;4;1;39671
1;5596;1725946;3357;99153;0;5445;4;1;17366
1;5597;1726279;3357;99152;0;325;4;1;53966
1;5598;1726620;3357;99151;0;325;4;1;10209
1;5599;1726942;3357;99151;0;325;4;1;2074
1;5600;1727170;3356;99150;0;10566;4;1;381
1;5601;1727487;3356;99150;0;10566;4;1;33087
1;5602;1727723;3356;99150;0;10566;4;1;50729
1;5603;1727943;3356;99150;0;10566;4;1;18568
1;5604;1728174;3357;99150;0;325;4;1;20498
1;5605;1728492;3357;99150;0;325;4;1;32745
1;5606;1728956;3357;99150;0;325;4;1;57292
1;5607;1729274;3357;99150;0;325;4;1;62422
1;5608;1729591;3356;99150;0;325;4;1;32857
1;5609;1729948;3356;99150;0;325;4;1;35934
1;5610;1730266;3356;99149;0;325;4;1;29857
1;5611;1730590;3356;99150;0;325;4;1;51454
1;5612;1730928;3356;99149;0;325;4;1;33637
1;5613;1731171;3356;99149;0;325;4;1;39440
1;5614;1731489;3356;99148;0;325;4;1;12725
1;5615;1731720;3356;99149;0;325;4;1;62604
1;5616;1732043;3356;99147;0;325;4;1;32258
1;5617;1732279;3356;99148;0;325;4;1;65394
1;5618;1732506;3356;99148;0;325;4;1;52526
1;5619;1732930;3356;99148;0;325;4;1;61464
1;5620;1733278;3356;99148;0;325;4;1;28895
1;5621;1733506;3356;99148;0;10565;4;1;28400
1;5622;1733930;3356;99148;0;10565;4;1;38737
1;5623;1734263;3356;99149;0;325;4;1;31160
1;5624;1734499;3356;99149;0;325;4;1;9780
1;5625;1734923;3356;99150;0;325;4;1;37625
1;5626;1735151;3356;99150;0;485;4;1;15643
1;5627;1735497;3356;99150;0;485;4;1;3371
1;5628;1735929;3356;99151;0;485;4;1;21993
1;5629;1736157;3356;99150;0;325;4;1;44661
1;5630;1736474;3356;99149;0;325;4;1;7748
1;5631;1736710;3356;99149;0;325;4;1;33439
1;5632;1736938;3356;99149;0;325;4;1;23296
1;5633;1737255;3356;99148;0;325;4;1;16713
1;5634;1737573;3356;99149;0;325;4;1;6884
1;5635;1737934;3356;99149;0;325;4;1;54872
1;5636;1738252;3356;99149;0;325;4;1;1510
1;5637;1738576;3356;99149;0;325;4;1;53568
1;5638;1738933;3356;99150;0;325;4;1;17860
1;5639;1739255;3356;99150;0;325;4;1;27199
1;5640;1739588;3356;99150;0;325;4;1;25434
1;5641;1739930;3356;99151;0;325;4;1;32450
1;5642;1740248;3356;99151;0;325;4;1;64806
1;5643;1740476;3356;99151;0;325;4;1;52474
1;5644;1740899;3356;99151;0;325;4;1;26466
1;5645;1741141;3356;99151;0;325;4;1;20758
1;5646;1741369;3356;99151;0;325;4;1;19397
1;5647;1741686;3356;99150;0;325;4;1;26637
1;5648;1742004;3356;99150;0;325;4;1;13094
1;5649;1742256;3356;99150;0;325;4;1;1685
1;5650;1742574;3356;99150;0;325;4;1;8065
1;5651;1742900;3356;99150;0;325;4;1;8313
1;5652;1743127;3356;99150;0;325;4;1;48998
1;5653;1743365;3356;99149;0;325;4;1;52747
1;5654;1743688;3356;99149;0;325;4;1;47185
1;5655;1744023;3355;99149;0;325;4;1;42858
1;5656;1744363;3355;99149;0;325;4;1;15344
1;5657;1744681;3355;99148;0;325;4;1;54279
1;5658;1744909;3355;99147;0;325;4;1;60468
1;5659;1745226;3355;99148;0;325;4;1;47384
1;5660;1745462;3355;99148;0;325;4;1;62933
1;5661;1745902;3355;99149;0;325;4;1;19130
1;5662;1746219;3355;99147;0;325;4;1;53907
1;5663;1746441;3355;99147;0;325;4;1;63751
1;5664;1746693;3355;99147;0;325;4;1;28541
1;5665;1747011;3355;99147;0;325;4;1;53808
1;5666;1747329;3355;99147;0;325;4;1;41436
1;5667;1747556;3355;99148;0;325;4;1;22871
1;5668;1747898;3355;99147;0;325;4;1;37248
1;5669;1748216;3355;99148;0;325;4;1;22397
1;5670;1748443;3355;99148;0;325;4;1;32893
1;5671;1748897;3355;99148;0;325;4;1;58072
1;5672;1749215;3355;99149;0;325;4;1;30203
1;5673;1749442;3355;99148;0;405;4;1;9744
1;5674;1749891;3355;99147;0;405;4;1;21794
1;5675;1750224;3355;99147;0;325;4;1;33635
1;5676;1750545;3355;99148;0;325;4;1;18502
1;5677;1750864;3355;99148;0;325;4;1;22171
1;5678;1751115;3355;99148;0;345;4;1;31431
1;5679;1751437;3354;99148;0;345;4;1;41951
1;5680;1751864;3354;99148;0;345;4;1;63659
1;5681;1752115;3354;99148;0;325;4;1;30572
1;5682;1752433;3354;99147;0;325;4;1;56629
1;5683;1752872;3355;99148;0;325;4;1;56938
1;5684;1753213;3355;99148;0;325;4;1;16694
1;5685;1753531;3354;99149;0;325;4;1;16487
1;5686;1753869;3354;99149;0;325;4;1;49737
1;5687;1754190;3354;99149;0;325;4;1;15851
1;5688;1754430;3354;99149;0;325;4;1;26089
1;5689;1754657;3354;99149;0;325;4;1;47108
1;5690;1754976;3355;99148;0;325;4;1;38892
1;5691;1755293;3354;99148;0;325;4;1;3071
1;5692;1755544;3354;99148;0;325;4;1;51886
1;5693;1755863;3354;99147;0;325;4;1;22779
1;5694;1756181;3354;99147;0;325;4;1;17288
1;5695;1756408;3354;99149;0;325;4;1;3095
1;5696;1756648;3354;99149;0;325;4;1;33152
1;5697;1756970;3354;99150;0;325;4;1;52932
1;5698;1757303;3354;99150;0;325;4;1;21675
1;5699;1757645;3355;99151;0;325;4;1;52069
1;5700;1757968;3354;99150;0;325;4;1;28238
1;5701;1758195;3354;99150;0;325;4;1;13689
1;5702;1758512;3354;99149;0;325;4;1;17938
1;5703;1758854;3354;99149;0;325;4;1;49159
1;5704;1759082;3354;99149;0;325;4;1;45716
1;5705;1759404;3354;99149;0;325;4;1;65489
1;5706;1759857;3354;99150;0;325;4;1;63285
1;5707;1760085;3354;99151;0;325;4;1;9933
1;5708;1760402;3354;99151;0;325;4;1;36591
1;5709;1760842;3354;99150;0;325;4;1;55757
1;5710;1761187;3354;99150;0;325;4;1;8213
1;5711;1761505;3354;99150;0;325;4;1;48078
1;5712;1761843;3354;99150;0;325;4;1;54802
1;5713;1762161;3354;99150;0;325;4;1;63977
1;5714;1762403;3354;99150;0;325;4;1;56499
1;5715;1762629;3354;99149;0;325;4;1;35900
1;5716;1762948;3354;99149;0;325;4;1;50816
1;5717;1763266;3354;99148;0;325;4;1;29370
1;5718;1763518;3354;99148;0;325;4;1;59199
1;5719;1763836;3354;99149;0;325;4;1;4237
1;5720;1764154;3354;99149;0;325;4;1;4229
1;5721;1764382;3354;99148;0;325;4;1;454
1;5722;1764622;3353;99148;0;325;4;1;2630
1;5723;1764947;3353;99148;0;325;4;1;36459
1;5724;1765280;3353;99147;0;325;4;1;44740
1;5725;1765625;3353;99147;0;325;4;1;56124
1;5726;1765944;3353;99147;0;325;4;1;29115
1;5727;1766171;3353;99147;0;325;4;1;2724
1;5728;1766488;3353;99148;0;325;4;1;63586
1;5729;1766830;3354;99149;0;325;4;1;20982
1;5730;1767058;3354;99149;0;325;4;1;11552
1;5731;1767380;3354;99149;0;325;4;1;16723
1;5732;1767831;3354;99150;0;325;4;1;39850
1;5733;1768059;3354;99151;0;325;4;1;1319
1;5734;1768376;3353;99150;0;325;4;1;29125
1;5735;1768816;3354;99151;0;325;4;1;30609
1;5736;1769053;3354;99151;0;325;4;1;56709
1;5737;1769374;3353;99150;0;325;4;1;1400
1;5738;1769814;3353;99150;0;325;4;1;59105
1;5739;1770052;3353;99150;0;325;4;1;61302
1;5740;1770373;3353;99149;0;325;4;1;40281
1;5741;1770600;3353;99149;0;325;4;1;19373
1;5742;1770923;3353;99149;0;325;4;1;10403
1;5743;1771158;3353;99149;0;325;4;1;59528
1;5744;1771491;3353;99150;0;325;4;1;43847
1;5745;1771810;3353;99149;0;325;4;1;17522
1;5746;1772128;3353;99149;0;325;4;1;34815
1;5747;1772379;3353;99149;0;325;4;1;26097
1;5748;1772811;3353;99149;0;325;4;1;63824
1;5749;1773132;3353;99149;0;325;4;1;50600
1;5750;1773384;3353;99149;0;325;4;1;23556
1;5751;1773808;3353;99151;0;325;4;1;11683
1;5752;1774141;3353;99150;0;325;4;1;17364
1;5753;1774482;3353;99149;0;325;4;1;29857
1;5754;1774800;3353;99147;0;325;4;1;50698
1;5755;1775032;3353;99146;0;405;4;1;40076
1;5756;1775353;3353;99144;0;405;4;1;34443
1;5757;1775589;3353;99144;0;405;4;1;10793
1;5758;1775927;3353;99142;0;325;4;1;23110
1;5759;1776244;3353;99142;0;325;4;1;9526
1;5760;1776562;3352;99142;0;325;4;1;35658
1;5761;1776818;3353;99142;0;325;4;1;30889
1;5762;1777135;3352;99143;0;325;4;1;36312
1;5763;1777456;3352;99142;0;325;4;1;43092
1;5764;1777814;3352;99142;0;325;4;1;8201
1;5765;1778136;3352;99142;0;325;4;1;52074
1;5766;1778453;3352;99142;0;325;4;1;42357
1;5767;1778787;3352;99142;0;325;4;1;11198
1;5768;1779023;3352;99142;0;325;4;1;53537
1;5769;1779341;3352;99142;0;325;4;1;20155
1;5770;1779568;3352;99143;0;325;4;1;12963
1;5771;1779891;3352;99143;0;325;4;1;11404
1;5772;1780127;3352;99143;0;325;4;1;17965
1;5773;1780354;3352;99143;0;325;4;1;47620
1;5774;1780784;3352;99143;0;325;4;1;64368
1;5775;1781125;3352;99143;0;325;4;1;3114
1;5776;1781353;3352;99142;0;5445;4;1;1938
1;5777;1781781;3352;99141;0;5445;4;1;52700
1;5778;1782113;3352;99141;0;325;4;1;57121
1;5779;1782349;3352;99142;0;325;4;1;26899
1;5780;1782777;3352;99142;0;325;4;1;27307
1;5781;1783005;3352;99142;0;325;4;1;41889
1;5782;1783351;3352;99141;0;325;4;1;64488
1;5783;1783775;3352;99141;0;325;4;1;48845
1;5784;1784003;3352;99142;0;325;4;1;53141
1;5785;1784320;3352;99143;0;325;4;1;12416
1;5786;1784558;3352;99144;0;325;4;1;39137
1;5787;1784786;3352;99144;0;325;4;1;2113
1;5788;1785104;3352;99146;0;325;4;1;64414
1;5789;1785425;3352;99146;0;325;4;1;42282
1;5790;1785787;3352;99146;0;325;4;1;28116
1;5791;1786105;3352;99146;0;325;4;1;31271
1;5792;1786422;3352;99146;0;325;4;1;48442
1;5793;1786783;3352;99146;0;325;4;1;37113
1;5794;1787101;3352;99146;0;325;4;1;54182
1;5795;1787434;3351;99145;0;965;4;1;58209
1;5796;1787776;3351;99145;0;965;4;1;7044
1;5797;1788098;3351;99145;0;965;4;1;58689
1;5798;1788329;3351;99145;0;325;4;1;749
1;5799;1788756;3352;99146;0;325;4;1;23366
1;5800;1788992;3352;99146;0;325;4;1;50289
1;5801;1789220;3352;99146;0;325;4;1;46532
1;5802;1789537;3352;99147;0;325;4;1;56494
1;5803;1789855;3352;99147;0;325;4;1;58822
1;5804;1790107;3352;99147;0;345;4;1;18736
1;5805;1790425;3352;99147;0;345;4;1;26315
1;5806;1790747;3352;99147;0;345;4;1;64874
1;5807;1790978;3352;99147;0;325;4;1;19816
1;5808;1791216;3352;99147;0;325;4;1;23775
1;5809;1791533;3351;99147;0;325;4;1;16780
1;5810;1791871;3351;99146;0;325;4;1;1056
1;5811;1792214;3351;99147;0;325;4;1;8340
1;5812;1792532;3351;99147;0;325;4;1;62250
1;5813;1792764;3351;99147;0;325;4;1;7723
1;5814;1793081;3351;99147;0;325;4;1;30710
1;5815;1793317;3351;99147;0;325;4;1;56148
1;5816;1793764;3351;99147;0;325;4;1;470
1;5817;1794082;3351;99146;0;325;4;1;23008
1;5818;1794423;3351;99146;0;325;4;1;46763
1;5819;1794757;3351;99145;0;325;4;1;3020
1;5820;1795075;3351;99144;0;325;4;1;50017
1;5821;1795407;3351;99144;0;325;4;1;2502
1;5822;1795749;3351;99145;0;325;4;1;22808
1;5823;1796071;3351;99145;0;325;4;1;30435
1;5824;1796302;3351;99145;0;325;4;1;40891
1;5825;1796754;3351;99145;0;325;4;1;41808
1;5826;1797072;3351;99145;0;325;4;1;8372
1;5827;1797299;3351;99145;0;325;4;1;58132
1;5828;1797749;3351;99146;0;325;4;1;3032
1;5829;1798083;3351;99146;0;325;4;1;52644
1;5830;1798400;3351;99146;0;325;4;1;62650
1;5831;1798718;3351;99146;0;325;4;1;1463
1;5832;1798975;3351;99145;0;325;4;1;28586
1;5833;1799296;3351;99145;0;325;4;1;65183
1;5834;1799720;3351;99145;0;325;4;1;34796
1;5835;1799975;3351;99145;0;325;4;1;1129
1;5836;1800293;3351;99145;0;325;4;1;7852
1;5837;1800732;3351;99146;0;325;4;1;13781
1;5838;1801073;3351;99146;0;325;4;1;32653
1;5839;1801391;3351;99146;0;325;4;1;47708
1;5840;1801729;3350;99145;0;325;4;1;29830
1;5841;1802050;3350;99145;0;325;4;1;19359
1;5842;1802286;3350;99145;0;325;4;1;8540
1;5843;1802513;3351;99147;0;325;4;1;25866
1;5844;1802831;3350;99146;0;325;4;1;43307
1;5845;1803149;3350;99145;0;325;4;1;3618
1;5846;1803400;3350;99145;0;325;4;1;18391
1;5847;1803726;3350;99145;0;325;4;1;11172
1;5848;1804044;3350;99145;0;325;4;1;26660
1;5849;1804272;3350;99145;0;325;4;1;55468
1;5850;1804510;3350;99145;0;325;4;1;2792
1;5851;1804832;3350;99145;0;325;4;1;56269
1;5852;1805166;3350;99145;0;325;4;1;54446
1;5853;1805845;3350;99145;0;325;4;1;52854
1;5854;1806072;3350;99145;0;325;4;1;56322
1;5855;1806390;3350;99145;0;325;4;1;40313
1;5856;1806837;3350;99144;0;325;4;1;44792
1;5857;1807069;3350;99144;0;325;4;1;9144
1;5858;1807386;3350;99145;0;325;4;1;46056
1;5859;1807833;3350;99146;0;325;4;1;1027
1;5860;1808069;3350;99144;0;325;4;1;44155
1;5861;1808387;3350;99144;0;325;4;1;18714
1;5862;1808830;3350;99144;0;325;4;1;38223
1;5863;1809066;3350;99144;0;325;4;1;65172
1;5864;1809384;3350;99144;0;325;4;1;42321
1;5865;1809611;3350;99145;0;325;4;1;50876
1;5866;1809933;3350;99146;0;325;4;1;26223
1;5867;1810169;3350;99146;0;325;4;1;20983
1;5868;1810501;3350;99147;0;325;4;1;4370
1;5869;1810824;3350;99147;0;325;4;1;15199
1;5870;1811142;3350;99147;0;325;4;1;15434
1;5871;1811393;3350;99147;0;325;4;1;14559
1;5872;1811820;3350;99148;0;325;4;1;21461
1;5873;1812138;3350;99146;0;325;4;1;32307
1;5874;1812390;3350;99146;0;325;4;1;24719
1;5875;1812817;3350;99146;0;325;4;1;46863
1;5876;1813150;3350;99145;0;325;4;1;24597
1;5877;1813492;3350;99145;0;325;4;1;62716
1;5878;1813815;3350;99146;0;325;4;1;34711
1;5879;1814043;3350;99145;0;325;4;1;12709
1;5880;1814360;3350;99145;0;325;4;1;31362
1;5881;1814596;3350;99145;0;325;4;1;9236
1;5882;1814934;3350;99145;0;325;4;1;18937
1;5883;1815255;3350;99146;0;325;4;1;28599
1;5884;1815577;3349;99146;0;325;4;1;14310
1;5885;1815828;3349;99146;0;325;4;1;38311
1;5886;1816145;3349;99146;0;325;4;1;9348
1;5887;1816466;3350;99146;0;325;4;1;9264
1;5888;1816824;3350;99146;0;325;4;1;59058
1;5889;1817142;3350;99145;0;325;4;1;28014
1;5890;1817459;3350;99146;0;325;4;1;58590
1;5891;1817797;3350;99146;0;325;4;1;57881
1;5892;1818033;3350;99145;0;325;4;1;4439
1;5893;1818351;3349;99145;0;325;4;1;27641
1;5894;1818578;3349;99144;0;325;4;1;40941
1;5895;1818897;3349;99145;0;325;4;1;6297
1;5896;1819139;3349;99145;0;325;4;1;25904
1;5897;1819366;3349;99145;0;325;4;1;23627
1;5898;1819793;3349;99145;0;325;4;1;50777
1;5899;1820135;3349;99144;0;325;4;1;20576
1;5900;1820366;3349;99144;0;325;4;1;10690
1;5901;1820790;3349;99145;0;325;4;1;43953
1;5902;1821123;3349;99145;0;325;4;1;61684
1;5903;1821360;3349;99145;0;325;4;1;44423
1;5904;1821784;3349;99146;0;325;4;1;48292
1;5905;1822016;3349;99146;0;325;4;1;21390
1;5906;1822357;3349;99147;0;325;4;1;54509
1;5907;1822781;3349;99147;0;325;4;1;46044
1;5908;1823017;3349;99147;0;325;4;1;31854
1;5909;1823334;3349;99146;0;325;4;1;8143
1;5910;1823570;3349;99146;0;325;4;1;42080
1;5911;1823798;3349;99147;0;325;4;1;52519
1;5912;1824116;3349;99146;0;325;4;1;20139
1;5913;1824433;3349;99146;0;325;4;1;41887
1;5914;1824793;3349;99147;0;325;4;1;37874
1;5915;1825114;3349;99147;0;325;4;1;44267
1;5916;1825432;3349;99146;0;325;4;1;3896
1;5917;1825796;3349;99146;0;325;4;1;15117
1;5918;1826114;3349;99147;0;325;4;1;9000
1;5919;1826446;3349;99148;0;325;4;1;28755
1;5920;1826789;3349;99147;0;325;4;1;63804
1;5921;1827111;3349;99147;0;325;4;1;15051
1;5922;1827338;3349;99147;0;325;4;1;18686
1;5923;1827766;3349;99147;0;325;4;1;10326
1;5924;1828003;3349;99147;0;325;4;1;14269
1;5925;1828230;3349;99147;0;965;4;1;57686
1;5926;1828551;3349;99148;0;965;4;1;14912
1;5927;1828870;3349;99148;0;965;4;1;44431
1;5928;1829121;3349;99148;0;325;4;1;4764
1;5929;1829439;3349;99148;0;325;4;1;58257
1;5930;1829757;3349;99148;0;325;4;1;24693
1;5931;1829985;3349;99148;0;325;4;1;3180
1;5932;1830225;3348;99148;0;325;4;1;63799
1;5933;1830547;3349;99148;0;325;4;1;9166
1;5934;1830887;3349;99147;0;325;4;1;51672
1;5935;1831228;3349;99147;0;325;4;1;50632
1;5936;1831546;3348;99147;0;325;4;1;59602
1;5937;1831773;3348;99148;0;325;4;1;63992
1;5938;1832091;3348;99148;0;325;4;1;2343
1;5939;1832327;3348;99148;0;325;4;1;42373
1;5940;1832766;3348;99148;0;325;4;1;39434
1;5941;1833084;3348;99149;0;325;4;1;48262
1;5942;1833428;3348;99149;0;325;4;1;11704
1;5943;1833766;3348;99149;0;325;4;1;14341
1;5944;1834084;3348;99149;0;325;4;1;41851
1;5945;1834420;3348;99149;0;10565;4;1;61888
1;5946;1834763;3348;99149;0;10565;4;1;58396
1;5947;1835081;3348;99149;0;10565;4;1;33545
1;5948;1835308;3348;99150;0;325;4;1;52265
1;5949;1835757;3348;99149;0;325;4;1;6767
1;5950;1836079;3348;99150;0;325;4;1;31206
1;5951;1836310;3348;99149;0;325;4;1;49878
1;5952;1836760;3348;99149;0;325;4;1;31865
1;5953;1837093;3348;99149;0;325;4;1;3373
1;5954;1837411;3348;99149;0;325;4;1;52545
1;5955;1837729;3348;99149;0;325;4;1;21211
1;5956;1837981;3348;99149;0;325;4;1;9851
1;5957;1838302;3348;99149;0;325;4;1;55769
1;5958;1838726;3348;99148;0;325;4;1;53996
1;5959;1838983;3348;99148;0;325;4;1;46133
1;5960;1839301;3348;99148;0;325;4;1;7620
1;5961;1839740;3348;99147;0;2885;4;1;34653
1;5962;1840081;3348;99147;0;2885;4;1;17673
1;5963;1840399;3348;99148;0;2885;4;1;321
1;5964;1840733;3348;99149;0;325;4;1;9264
1;5965;1841050;3348;99149;0;325;4;1;43177
1;5966;1841286;3348;99149;0;325;4;1;31018
1;5967;1841514;3348;99149;0;325;4;1;32647
1;5968;1841842;3348;99149;0;325;4;1;7339
1;5969;1842163;3348;99149;0;325;4;1;630
1;5970;1842414;3348;99149;0;325;4;1;53906
1;5971;1842733;3348;99148;0;325;4;1;11655
1;5972;1843051;3348;99147;0;325;4;1;35913
1;5973;1843278;3347;99147;0;325;4;1;60210
1;5974;1843515;3347;99147;0;325;4;1;14459
1;5975;1843834;3347;99146;0;325;4;1;48774
1;5976;1844171;3347;99147;0;325;4;1;42531
1;5977;1844516;3347;99147;0;325;4;1;63799
1;5978;1844834;3348;99147;0;325;4;1;45882
1;5979;1845061;3348;99146;0;325;4;1;21476
1;5980;1845379;3348;99147;0;325;4;1;8936
1;5981;1845721;3347;99146;0;325;4;1;34371
1;5982;1845952;3347;99146;0;325;4;1;38397
1;5983;1846270;3347;99146;0;325;4;1;9369
1;5984;1846720;3347;99146;0;325;4;1;55739
1;5985;1846947;3347;99146;0;20807;4;1;43889
1;5986;1847268;3347;99147;0;20807;4;1;41910
1;5987;1847712;3347;99146;0;325;4;1;24032
1;5988;1847947;3347;99147;0;325;4;1;56783
1;5989;1848264;3347;99147;0;325;4;1;58070
1;5990;1848704;3347;99148;0;325;4;1;34500
1;5991;1848940;3347;99148;0;325;4;1;49152
1;5992;1849257;3347;99148;0;325;4;1;6499
1;5993;1849489;3347;99149;0;325;4;1;49980
1;5994;1849811;3347;99149;0;325;4;1;16600
1;5995;1850046;3347;99148;0;325;4;1;16063
1;5996;1850384;3347;99148;0;325;4;1;60749
1;5997;1850702;3347;99149;0;325;4;1;49254
1;5998;1851020;3347;99149;0;325;4;1;62435
1;5999;1851272;3347;99149;0;325;4;1;50768
1;6000;1851695;3347;99148;0;325;4;1;713
1;6001;1852020;3347;99148;0;325;4;1;58536
1;6002;1852278;3347;99148;0;485;4;1;13612
1;6003;1852706;3347;99147;0;485;4;1;10168
1;6004;1853043;3347;99147;0;325;4;1;43369
1;6005;1853384;3347;99147;0;325;4;1;47983
1;6006;1853706;3346;99147;0;325;4;1;62714
1;6007;1853934;3346;99148;0;325;4;1;62686
1;6008;1854252;3346;99148;0;325;4;1;46942
1;6009;1854488;3346;99148;0;325;4;1;24661
1;6010;1854825;3346;99148;0;325;4;1;61588
1;6011;1855143;3346;99147;0;325;4;1;33323
1;6012;1855460;3346;99147;0;325;4;1;22834
1;6013;1855714;3346;99147;0;325;4;1;49009
1;6014;1856035;3346;99148;0;325;4;1;15435
1;6015;1856353;3346;99147;0;325;4;1;14861
1;6016;1856710;3346;99147;0;325;4;1;17741
1;6017;1857028;3346;99147;0;325;4;1;29427
1;6018;1857349;3346;99147;0;325;4;1;49201
1;6019;1857687;3346;99147;0;325;4;1;53501
1;6020;1857925;3346;99147;0;325;4;1;32003
1;6021;1858242;3346;99147;0;325;4;1;16891
1;6022;1858474;3346;99147;0;325;4;1;22729
1;6023;1858796;3346;99147;0;325;4;1;62465
1;6024;1859032;3346;99147;0;325;4;1;38799
1;6025;1859260;3346;99147;0;325;4;1;42579
1;6026;1859683;3346;99148;0;325;4;1;10877
1;6027;1860028;3346;99147;0;325;4;1;5704
1;6028;1860256;3346;99147;0;324;4;1;46290
1;6029;1860680;3346;99146;0;324;4;1;16673
1;6030;1861016;3346;99146;0;324;4;1;3336
1;6031;1861252;3346;99146;0;324;4;1;57795
1;6032;1861681;3346;99146;0;324;4;1;11232
1;6033;1861908;3346;99146;0;325;4;1;39138
1;6034;1862249;3346;99145;0;325;4;1;62504
1;6035;1862677;3346;99145;0;325;4;1;29715
1;6036;1862905;3346;99145;0;325;4;1;16026
1;6037;1863222;3346;99146;0;325;4;1;42404
1;6038;1863458;3346;99146;0;325;4;1;8713
1;6039;1863690;3346;99146;0;325;4;1;7444
1;6040;1864008;3346;99146;0;325;4;1;18129
1;6041;1864329;3346;99146;0;325;4;1;59501
1;6042;1864686;3346;99146;0;324;4;1;44720
1;6043;1865009;3346;99147;0;324;4;1;3054
1;6044;1865330;3346;99146;0;324;4;1;18647
1;6045;1865688;3346;99146;0;324;4;1;21554
1;6046;1866006;3346;99145;0;324;4;1;58022
1;6047;1866339;3346;99146;0;325;4;1;3890
1;6048;1866681;3346;99146;0;325;4;1;27913
1;6049;1866999;3346;99147;0;325;4;1;40600
1;6050;1867230;3346;99147;0;324;4;1;17693
1;6051;1867654;3346;99147;0;324;4;1;14974
1;6052;1867894;3346;99146;0;324;4;1;60026
1;6053;1868121;3346;99146;0;325;4;1;65452
1;6054;1868438;3346;99146;0;325;4;1;6227
1;6055;1868761;3346;99146;0;325;4;1;58322
1;6056;1869012;3346;99146;0;324;4;1;24391
1;6057;1869330;3346;99146;0;324;4;1;11121
1;6058;1869653;3346;99147;0;324;4;1;9142
1;6059;1869884;3346;99147;0;324;4;1;22343
1;6060;1870120;3346;99147;0;324;4;1;39157
1;6061;1870442;3346;99147;0;324;4;1;63335
1;6062;1870776;3345;99147;0;325;4;1;65406
1;6063;1871117;3345;99146;0;325;4;1;47346
1;6064;1871435;3346;99147;0;325;4;1;51047
1;6065;1871663;3346;99147;0;324;4;1;7299
1;6066;1871980;3345;99147;0;324;4;1;45588
1;6067;1872220;3345;99147;0;324;4;1;58924
1;6068;1872660;3345;99147;0;325;4;1;51487
1;6069;1872981;3346;99147;0;325;4;1;55516
1;6070;1873325;3346;99147;0;325;4;1;12263
1;6071;1873660;3346;99147;0;964;4;1;2747
1;6072;1873977;3346;99147;0;964;4;1;43714
1;6073;1874310;3346;99147;0;324;4;1;13556
1;6074;1874656;3346;99146;0;324;4;1;20666
1;6075;1874974;3346;99146;0;324;4;1;333
1;6076;1875201;3346;99147;0;324;4;1;41088
1;6077;1875653;3346;99147;0;324;4;1;23894
1;6078;1875974;3346;99147;0;324;4;1;8796
1;6079;1876205;3346;99147;0;325;4;1;21546
1;6080;1876653;3345;99147;0;325;4;1;38992
1;6081;1876986;3345;99147;0;324;4;1;20625
1;6082;1877303;3345;99147;0;324;4;1;48732
1;6083;1877622;3345;99147;0;324;4;1;57576
1;6084;1877873;3345;99146;0;324;4;1;55348
1;6085;1878191;3345;99146;0;324;4;1;3168
1;6086;1878621;3345;99146;0;324;4;1;46530
1;6087;1878872;3345;99145;0;324;4;1;59497
1;6088;1879190;3345;99146;0;324;4;1;16253
1;6089;1879630;3345;99146;0;324;4;1;45078
1;6090;1879971;3345;99147;0;324;4;1;53775
1;6091;1880289;3345;99147;0;324;4;1;4032
1;6092;1880631;3345;99148;0;324;4;1;43082
1;6093;1880948;3345;99148;0;324;4;1;38739
1;6094;1881191;3345;99149;0;324;4;1;31394
1;6095;1881418;3345;99149;0;324;4;1;58593
1;6096;1881736;3345;99149;0;324;4;1;16152
1;6097;1882054;3345;99149;0;324;4;1;54395
1;6098;1882306;3345;99148;0;324;4;1;17568
1;6099;1882624;3345;99148;0;324;4;1;29470
1;6100;1882942;3345;99147;0;324;4;1;4039
1;6101;1883170;3345;99147;0;324;4;1;25566
1;6102;1883416;3345;99147;0;324;4;1;15661
1;6103;1883738;3345;99148;0;324;4;1;31490
1;6104;1884079;3345;99148;0;324;4;1;32866
1;6105;1884420;3345;99148;0;324;4;1;7241
1;6106;1884738;3345;99148;0;324;4;1;40012
1;6107;1884966;3345;99148;0;324;4;1;60921
1;6108;1885283;3345;99149;0;324;4;1;19550
1;6109;1885630;3345;99148;0;324;4;1;41051
1;6110;1885857;3345;99148;0;324;4;1;53673
1;6111;1886175;3345;99147;0;324;4;1;12660
1;6112;1886626;3345;99147;0;324;4;1;38129
1;6113;1886859;3345;99148;0;324;4;1;8430
1;6114;1887176;3345;99148;0;324;4;1;46056
1;6115;1887616;3345;99148;0;324;4;1;21080
1;6116;1887854;3345;99148;0;324;4;1;53592
1;6117;1888171;3345;99148;0;324;4;1;31749
1;6118;1888611;3344;99147;0;324;4;1;40947
1;6119;1888847;3344;99147;0;324;4;1;20795
1;6120;1889168;3344;99147;0;324;4;1;12429
1;6121;1889395;3345;99147;0;324;4;1;17990
1;6122;1889718;3344;99147;0;324;4;1;615
1;6123;1889953;3345;99148;0;324;4;1;13380
1;6124;1890286;3345;99149;0;324;4;1;62348
1;6125;1890605;3345;99149;0;324;4;1;17799
1;6126;1890922;3345;99149;0;324;4;1;54624
1;6127;1891174;3345;99149;0;324;4;1;26563
1;6128;1891611;3345;99150;0;324;4;1;52099
1;6129;1891928;3345;99151;0;324;4;1;27834
1;6130;1892187;3345;99151;0;324;4;1;34744
1;6131;1892615;3345;99150;0;324;4;1;38739
1;6132;1892948;3345;99150;0;324;4;1;4642
1;6133;1893289;3345;99149;0;324;4;1;25238
1;6134;1893608;3345;99150;0;324;4;1;26645
1;6135;1893835;3345;99149;0;324;4;1;27632
1;6136;1894153;3345;99149;0;324;4;1;10352
1;6137;1894392;3344;99148;0;324;4;1;53672
1;6138;1894726;3344;99149;0;324;4;1;40328
1;6139;1895043;3344;99150;0;324;4;1;2118
1;6140;1895365;3344;99150;0;324;4;1;32821
1;6141;1895619;3344;99150;0;324;4;1;21753
1;6142;1895936;3344;99150;0;324;4;1;57274
1;6143;1896253;3344;99150;0;324;4;1;24568
1;6144;1896611;3344;99149;0;324;4;1;56966
1;6145;1896929;3344;99150;0;324;4;1;35207
1;6146;1897250;3344;99150;0;324;4;1;708
1;6147;1897588;3344;99150;0;324;4;1;45069
1;6148;1897823;3344;99150;0;324;4;1;43010
1;6149;1898145;3344;99150;0;324;4;1;53507
1;6150;1898373;3344;99149;0;344;4;1;33574
1;6151;1898691;3344;99150;0;344;4;1;18065
1;6152;1898927;3344;99149;0;344;4;1;48368
1;6153;1899158;3344;99149;0;324;4;1;45090
1;6154;1899586;3344;99149;0;324;4;1;55068
1;6155;1899927;3344;99149;0;324;4;1;25664
1;6156;1900155;3344;99149;0;2884;4;1;44591
1;6157;1900579;3344;99149;0;2884;4;1;4000
1;6158;1900912;3344;99149;0;324;4;1;59916
1;6159;1901151;3344;99149;0;324;4;1;5602
1;6160;1901576;3344;99150;0;324;4;1;9076
1;6161;1901803;3344;99150;0;324;4;1;30787
1;6162;1902146;3344;99149;0;324;4;1;26920
1;6163;1902578;3344;99149;0;324;4;1;52504
1;6164;1902805;3344;99149;0;324;4;1;49329
1;6165;1903126;3344;99150;0;324;4;1;40727
1;6166;1903362;3344;99149;0;324;4;1;24640
1;6167;1903590;3344;99149;0;324;4;1;18905
1;6168;1903912;3344;99149;0;324;4;1;19987
1;6169;1904229;3344;99149;0;324;4;1;54335
1;6170;1904587;3344;99149;0;324;4;1;10061
1;6171;1904908;3344;99149;0;324;4;1;61892
1;6172;1905225;3344;99149;0;324;4;1;2296
1;6173;1905583;3344;99149;0;324;4;1;43137
1;6174;1905901;3344;99149;0;324;4;1;60382
1;6175;1906233;3344;99149;0;324;4;1;41005
1;6176;1906576;3344;99149;0;324;4;1;43319
1;6177;1906798;3344;99149;0;324;4;1;16737
1;6178;1907131;3344;99149;0;324;4;1;24098
1;6179;1907559;3344;99149;0;324;4;1;37569
1;6180;1907802;3344;99149;0;324;4;1;13880
1;6181;1908029;3344;99149;0;324;4;1;30379
1;6182;1908346;3344;99150;0;324;4;1;40630
1;6183;1908669;3344;99149;0;324;4;1;27349
1;6184;1908921;3344;99148;0;324;4;1;18225
1;6185;1909239;3344;99147;0;324;4;1;34287
1;6186;1909562;3344;99148;0;324;4;1;49741
1;6187;1909789;3344;99148;0;324;4;1;14945
1;6188;1910029;3344;99148;0;324;4;1;46683
1;6189;1910347;3344;99148;0;324;4;1;39489
1;6190;1910685;3344;99148;0;329;4;1;38238
1;6191;1911026;3344;99149;0;329;4;1;23466
1;6192;1911344;3344;99149;0;329;4;1;10359
1;6193;1911572;3344;99149;0;324;4;1;188
1;6194;1911889;3344;99149;0;324;4;1;12621
1;6195;1912125;3344;99149;0;324;4;1;51176
1;6196;1912569;3344;99149;0;324;4;1;56894
1;6197;1912889;3344;99148;0;324;4;1;41552
1;6198;1913230;3344;99149;0;324;4;1;152
1;6199;1913570;3344;99150;0;324;4;1;52910
1;6200;1913888;3344;99150;0;324;4;1;3580
1;6201;1914221;3344;99150;0;324;4;1;55225
1;6202;1914566;3344;99150;0;324;4;1;14280
1;6203;1914883;3343;99150;0;324;4;1;13417
1;6204;1915115;3344;99150;0;10564;4;1;22531
1;6205;1915567;3344;99150;0;10564;4;1;65017
1;6206;1915885;3343;99149;0;10564;4;1;53505
1;6207;1916112;3343;99149;0;324;4;1;9077
1;6208;1916560;3343;99150;0;324;4;1;22608
1;6209;1916893;3343;99149;0;324;4;1;64239
1;6210;1917210;3343;99150;0;324;4;1;12991
1;6211;1917529;3344;99150;0;324;4;1;39465
1;6212;1917780;3343;99150;0;324;4;1;2958
1;6213;1918104;3343;99149;0;324;4;1;35168
1;6214;1918532;3343;99149;0;324;4;1;59804
1;6215;1918783;3343;99150;0;324;4;1;2924
1;6216;1919101;3344;99150;0;324;4;1;22129
1;6217;1919544;3343;99150;0;324;4;1;13455
1;6218;1919885;3344;99150;0;324;4;1;47148
1;6219;1920203;3344;99150;0;324;4;1;5348
1;6220;1920537;3343;99149;0;324;4;1;30279
1;6221;1920860;3343;99149;0;324;4;1;11026
1;6222;1921096;3343;99149;0;324;4;1;24203
1;6223;1921323;3343;99149;0;324;4;1;23952
1;6224;1921642;3343;99150;0;324;4;1;16317
1;6225;1921959;3343;99150;0;324;4;1;5616
1;6226;1922213;3343;99150;0;324;4;1;11947
1;6227;1922532;3343;99150;0;324;4;1;12406
1;6228;1922849;3343;99150;0;324;4;1;37222
1;6229;1923077;3343;99150;0;324;4;1;18921
1;6230;1923318;3343;99151;0;324;4;1;30857
1;6231;1923641;3344;99151;0;324;4;1;19627
1;6232;1923974;3344;99151;0;324;4;1;26907
1;6233;1924315;3344;99151;0;324;4;1;28132
1;6234;1924637;3344;99151;0;324;4;1;46541
1;6235;1924864;3344;99151;0;324;4;1;2445
1;6236;1925182;3344;99151;0;324;4;1;59593
1;6237;1925525;3343;99150;0;324;4;1;60257
1;6238;1925756;3343;99150;0;324;4;1;21200
1;6239;1926077;3343;99149;0;324;4;1;50431
1;6240;1926529;3344;99150;0;324;4;1;46853
1;6241;1926756;3344;99149;0;324;4;1;7881
1;6242;1927073;3344;99150;0;324;4;1;26481
1;6243;1927513;3343;99148;0;324;4;1;12826
1;6244;1927749;3343;99147;0;324;4;1;4972
1;6245;1928066;3343;99147;0;324;4;1;40949
1;6246;1928506;3343;99146;0;324;4;1;40988
1;6247;1928746;3343;99145;0;324;4;1;61621
1;6248;1929067;3343;99145;0;324;4;1;39510
1;6249;1929294;3343;99145;0;324;4;1;28977
1;6250;1929613;3343;99145;0;324;4;1;4671
1;6251;1929852;3343;99145;0;324;4;1;40576
1;6252;1930185;3343;99144;0;5444;4;1;33989
1;6253;1930507;3343;99145;0;5444;4;1;60384
1;6254;1930825;3343;99144;0;5444;4;1;61476
1;6255;1931077;3343;99144;0;324;4;1;37841
1;6256;1931505;3343;99144;0;324;4;1;57652
1;6257;1931826;3343;99144;0;324;4;1;50792
1;6258;1932078;3343;99143;0;324;4;1;19942
1;6259;1932502;3343;99143;0;324;4;1;54905
1;6260;1932835;3343;99143;0;324;4;1;21866
1;6261;1933176;3343;99143;0;324;4;1;62306
1;6262;1933495;3343;99143;0;324;4;1;25741
1;6263;1933726;3343;99143;0;324;4;1;47430
1;6264;1934048;3343;99143;0;324;4;1;17521
1;6265;1934286;3343;99143;0;324;4;1;60180
1;6266;1934620;3343;99144;0;324;4;1;25941
1;6267;1934937;3343;99145;0;324;4;1;40992
1;6268;1935255;3343;99144;0;324;4;1;34562
1;6269;1935510;3343;99144;0;324;4;1;12517
1;6270;1935827;3343;99144;0;324;4;1;49583
1;6271;1936144;3343;99144;0;324;4;1;59123
1;6272;1936504;3343;99145;0;1604;4;1;28005
1;6273;1936826;3343;99144;0;1604;4;1;27359
1;6274;1937143;3343;99144;0;1604;4;1;23788
1;6275;1937481;3343;99144;0;324;4;1;5821
1;6276;1937717;3343;99144;0;324;4;1;6681
1;6277;1938035;3343;99144;0;324;4;1;13827
1;6278;1938263;3343;99144;0;2884;4;1;64262
1;6279;1938582;3343;99144;0;2884;4;1;54632
1;6280;1938817;3343;99144;0;2884;4;1;48066
1;6281;1939044;3343;99144;0;324;4;1;607
1;6282;1939264;3343;99144;0;324;4;1;42993
1;6283;1939583;3343;99144;0;324;4;1;55113
1;6284;1939817;3343;99144;0;324;4;1;14655
1;6285;1940045;3343;99144;0;964;4;1;48991
1;6286;1940469;3343;99144;0;964;4;1;12384
1;6287;1940805;3343;99143;0;324;4;1;47172
1;6288;1941041;3343;99143;0;324;4;1;54266
1;6289;1941470;3343;99143;0;324;4;1;58481
1;6290;1941701;3343;99143;0;324;4;1;8770
1;6291;1942046;3343;99144;0;324;4;1;5948
1;6292;1942470;3343;99145;0;324;4;1;19539
1;6293;1942697;3343;99145;0;324;4;1;19307
1;6294;1943015;3343;99145;0;324;4;1;3095
1;6295;1943251;3343;99146;0;324;4;1;9012
1;6296;1943479;3343;99145;0;324;4;1;24133
1;6297;1943796;3343;99145;0;324;4;1;45154
1;6298;1944114;3343;99145;0;324;4;1;26699
1;6299;1944478;3343;99144;0;324;4;1;52907
1;6300;1944799;3343;99145;0;324;4;1;11396
1;6301;1945117;3343;99145;0;324;4;1;6970
1;6302;1945478;3343;99145;0;324;4;1;39201
1;6303;1945796;3343;99145;0;324;4;1;17646
1;6304;1946128;3343;99145;0;324;4;1;11204
1;6305;1946474;3343;99146;0;324;4;1;55766
1;6306;1946791;3343;99146;0;324;4;1;40767
1;6307;1947023;3343;99145;0;1604;4;1;31681
1;6308;1947451;3343;99145;0;1604;4;1;36916
1;6309;1947686;3343;99144;0;1604;4;1;9475
1;6310;1947913;3343;99144;0;364;4;1;27951
1;6311;1948231;3343;99144;0;364;4;1;50725
1;6312;1948553;3343;99144;0;364;4;1;43376
1;6313;1948804;3343;99144;0;329;4;1;57449
1;6314;1949122;3343;99144;0;329;4;1;8197
1;6315;1949441;3343;99145;0;329;4;1;57104
1;6316;1949672;3343;99144;0;324;4;1;16320
1;6317;1949912;3343;99144;0;324;4;1;21488
1;6318;1950230;3343;99144;0;324;4;1;3273
1;6319;1950564;3343;99145;0;324;4;1;55672
1;6320;1950904;3343;99145;0;324;4;1;30990
1;6321;1951222;3343;99145;0;324;4;1;37485
1;6322;1951451;3343;99145;0;324;4;1;57432
1;6323;1951767;3343;99145;0;324;4;1;41965
1;6324;1952007;3343;99145;0;324;4;1;12247
1;6325;1952457;3343;99145;0;324;4;1;29909
1;6326;1952774;3343;99145;0;324;4;1;48092
1;6327;1953116;3343;99146;0;324;4;1;30156
1;6328;1953451;3343;99146;0;324;4;1;61185
1;6329;1953768;3343;99147;0;324;4;1;2129
1;6330;1954101;3343;99147;0;324;4;1;51730
1;6331;1954444;3343;99147;0;324;4;1;47545
1;6332;1954761;3343;99148;0;324;4;1;10577
1;6333;1954997;3343;99148;0;324;4;1;334
1;6334;1955444;3343;99148;0;324;4;1;43977
1;6335;1955762;3343;99148;0;324;4;1;14258
1;6336;1955993;3343;99148;0;324;4;1;65326
1;6337;1956441;3343;99148;0;324;4;1;59732
1;6338;1956774;3343;99148;0;324;4;1;27841
1;6339;1957091;3343;99148;0;324;4;1;61743
1;6340;1957414;3343;99148;0;324;4;1;20543
1;6341;1957667;3343;99148;0;324;4;1;30062
1;6342;1957989;3343;99149;0;324;4;1;55659
1;6343;1958413;3343;99148;0;324;4;1;23618
1;6344;1958664;3343;99148;0;324;4;1;3373
1;6345;1958981;3343;99148;0;324;4;1;6099
1;6346;1959421;3343;99147;0;324;4;1;45393
1;6347;1959761;3343;99147;0;324;4;1;10165
1;6348;1960084;3343;99148;0;324;4;1;38507
1;6349;1960422;3343;99147;0;324;4;1;45614
1;6350;1960739;3343;99147;0;324;4;1;23329
1;6351;1960979;3343;99147;0;324;4;1;53154
1;6352;1961206;3343;99147;0;324;4;1;45754
1;6353;1961525;3343;99146;0;324;4;1;19887
1;6354;1961842;3343;99147;0;324;4;1;17768
1;6355;1962093;3343;99147;0;324;4;1;10968
1;6356;1962412;3343;99147;0;324;4;1;8205
1;6357;1962730;3343;99148;0;324;4;1;9642
1;6358;1962961;3343;99148;0;324;4;1;27579
1;6359;1963197;3343;99148;0;324;4;1;23973
1;6360;1963524;3343;99149;0;324;4;1;10845
1;6361;1963861;3343;99149;0;324;4;1;10881
1;6362;1964201;3343;99149;0;324;4;1;20236
1;6363;1964520;3343;99149;0;324;4;1;20945
1;6364;1964747;3343;99149;0;324;4;1;36519
1;6365;1965064;3343;99149;0;324;4;1;10537
1;6366;1965411;3342;99149;0;324;4;1;17502
1;6367;1965638;3343;99149;0;324;4;1;22535
1;6368;1965956;3343;99149;0;324;4;1;41773
1;6369;1966404;3343;99149;0;324;4;1;9826
1;6370;1966635;3343;99150;0;324;4;1;30061
1;6371;1966952;3343;99150;0;324;4;1;19060
1;6372;1967392;3343;99150;0;344;4;1;49333
1;6373;1967642;3343;99149;0;344;4;1;2762
1;6374;1967959;3343;99149;0;344;4;1;31888
1;6375;1968406;3343;99150;0;324;4;1;60636
1;6376;1968642;3343;99150;0;324;4;1;62265
1;6377;1968959;3343;99150;0;324;4;1;29563
1;6378;1969187;3343;99149;0;324;4;1;52103
1;6379;1969510;3343;99149;0;324;4;1;38610
1;6380;1969744;3343;99149;0;324;4;1;1231
1;6381;1970077;3343;99150;0;324;4;1;22136
1;6382;1970396;3342;99149;0;324;4;1;11031
1;6383;1970717;3343;99150;0;324;4;1;4118
1;6384;1970969;3343;99149;0;324;4;1;6460
1;6385;1971396;3343;99149;0;324;4;1;60875
1;6386;1971714;3343;99149;0;324;4;1;13794
1;6387;1971965;3343;99150;0;324;4;1;52406
1;6388;1972393;3342;99149;0;324;4;1;16259
1;6389;1972726;3343;99149;0;324;4;1;40800
1;6390;1973067;3343;99149;0;324;4;1;43896
1;6391;1973389;3343;99149;0;324;4;1;63416
1;6392;1973617;3343;99149;0;324;4;1;39722
1;6393;1973935;3342;99149;0;324;4;1;39754
1;6394;1974170;3343;99149;0;324;4;1;30052
1;6395;1974510;3343;99150;0;324;4;1;54794
1;6396;1974827;3343;99150;0;324;4;1;30490
1;6397;1975152;3343;99150;0;324;4;1;53522
1;6398;1975404;3343;99150;0;324;4;1;4372
1;6399;1975721;3342;99150;0;324;4;1;63786
1;6400;1976038;3342;99150;0;324;4;1;50583
1;6401;1976402;3342;99150;0;329;4;1;31311
1;6402;1976719;3343;99151;0;329;4;1;32566
1;6403;1977037;3342;99150;0;329;4;1;36238
1;6404;1977371;3342;99150;0;324;4;1;41489
1;6405;1977606;3342;99149;0;324;4;1;26283
1;6406;1977924;3342;99150;0;324;4;1;56796
1;6407;1978156;3342;99149;0;324;4;1;4107
1;6408;1978474;3342;99149;0;324;4;1;64114
1;6409;1978714;3343;99150;0;324;4;1;37843
1;6410;1978942;3342;99150;0;2884;4;1;9176
1;6411;1979369;3342;99150;0;2884;4;1;45376
1;6412;1979710;3342;99149;0;2884;4;1;55229
1;6413;1979937;3342;99150;0;324;4;1;6657
1;6414;1980362;3342;99149;0;324;4;1;47847
1;6415;1980694;3342;99150;0;324;4;1;40873
1;6416;1980930;3342;99149;0;324;4;1;51435
1;6417;1981362;3342;99149;0;324;4;1;27867
1;6418;1981590;3342;99149;0;324;4;1;2510
1;6419;1981931;3343;99149;0;324;4;1;46315
1;6420;1982356;3343;99151;0;324;4;1;49559
1;6421;1982583;3343;99150;0;324;4;1;53957
1;6422;1982904;3343;99150;0;324;4;1;30035
1;6423;1983140;3343;99151;0;324;4;1;16849
1;6424;1983368;3343;99150;0;324;4;1;25351
1;6425;1983686;3343;99150;0;324;4;1;18655
1;6426;1984009;3343;99150;0;324;4;1;1796
1;6427;1984367;3343;99150;0;1604;4;1;1624
1;6428;1984685;3343;99149;0;1604;4;1;37999
1;6429;1985002;3343;99149;0;1604;4;1;59646
1;6430;1985364;3343;99150;0;324;4;1;50199
1;6431;1985681;3343;99150;0;324;4;1;43505
1;6432;1986014;3343;99151;0;324;4;1;44768
1;6433;1986357;3343;99151;0;324;4;1;12974
1;6434;1986577;3343;99152;0;324;4;1;47930
1;6435;1986913;3343;99152;0;324;4;1;38662
1;6436;1987337;3343;99151;0;324;4;1;61544
1;6437;1987573;3343;99151;0;324;4;1;16608
1;6438;1987800;3343;99150;0;324;4;1;27214
1;6439;1988117;3343;99150;0;324;4;1;43086
1;6440;1988436;3343;99151;0;324;4;1;6884
1;6441;1988687;3343;99151;0;324;4;1;5590
1;6442;1989005;3343;99151;0;324;4;1;26170
1;6443;1989328;3343;99151;0;324;4;1;57879
1;6444;1989555;3343;99150;0;324;4;1;56645
1;6445;1989796;3343;99150;0;324;4;1;1898
1;6446;1990118;3343;99150;0;324;4;1;33934
1;6447;1990456;3343;99150;0;324;4;1;27049
1;6448;1990797;3343;99150;0;324;4;1;28336
1;6449;1991115;3343;99151;0;324;4;1;55946
1;6450;1991343;3343;99151;0;324;4;1;18249
1;6451;1991660;3343;99150;0;324;4;1;40985
1;6452;1991900;3343;99150;0;324;4;1;53402
1;6453;1992340;3343;99150;0;324;4;1;45560
1;6454;1992660;3343;99150;0;324;4;1;5080
1;6455;1993001;3343;99150;0;324;4;1;25228
1;6456;1993336;3343;99149;0;324;4;1;12029
1;6457;1993653;3343;99150;0;324;4;1;31818
1;6458;1993990;3343;99150;0;324;4;1;11740
1;6459;1994332;3343;99150;0;324;4;1;56159
1;6460;1994654;3343;99149;0;324;4;1;38998
1;6461;1994881;3343;99150;0;334;4;1;51634
1;6462;1995329;3342;99150;0;334;4;1;14004
1;6463;1995650;3342;99150;0;334;4;1;63909
1;6464;1995877;3342;99150;0;324;4;1;10886
1;6465;1996328;3342;99150;0;324;4;1;6286
1;6466;1996661;3342;99150;0;324;4;1;28885
1;6467;1996978;3342;99150;0;324;4;1;11634
1;6468;1997302;3342;99150;0;324;4;1;33989
1;6469;1997553;3342;99151;0;324;4;1;6256
1;6470;1997870;3342;99151;0;324;4;1;51576
1;6471;1998298;3342;99152;0;324;4;1;35018
1;6472;1998551;3342;99151;0;324;4;1;49362
1;6473;1998869;3342;99150;0;324;4;1;24373
1;6474;1999308;3342;99150;0;324;4;1;34030
1;6475;1999649;3342;99150;0;324;4;1;31468
1;6476;1999970;3342;99150;0;324;4;1;24910
1;6477;2000305;3342;99149;0;324;4;1;51364
1;6478;2000621;3342;99150;0;324;4;1;34958
1;6479;2000857;3342;99149;0;324;4;1;59332
1;6480;2001084;3342;99150;0;324;4;1;27444
1;6481;2001411;3342;99150;0;324;4;1;54007
1;6482;2001728;3342;99151;0;324;4;1;39352
1;6483;2001981;3342;99151;0;324;4;1;41285
1;6484;2002300;3342;99151;0;324;4;1;23448
1;6485;2002622;3342;99150;0;324;4;1;7243
1;6486;2002849;3342;99150;0;324;4;1;11728
1;6487;2003086;3342;99150;0;324;4;1;24675
1;6488;2003405;3342;99150;0;324;4;1;11076
1;6489;2003737;3342;99148;0;324;4;1;49156
1;6490;2004405;3342;99145;0;324;4;1;62243
1;6491;2004633;3342;99144;0;324;4;1;58786
1;6492;2004950;3342;99144;0;324;4;1;64035
1;6493;2005402;3342;99143;0;324;4;1;49837
1;6494;2005629;3342;99144;0;324;4;1;5491
1;6495;2005950;3342;99143;0;324;4;1;20817
1;6496;2006390;3342;99144;0;324;4;1;61187
1;6497;2006631;3342;99144;0;324;4;1;55218
1;6498;2006948;3342;99144;0;324;4;1;46268
1;6499;2007392;3342;99144;0;324;4;1;5383
1;6500;2007627;3342;99144;0;324;4;1;19809
1;6501;2007948;3342;99144;0;324;4;1;49656
1;6502;2008176;3342;99145;0;324;4;1;28089
1;6503;2008495;3342;99145;0;324;4;1;30769
1;6504;2008730;3342;99145;0;324;4;1;19252
1;6505;2009062;3342;99146;0;324;4;1;56170
1;6506;2009385;3342;99146;0;324;4;1;1510
1;6507;2009706;3342;99146;0;324;4;1;31382
1;6508;2009958;3342;99146;0;324;4;1;11317
1;6509;2010382;3342;99146;0;324;4;1;61831
1;6510;2010703;3342;99146;0;324;4;1;812
1;6511;2010955;3342;99147;0;324;4;1;61142
1;6512;2011379;3342;99147;0;324;4;1;31649
1;6513;2011711;3342;99147;0;324;4;1;43331
1;6514;2012057;3342;99146;0;324;4;1;1384
1;6515;2012380;3342;99146;0;324;4;1;39046
1;6516;2012608;3342;99146;0;324;4;1;53284
1;6517;2012925;3342;99146;0;324;4;1;4111
1;6518;2013161;3342;99145;0;324;4;1;61272
1;6519;2013499;3342;99145;0;324;4;1;22448
1;6520;2013816;3342;99146;0;324;4;1;9220
1;6521;2014134;3342;99145;0;324;4;1;18325
1;6522;2014386;3342;99144;0;324;4;1;50891
1;6523;2014707;3342;99144;0;324;4;1;55318
1;6524;2015024;3342;99145;0;324;4;1;49923
1;6525;2015382;3342;99145;0;324;4;1;9078
1;6526;2015699;3342;99145;0;324;4;1;53820
1;6527;2016020;3342;99145;0;324;4;1;46824
1;6528;2016355;3342;99145;0;324;4;1;24485
1;6529;2016590;3342;99144;0;324;4;1;6575
1;6530;2016908;3342;99145;0;324;4;1;62051
1;6531;2017139;3342;99145;0;324;4;1;56297
1;6532;2017462;3342;99145;0;324;4;1;17290
1;6533;2017697;3342;99144;0;324;4;1;33111
1;6534;2017925;3342;99143;0;324;4;1;61347
1;6535;2018355;3342;99141;0;324;4;1;57843
1;6536;2018696;3342;99138;0;324;4;1;44662
1;6537;2018924;3342;99138;0;324;4;1;28578
1;6538;2019348;3342;99136;0;324;4;1;37426
1;6539;2019681;3342;99134;0;324;4;1;1420
1;6540;2019920;3342;99133;0;324;4;1;40389
1;6541;2020344;3342;99131;0;324;4;1;20752
1;6542;2020572;3342;99131;0;324;4;1;13317
1;6543;2020912;3342;99130;0;324;4;1;684
1;6544;2021135;3342;99129;0;324;4;1;40883
1;6545;2021469;3342;99127;0;324;4;1;11277
1;6546;2021787;3342;99126;0;324;4;1;50208
1;6547;2022030;3342;99126;0;324;4;1;48921
1;6548;2022368;3342;99124;0;329;4;1;3505
1;6549;2022685;3342;99124;0;329;4;1;28000
1;6550;2023003;3342;99122;0;329;4;1;7313
1;6551;2023364;3342;99122;0;324;4;1;20583
1;6552;2023685;3342;99121;0;324;4;1;44658
1;6553;2024003;3342;99120;0;324;4;1;23073
1;6554;2024361;3342;99119;0;324;4;1;19665
1;6555;2024681;3342;99118;0;324;4;1;23068
1;6556;2025018;3342;99117;0;324;4;1;65467
1;6557;2025361;3342;99116;0;324;4;1;11253
1;6558;2025677;3342;99115;0;324;4;1;43983
1;6559;2025905;3342;99115;0;20804;4;1;13904
1;6560;2026333;3342;99113;0;20804;4;1;23770
1;6561;2026570;3342;99112;0;20804;4;1;24252
1;6562;2026796;3342;99112;0;324;4;1;55273
1;6563;2027114;3342;99111;0;324;4;1;28864
1;6564;2027437;3342;99111;0;324;4;1;6233
1;6565;2027687;3342;99110;0;324;4;1;58059
1;6566;2028005;3342;99109;0;324;4;1;6613
1;6567;2028324;3342;99108;0;324;4;1;50948
1;6568;2028555;3342;99107;0;324;4;1;58811
1;6569;2028794;3342;99107;0;324;4;1;33097
1;6570;2029112;3342;99106;0;324;4;1;49825
1;6571;2029450;3342;99105;0;324;4;1;16303
1;6572;2029794;3342;99104;0;324;4;1;26613
1;6573;2030112;3342;99104;0;324;4;1;20555
1;6574;2030341;3342;99103;0;324;4;1;37235
1;6575;2030657;3342;99103;0;324;4;1;7295
1;6576;2030893;3342;99103;0;324;4;1;44729
1;6577;2031333;3342;99103;0;324;4;1;38903
1;6578;2031654;3342;99104;0;324;4;1;46636
1;6579;2031995;3342;99104;0;324;4;1;29288
1;6580;2032329;3342;99104;0;324;4;1;21493
1;6581;2032549;3342;99103;0;324;4;1;53540
1;6582;2032866;3342;99104;0;324;4;1;46437
1;6583;2033119;3342;99104;0;324;4;1;13607
1;6584;2033438;3342;99103;0;324;4;1;13301
1;6585;2033754;3342;99103;0;324;4;1;44924
1;6586;2033986;3342;99104;0;324;4;1;38973
1;6587;2034332;3342;99104;0;324;4;1;56638
1;6588;2034649;3342;99103;0;324;4;1;4127
1;6589;2034880;3342;99103;0;324;4;1;12140
1;6590;2035330;3342;99103;0;324;4;1;17605
1;6591;2035663;3342;99103;0;324;4;1;40576
1;6592;2035980;3342;99103;0;324;4;1;60972
1;6593;2036302;3342;99103;0;324;4;1;33214
1;6594;2036554;3342;99103;0;324;4;1;6162
1;6595;2036875;3342;99104;0;324;4;1;16904
1;6596;2037299;3342;99103;0;324;4;1;6417
1;6597;2037552;3342;99104;0;324;4;1;10872
1;6598;2037870;3342;99105;0;324;4;1;31346
1;6599;2038309;3342;99105;0;324;4;1;10806
1;6600;2038650;3342;99104;0;324;4;1;25537
1;6601;2038967;3342;99106;0;324;4;1;10628
1;6602;2039302;3342;99106;0;324;4;1;55556
1;6603;2039622;3342;99105;0;324;4;1;44993
1;6604;2039858;3342;99105;0;324;4;1;36949
1;6605;2040089;3342;99105;0;964;4;1;41954
1;6606;2040415;3342;99105;0;964;4;1;9191
1;6607;2040732;3342;99105;0;964;4;1;60662
1;6608;2040984;3342;99105;0;324;4;1;37413
1;6609;2041303;3342;99105;0;324;4;1;27044
1;6610;2041620;3342;99105;0;324;4;1;58087
1;6611;2041848;3342;99105;0;324;4;1;19566
1;6612;2042086;3341;99104;0;324;4;1;58330
1;6613;2042405;3342;99104;0;324;4;1;2851
1;6614;2042741;3342;99104;0;324;4;1;46850
1;6615;2043082;3342;99104;0;324;4;1;9783
1;6616;2043401;3342;99104;0;324;4;1;30037
1;6617;2043632;3342;99103;0;324;4;1;58051
1;6618;2043949;3341;99103;0;324;4;1;61221
1;6619;2044291;3342;99103;0;324;4;1;32749
1;6620;2044522;3341;99102;0;324;4;1;39343
1;6621;2044840;3342;99102;0;324;4;1;35321
1;6622;2045287;3341;99102;0;324;4;1;35157
1;6623;2045519;3342;99102;0;324;4;1;52144
1;6624;2045835;3342;99102;0;324;4;1;21206
1;6625;2046279;3342;99103;0;324;4;1;51498
1;6626;2046515;3342;99103;0;324;4;1;19176
1;6627;2046832;3342;99103;0;324;4;1;30193
1;6628;2047276;3342;99103;0;324;4;1;11720
1;6629;2047515;3342;99104;0;324;4;1;16195
1;6630;2047837;3342;99105;0;324;4;1;10086
1;6631;2048065;3341;99104;0;324;4;1;42016
1;6632;2048384;3341;99105;0;324;4;1;59010
1;6633;2048619;3342;99105;0;324;4;1;7501
1;6634;2048951;3341;99105;0;324;4;1;23129
1;6635;2049270;3341;99105;0;324;4;1;33855
1;6636;2049587;3341;99106;0;324;4;1;24021
1;6637;2049842;3342;99107;0;324;4;1;11488
1;6638;2050266;3342;99107;0;324;4;1;5348
1;6639;2050584;3342;99107;0;324;4;1;9050
1;6640;2050837;3342;99106;0;324;4;1;7473
1;6641;2051265;3342;99106;0;324;4;1;32308
1;6642;2051602;3342;99105;0;324;4;1;37772
1;6643;2051943;3341;99104;0;324;4;1;64310
1;6644;2052261;3342;99103;0;324;4;1;35104
1;6645;2052493;3342;99102;0;324;4;1;40000
1;6646;2052810;3342;99100;0;324;4;1;44052
1;6647;2053046;3342;99099;0;324;4;1;27917
1;6648;2053384;3341;99098;0;324;4;1;10028
1;6649;2053701;3342;99098;0;324;4;1;29349
1;6650;2054019;3342;99098;0;324;4;1;17089
1;6651;2054271;3342;99098;0;324;4;1;35667
1;6652;2054588;3342;99098;0;324;4;1;41026
1;6653;2054904;3341;99097;0;324;4;1;6851
1;6654;2055270;3341;99098;0;324;4;1;56279
1;6655;2055587;3342;99098;0;324;4;1;47407
1;6656;2055908;3342;99097;0;324;4;1;35387
1;6657;2056242;3342;99098;0;324;4;1;27839
1;6658;2056478;3342;99098;0;324;4;1;19969
1;6659;2056795;3342;99097;0;324;4;1;11207
1;6660;2057023;3342;99098;0;2884;4;1;44579
1;6661;2057346;3342;99098;0;2884;4;1;7890
1;6662;2057581;3342;99098;0;2884;4;1;34118
1;6663;2057812;3342;99098;0;324;4;1;28238
1;6664;2058236;3342;99099;0;324;4;1;65304
1;6665;2058580;3342;99100;0;324;4;1;37534
1;6666;2058811;3342;99100;0;324;4;1;47467
1;6667;2059236;3342;99100;0;324;4;1;44259
1;6668;2059568;3342;99100;0;324;4;1;33730
1;6669;2059803;3342;99100;0;324;4;1;16292
1;6670;2060228;3342;99100;0;324;4;1;34355
1;6671;2060459;3342;99100;0;324;4;1;45956
1;6672;2060799;3342;99101;0;324;4;1;31768
1;6673;2061228;3342;99101;0;324;4;1;46413
1;6674;2061455;3342;99100;0;324;4;1;31423
1;6675;2061772;3342;99101;0;324;4;1;40431
1;6676;2062008;3342;99100;0;324;4;1;36475
1;6677;2062240;3342;99099;0;324;4;1;18668
1;6678;2062561;3342;99099;0;324;4;1;11024
1;6679;2062878;3342;99099;0;324;4;1;60119
1;6680;2063241;3342;99100;0;324;4;1;24008
1;6681;2063558;3342;99100;0;324;4;1;26354
1;6682;2063875;3342;99099;0;324;4;1;42560
1;6683;2064235;3342;99100;0;324;4;1;15056
1;6684;2064553;3342;99101;0;324;4;1;59667
1;6685;2064885;3342;99102;0;324;4;1;17743
1;6686;2065228;3342;99102;0;324;4;1;13023
1;6687;2065546;3342;99102;0;324;4;1;28191
1;6688;2065776;3342;99101;0;324;4;1;18652
1;6689;2066200;3342;99102;0;324;4;1;27974
1;6690;2066441;3342;99102;0;324;4;1;26815
1;6691;2066667;3342;99102;0;324;4;1;9066
1;6692;2066984;3342;99101;0;324;4;1;39116
1;6693;2067307;3342;99101;0;324;4;1;42965
1;6694;2067558;3342;99101;0;324;4;1;26928
1;6695;2067876;3342;99101;0;324;4;1;46787
1;6696;2068198;3342;99101;0;324;4;1;44399
1;6697;2068429;3342;99102;0;324;4;1;10650
1;6698;2068665;3342;99101;0;324;4;1;24831
1;6699;2068983;3342;99101;0;324;4;1;35740
1;6700;2069317;3342;99101;0;324;4;1;549
1;6701;2069661;3342;99101;0;324;4;1;42424
1;6702;2069979;3342;99101;0;324;4;1;26068
1;6703;2070212;3342;99101;0;324;4;1;47161
1;6704;2070529;3342;99101;0;324;4;1;10269
1;6705;2070764;3342;99101;0;324;4;1;38518
1;6706;2071208;3342;99101;0;324;4;1;40851
1;6707;2071526;3342;99100;0;324;4;1;44217
1;6708;2071866;3342;99100;0;324;4;1;1160
1;6709;2072200;3342;99101;0;324;4;1;6492
1;6710;2072518;3342;99101;0;324;4;1;24096
1;6711;2072854;3342;99101;0;324;4;1;41490
1;6712;2073196;3342;99101;0;324;4;1;7341
1;6713;2073514;3342;99102;0;324;4;1;63532
1;6714;2073745;3342;99101;0;324;4;1;3708
1;6715;2074197;3342;99101;0;324;4;1;23438
1;6716;2074514;3342;99101;0;324;4;1;13079
1;6717;2074741;3342;99101;0;10564;4;1;57407
1;6718;2075189;3342;99101;0;10564;4;1;43602
1;6719;2075526;3342;99101;0;324;4;1;36297
1;6720;2075843;3342;99101;0;324;4;1;62858
1;6721;2076162;3342;99102;0;324;4;1;35816
1;6722;2076415;3342;99102;0;324;4;1;34717
1;6723;2076733;3342;99102;0;324;4;1;638
1;6724;2077157;3342;99102;0;324;4;1;33112
1;6725;2077409;3342;99102;0;324;4;1;62594
1;6726;2077726;3342;99102;0;324;4;1;6536
1;6727;2078170;3342;99101;0;324;4;1;56525
1;6728;2078514;3342;99101;0;324;4;1;1435
1;6729;2078832;3342;99102;0;324;4;1;33700
1;6730;2079174;3342;99102;0;324;4;1;59847
1;6731;2079491;3342;99103;0;324;4;1;29854
1;6732;2079726;3342;99103;0;324;4;1;12021
1;6733;2079953;3342;99103;0;324;4;1;20424
1;6734;2080272;3342;99103;0;324;4;1;58703
1;6735;2080589;3342;99103;0;324;4;1;8459
1;6736;2080840;3342;99103;0;324;4;1;30769
1;6737;2081166;3342;99103;0;324;4;1;58442
1;6738;2081483;3342;99103;0;324;4;1;21865
1;6739;2081717;3343;99102;0;324;4;1;291
1;6740;2081960;3343;99102;0;324;4;1;39384
1;6741;2082279;3343;99102;0;324;4;1;25177
1;6742;2082612;3343;99103;0;324;4;1;12114
1;6743;2082952;3343;99103;0;324;4;1;40644
1;6744;2083271;3343;99103;0;324;4;1;4475
1;6745;2083498;3343;99103;0;324;4;1;46933
1;6746;2083815;3343;99103;0;324;4;1;49423
1;6747;2084163;3343;99103;0;324;4;1;20521
1;6748;2084391;3343;99103;0;324;4;1;34293
1;6749;2084708;3343;99102;0;324;4;1;25253
1;6750;2085160;3343;99103;0;324;4;1;34372
1;6751;2085387;3343;99102;0;324;4;1;25979
1;6752;2085708;3343;99102;0;324;4;1;15667
1;6753;2086148;3343;99102;0;5444;4;1;3541
1;6754;2086383;3343;99102;0;5444;4;1;32237
1;6755;2086704;3343;99102;0;5444;4;1;32808
1;6756;2087147;3343;99103;0;324;4;1;59913
1;6757;2087383;3343;99103;0;324;4;1;31401
1;6758;2087700;3343;99104;0;324;4;1;34206
1;6759;2087927;3343;99104;0;324;4;1;57001
1;6760;2088246;3343;99103;0;324;4;1;22697
1;6761;2088482;3343;99104;0;324;4;1;18182
1;6762;2088814;3343;99104;0;324;4;1;8638
1;6763;2089133;3343;99104;0;324;4;1;23183
1;6764;2089355;3343;99105;0;324;4;1;20147
1;6765;2089590;3343;99106;0;324;4;1;32366
1;6766;2089817;3343;99106;0;324;4;1;28150
1;6767;2090139;3343;99106;0;324;4;1;29374
1;6768;2090456;3343;99107;0;324;4;1;53645
1;6769;2090707;3343;99107;0;324;4;1;20969
1;6770;2091131;3343;99106;0;324;4;1;24964
1;6771;2091464;3343;99107;0;324;4;1;11483
1;6772;2091805;3343;99107;0;324;4;1;37834
1;6773;2092128;3343;99106;0;324;4;1;29566
1;6774;2092355;3343;99105;0;324;4;1;56452
1;6775;2092677;3343;99104;0;324;4;1;55519
1;6776;2092916;3343;99104;0;324;4;1;24631
1;6777;2093250;3343;99104;0;324;4;1;21631
1;6778;2093567;3343;99105;0;324;4;1;41067
1;6779;2093885;3343;99106;0;324;4;1;61231
1;6780;2094137;3343;99106;0;324;4;1;65063
1;6781;2094454;3343;99106;0;324;4;1;1446
1;6782;2094770;3343;99105;0;324;4;1;11413
1;6783;2095132;3343;99106;0;324;4;1;29208
1;6784;2095454;3343;99106;0;324;4;1;10887
1;6785;2095771;3343;99106;0;324;4;1;51123
1;6786;2096109;3343;99106;0;324;4;1;9692
1;6787;2096345;3343;99106;0;324;4;1;62167
1;6788;2096666;3343;99106;0;324;4;1;12683
1;6789;2096894;3343;99107;0;324;4;1;49243
1;6790;2097216;3343;99107;0;324;4;1;14649
1;6791;2097454;3343;99107;0;324;4;1;61016
1;6792;2097681;3343;99107;0;324;4;1;31625
1;6793;2098105;3343;99107;0;324;4;1;18088
1;6794;2098449;3343;99106;0;324;4;1;26432
1;6795;2098677;3343;99105;0;324;4;1;13859
1;6796;2099101;3343;99105;0;324;4;1;36675
1;6797;2099434;3343;99104;0;324;4;1;55462
1;6798;2099670;3343;99104;0;324;4;1;58393
1;6799;2100099;3343;99103;0;324;4;1;15220
1;6800;2100330;3343;99103;0;324;4;1;60011
1;6801;2100671;3343;99102;0;324;4;1;33150
1;6802;2101103;3343;99102;0;324;4;1;9498
1;6803;2101330;3343;99101;0;324;4;1;12182
1;6804;2101647;3343;99101;0;324;4;1;65498
1;6805;2101883;3343;99102;0;324;4;1;22773
1;6806;2102111;3343;99103;0;324;4;1;9490
1;6807;2102429;3343;99102;0;324;4;1;57875
1;6808;2102749;3343;99103;0;324;4;1;16475
1;6809;2103107;3343;99102;0;324;4;1;3377
1;6810;2103425;3343;99103;0;324;4;1;30634
1;6811;2103742;3343;99103;0;324;4;1;54828
1;6812;2104102;3343;99103;0;324;4;1;50499
1;6813;2104424;3343;99103;0;324;4;1;61083
1;6814;2104756;3343;99103;0;324;4;1;26154
1;6815;2105098;3343;99103;0;324;4;1;53003
1;6816;2105419;3343;99103;0;324;4;1;16687
1;6817;2105647;3343;99103;0;324;4;1;12442
1;6818;2106070;3343;99102;0;324;4;1;20323
1;6819;2106306;3344;99102;0;324;4;1;45879
1;6820;2106533;3343;99102;0;324;4;1;249
1;6821;2106850;3343;99102;0;324;4;1;31848
1;6822;2107176;3344;99103;0;324;4;1;28534
1;6823;2107428;3344;99103;0;324;4;1;3307
1;6824;2107746;3344;99103;0;324;4;1;5286
1;6825;2108072;3344;99103;0;324;4;1;3116
1;6826;2108300;3344;99104;0;324;4;1;56822
1;6827;2108535;3344;99104;0;324;4;1;30543
1;6828;2108853;3344;99103;0;324;4;1;14536
1;6829;2109187;3344;99103;0;484;4;1;15517
1;6830;2109528;3344;99102;0;484;4;1;7415
1;6831;2109849;3344;99102;0;484;4;1;61986
1;6832;2110078;3344;99103;0;324;4;1;46238
1;6833;2110395;3344;99102;0;324;4;1;49546
1;6834;2110634;3344;99102;0;324;4;1;54774
1;6835;2111074;3344;99103;0;324;4;1;40149
1;6836;2111391;3344;99103;0;324;4;1;28827
1;6837;2111735;3344;99103;0;324;4;1;5256
1;6838;2112070;3344;99104;0;324;4;1;36988
1;6839;2112388;3344;99104;0;324;4;1;20367
1;6840;2112720;3344;99105;0;324;4;1;28917
1;6841;2113070;3344;99105;0;324;4;1;41424
1;6842;2113392;3344;99105;0;324;4;1;63661
1;6843;2113619;3344;99105;0;324;4;1;48058
1;6844;2114068;3344;99104;0;324;4;1;4911
1;6845;2114386;3344;99104;0;324;4;1;32604
1;6846;2114613;3344;99103;0;324;4;1;10015
1;6847;2115060;3344;99104;0;324;4;1;48574
1;6848;2115394;3344;99103;0;324;4;1;598
1;6849;2115710;3344;99103;0;324;4;1;17352
1;6850;2116039;3344;99102;0;324;4;1;1116
1;6851;2116290;3344;99103;0;324;4;1;47405
1;6852;2116608;3344;99103;0;324;4;1;59969
1;6853;2117032;3344;99102;0;324;4;1;3881
1;6854;2117283;3344;99101;0;324;4;1;23464
1;6855;2117600;3344;99102;0;324;4;1;7243
1;6856;2118043;3344;99102;0;324;4;1;43119
1;6857;2118384;3344;99103;0;324;4;1;46148
1;6858;2118705;3344;99103;0;324;4;1;40465
1;6859;2119044;3344;99103;0;324;4;1;26955
1;6860;2119361;3344;99104;0;324;4;1;58371
1;6861;2119596;3344;99103;0;324;4;1;30256
1;6862;2119827;3344;99103;0;324;4;1;43671
1;6863;2120146;3344;99102;0;324;4;1;27651
1;6864;2120463;3344;99102;0;324;4;1;62561
1;6865;2120714;3344;99102;0;324;4;1;4491
1;6866;2121033;3344;99103;0;324;4;1;23236
1;6867;2121355;3344;99102;0;324;4;1;7447
1;6868;2121582;3344;99102;0;324;4;1;26696
1;6869;2121823;3344;99102;0;324;4;1;39090
1;6870;2122141;3344;99102;0;324;4;1;60254
1;6871;2122475;3344;99102;0;324;4;1;58695
1;6872;2122815;3345;99102;0;324;4;1;7995
1;6873;2123134;3344;99102;0;324;4;1;17541
1;6874;2123365;3344;99102;0;324;4;1;30463
1;6875;2123682;3344;99102;0;324;4;1;64102
1;6876;2124031;3344;99101;0;324;4;1;29670
1;6877;2124258;3344;99102;0;324;4;1;46940
1;6878;2124576;3344;99102;0;324;4;1;11517
1;6879;2125252;3345;99103;0;324;4;1;22773
1;6880;2125570;3345;99103;0;324;4;1;2074
1;6881;2125994;3345;99104;0;324;4;1;45947
1;6882;2126221;3345;99104;0;1604;4;1;30430
1;6883;2126457;3345;99104;0;1604;4;1;43275
1;6884;2126778;3345;99103;0;1604;4;1;63086
1;6885;2127006;3345;99103;0;324;4;1;28233
1;6886;2127327;3345;99103;0;324;4;1;56459
1;6887;2127563;3345;99103;0;324;4;1;46928
1;6888;2128003;3345;99102;0;324;4;1;60178
1;6889;2128324;3345;99102;0;324;4;1;38787
1;6890;2128560;3345;99102;0;324;4;1;5185
1;6891;2128787;3345;99103;0;324;4;1;46871
1;6892;2129114;3345;99103;0;324;4;1;2657
1;6893;2129432;3345;99103;0;324;4;1;15839
1;6894;2129681;3345;99104;0;10564;4;1;46832
1;6895;2130000;3345;99104;0;10564;4;1;38996
1;6896;2130318;3345;99103;0;10564;4;1;44329
1;6897;2130546;3345;99103;0;324;4;1;18273
1;6898;2130787;3345;99103;0;324;4;1;37798
1;6899;2131106;3345;99103;0;324;4;1;48584
1;6900;2131440;3345;99103;0;324;4;1;26674
1;6901;2131756;3345;99103;0;324;4;1;42193
1;6902;2131996;3345;99103;0;324;4;1;36296
1;6903;2132329;3345;99103;0;324;4;1;62110
1;6904;2132646;3345;99104;0;324;4;1;47412
1;6905;2132990;3345;99105;0;324;4;1;63059
1;6906;2133217;3345;99104;0;324;4;1;57146
1;6907;2133535;3346;99105;0;324;4;1;6643
1;6908;2133962;3346;99104;0;324;4;1;38630
1;6909;2134214;3346;99104;0;324;4;1;54897
1;6910;2134535;3345;99103;0;324;4;1;50983
1;6911;2134982;3346;99103;0;334;4;1;41209
1;6912;2135218;3346;99103;0;334;4;1;34979
1;6913;2135535;3345;99103;0;334;4;1;33602
1;6914;2135975;3345;99102;0;325;4;1;31369
1;6915;2136316;3345;99102;0;325;4;1;3519
1;6916;2136637;3345;99102;0;325;4;1;61223
1;6917;2136971;3345;99102;0;324;4;1;33546
1;6918;2137293;3345;99102;0;324;4;1;33757
1;6919;2137529;3346;99102;0;324;4;1;9164
1;6920;2137756;3346;99102;0;324;4;1;3784
1;6921;2138075;3346;99103;0;324;4;1;43536
1;6922;2138393;3346;99102;0;324;4;1;7601
1;6923;2138646;3346;99102;0;324;4;1;56925
1;6924;2138964;3346;99102;0;324;4;1;5542
1;6925;2139286;3346;99102;0;324;4;1;2798
1;6926;2139513;3345;99102;0;325;4;1;62606
1;6927;2139752;3345;99102;0;325;4;1;52287
1;6928;2140075;3346;99103;0;325;4;1;20641
1;6929;2140302;3346;99103;0;5445;4;1;18842
1;6930;2140619;3346;99103;0;5445;4;1;47312
1;6931;2140963;3346;99103;0;5445;4;1;5560
1;6932;2141191;3346;99103;0;325;4;1;59876
1;6933;2141509;3346;99103;0;325;4;1;50719
1;6934;2141956;3346;99103;0;325;4;1;40080
1;6935;2142191;3346;99103;0;324;4;1;60134
1;6936;2142513;3346;99102;0;324;4;1;6635
1;6937;2142976;3346;99102;0;324;4;1;46460
1;6938;2143293;3346;99102;0;324;4;1;22938
1;6939;2143611;3346;99102;0;324;4;1;13801
1;6940;2143945;3346;99101;0;484;4;1;18154
1;6941;2144181;3346;99101;0;484;4;1;44622
1;6942;2144498;3346;99101;0;484;4;1;45054
1;6943;2144725;3346;99101;0;325;4;1;5980
1;6944;2145050;3346;99102;0;325;4;1;43195
1;6945;2145286;3346;99102;0;325;4;1;50338
1;6946;2145618;3347;99103;0;325;4;1;42529
1;6947;2145945;3347;99102;0;325;4;1;30208
1;6948;2146286;3346;99102;0;325;4;1;35313
1;6949;2146514;3346;99102;0;325;4;1;8537
1;6950;2146937;3346;99101;0;325;4;1;4598
1;6951;2147255;3346;99101;0;325;4;1;2717
1;6952;2147506;3346;99101;0;324;4;1;12568
1;6953;2147939;3346;99101;0;324;4;1;10625
1;6954;2148272;3346;99101;0;325;4;1;65247
1;6955;2148507;3346;99101;0;325;4;1;54254
1;6956;2148931;3346;99101;0;325;4;1;47237
1;6957;2149159;3346;99101;0;324;4;1;25441
1;6958;2149476;3346;99101;0;324;4;1;12508
1;6959;2149711;3346;99101;0;324;4;1;52435
1;6960;2150046;3346;99101;0;324;4;1;14349
1;6961;2150371;3347;99102;0;324;4;1;64978
1;6962;2150711;3347;99101;0;324;4;1;53401
1;6963;2150940;3347;99101;0;325;4;1;50862
1;6964;2151257;3347;99102;0;325;4;1;1793
1;6965;2151574;3347;99102;0;325;4;1;52275
1;6966;2151935;3347;99102;0;324;4;1;28594
1;6967;2152253;3347;99102;0;324;4;1;22540
1;6968;2152570;3347;99102;0;324;4;1;33181
1;6969;2152930;3347;99102;0;325;4;1;13550
1;6970;2153248;3347;99102;0;325;4;1;44879
1;6971;2153584;3347;99102;0;325;4;1;32714
1;6972;2153907;3347;99102;0;325;4;1;21723
1;6973;2154143;3347;99102;0;325;4;1;39443
1;6974;2154476;3347;99101;0;325;4;1;21484
1;6975;2154899;3347;99101;0;325;4;1;38506
1;6976;2155136;3347;99101;0;325;4;1;27314
1;6977;2155364;3347;99101;0;324;4;1;16734
1;6978;2155685;3347;99101;0;324;4;1;49967
1;6979;2156008;3347;99102;0;324;4;1;24976
1;6980;2156258;3347;99102;0;485;4;1;38179
1;6981;2156575;3347;99102;0;485;4;1;58487
1;6982;2156898;3347;99103;0;485;4;1;26727
1;6983;2157125;3347;99102;0;325;4;1;58036
1;6984;2157367;3347;99102;0;325;4;1;39794
1;6985;2157684;3347;99102;0;325;4;1;25808
1;6986;2158022;3347;99101;0;485;4;1;8101
1;6987;2158340;3347;99101;0;485;4;1;10267
