flag; num; time_ms; accl_x; accl_y; accl_z; gyro_x; gyro_y; gyro_z; mag_x; mag_y; mag_z; crc
48;1;1387;490;1874;833;102;8;-73;-144;1039;-1927;26787
48;2;1702;721;1963;725;-106;19;-383;-116;1032;-1944;28564
48;3;2137;597;1753;934;-141;-156;255;-141;1035;-1960;46392
48;4;2485;780;1755;948;5;-123;133;-88;1027;-1996;2758
48;5;2800;685;1694;1124;48;210;11;-85;1031;-1975;21072
48;6;3025;1003;1770;1241;-527;-191;-719;-77;984;-2027;44389
48;7;3470;1059;1205;1285;-695;-480;2211;86;837;-2164;35978
48;8;3805;1353;-520;830;-1536;-784;4449;556;129;-2060;48080
48;9;4123;-436;-1799;925;761;-611;-827;-133;-582;-1971;20889
48;10;4461;-51;-1845;1022;95;-87;-40;22;-551;-2052;62844
48;11;4691;-10;-1790;1004;-38;17;54;44;-531;-2047;3742
48;12;5007;11;-1892;1001;-54;-9;76;35;-551;-2033;21514
48;13;5322;-29;-1793;996;35;-44;-8;34;-560;-2034;55783
48;14;5571;-9;-1842;986;11;-47;-23;16;-553;-2030;27865
48;15;5886;-35;-1894;985;-6;3;59;15;-558;-2022;4777
48;16;6431;-32;-1838;999;-22;-20;30;14;-552;-2032;45615
48;17;6665;11;-1846;989;-21;-22;15;7;-561;-2026;47918
48;18;6984;-105;-1872;973;23;-59;-43;2;-566;-2018;8244
48;19;7424;-99;-1808;954;42;-39;-22;5;-559;-2016;34385
48;20;7763;-51;-1911;985;-17;5;25;-13;-568;-2006;6627
48;21;8078;-84;-1875;1027;-98;135;-20;6;-558;-2016;57705
48;22;8409;-50;-1586;882;320;-178;-177;34;-549;-2022;24029
48;23;8730;393;-2238;1391;-512;218;-793;13;-527;-2123;9863
48;24;8970;104;-1950;843;-439;1;-1178;-71;-598;-1993;17256
48;25;9305;421;-2015;594;-16;124;95;205;-583;-1827;20594
48;26;9624;406;-1876;367;54;374;521;257;-603;-1866;7241
48;27;10093;47;-1904;615;-252;348;268;168;-630;-1893;34910
48;28;10412;-132;-1966;583;-192;59;-18;118;-639;-1884;26524
48;29;10731;-135;-1980;422;-179;8;302;110;-657;-1807;10455
48;30;10959;-132;-2011;327;312;-172;316;81;-650;-1813;4237
48;31;11303;159;-2152;443;226;335;-270;78;-609;-1949;44016
48;32;11625;-63;-1682;648;109;1103;-450;120;-535;-2172;24926
48;33;11854;-131;-1808;724;-283;737;-360;150;-506;-2217;10173
48;34;12408;-213;-2235;473;-237;-527;378;97;-554;-2137;64998
48;35;12747;293;-1859;497;-107;8;-147;74;-547;-2094;44722
48;36;13069;-88;-1681;796;195;579;-239;149;-497;-2215;39381
48;37;13554;43;-1841;919;40;-144;9;99;-514;-2223;52017
48;38;13873;-1;-2639;499;-428;69;567;75;-521;-2199;46416
48;39;14506;-684;-2002;605;65;186;-9;-31;-583;-2112;46321
48;40;14825;-314;-1969;625;243;117;-492;-127;-552;-2178;27372
48;41;15372;-331;-2084;404;149;-568;889;7;-551;-2181;20334
48;42;15714;-154;-1708;583;49;-772;40;58;-582;-2111;37975
48;43;16032;-201;-1963;701;-47;-206;-74;63;-598;-2065;6151
48;44;16371;207;-2513;360;-103;-68;-494;83;-571;-2053;42476
48;45;16713;-16;-2209;824;101;-515;12;149;-553;-2016;37162
48;46;17269;102;-1788;675;164;-515;-50;149;-603;-1939;33575
48;47;17587;234;-2339;366;-716;607;-541;169;-600;-1921;59766
48;48;17823;13;-1742;433;-234;552;129;154;-618;-1927;6031
48;49;18051;-163;-1839;827;-9;-31;129;131;-616;-1950;54484
48;50;18370;-74;-2099;300;250;-480;-363;137;-614;-1924;62410
48;51;18689;179;-1711;678;61;-203;-375;147;-583;-1965;22425
48;52;18941;129;-1649;586;83;23;566;232;-587;-1879;1854
48;53;19269;212;-1950;751;288;-133;305;215;-587;-1930;8530
48;54;19591;-130;-1915;354;-218;-291;505;113;-636;-1887;22053
48;55;19819;86;-1965;551;-99;-187;-890;37;-620;-1873;51210
48;56;20268;405;-1564;701;391;172;-434;316;-506;-1977;39451
48;57;20708;-31;-1937;412;-171;-262;932;368;-588;-1901;60752
48;58;21031;-83;-1929;467;-70;-82;-185;80;-627;-1881;18468
48;59;21375;448;-1812;199;543;130;-45;161;-601;-1829;2245
48;60;21603;48;-1997;805;113;102;-180;175;-610;-1866;63461
48;61;21922;33;-2033;241;301;152;75;102;-615;-1935;1415
48;62;22392;642;-2200;758;-179;-19;-520;268;-468;-2036;26700
48;63;22710;417;-1787;597;-278;-111;1402;397;-484;-2004;3261
48;64;23029;27;-1953;513;-131;-129;671;153;-602;-1930;39474
48;65;23387;-144;-1674;418;102;35;-185;56;-632;-1893;15096
48;66;23705;174;-2319;388;146;106;-407;95;-605;-1899;33565
48;67;24024;-53;-1874;434;-106;-397;498;153;-596;-1927;39958
48;68;24359;-197;-1842;799;-992;-829;624;36;-631;-1864;5953
48;69;24595;-457;-1872;360;343;-608;380;-48;-650;-1747;35502
48;70;24815;-411;-1791;192;-71;-972;463;-144;-641;-1818;33177
48;71;25370;-810;-1064;199;-828;-1963;640;-193;-641;-1760;60694
48;72;25712;-94;-2697;473;-113;-2044;-302;-474;-567;-1690;59861
48;73;26046;-533;-1442;1256;349;-339;782;-454;-533;-1961;55274
48;74;26365;-520;-1878;1068;-786;-490;-390;-545;-512;-2025;4975
48;75;26707;249;-1353;336;-1090;413;-927;-332;-651;-1658;3918
48;76;26936;938;-2375;9;-336;701;-181;-69;-586;-1388;51278
48;77;27361;630;-1819;197;452;1989;259;131;-537;-1540;50424
48;78;27701;925;-1615;306;-423;1725;-798;330;-485;-1895;9027
48;79;27937;-147;-1928;446;-858;1731;501;290;-528;-2025;37200
48;80;28362;286;-2363;935;1427;1244;-970;118;-477;-2240;30786
48;81;28696;16;-1864;622;145;2676;-633;-47;-479;-2286;27490
48;82;29039;-298;-1843;205;-449;850;230;-332;-577;-1978;8481
48;83;29359;-225;-2102;377;756;958;-1036;-556;-560;-1832;43242
48;84;29591;203;-1909;554;-162;9;162;-381;-576;-1900;30295
48;85;29910;103;-2019;750;-129;727;84;-282;-617;-1937;9078
48;86;30257;129;-2026;857;-111;92;355;-296;-597;-1930;24607
48;87;30488;10;-1939;840;21;99;-172;-307;-594;-1914;61399
48;88;30807;-56;-2264;617;-395;730;-213;-304;-602;-1889;3127
48;89;31381;558;-1620;1151;228;-9;-480;-227;-591;-2037;14045
48;90;31699;402;-1499;1200;33;405;-339;-104;-560;-2102;15078
48;91;32017;143;-1335;1328;128;1817;-605;-6;-490;-2226;8515
48;92;32376;42;-1140;1766;149;347;218;-122;-491;-2263;33821
48;93;32695;-70;-1206;1633;-148;21;27;-215;-466;-2292;58144
48;94;33032;51;-1052;1863;18;154;-178;-198;-436;-2314;58795
48;95;33379;-114;-1196;1715;148;-275;-87;-240;-442;-2301;49895
48;96;33701;-491;-1464;1570;-31;155;118;-228;-471;-2255;48376
48;97;33929;8;-1152;1711;-40;-46;-101;-256;-462;-2286;722
48;98;34249;11;-1249;1695;-6;-6;-49;-243;-467;-2278;34294
48;99;34485;14;-1329;1645;72;-60;20;-238;-473;-2281;41739
48;100;34926;43;-1332;1676;15;-61;-19;-224;-469;-2273;37496
48;101;35351;47;-1241;1673;6;1;21;-216;-469;-2286;40218
48;102;35711;126;-1320;1668;25;-64;-5;-215;-468;-2264;46733
48;103;36030;26;-1342;1635;-125;-116;298;-200;-480;-2258;60762
48;104;36354;1;-1425;1642;50;-20;43;-251;-478;-2251;42337
48;105;36712;4;-1328;1630;75;-76;-27;-244;-479;-2246;3221
48;106;37031;-16;-1346;1636;38;-27;-16;-233;-479;-2253;60767
48;107;37354;22;-1378;1632;-10;-31;-12;-228;-480;-2246;5917
48;108;37586;24;-1358;1636;-28;-15;10;-224;-483;-2252;28612
48;109;37927;86;-1367;1639;21;-39;5;-239;-486;-2252;44691
48;110;38372;69;-1322;1626;-1;-57;-3;-230;-483;-2257;1211
48;111;38691;55;-1329;1613;48;-67;-14;-223;-478;-2258;48806
48;112;38930;77;-1339;1633;4;-3;-12;-215;-481;-2257;1431
48;113;39372;43;-1361;1628;6;-11;1;-219;-483;-2242;36464
48;114;39691;34;-1407;1618;1;-20;-11;-218;-481;-2234;38940
48;115;40032;90;-1290;1600;1;1;15;-223;-483;-2240;4293
48;116;40367;46;-1398;1616;12;-32;36;-229;-476;-2242;31522
48;117;40686;19;-1341;1615;89;-22;2;-216;-475;-2255;2151
48;118;41024;5;-1357;1629;22;-22;12;-212;-472;-2257;22415
48;119;41366;57;-1320;1636;-29;-12;-11;-223;-467;-2261;24258
48;120;41689;58;-1357;1623;-12;-18;19;-224;-479;-2255;61153
48;121;41921;74;-1367;1629;8;-36;4;-212;-484;-2259;11336
48;122;42373;74;-1332;1611;-49;-20;30;-211;-480;-2255;21485
48;123;42691;96;-1332;1639;8;-52;-1;-220;-475;-2265;60617
48;124;42920;73;-1353;1638;2;-35;19;-214;-477;-2252;42848
48;125;43371;76;-1385;1578;-23;-25;21;-216;-475;-2249;57169
48;126;43812;173;-1326;1601;-11;7;-36;-217;-488;-2238;6298
48;127;44237;101;-1630;1655;-177;-34;28;-220;-473;-2258;13499
48;128;44473;-51;-1235;1714;144;-3;1;-240;-463;-2276;40905
48;129;44701;-87;-1337;1650;44;-52;-58;-255;-468;-2274;57802
48;130;45024;-70;-1378;1626;50;-99;-15;-256;-465;-2271;36100
48;131;45343;52;-1313;1662;11;-102;15;-250;-471;-2276;12204
48;132;45599;71;-1344;1588;119;24;-5;-244;-464;-2274;40763
48;133;45921;-97;-1384;1727;-31;1;33;-257;-464;-2278;14304
48;134;46241;-18;-1254;1622;64;-38;-10;-247;-471;-2261;42062
48;135;46469;-42;-1156;1708;47;25;34;-255;-461;-2277;41266
48;136;46810;-39;-1344;1692;-25;10;9;-245;-467;-2288;29488
48;137;47358;88;-1167;1711;-9;-35;17;-243;-453;-2296;53800
48;138;47676;18;-1206;1718;52;-60;-5;-235;-443;-2298;24120
48;139;47914;-26;-1264;1700;28;2;27;-244;-444;-2306;24640
48;140;48359;42;-1230;1749;-99;-21;12;-234;-437;-2328;21888
48;141;48681;-10;-1235;1732;-1;-18;2;-238;-432;-2312;10834
48;142;49038;25;-1252;1730;-14;-27;-21;-240;-440;-2309;13314
48;143;49357;1;-1204;1713;46;-46;27;-235;-436;-2315;29687
48;144;49680;18;-1153;1750;50;-4;34;-241;-437;-2313;53131
48;145;50037;26;-1254;1725;1;-42;6;-227;-432;-2318;29986
48;146;50356;35;-1240;1734;-3;-38;-14;-224;-427;-2320;10391
48;147;50679;13;-1230;1723;-60;-7;9;-218;-436;-2318;13861
48;148;50907;-17;-1219;1696;31;-10;34;-227;-434;-2298;841
48;149;51360;10;-1353;1763;74;-30;56;-256;-444;-2296;17548
48;150;51695;-144;-1194;1722;116;93;218;-271;-423;-2308;65480
48;151;52013;-21;-1357;1686;-22;-88;260;-289;-435;-2287;45041
48;152;52356;-145;-1238;1714;152;26;123;-324;-434;-2290;52089
48;153;52690;-136;-1244;1714;-12;-12;-12;-354;-415;-2290;13522
48;154;53008;-265;-1308;1692;-61;6;-140;-327;-430;-2277;45190
48;155;53351;-183;-1331;1657;-50;-11;-38;-322;-459;-2282;63579
48;156;53583;-133;-1368;1661;55;-84;31;-320;-459;-2272;46193
48;157;53803;-213;-1334;1674;-11;28;11;-313;-445;-2277;27324
48;158;54352;-106;-1300;1653;56;-36;34;-311;-453;-2266;63749
48;159;54588;-96;-1234;1668;44;-79;-113;-303;-446;-2279;21326
48;160;54907;-28;-1296;1635;-1;-3;-27;-297;-459;-2276;17067
48;161;55348;-99;-1356;1612;5;-22;46;-305;-468;-2247;30591
48;162;55689;-71;-1323;1612;12;-50;11;-303;-472;-2259;17914
48;163;56008;-94;-1413;1607;26;-48;75;-304;-475;-2240;14525
48;164;56347;-144;-1415;1595;89;-12;253;-330;-444;-2256;49032
48;165;56691;-205;-1318;1612;14;-43;-34;-350;-440;-2261;53132
48;166;57239;-353;-1421;1584;-138;32;-3;-358;-443;-2265;41939
48;167;57557;-216;-1269;1670;-5;-1;32;-371;-427;-2286;8114
48;168;57793;-242;-1335;1630;-22;-21;-44;-368;-434;-2265;29393
48;169;58025;-224;-1368;1613;-76;7;9;-355;-435;-2276;4163
48;170;58344;-266;-716;1927;1781;-271;826;-370;-319;-2395;8660
48;171;58663;-68;319;2099;1246;-488;215;-334;45;-2622;51538
48;172;58920;413;654;2017;435;-206;220;-245;277;-2671;61393
48;173;59244;376;412;2069;12;105;-8;-238;291;-2668;54247
48;174;59562;302;406;2063;-253;227;-94;-273;254;-2666;59744
48;175;59790;-256;-1134;1899;-1954;876;-268;-361;-150;-2520;31787
48;176;60243;-330;-750;1959;-110;-37;-82;-478;-220;-2439;49034
48;177;60683;-560;-841;1801;271;615;-143;-471;-233;-2411;31822
48;178;61002;-457;-884;1792;-213;29;41;-495;-303;-2384;20620
48;179;61344;-424;-751;1971;451;2;142;-428;-252;-2440;29956
48;180;61573;-290;-1146;1771;-232;-229;-238;-414;-287;-2431;23311
48;181;61902;-258;-772;1945;25;-175;-84;-384;-239;-2480;34085
48;182;62365;-192;-898;1973;-264;-4;-87;-372;-275;-2438;6301
48;183;62683;-104;-882;1885;-90;-15;-60;-370;-297;-2416;15060
48;184;63002;-218;-1051;1915;46;-34;80;-376;-310;-2413;38213
48;185;63360;-545;-985;1926;-142;133;93;-420;-278;-2400;32528
48;186;63678;-487;-966;1818;-240;-157;-434;-467;-319;-2371;62494
48;187;63997;-227;-1172;1761;-59;9;-45;-397;-381;-2331;16862
48;188;64332;-323;-1132;1765;44;-7;-62;-395;-388;-2328;46495
48;189;64573;-213;-1168;1740;-17;20;112;-394;-387;-2326;33061
48;190;64891;-244;-1204;1773;151;-28;-58;-396;-378;-2332;38385
48;191;65227;-283;-1084;1835;42;24;-23;-370;-361;-2358;14629
48;192;65675;-170;-1114;1936;90;176;-219;-362;-361;-2371;2000
48;193;66008;-345;-1249;1707;58;-464;-347;-448;-366;-2347;3782
48;194;66336;-682;-1216;1918;-857;345;-1974;-350;-430;-2286;61530
48;195;66678;459;-1366;1614;-333;-249;-712;-94;-478;-2253;51731
48;196;66907;591;-1239;1551;206;63;-1;98;-470;-2225;18223
48;197;67339;685;-1393;1595;262;134;752;158;-456;-2231;16025
48;198;67673;-354;-1136;1801;314;347;790;-174;-395;-2348;51001
48;199;67909;-407;-945;1906;-346;166;52;-342;-356;-2371;35947
48;200;68334;-312;-1083;1843;119;-118;-69;-381;-369;-2349;16632
48;201;68669;-265;-1114;1890;-96;-73;903;-371;-341;-2395;23684
48;202;69010;-430;9;2006;-14;-551;1657;-591;26;-2490;61637
48;203;69330;-1542;-357;1683;-121;274;1065;-713;80;-2324;29185
48;204;69558;-930;-280;1859;-14;-328;495;-794;173;-2388;10432
48;205;69884;-961;-74;1894;8;-332;-29;-741;213;-2407;7122
48;206;70227;-289;262;2122;281;-677;-115;-615;275;-2565;24561
48;207;70459;-52;212;2118;129;128;182;-473;288;-2610;57803
48;208;70777;-220;54;2056;-262;481;24;-520;264;-2553;22382
48;209;71348;-493;-127;1983;43;-6;27;-616;178;-2502;60819
48;210;71666;-618;-99;1968;-103;166;-196;-633;146;-2488;27096
48;211;71984;-627;-225;1982;13;-75;-95;-635;126;-2497;38175
48;212;72349;-459;-186;1990;-73;92;-74;-625;116;-2510;42087
48;213;72668;-578;-314;1994;3;8;-70;-631;87;-2476;62472
48;214;73005;-662;-355;1967;-18;-136;-60;-656;62;-2461;64282
48;215;73349;-705;-312;1923;-45;-2;-108;-656;70;-2461;65082
48;216;73668;-665;-390;1944;-26;82;-29;-671;37;-2453;18932
48;217;73896;-768;-436;1926;-11;-43;-32;-678;32;-2443;65271
48;218;74216;-801;-524;1935;-35;55;-11;-667;1;-2428;8623
48;219;74454;-643;-252;1904;239;-131;-629;-681;20;-2441;59632
48;220;74895;-571;-1082;1980;272;271;237;-572;-123;-2447;20688
48;221;75324;-456;-660;1969;-98;153;-321;-517;-125;-2475;5527
48;222;75681;-424;-921;1832;-280;-3;25;-534;-181;-2443;6965
48;223;76003;-521;-872;1777;-36;16;-34;-497;-239;-2411;21709
48;224;76323;-490;-841;1922;-74;18;13;-489;-247;-2404;56056
48;225;76682;-514;-952;1867;-10;-76;-40;-488;-270;-2410;16053
48;226;77001;-477;-985;1877;12;-50;-49;-499;-266;-2408;15792
48;227;77324;-455;-971;1913;20;-45;-15;-492;-269;-2397;53325
48;228;77552;-432;-943;1821;-27;-19;-13;-489;-294;-2393;21276
48;229;77898;-479;-954;1893;9;-59;-16;-496;-282;-2392;31721
48;230;78339;-428;-895;1879;4;-24;-29;-490;-280;-2395;51724
48;231;78559;-406;-879;1848;-10;-59;10;-491;-291;-2385;13272
48;232;78901;-417;-959;1876;-24;-35;60;-483;-279;-2410;10735
48;233;79342;-411;-873;1896;35;-52;15;-481;-272;-2405;27937
48;234;79661;-430;-910;1881;-14;-48;46;-480;-265;-2423;118
48;235;80003;-424;-889;1871;8;-14;-14;-471;-268;-2419;63202
48;236;80342;-416;-892;1848;24;-49;-3;-480;-277;-2401;13203
48;237;80660;-426;-907;1862;15;-22;-11;-481;-276;-2410;3720
48;238;80994;-410;-932;1859;13;-19;-20;-477;-265;-2411;21557
48;239;81341;-425;-864;1909;-5;-31;-21;-486;-265;-2424;21150
48;240;81660;-436;-885;1885;14;-28;-10;-479;-277;-2411;56913
48;241;81993;-414;-883;1880;2;-22;5;-475;-273;-2400;48815
48;242;82336;-404;-825;1886;16;-27;13;-487;-271;-2414;42201
48;243;82659;-442;-862;1897;17;-33;11;-483;-271;-2422;38219
48;244;82887;-440;-862;1895;12;-28;-4;-478;-273;-2407;18223
48;245;83343;-435;-871;1885;-1;-16;3;-485;-261;-2419;7909
48;246;83784;-471;-883;1892;17;-19;-11;-493;-253;-2415;46690
48;247;84209;-452;-877;1903;19;-22;-8;-489;-265;-2403;4659
48;248;84448;-446;-870;1890;18;-23;11;-477;-256;-2413;33296
48;249;84677;-440;-879;1894;4;-24;8;-484;-257;-2413;29471
48;250;84996;-442;-852;1867;2;-27;-20;-493;-267;-2410;41600
48;251;85315;-452;-834;1888;7;-35;-12;-485;-252;-2403;9375
48;252;85569;-458;-909;1938;17;-34;7;-473;-262;-2415;48941
48;253;85888;-430;-858;1885;16;-33;-13;-479;-261;-2404;53129
48;254;86208;-442;-884;1879;8;-29;-39;-482;-260;-2394;56849
48;255;86439;-433;-865;1893;0;-26;14;-486;-262;-2413;41941
48;256;86781;-447;-848;1872;28;-35;1;-478;-265;-2398;3068
48;257;87332;-356;-521;1919;-16;-29;47;-502;-222;-2442;33309
48;258;87650;-482;-894;1901;261;-117;128;-484;-268;-2398;48500
48;259;87886;-764;-970;1891;50;-9;-19;-481;-270;-2403;12536
48;260;88332;-309;-752;1960;309;38;-538;-449;-205;-2467;57519
48;261;88650;-211;-498;2055;150;-66;3;-422;-189;-2494;30669
48;262;89008;300;-566;1857;42;106;-138;-369;-216;-2499;23566
48;263;89331;-202;-940;1911;-248;-80;72;-378;-245;-2482;46618
48;264;89650;-154;-737;1959;-123;13;119;-338;-247;-2473;19308
48;265;90010;-82;-834;1955;-161;-24;18;-378;-262;-2455;11039
48;266;90330;-333;-966;1970;-162;28;82;-360;-282;-2441;50631
48;267;90653;-231;-861;1944;-118;29;14;-357;-285;-2445;24783
48;268;90885;-228;-863;1931;116;-53;-4;-371;-286;-2455;51451
48;269;91333;-238;-808;1923;42;-3;39;-371;-263;-2455;47073
48;270;91667;-256;-793;1975;64;-15;1;-367;-261;-2461;58063
48;271;91985;-182;-721;1966;69;-36;53;-368;-246;-2473;15776
48;272;92328;-245;-744;1969;-43;-6;-1;-378;-239;-2470;62282
48;273;92662;-269;-785;1978;244;-27;61;-371;-231;-2477;11190
48;274;92984;-234;-733;1988;-21;1;-8;-367;-238;-2485;9758
48;275;93327;-137;-554;1982;99;-14;-9;-366;-229;-2474;41243
48;276;93559;-288;-795;2003;3;-4;29;-365;-231;-2485;2307
48;277;93878;-218;-674;1985;-24;32;29;-369;-215;-2500;12034
48;278;94319;-205;-379;2077;141;-118;29;-372;-155;-2541;4188
48;279;94554;-212;-438;2070;78;40;28;-365;-124;-2543;30349
48;280;94873;-178;-357;2083;-70;12;-38;-362;-99;-2555;34002
48;281;95321;-156;-438;2068;-55;-35;-8;-373;-145;-2533;17005
48;282;95562;-232;-443;2063;-254;103;14;-384;-162;-2514;53967
48;283;95881;-285;-560;2053;-68;-33;-17;-383;-176;-2507;37880
48;284;96326;-270;-580;2045;-45;-85;-15;-376;-181;-2503;2292
48;285;96667;-158;-600;2059;-77;-62;-22;-367;-207;-2504;39631
48;286;97215;-215;-703;1996;-63;4;-14;-357;-234;-2476;28590
48;287;97533;-159;-684;1993;-9;-27;-20;-353;-236;-2477;5985
48;288;97769;-281;-738;1972;93;54;-114;-356;-250;-2477;26515
48;289;97997;33;-539;1862;-98;-303;88;-333;-246;-2486;25595
48;290;98317;-1;-922;1902;215;70;39;-291;-302;-2450;33163
48;291;98639;-276;-842;1972;-185;-11;-51;-315;-288;-2455;54388
48;292;98897;-56;-899;1888;-74;-84;-7;-314;-306;-2448;51842
48;293;99217;-122;-740;1913;-179;-134;-42;-311;-315;-2419;35519
48;294;99535;161;-1362;1775;87;-8;7;-280;-399;-2370;9853
48;295;99764;-168;-905;1904;295;270;50;-269;-344;-2406;55644
48;296;100212;-173;-800;1988;215;204;13;-316;-272;-2465;22305
48;297;100652;-875;203;2067;-531;47;569;-320;-174;-2513;39281
48;298;100971;351;-1298;1942;-123;59;-318;-234;-350;-2428;36226
48;299;101323;-34;-956;2151;415;443;127;-250;-312;-2447;49341
48;300;101551;179;-1220;2063;-516;-129;-117;-307;-292;-2465;50899
48;301;101870;-41;-424;2048;80;-18;-7;-285;-209;-2557;65391
48;302;102334;-228;-348;2087;-131;4;20;-314;-174;-2540;25776
48;303;102652;-266;-683;2031;-149;-52;-2;-338;-220;-2498;59348
48;304;102975;-280;-767;2019;119;56;-33;-333;-253;-2478;4181
48;305;103334;-198;-686;1978;2;-33;-17;-339;-237;-2482;50764
48;306;103652;-138;-847;1927;111;-42;-15;-334;-268;-2458;16994
48;307;103975;-187;-758;2014;-209;-38;-11;-337;-267;-2471;60608
48;308;104314;-197;-793;1998;-90;-64;-38;-343;-287;-2456;42122
48;309;104550;-239;-748;1960;27;-14;-42;-331;-278;-2455;65141
48;310;104868;-255;-773;1920;109;17;-18;-333;-278;-2451;21365
48;311;105204;-215;-630;1992;184;28;-19;-331;-265;-2467;60880
48;312;105652;-234;-579;1998;0;53;-58;-329;-261;-2492;60692
48;313;105985;-266;-790;2044;26;-34;-12;-308;-280;-2456;34055
48;314;106309;-155;-818;1927;7;5;20;-319;-292;-2465;6239
48;315;106655;-158;-806;1946;-33;-11;9;-314;-302;-2462;57995
48;316;106890;-181;-795;1967;5;-53;-36;-305;-305;-2457;52825
48;317;107316;-145;-828;1900;52;-14;29;-303;-302;-2456;33866
48;318;107650;-138;-876;1897;-56;-43;-22;-303;-317;-2447;16522
48;319;107886;-139;-912;1954;-19;-13;0;-295;-325;-2455;10418
48;320;108311;-161;-894;1927;6;-1;31;-303;-314;-2452;9466
48;321;108645;-154;-945;1895;-6;-35;8;-293;-319;-2433;19222
48;322;108989;-146;-943;1907;-56;4;26;-306;-333;-2424;18827
48;323;109312;-133;-923;1902;34;-35;-12;-292;-347;-2427;1664
48;324;109544;-140;-913;1922;31;-9;-6;-306;-335;-2428;29529
48;325;109863;-103;-947;1879;88;-27;0;-294;-336;-2420;40943
48;326;110206;-31;-1000;1866;-34;-19;-9;-285;-358;-2397;33154
48;327;110434;-136;-953;1885;-35;-5;5;-298;-345;-2396;13885
48;328;110752;-99;-1040;1894;-83;-62;-17;-284;-376;-2381;56206
48;329;111327;-61;-1069;1837;-3;-20;7;-274;-376;-2388;46474
48;330;111645;-42;-1075;1851;-1;-67;2;-282;-379;-2376;30117
48;331;111963;-56;-1185;1854;-1;-44;68;-272;-370;-2365;38274
48;332;112330;-68;-1088;1850;84;-15;36;-298;-365;-2396;43754
48;333;112649;-87;-1028;1881;36;-10;16;-286;-362;-2388;42887
48;334;112982;-170;-957;1842;10;-12;23;-293;-364;-2390;60838
48;335;113325;-202;-1004;1852;-60;14;98;-310;-366;-2357;34977
48;336;113644;-206;-1111;1789;-20;14;-12;-336;-381;-2372;47517
48;337;113872;-169;-1144;1773;-110;-19;-15;-340;-395;-2331;56539
48;338;114192;-179;-1123;1790;-3;-52;-22;-334;-385;-2345;28300
48;339;114428;-187;-1146;1787;25;-21;-39;-323;-399;-2355;34119
48;340;114648;-211;-1121;1813;130;-19;-55;-315;-377;-2371;3119
48;341;114880;-71;-1097;1912;-3;-274;-145;-305;-366;-2393;20728
48;342;115306;173;-953;1862;134;129;22;-210;-333;-2446;17079
48;343;115663;14;-949;1873;268;182;70;-267;-327;-2437;34092
48;344;115981;-205;-821;1970;109;33;35;-286;-301;-2454;8157
48;345;116301;145;-1083;1864;-334;-168;-107;-301;-346;-2418;12123
48;346;116658;-89;-1001;1839;-96;-16;-63;-278;-361;-2415;49502
48;347;116976;-100;-930;1883;89;-100;-38;-263;-358;-2412;43637
48;348;117300;-103;-974;1852;66;3;-5;-260;-370;-2411;57120
48;349;117532;-16;-1072;1954;118;-44;106;-254;-358;-2407;17994
48;350;117875;-54;-1291;1914;-185;-36;-139;-254;-366;-2411;22929
48;351;118319;65;-1061;1892;47;56;90;-210;-359;-2421;35332
48;352;118637;29;-911;1907;22;-25;40;-234;-355;-2426;23882
48;353;118876;-59;-924;1905;13;11;-5;-238;-349;-2414;54429
48;354;119317;-35;-921;1890;40;-5;30;-221;-351;-2422;14108
48;355;119636;200;-889;1894;70;-8;-12;-240;-341;-2415;65432
48;356;119982;-6;-986;1911;19;-53;-22;-236;-356;-2422;17039
48;357;120321;34;-980;1884;16;-55;28;-245;-355;-2412;33236
48;358;120639;16;-983;1925;43;-82;-4;-241;-352;-2425;36283
48;359;120973;33;-962;1904;24;-30;19;-242;-341;-2431;58273
48;360;121316;96;-893;1923;-3;-83;11;-241;-341;-2437;29319
48;361;121635;97;-920;1947;109;-48;-23;-228;-333;-2431;63779
48;362;121969;18;-868;1910;119;-68;-22;-234;-340;-2436;26923
48;363;122312;98;-972;1896;-43;-10;11;-236;-347;-2434;16778
48;364;122634;-77;-974;1862;48;-29;48;-249;-330;-2429;28234
48;365;122866;-80;-1023;2018;-117;-72;-63;-263;-337;-2440;32532
48;366;123194;-78;-1001;1881;-75;-57;-53;-266;-379;-2401;48286
48;367;123429;-86;-1022;1853;18;26;14;-245;-369;-2406;9026
48;368;123764;-74;-967;1951;1009;-138;32;-263;-312;-2447;12252
48;369;124189;106;-397;2080;-72;45;59;-200;-118;-2589;60394
48;370;124425;42;-118;2126;-15;-128;-15;-206;-108;-2607;58076
48;371;124653;123;-227;2083;-183;-10;23;-211;-123;-2583;14714
48;372;124976;88;-402;2087;-98;-11;-14;-216;-157;-2569;60034
48;373;125296;-27;-660;2064;-149;-9;33;-229;-195;-2545;8949
48;374;125552;-25;-864;2026;-311;57;43;-238;-248;-2499;46840
48;375;125871;-80;-783;2009;7;-31;4;-255;-285;-2492;18967
48;376;126191;-68;-852;1976;5;-5;18;-235;-304;-2451;19929
48;377;126419;-69;-904;1976;-66;-23;32;-249;-306;-2456;22198
48;378;126764;5;-797;1931;-82;-78;-38;-258;-313;-2440;55598
48;379;127311;-86;-1034;1901;-60;-4;25;-242;-348;-2429;6775
48;380;127633;-32;-929;1911;30;-11;18;-239;-349;-2422;35915
48;381;127869;-78;-1035;1898;30;-10;28;-239;-359;-2424;43685
48;382;128310;-21;-1029;1893;15;-49;20;-240;-351;-2421;19353
48;383;128632;-118;-972;1894;-46;22;116;-274;-357;-2400;64575
48;384;128989;-120;-1007;1883;-12;-6;5;-281;-364;-2405;22126
48;385;129312;-82;-977;1876;-8;-57;-11;-275;-361;-2404;56172
48;386;129631;-50;-1056;1887;71;-74;4;-278;-353;-2397;21070
48;387;129988;-69;-1029;1889;137;-26;8;-276;-348;-2407;1913
48;388;130311;-175;-930;1970;229;63;116;-275;-328;-2437;36362
48;389;130630;-183;-725;2001;206;25;372;-321;-265;-2472;43160
48;390;130862;-111;-979;1942;-227;-283;-29;-351;-281;-2471;173
48;391;131315;528;-613;2183;-96;-483;-343;-199;-301;-2471;38561
48;392;131649;-396;-588;1858;427;429;199;-152;-300;-2464;19953
48;393;131968;-144;-647;2070;238;272;17;-268;-244;-2495;7648
48;394;132311;-372;-206;1967;331;138;197;-326;-166;-2527;52455
48;395;132645;-355;-405;1984;16;-310;-269;-408;-168;-2535;6364
48;396;132968;259;-1026;2388;-1138;-302;-79;-351;-252;-2485;45728
48;397;133311;-305;-1039;2024;-172;-62;-171;-312;-315;-2446;29485
48;398;133539;68;-596;1993;757;-407;-250;-283;-251;-2502;12102
48;399;133862;-260;-609;1974;-149;349;181;-214;-230;-2533;46318
48;400;134303;22;-650;2061;188;84;-17;-251;-197;-2552;25669
48;401;134538;-22;-569;2066;-192;-17;62;-267;-186;-2552;1870
48;402;134861;31;-296;2109;690;-127;3;-258;-116;-2595;40471
48;403;135305;13;-220;2110;-219;-34;80;-257;-91;-2597;800
48;404;135651;-489;-1086;1904;-81;127;-32;-302;-284;-2455;52687
48;405;135970;-66;-759;1996;-44;-50;31;-298;-260;-2485;2103
48;406;136305;-19;-636;2017;94;-139;-36;-298;-255;-2501;3458
48;407;136935;-145;-760;1974;-51;9;19;-283;-264;-2496;26074
48;408;137255;-84;-753;1975;-41;-14;45;-285;-263;-2504;65375
48;409;137573;-70;-704;2016;16;7;-31;-299;-259;-2507;39721
48;410;137801;-274;-800;1948;-63;12;60;-299;-272;-2493;3951
48;411;138037;-111;-662;2015;-12;-60;-8;-295;-255;-2494;59916
48;412;138361;-87;-782;1987;-74;-7;-5;-303;-266;-2476;37873
48;413;138699;-89;-704;1990;8;-1;14;-288;-273;-2477;41253
48;414;139254;-173;-807;1960;-7;60;25;-307;-283;-2463;13417
48;415;139695;-161;-753;1977;-17;-25;26;-310;-277;-2479;21413
48;416;140017;-189;-756;1982;22;-66;3;-329;-278;-2462;62524
48;417;140359;-163;-781;1963;-20;-71;-19;-315;-269;-2471;22968
48;418;140588;-217;-772;1973;20;-53;-11;-304;-279;-2476;53767
48;419;140910;-358;-789;1976;-88;-78;4;-304;-275;-2479;40521
48;420;141376;-152;-799;1968;75;-80;-100;-306;-274;-2481;8319
48;421;141694;-25;-700;1993;-6;-6;17;-294;-255;-2498;6253
48;422;142013;-328;-579;1988;-67;-51;59;-290;-252;-2492;2189
48;423;142372;-86;-781;2008;82;-167;-48;-285;-249;-2512;46474
48;424;142592;-249;-382;1995;818;-10;-126;-259;-130;-2566;49807
48;425;142910;-250;34;2168;-267;-44;32;-261;6;-2641;38291
48;426;143352;-176;-757;1863;-892;-155;486;-312;-217;-2504;44651
48;427;143590;-429;-993;1885;-160;332;1130;-394;-258;-2404;52415
48;428;143908;-1213;-545;1834;-43;-152;639;-669;-72;-2357;18694
48;429;144243;-672;-492;1885;-23;76;189;-686;5;-2402;62685
48;430;144693;-517;-724;1999;461;-450;-1221;-641;-183;-2437;51986
48;431;145026;-502;-387;1889;586;84;-1090;-408;-215;-2497;35198
48;432;145350;-193;-674;2016;331;-108;-84;-320;-232;-2491;30250
48;433;145692;-213;-512;2029;-27;-13;45;-286;-204;-2536;46257
48;434;145920;13;-474;2047;69;-34;-72;-280;-193;-2527;7661
48;435;146140;-185;-610;2022;-103;48;102;-271;-215;-2517;5263
48;436;146457;-117;-519;2043;32;-8;2;-272;-198;-2525;12397
48;437;146690;-119;-534;2031;-27;34;36;-281;-188;-2541;37264
48;438;146926;-238;-519;2031;-100;-73;0;-299;-192;-2523;3110
48;439;147351;-261;-614;2018;20;-102;-9;-312;-205;-2506;19329
48;440;147685;-194;-616;2026;8;-111;50;-308;-216;-2514;62277
48;441;148030;-211;-571;2043;-1;-21;22;-307;-213;-2514;58091
48;442;148350;-219;-628;2067;-118;92;28;-302;-226;-2502;62986
48;443;148578;-276;-687;2042;198;-184;8;-319;-205;-2507;36997
48;444;148901;-230;-582;2030;19;67;29;-305;-206;-2513;58337
48;445;149244;-253;-553;2019;4;1;31;-316;-196;-2518;3807
48;446;149471;-114;-477;2059;211;-101;-43;-311;-180;-2539;2029
48;447;149790;-224;-486;2060;23;-6;-3;-301;-177;-2537;13542
48;448;150360;-184;-550;2008;-6;-42;-8;-315;-180;-2528;30607
48;449;150686;-154;-469;2074;-19;38;16;-304;-175;-2535;14553
48;450;151004;-161;-476;2046;-50;-11;30;-308;-180;-2549;33902
48;451;151364;-176;-432;2069;-78;12;62;-303;-181;-2533;673
48;452;151683;-170;-558;2043;-92;-88;26;-322;-198;-2524;54743
48;453;152016;-564;-888;1897;-402;112;199;-377;-263;-2444;35611
48;454;152363;-439;-866;1893;-92;128;52;-404;-276;-2416;9541
48;455;152682;-366;-787;1915;28;-47;-40;-416;-276;-2434;13057
48;456;152910;-402;-791;1919;36;-68;-31;-400;-279;-2436;16182
48;457;153230;-338;-796;1950;41;-76;-21;-401;-270;-2449;62588
48;458;153470;-269;-793;1956;31;-54;6;-377;-263;-2462;20288
48;459;153915;-212;-743;1972;71;-71;-40;-350;-257;-2478;5539
48;460;154340;-222;-670;1996;46;-17;-25;-335;-249;-2503;38417
48;461;154700;-278;-726;1978;28;-37;-15;-348;-252;-2496;31468
48;462;155019;-234;-667;1991;39;-32;19;-353;-243;-2480;15733
48;463;155339;-467;-479;1975;54;52;826;-343;-197;-2497;38895
48;464;155696;-432;-783;1827;142;387;695;-403;-155;-2462;58349
48;465;156015;-823;-198;1986;985;610;273;-529;-61;-2512;43660
48;466;156338;-593;-83;2129;-176;-496;-797;-604;37;-2534;41746
48;467;156570;-25;-437;1984;-579;-96;-334;-501;-125;-2542;31378
48;468;156912;381;-718;2074;-708;-834;-195;-386;-237;-2509;538
48;469;157353;175;-868;1806;366;229;612;-82;-277;-2504;10734
48;470;157671;353;-724;2284;155;-85;204;-224;-227;-2545;14958
48;471;157907;343;220;2149;1460;-1099;1544;-238;-60;-2633;7662
48;472;158356;1012;-780;1524;1556;-1075;1834;95;233;-2568;23730
48;473;158675;1285;-1075;1323;648;-763;2088;411;41;-2385;10717
48;474;159021;961;-686;1580;1336;171;1397;293;-51;-2511;16888
48;475;159360;188;-170;2338;372;-197;1020;153;133;-2601;7147
48;476;159679;744;548;2207;1066;229;1055;173;243;-2615;12385
48;477;160012;485;1023;1856;68;511;287;56;358;-2641;36905
48;478;160355;413;965;1699;225;207;851;-63;415;-2640;45212
48;479;160674;28;1200;1771;-6;-60;-224;-146;468;-2647;8493
48;480;161008;-9;1536;1547;-75;-175;-241;-181;479;-2646;4881
48;481;161350;-146;1307;1696;-59;-87;41;-181;451;-2652;54134
48;482;161673;-145;673;2016;-70;-379;-329;-147;395;-2661;531
48;483;161905;-11;1060;1876;-20;-54;29;-97;379;-2669;11929
48;484;162353;-115;435;2024;-68;-91;-11;-47;290;-2665;14570
48;485;162797;507;-124;2009;-2202;-636;-414;137;-103;-2485;46044
48;486;163227;842;-1817;1107;-1030;-533;-352;355;-441;-1929;31888
48;487;163462;765;-1777;417;-189;206;-470;355;-462;-1871;50638
48;488;163691;586;-1450;474;242;-83;70;351;-450;-1871;35547
48;489;164010;806;-1805;330;-415;-172;106;393;-444;-1766;11546
48;490;164329;985;-1872;259;-97;-175;213;362;-473;-1737;46684
48;491;164587;839;-1904;285;50;-37;-147;353;-468;-1725;45424
48;492;164906;745;-1842;350;18;-23;13;367;-465;-1736;15125
48;493;165226;772;-1901;386;35;-30;31;355;-470;-1740;57231
48;494;165453;798;-1994;364;-20;-115;8;358;-471;-1726;18262
48;495;165795;818;-1945;399;122;-93;17;344;-483;-1727;19147
48;496;166346;799;-1887;425;-19;14;-7;350;-470;-1754;13004
48;497;166664;811;-1830;391;41;-50;43;351;-470;-1752;13175
48;498;166902;806;-1873;412;31;-27;31;357;-463;-1747;59959
48;499;167351;809;-1877;387;-71;-17;19;356;-470;-1742;50469
48;500;167669;770;-1886;331;-78;-28;-16;346;-464;-1731;16039
48;501;168028;759;-1905;300;-15;-79;-21;348;-471;-1724;1319
48;502;168347;710;-2015;259;-46;-277;103;343;-481;-1665;13169
48;503;168666;827;-1888;189;161;-192;27;318;-500;-1636;42861
48;504;169023;761;-1919;257;-89;77;17;316;-491;-1645;32971
48;505;169346;743;-1944;249;31;-34;-11;323;-482;-1644;43907
48;506;169665;773;-1939;233;-10;-3;-12;326;-495;-1649;10128
48;507;169900;795;-1871;228;-2;51;-37;330;-482;-1652;42700
48;508;170361;805;-1918;226;-105;85;2;350;-465;-1673;34817
48;509;170699;793;-1963;231;4;-30;-38;345;-477;-1673;55847
48;510;171017;833;-1901;241;61;-39;-13;345;-466;-1681;7257
48;511;171360;808;-1863;269;13;-25;-9;356;-473;-1672;54332
48;512;171694;820;-1890;262;21;-53;-6;356;-469;-1668;6808
48;513;172012;838;-1877;245;26;-44;3;356;-467;-1682;31251
48;514;172355;841;-1874;270;-15;-17;5;344;-471;-1661;57621
48;515;172587;841;-1883;253;15;-35;-4;358;-473;-1668;1130
48;516;172906;824;-1850;247;0;-39;31;358;-472;-1672;25728
48;517;173350;847;-1864;248;-23;-38;12;347;-474;-1659;22227
48;518;173588;828;-1883;228;8;-37;12;357;-469;-1661;43854
48;519;173907;861;-1884;216;-10;-34;0;361;-472;-1669;51319
48;520;174347;901;-1824;247;-46;62;1;361;-477;-1665;210
48;521;174689;803;-1874;232;21;-4;24;362;-457;-1680;6315
48;522;175011;849;-1870;227;12;-88;9;361;-473;-1650;916
48;523;175352;847;-1867;235;27;-53;2;347;-467;-1661;37911
48;524;175694;853;-1919;356;54;-4;4;357;-473;-1655;18047
48;525;176246;822;-1894;248;-35;-18;-8;351;-472;-1664;47615
48;526;176563;833;-1867;243;46;19;10;356;-476;-1667;51483
48;527;176800;810;-1871;267;-11;17;33;359;-467;-1675;19853
48;528;177028;808;-1877;263;2;-5;-12;354;-479;-1677;63918
48;529;177347;827;-1908;274;-16;-48;1;354;-469;-1670;48739
48;530;177666;814;-1873;251;20;-50;-3;353;-483;-1672;27822
48;531;177922;825;-1894;250;35;-54;24;347;-467;-1663;63422
48;532;178242;824;-1862;249;36;-23;-5;343;-472;-1682;28675
48;533;178564;819;-1882;253;15;-32;-5;345;-468;-1665;4260
48;534;178796;809;-1882;227;26;-29;16;341;-479;-1663;8193
48;535;179244;819;-1883;245;10;-14;3;349;-475;-1675;59860
48;536;179685;827;-1939;252;13;-55;-21;340;-476;-1659;334
48;537;180003;826;-1875;231;9;-42;-12;353;-478;-1666;58691
48;538;180353;823;-1907;244;-19;-23;3;342;-467;-1658;50586
48;539;180582;820;-1883;245;-2;-17;30;345;-486;-1644;59600
48;540;180901;829;-1893;244;14;-31;5;350;-478;-1654;4280
48;541;181365;814;-1913;246;-36;-39;-6;344;-476;-1662;38201
48;542;181683;808;-1863;225;5;-1;-3;340;-477;-1663;27537
48;543;181903;827;-1885;247;-12;-27;-12;343;-481;-1644;52695
48;544;182376;828;-1886;225;34;-12;4;354;-472;-1640;1975
48;545;182698;837;-1898;239;15;-20;21;344;-473;-1661;54502
48;546;183016;837;-1911;312;83;10;19;342;-472;-1678;24778
48;547;183355;786;-1701;597;130;191;290;341;-478;-1781;11944
48;548;183591;1216;-1889;727;-167;189;192;343;-465;-1795;14547
48;549;183910;283;-1865;710;446;255;1065;216;-511;-2069;15636
48;550;184245;-256;-1978;375;-1632;741;1882;126;-612;-1857;16633
48;551;184696;-1024;-2032;373;-272;257;-153;-291;-607;-1758;19714
48;552;185030;-1500;-2276;349;545;-528;1494;-342;-586;-1731;7630
48;553;185350;-1625;-1218;619;-1179;388;-24;-578;-432;-1952;17892
48;554;185691;-2133;-771;330;29;-829;-107;-835;-226;-1704;23281
48;555;185924;-1475;-341;758;365;-865;398;-872;-185;-1865;36094
48;556;186353;-1002;-660;1297;-169;-992;-982;-725;-203;-2336;31125
48;557;186690;-714;-1878;1200;-963;-972;-1038;-437;-538;-2090;27461
48;558;186926;65;-1857;1299;-116;-622;-730;-160;-597;-1988;12637
48;559;187356;264;-1769;964;-56;-140;-3;-44;-626;-1865;5626
48;560;187689;212;-1917;751;-64;-75;434;-70;-625;-1788;45191
48;561;188032;-161;-2013;1146;516;-104;1221;-223;-622;-1825;49119
48;562;188356;-491;-1270;1268;458;-1317;992;-580;-400;-2134;29559
48;563;188584;-350;-1324;1652;-1208;-244;534;-461;-390;-2288;46169
48;564;188903;-984;-1192;1874;633;526;-9;-446;-388;-2212;17990
48;565;189246;-314;-1264;1475;834;-2514;72;-651;-271;-2283;23799
48;566;189474;1033;-261;912;-635;-1156;-1027;-270;-244;-2462;46418
48;567;189796;2284;-953;709;398;-3338;-1273;427;-274;-1609;55835
48;568;190366;1495;-1269;-898;-4133;3732;1880;389;-594;-1496;15811
48;569;190688;637;-1784;-245;1874;-705;-537;429;-323;-1368;15666
48;570;191007;1659;1226;9;12;-56;388;698;435;-1442;4574
48;571;191368;2026;692;-134;20;-58;242;696;213;-1414;33768
48;572;191687;2031;394;-71;3;-30;29;688;158;-1411;54734
48;573;192021;2031;343;-68;4;-32;35;685;133;-1409;29132
48;574;192367;2036;322;-75;5;-28;26;688;133;-1409;2011
48;575;192686;2109;-21;-124;14;-65;7;682;41;-1387;47094
48;576;192918;2062;82;-98;4;-23;-20;673;50;-1396;6418
48;577;193238;2044;130;-85;4;-25;64;678;44;-1397;4722
48;578;193473;2059;79;-96;6;-28;37;672;39;-1389;40128
48;579;193918;2057;92;-96;4;-27;-19;672;40;-1390;20687
48;580;194343;2057;86;-96;5;-26;4;684;37;-1399;46999
48;581;194703;2058;84;-95;6;-26;5;672;27;-1394;44296
48;582;195022;2059;82;-93;6;-27;2;682;32;-1382;21157
48;583;195342;2061;73;-97;3;-28;9;673;35;-1387;55679
48;584;195700;2056;68;-96;5;-25;9;675;33;-1378;33790
48;585;196022;2055;78;-94;5;-26;-6;668;22;-1395;64839
48;586;196346;2054;67;-92;4;-30;7;669;23;-1402;56274
48;587;196574;2067;51;-102;5;-27;-13;677;22;-1394;29037
48;588;196916;2001;30;-77;0;16;-281;669;14;-1392;64162
48;589;197357;2078;-16;-106;5;-29;1;665;16;-1379;31943
48;590;197675;2049;52;-100;2;-27;12;685;16;-1398;27875
48;591;197911;2058;17;-99;5;-25;17;666;-14;-1391;26421
48;592;198356;2059;17;-101;5;-26;7;675;-15;-1393;18536
48;593;198679;2061;12;-100;4;-27;5;666;-2;-1375;29730
48;594;199024;2059;11;-100;4;-28;6;670;-12;-1384;18499
48;595;199360;2059;12;-98;5;-26;7;655;-8;-1390;34729
48;596;199678;2060;6;-101;4;-27;4;667;-9;-1395;42075
48;597;200012;2061;7;-105;5;-26;5;670;-16;-1397;64216
48;598;200355;2062;5;-100;5;-27;6;666;5;-1383;22460
48;599;200674;2056;3;-101;3;-29;3;653;4;-1382;31887
48;600;201008;2060;-4;-101;4;-26;5;666;4;-1387;55277
48;601;201351;2061;-3;-102;5;-26;5;659;-9;-1396;59512
48;602;201673;2062;-5;-102;4;-26;4;656;-22;-1380;63582
48;603;201902;2061;-2;-104;4;-27;5;674;-8;-1397;35006
48;604;202354;2056;-8;-100;4;-29;5;656;-8;-1388;25767
48;605;202798;2056;-5;-96;5;-26;4;660;-19;-1382;28795
48;606;203227;2061;-10;-103;7;-24;7;660;-11;-1387;1491
48;607;203464;2057;-11;-101;4;-28;3;667;-6;-1384;13264
48;608;203692;2019;-225;-177;-93;70;28;660;-7;-1383;43517
48;609;204011;1468;-496;-3045;2343;-4862;-1092;593;-247;-973;51588
48;610;204334;870;352;-1770;1418;2868;-250;118;-247;-1119;33766
48;611;204586;1224;509;-396;1241;846;191;441;-440;-1757;32411
48;612;204905;1960;1382;-140;461;-21;-4228;548;233;-1867;6776
48;613;205228;-770;1815;-606;475;21;-1882;50;992;-1764;35464
48;614;205456;-1377;1895;-716;56;499;193;-336;997;-1727;4831
48;615;205798;-1104;1306;-566;-210;188;-419;-346;970;-1850;20496
48;616;206349;741;207;1440;-3836;-4408;3359;-374;217;-2587;21875
48;617;206667;1208;-1578;1059;-1059;-859;-74;291;-496;-1842;31226
48;618;206905;1252;-1679;1217;-76;356;-287;338;-475;-1759;31741
48;619;207347;943;-2113;887;179;-410;-152;343;-491;-1674;25926
48;620;207665;1055;-498;1290;646;547;-408;449;-266;-1955;27395
48;621;208026;1778;1;1039;7;-742;-362;582;-62;-1899;53298
48;622;208345;1731;-396;1078;154;174;188;627;-38;-1871;30540
48;623;208664;1763;-53;1082;70;-15;148;604;-49;-1911;29863
48;624;209021;1284;-1861;2003;-690;389;620;584;-241;-1969;5184
48;625;209345;1338;-778;1382;-45;-10;9;499;-255;-2009;51412
48;626;209667;1469;-688;1372;-63;-33;34;501;-267;-2004;23795
48;627;209895;1181;-902;1846;-325;326;-180;499;-304;-1947;49306
48;628;210345;2466;-1048;537;979;-138;2394;576;-243;-1883;51756
48;629;210687;1176;-1476;883;151;-999;298;34;-549;-2089;26512
48;630;211005;984;-1698;1104;72;105;187;-47;-560;-2085;61283
48;631;211348;705;-1480;1150;179;126;-71;-100;-532;-2150;29215
48;632;211682;879;-1490;1391;60;-225;-132;-47;-478;-2230;36001
48;633;212000;794;-1443;1338;26;-522;844;26;-512;-2178;25540
48;634;212347;855;-1702;1283;0;-1231;878;-162;-461;-2269;53830
48;635;212575;-246;-1804;1102;30;-2549;1945;-200;-423;-2317;3890
48;636;212894;-394;-1665;976;-7;-2351;1998;-145;-408;-2359;28245
48;637;213338;-166;-2109;426;-473;-684;226;105;-528;-2020;2951
48;638;213574;562;-2015;932;-124;200;196;188;-512;-1966;32482
48;639;213893;303;-2069;579;-327;-107;87;196;-533;-1913;13903
48;640;214333;286;-2031;371;-75;-89;-239;139;-574;-1800;38496
48;641;214675;-82;-2052;568;151;-40;74;87;-597;-1876;37666
48;642;215000;-126;-2042;517;-250;27;5;54;-604;-1853;31162
48;643;215339;-655;-2062;533;-46;-1168;856;-57;-616;-1833;6954
48;644;215680;-1206;-1135;977;-83;-205;-179;-440;-498;-1919;25014
48;645;216228;-1080;-2044;1236;-154;-1553;-395;-393;-614;-1853;7927
48;646;216550;-117;-1931;688;-469;-1019;-300;-225;-611;-1917;39129
48;647;216786;434;-1937;522;-50;-270;212;-203;-627;-1906;30223
48;648;217014;222;-1821;934;-133;-134;172;-210;-589;-1962;21582
48;649;217334;316;-1985;524;-764;-183;-550;-220;-643;-1709;62820
48;650;217656;228;-2242;292;-395;-759;141;-164;-623;-1556;5293
48;651;217909;-241;-1829;-310;-620;-2016;246;-283;-550;-1546;28290
48;652;218229;-488;-2013;-427;477;-3959;1120;-410;-573;-1973;323
48;653;218551;-302;-2098;228;-396;-1247;-120;-295;-548;-2145;60563
48;654;218783;246;-1863;612;258;-639;-561;-115;-562;-2098;20849
48;655;219232;279;-2313;1;261;-152;670;48;-630;-1783;54781
48;656;219672;-134;-1809;647;953;-138;231;55;-534;-2176;19090
48;657;219991;-290;-1805;839;-442;-423;402;-45;-466;-2279;65163
48;658;220340;-443;-2322;-208;-1301;722;371;-16;-653;-1735;51253
48;659;220568;-487;-2169;-281;-192;131;-441;-19;-628;-1680;47987
48;660;220887;-29;-1871;-330;-161;-257;-197;32;-618;-1695;10171
48;661;221351;86;-2334;-514;144;533;66;31;-617;-1636;30231
48;662;221673;-60;-1976;-211;234;344;100;34;-614;-1824;21602
48;663;221992;99;-1899;-119;62;56;54;-6;-620;-1872;14340
48;664;222350;-324;-2073;-268;-131;-587;-12;-17;-630;-1812;29568
48;665;222668;-265;-1934;-193;349;-191;120;52;-628;-1777;53130
48;666;222889;-173;-1655;-220;-56;-575;-330;-23;-640;-1781;684
48;667;223330;-80;-1925;127;-174;455;-42;78;-596;-1541;42749
48;668;223566;-100;-1904;-280;904;-220;205;65;-635;-1681;25922
48;669;223884;-10;-2003;-117;-259;-47;155;-25;-650;-1760;41731
48;670;224223;-410;-1141;38;1172;1116;314;-47;-656;-1709;28125
48;671;224671;-315;-2446;-60;382;399;-240;-140;-656;-1854;12031
48;672;225005;-271;-1870;104;992;473;-55;-72;-587;-2117;4454
48;673;225329;-419;-1855;478;-630;-247;309;-103;-542;-2217;11007
48;674;225671;-454;-1542;207;183;-861;112;-91;-638;-1923;53572
48;675;225900;98;-2010;354;279;-287;-220;-70;-639;-1903;44623
48;676;226329;90;-1165;91;388;-228;155;-11;-621;-1990;48258
48;677;226663;-107;-3324;-400;-1210;177;444;-24;-675;-1726;31137
48;678;226901;-485;-1824;-82;759;260;-439;-61;-643;-1968;4517
48;679;227326;2;-1863;566;-231;244;-481;-26;-574;-2164;64973
48;680;227660;-49;-1188;124;-438;-211;-228;-47;-630;-2032;15895
48;681;228001;-333;-2837;-298;-454;6;562;-27;-687;-1825;46577
48;682;228325;426;-1595;-232;359;1008;455;-179;-658;-1932;36994
48;683;228553;-144;-2922;-928;495;1971;-334;-355;-613;-1988;34331
48;684;228872;-115;-649;-311;775;1028;275;-238;-634;-2009;39910
48;685;229215;-868;-3038;-191;-470;120;436;-419;-579;-1571;39098
48;686;229446;-309;-2064;-427;914;-816;-346;-492;-606;-1730;64948
48;687;229765;-121;-1642;-333;92;-763;-156;-356;-622;-2036;45886
48;688;230335;-4;-1650;-16;-134;-1737;-1728;-239;-629;-2042;14936
48;689;230657;-200;-2322;-709;16;-1351;624;171;-633;-1839;22210
48;690;230980;541;-2218;-311;-590;-684;-297;40;-657;-1592;64074
48;691;231340;-184;-1597;-500;1823;671;151;70;-637;-1602;24989
48;692;231658;-90;-1339;66;-80;-37;194;23;-646;-1969;5001
48;693;231992;-836;-2225;-178;563;-151;70;-21;-644;-1576;47446
48;694;232342;-307;-2727;-678;-601;490;406;-10;-662;-1573;23964
48;695;232661;-170;-1631;-527;299;-223;-448;-48;-653;-1766;1509
48;696;232889;-464;-1602;-201;-267;-290;386;51;-648;-1840;42075
48;697;233209;-194;-1300;160;379;-180;-642;-40;-669;-1675;45974
48;698;233449;-57;-2063;-49;70;134;-105;-7;-650;-1713;50921
48;699;233890;-275;-1422;-72;330;-278;95;-94;-654;-1846;32546
48;700;234315;-335;-1417;-59;78;-449;-520;-70;-669;-1733;37307
48;701;234676;-874;-3212;-619;-368;348;562;-61;-657;-1656;3052
48;702;234998;-363;-1570;-84;-80;-140;258;-86;-658;-1773;1298
48;703;235318;-893;-2460;-438;104;300;-367;-129;-653;-1636;45919
48;704;235675;-790;-2484;-292;-169;-156;750;-83;-656;-1730;30780
48;705;235993;-507;-1722;-313;278;-218;-62;-72;-663;-1776;56085
48;706;236317;-575;-2185;-194;-891;-171;378;-95;-663;-1756;12014
48;707;236545;-1139;-2249;-238;388;-161;135;-134;-655;-1616;52002
48;708;236886;-370;-1861;48;-143;-4;299;-107;-654;-1616;56875
48;709;237331;-365;-1410;-232;436;-178;-420;-113;-658;-1826;24921
48;710;237653;-1008;-3043;-193;-446;-91;-170;-125;-654;-1647;40819
48;711;237889;-580;-1985;129;101;-370;-61;-165;-653;-1656;59252
48;712;238331;-739;-1949;-266;658;94;-122;-83;-660;-1770;30043
48;713;238656;-552;-1942;-184;-727;-157;659;-14;-664;-1803;28875
48;714;238997;-304;-1342;-114;-41;-325;-396;-129;-663;-1598;54844
48;715;239333;-665;-2886;-257;137;221;19;-98;-649;-1593;10362
48;716;239651;-413;-1460;-259;-40;-460;-403;-121;-659;-1783;53437
48;717;239985;-1082;-2737;-271;-695;-935;669;-137;-649;-1614;19148
48;718;240332;-295;-2099;-52;890;538;341;-219;-649;-1537;34311
48;719;240650;-643;-2262;-541;670;1110;-772;-139;-665;-1637;15908
48;720;240984;-363;-1860;29;-142;21;94;-17;-657;-1872;51855
48;721;241331;-355;-2393;38;-180;-328;8;-87;-670;-1759;19508
48;722;241650;-153;-1520;62;103;805;439;-127;-663;-1848;56143
48;723;241878;-424;-2136;-6;729;1230;354;-194;-643;-1842;6372
48;724;242326;-437;-2364;-569;-4;961;-320;-256;-620;-2010;15109
48;725;242771;-319;-2307;-66;-643;212;-830;-315;-628;-1940;37730
48;726;243310;-456;-2644;-72;-413;-35;378;-315;-655;-1868;27550
48;727;243561;-218;-1364;-5;1655;466;-89;-300;-630;-2041;318
48;728;243880;-283;-1703;173;32;281;-116;-284;-562;-2178;9911
48;729;244204;-201;-1629;518;163;-195;492;-330;-591;-2044;39185
48;730;244432;-16;-1325;132;126;11;-550;-383;-585;-2043;570
48;731;244668;-318;-2566;-41;-196;764;-238;-291;-617;-1951;59679
48;732;244987;-404;-1837;-89;408;-279;556;-305;-574;-2119;43035
48;733;245322;-214;-2115;51;-824;-120;-156;-367;-564;-2084;17691
48;734;245773;-408;-1677;-142;19;-634;-373;-470;-554;-2049;49395
48;735;246325;-338;-1625;-19;370;513;373;-387;-588;-1993;64715
48;736;246647;-747;-2081;-198;3;133;210;-431;-560;-2018;4471
48;737;246883;-548;-1805;16;146;-31;-390;-457;-595;-1954;57434
48;738;247324;-446;-2321;-5;55;-21;1;-353;-603;-1979;55389
48;739;247642;-464;-1870;-125;441;329;-75;-320;-589;-2037;54164
48;740;248000;-556;-2197;-266;-947;-48;93;-375;-588;-1985;45478
48;741;248320;-429;-1616;-392;62;-844;-688;-421;-597;-1977;5519
48;742;248642;-450;-2348;-42;-527;-28;373;-294;-620;-1950;31246
48;743;248999;-394;-2099;-313;317;204;95;-286;-611;-1979;3726
48;744;249325;-470;-2015;-213;-159;-116;50;-313;-594;-2034;47133
48;745;249644;-472;-1659;84;430;-353;356;-327;-604;-1995;5335
48;746;249872;-226;-1677;-3;190;60;-51;-322;-606;-2018;16826
48;747;250321;-286;-1855;-40;1098;664;-137;-287;-553;-2173;2324
48;748;250659;135;-2438;471;270;285;-587;-311;-500;-2291;58023
48;749;250977;-60;-1918;891;295;214;198;-254;-432;-2379;1687
48;750;251320;55;-1571;614;-519;67;116;-313;-398;-2372;39211
48;751;251658;-534;-3623;-375;-2185;-103;-974;-478;-596;-1532;41417
48;752;251976;-483;-1918;-751;1894;144;80;-466;-605;-1801;56815
48;753;252323;-43;-2380;-32;-1638;876;128;-469;-595;-1798;42025
48;754;252551;-212;-1619;77;2301;1303;368;-482;-572;-1727;64985
48;755;252870;-358;-1394;650;503;326;-49;-500;-530;-1946;53431
48;756;253310;-66;-1681;714;1155;610;441;-362;-650;-1698;3674
48;757;253546;67;-1751;451;191;801;-106;-321;-640;-1647;41314
48;758;253865;51;-2043;408;52;694;-224;-203;-651;-1558;64789
48;759;254313;-3;-1980;146;0;790;603;37;-639;-1626;26602
48;760;254658;-353;-2047;335;-242;-1057;337;-78;-655;-1575;29026
48;761;254982;-273;-2209;223;-58;-1155;40;-224;-648;-1571;8139
48;762;255317;-58;-2217;459;108;-176;50;-275;-661;-1678;61659
48;763;255659;288;-1921;706;-337;136;-530;-241;-666;-1755;62244
48;764;256206;132;-1911;737;-216;753;-181;-162;-673;-1711;5534
48;765;256524;-306;-2331;469;-330;164;-115;-94;-669;-1668;61091
48;766;256760;-141;-1904;425;90;133;-10;-43;-665;-1707;23174
48;767;256993;46;-1926;763;-84;99;251;-33;-668;-1681;37573
48;768;257316;56;-1996;412;336;152;-58;-4;-666;-1646;43400
48;769;257635;231;-1603;602;-418;675;-276;59;-646;-1712;8132
48;770;257887;14;-2156;644;171;224;-234;72;-636;-1674;15205
48;771;258207;107;-1989;305;222;-304;-95;123;-643;-1724;55998
48;772;258532;95;-2054;676;-145;-53;5;87;-649;-1729;24563
48;773;258760;547;-2541;411;-434;223;-640;128;-627;-1697;29505
48;774;259381;241;-2062;660;-29;124;163;175;-616;-1800;28774
48;775;259613;310;-1891;332;250;-184;-124;144;-609;-1780;58489
48;776;259932;223;-2017;675;18;-114;-80;194;-607;-1776;15536
48;777;260402;87;-1704;437;-292;157;487;208;-602;-1784;12054
48;778;260720;497;-2505;485;-47;-372;-33;178;-615;-1698;35173
48;779;261039;259;-1841;285;306;-149;119;133;-621;-1754;50876
48;780;261398;370;-1837;652;-194;340;-402;153;-625;-1764;26451
48;781;261716;123;-1511;445;-334;789;-19;247;-588;-1814;8351
48;782;262035;353;-2109;661;57;-264;-64;227;-585;-1772;24194
48;783;262370;337;-2662;166;162;-384;-74;180;-599;-1775;16090
48;784;262612;291;-1854;608;205;-228;4;149;-627;-1793;37784
48;785;262934;409;-1484;646;308;65;294;174;-625;-1797;16724
48;786;263269;82;-2039;613;-128;71;169;153;-623;-1771;10392
48;787;263718;-73;-1812;451;226;-306;11;139;-632;-1770;6905
48;788;264051;366;-2236;485;-101;85;-42;123;-628;-1753;48940
48;789;264371;-72;-1746;453;-317;80;142;135;-625;-1750;39806
48;790;264713;157;-2704;67;-330;-240;-55;127;-634;-1636;56095
48;791;264941;198;-2132;75;-171;-86;-66;91;-635;-1670;23160
48;792;265374;638;-2668;247;-556;494;-967;129;-612;-1666;22870
48;793;265708;-267;-1668;303;-289;218;204;206;-612;-1762;12431
48;794;265946;-26;-2588;459;-126;-374;491;165;-619;-1670;56982
48;795;266375;-72;-1366;627;91;-236;201;35;-667;-1761;26423
48;796;266709;-338;-2408;86;370;-704;3015;23;-672;-1645;21401
48;797;267055;-1726;-110;1153;-112;158;1762;-905;-67;-1914;16789
48;798;267374;-1661;216;574;-459;-417;272;-1018;141;-1849;63560
48;799;267602;-1742;173;842;4;244;-1150;-1025;126;-1775;53665
48;800;267925;-2225;-1494;255;301;434;-187;-909;-382;-1693;37198
48;801;268271;-1252;-1260;887;407;-814;-1661;-592;-596;-1920;54811
48;802;268498;-800;-1548;552;-74;-453;-542;-385;-633;-1835;55463
48;803;268817;-624;-1865;676;221;-281;-618;-326;-661;-1761;31638
48;804;269387;318;-1966;632;694;-231;169;171;-640;-1772;21286
48;805;269706;-173;-1946;449;-316;-337;151;43;-652;-1810;37609
48;806;270024;28;-1667;138;-534;-694;130;4;-629;-1496;26186
48;807;270382;-75;-1572;-279;752;45;252;-31;-610;-1381;42773
48;808;270602;-52;-1816;21;-222;247;-42;4;-610;-1391;48870
48;809;271045;-179;-1852;-911;-429;-21;-5;-71;-466;-1116;46765
48;810;271388;-48;-2138;-786;366;157;-198;-38;-479;-1160;25977
48;811;271706;43;-1716;-543;-6;73;223;36;-529;-1195;38674
48;812;271935;179;-1890;-370;2;-141;22;31;-512;-1196;64377
48;813;272258;-102;-1909;-832;-441;-129;-168;-28;-488;-1145;20413
48;814;272494;-121;-1756;-747;162;-142;-410;-14;-465;-1127;39730
48;815;272935;33;-1855;-660;266;380;141;9;-505;-1194;18008
48;816;273364;54;-2351;-1230;-992;-42;507;18;-461;-1130;18384
48;817;273725;3;-1845;-707;-53;-230;-144;6;-408;-1072;57933
48;818;274044;303;-1124;-643;729;-138;373;24;-414;-1081;16270
48;819;274364;136;-1868;-567;146;218;79;1;-467;-1142;11503
48;820;274720;-517;-1641;-931;-156;-193;-325;23;-438;-1104;13878
48;821;275043;153;-2107;-834;203;-70;-449;29;-418;-1103;8358
48;822;275363;82;-1548;-831;-158;105;-72;18;-449;-1127;17590
48;823;275591;69;-1995;-526;120;47;105;11;-473;-1155;61957
48;824;275936;-147;-1380;-793;268;-36;-244;-34;-510;-1200;12775
48;825;276260;74;-1986;-402;207;59;-296;0;-524;-1209;12441
48;826;276487;172;-2304;-955;-327;245;90;32;-510;-1232;27460
48;827;276806;140;-1923;-396;32;-89;120;52;-515;-1221;38739
48;828;277042;-151;-2426;-1185;-309;-105;208;14;-514;-1244;20226
48;829;277381;-3;-1691;-475;-353;-144;-207;7;-506;-1191;57194
48;830;277699;253;-2125;-1490;-604;47;370;39;-423;-1103;41240
48;831;278041;46;-2033;-584;458;45;47;29;-472;-1142;47617
48;832;278380;168;-1208;-290;966;-342;178;-69;-639;-1462;1696
48;833;278702;141;-3288;-330;-333;151;-583;-23;-592;-1335;45929
48;834;279383;-17;-2287;136;-590;149;-516;-94;-645;-1490;37977
48;835;279701;109;-2249;-151;-343;440;-127;-24;-610;-1391;2299
48;836;280035;183;-2394;87;403;247;-366;43;-616;-1468;53979
48;837;280377;355;-2015;96;-126;105;39;125;-589;-1503;28530
48;838;280696;428;-2245;170;268;201;75;144;-619;-1605;37321
48;839;280925;365;-1759;387;279;95;-22;133;-627;-1705;10456
48;840;281378;438;-2290;781;249;98;-292;187;-586;-1804;20597
48;841;281818;656;-1645;709;-11;-139;-14;316;-534;-1804;1924
48;842;282247;714;-1648;606;222;-105;-193;321;-536;-1762;58053
48;843;282485;762;-1679;915;253;-49;6;337;-532;-1818;32128
48;844;282714;1045;-1910;375;-127;41;101;347;-522;-1809;19999
48;845;283033;893;-1782;696;-142;-11;108;357;-537;-1761;44264
48;846;283356;716;-2127;166;289;-294;-85;337;-536;-1734;10999
48;847;283610;646;-1625;496;212;-280;20;351;-526;-1741;64162
48;848;283929;817;-2212;288;-209;-434;46;337;-546;-1729;35894
48;849;284249;602;-1586;742;-7;-385;258;290;-569;-1750;2321
48;850;284480;961;-2188;813;-120;-210;60;241;-598;-1703;5599
48;851;284822;600;-1502;507;47;-456;106;209;-614;-1707;26211
48;852;285370;733;-1558;272;-282;409;4;197;-612;-1737;43068
48;853;285688;725;-2169;822;34;81;-19;212;-594;-1762;10728
48;854;285924;605;-1888;286;24;117;-114;218;-603;-1770;9424
48;855;286373;609;-2229;952;-51;-180;-217;232;-594;-1783;48382
48;856;286691;156;-1737;239;422;-2005;609;182;-640;-1697;42442
48;857;287048;706;-1896;20;528;-1874;282;-82;-671;-1760;33905
48;858;287371;706;-2253;180;-80;-975;265;-247;-659;-1859;49775
48;859;287690;478;-1907;462;341;-79;-194;-230;-622;-2009;55846
48;860;288048;972;-1915;564;-486;974;-559;-189;-650;-1965;23919
48;861;288368;678;-1780;699;7;569;-23;-74;-659;-1811;16425
48;862;288687;780;-1672;605;-342;402;-91;-79;-662;-1819;40267
48;863;288915;795;-1812;674;-214;248;-183;-61;-666;-1745;46751
48;864;289371;312;-1514;598;327;287;-185;-140;-654;-1881;17239
48;865;289705;763;-1718;1132;261;342;-826;-119;-662;-1896;16662
48;866;290024;684;-1838;376;233;217;-60;-61;-652;-1894;21825
48;867;290372;860;-1716;909;157;-80;311;10;-655;-1912;724
48;868;290710;183;-1805;413;77;-585;136;-73;-666;-1863;22386
48;869;291028;-36;-2114;543;596;-641;1845;-199;-625;-1920;14825
48;870;291371;-451;-1861;664;-456;-110;-576;-503;-610;-1876;33517
48;871;291603;360;-2102;421;580;-325;-340;-338;-644;-1919;34852
48;872;291922;1719;-626;441;-163;-949;-3015;185;-310;-1870;29413
48;873;292362;1384;1226;445;-280;348;-1026;651;551;-1806;42215
48;874;292598;1025;1690;548;-93;-99;-680;559;767;-1809;4655
48;875;292921;1106;1821;548;-116;-185;-606;489;840;-1794;39983
48;876;293361;1069;1489;680;-104;55;384;465;825;-1830;9718
48;877;293703;1736;840;314;114;-116;1364;577;476;-1808;30753
48;878;294022;2109;75;44;99;172;3233;704;-209;-1690;14214
48;879;294364;704;-2077;294;68;-33;1471;46;-678;-1779;41632
48;880;294705;267;-1623;156;-723;-384;-61;-236;-675;-1799;47189
48;881;295257;-335;-1717;-49;82;-420;-152;-528;-667;-1766;38118
48;882;295575;-146;-1975;-120;-401;-568;24;-481;-658;-1785;42882
48;883;295815;-518;-2176;354;-127;-844;-640;-420;-667;-1798;9422
48;884;296044;100;-1823;-143;227;-1041;-983;-256;-663;-1887;29313
48;885;296363;846;-1443;-508;-360;-625;-159;-47;-665;-1817;6000
48;886;296682;582;-2320;-1029;-897;36;208;-12;-632;-1481;55603
48;887;296934;329;-2240;-1555;926;-401;-573;-56;-637;-1511;5128
48;888;297257;585;-1163;-391;-295;-135;-240;36;-653;-1789;43848
48;889;297576;700;-1734;-972;621;1745;109;27;-634;-1495;2202
48;890;297804;885;-1228;-780;266;789;421;20;-664;-1689;31712
48;891;298257;51;-1763;-517;69;1615;711;-140;-663;-1566;37909
48;892;298701;759;-2235;-730;-513;463;501;-124;-644;-1463;30154
48;893;299019;744;-1958;-951;-6;-606;203;-135;-650;-1523;34932
48;894;299362;886;-2188;-934;-981;128;184;-174;-638;-1433;22083
48;895;299594;471;-1662;-300;188;519;242;-199;-621;-1401;63859
48;896;299913;687;-1522;-778;-336;1014;-287;-195;-640;-1457;46453
48;897;300379;924;-1633;-623;-523;214;391;-177;-584;-1327;59556
48;898;300697;737;-1795;-568;-171;1030;391;-141;-495;-1173;20630
48;899;301020;509;-2111;-806;-218;-385;463;-45;-526;-1198;49508
48;900;301378;217;-1341;-248;310;555;97;-83;-497;-1192;32609
48;901;301697;648;-2605;-898;-852;-65;351;51;-461;-1150;3075
48;902;302015;483;-1462;-418;417;750;211;127;-481;-1261;51219
48;903;302354;540;-2420;-806;-768;-873;105;182;-508;-1258;10746
48;904;302590;479;-1351;-293;293;42;-377;92;-467;-1191;13298
48;905;302913;750;-2584;-835;-748;-151;132;120;-449;-1171;14644
48;906;303248;486;-1211;-201;157;302;-69;181;-479;-1309;41102
48;907;303701;297;-1685;-574;956;-472;242;144;-475;-1241;62312
48;908;304035;796;-2703;-1000;-1240;-1419;421;160;-434;-1152;51107
48;909;304354;542;-1372;-399;92;180;275;127;-541;-1336;64191
48;910;304696;711;-2012;-680;-700;237;-514;26;-450;-1117;39253
48;911;304929;291;-1371;-465;605;121;-243;28;-496;-1203;31401
48;912;305354;383;-1395;-536;1548;742;106;38;-499;-1225;31604
48;913;305688;219;-1892;-1100;-1709;-1119;639;153;-540;-1260;4239
48;914;305924;315;-1660;-1061;1574;-842;532;4;-349;-1035;1092
48;915;306357;1055;-2947;-2284;-955;146;-1126;-54;-152;-866;17082
48;916;306695;-24;-951;-895;251;-116;1083;40;-480;-1168;36359
48;917;307036;-85;-1589;-614;744;-270;-597;-160;-260;-918;37402
48;918;307356;926;-2532;-921;1251;1654;-18;43;-494;-1225;33425
48;919;307588;133;-1361;-107;1308;485;995;187;-623;-1579;44902
48;920;307907;-511;-1713;356;-1912;-172;-399;-196;-673;-1653;25968
48;921;308250;-4;-1763;-265;-132;-727;-107;-155;-534;-1194;6552
48;922;308478;-204;-2898;-674;-33;-260;331;-182;-524;-1201;25741
48;923;308800;-33;-1504;-519;480;93;73;-161;-557;-1254;10915
48;924;309371;157;-1777;-405;428;-186;-176;-204;-548;-1221;14206
48;925;309689;124;-3325;-1093;-488;-40;77;-107;-527;-1204;33374
48;926;310007;298;-1500;-283;10;240;-26;6;-555;-1295;13350
48;927;310369;-358;-1922;-334;691;-156;83;-116;-545;-1224;42346
48;928;310692;298;-1801;-117;-26;-68;2;-66;-594;-1308;20779
48;929;311026;71;-1919;-398;339;8;63;-94;-611;-1316;59003
48;930;311373;70;-2043;-321;-162;-1011;23;-100;-641;-1354;12234
48;931;311691;-410;-2151;-513;-8;-778;155;-260;-604;-1277;13533
48;932;311923;-218;-2043;-302;278;-19;23;-270;-612;-1305;11013
48;933;312243;85;-2009;-206;125;-322;-187;-226;-645;-1373;45403
48;934;312479;284;-2019;-179;-128;-121;105;-204;-652;-1383;58395
48;935;312924;186;-2030;-150;149;-46;-33;-234;-648;-1405;68
48;936;313349;67;-1976;-47;51;-154;-28;-217;-669;-1432;62375
48;937;313705;-12;-1815;164;93;-614;-401;-281;-668;-1517;42650
48;938;314024;238;-2047;-15;-23;-710;170;-298;-654;-1582;5431
48;939;314344;159;-2184;-136;150;-120;-42;-399;-643;-1508;25928
48;940;314707;15;-2089;58;301;-53;482;-430;-638;-1612;58682
48;941;315026;-451;-2091;-116;-498;-1630;838;-595;-476;-1702;17982
48;942;315346;-1554;-1419;423;408;-347;976;-887;-169;-1952;15285
48;943;315578;-1651;-826;501;-761;-296;1835;-967;153;-2075;37158
48;944;315919;-1988;-420;495;512;269;-1081;-986;262;-2067;40500
48;945;316360;-285;-1848;468;-64;-726;-2493;-916;-509;-1957;59357
48;946;316678;184;-1626;1023;332;-650;-314;-406;-555;-2178;45449
48;947;316914;76;-1808;991;1422;441;-657;-281;-524;-2257;36509
48;948;317363;-206;-1210;515;-1201;1115;-781;-235;-459;-2345;8640
48;949;317682;-81;-2423;756;-884;49;-235;-539;-498;-1796;55432
48;950;318025;-354;-2026;127;332;-803;-289;-498;-624;-1712;14055
48;951;318367;65;-2193;-262;-499;-1663;65;-432;-533;-1771;22734
48;952;318686;185;-2037;-507;-480;-1654;-370;-346;-437;-1773;52712
48;953;319020;-326;-1835;-507;434;-1636;4;-174;-431;-1812;62132
48;954;319362;-269;-1985;-66;90;-1512;-200;-31;-417;-1826;29374
48;955;319681;-125;-2082;-369;-83;-818;-249;140;-397;-1702;230
48;956;320019;52;-2106;-372;-44;-1656;-129;221;-384;-1532;45000
48;957;320361;216;-2041;-469;-248;-1680;-288;103;-390;-1364;29482
48;958;320680;-158;-2066;-224;147;-335;-56;10;-369;-1251;14367
48;959;320912;-155;-2022;-323;-80;-282;-147;-16;-374;-1256;52417
48;960;321362;175;-2137;-343;-31;-149;11;-9;-320;-1208;19416
48;961;321803;200;-2029;-295;172;-25;-109;7;-348;-1243;9233
48;962;322228;-150;-2138;54;-136;-327;-62;-68;-520;-1198;24808
48;963;322466;-148;-2067;-31;156;-441;126;-82;-513;-1169;64004
48;964;322698;-202;-2136;117;141;-393;-1492;-123;-529;-1209;62507
48;965;323017;1416;-1596;62;306;-176;330;315;-399;-1271;35069
48;966;323344;845;-1838;11;-99;-61;1731;301;-498;-1249;1798
48;967;323595;16;-2086;-110;141;-488;640;54;-539;-1183;18053
48;968;323914;-105;-2047;-22;-113;-133;-79;-225;-533;-1218;9478
48;969;324234;-18;-2055;-50;15;-125;-35;-234;-525;-1212;60965
48;970;324462;-33;-2040;-44;48;-25;1;-228;-547;-1226;43316
48;971;324803;-26;-2084;-15;11;-33;0;-231;-551;-1236;13343
48;972;325355;-13;-2048;18;-3;-10;7;-206;-553;-1251;63826
48;973;325673;-13;-2053;5;-22;19;0;-211;-542;-1225;10217
48;974;325914;-10;-2052;-35;-11;-10;1;-207;-543;-1241;60917
48;975;326359;-15;-2068;0;-26;-6;-1;-215;-554;-1231;15883
48;976;326677;-8;-2074;-16;-25;9;8;-217;-552;-1234;17078
48;977;327034;-16;-2018;21;14;-3;-1;-214;-546;-1240;12999
48;978;327353;8;-2022;-4;-9;-42;-1;-209;-545;-1246;6712
48;979;327672;-10;-2058;4;27;-10;15;-211;-560;-1241;59373
48;980;328029;-12;-2050;33;39;-20;-27;-204;-555;-1254;40146
48;981;328353;93;-2342;58;476;105;-50;-207;-560;-1274;22157
48;982;328675;33;-1822;672;274;-70;-54;-188;-586;-1491;20235
48;983;328903;94;-2064;518;-170;-67;-40;-173;-585;-1455;19069
48;984;329355;37;-1996;451;-142;-41;-17;-182;-590;-1414;39482
48;985;329690;67;-2067;257;-91;-29;5;-169;-568;-1345;9044
48;986;330008;97;-2049;211;13;3;7;-182;-570;-1340;23138
48;987;330355;141;-2046;308;56;-45;51;-181;-576;-1351;25381
48;988;330689;22;-2065;311;-67;-536;14;-197;-582;-1398;60137
48;989;331007;-144;-2061;41;-397;-680;4;-238;-582;-1400;56678
48;990;331357;0;-2141;125;37;-666;273;-327;-526;-1346;15672
48;991;331585;-196;-1893;136;-239;-288;13;-402;-518;-1387;47340
48;992;331904;-334;-2041;-2;81;198;-203;-421;-518;-1411;35911
48;993;332344;-220;-2039;-151;-243;59;185;-381;-523;-1320;9790
48;994;332581;-173;-2156;-269;48;-947;41;-408;-500;-1337;23935
48;995;332900;-39;-2076;-5;466;-365;-244;-443;-532;-1513;26059
48;996;333341;69;-2185;184;-94;688;-133;-365;-551;-1530;25454
48;997;333682;-50;-1941;282;8;86;76;-339;-551;-1509;10444
48;998;334005;41;-2108;178;-5;-385;189;-358;-556;-1518;1251
48;999;334352;-177;-1853;163;-49;-489;107;-390;-525;-1590;60322
48;1000;334693;-94;-1854;315;36;-382;81;-409;-525;-1602;7962
48;1001;335241;-157;-2031;238;-51;-433;5;-413;-504;-1733;35476
48;1002;335559;-177;-2061;104;-207;-534;-76;-389;-531;-1742;41060
48;1003;335795;-165;-2095;-28;-73;-727;-17;-341;-536;-1724;38577
48;1004;336023;-144;-2040;-32;-79;-905;-22;-301;-545;-1763;54645
48;1005;336343;139;-2121;59;104;-579;-71;-237;-539;-1827;34973
48;1006;336669;96;-2059;230;-32;235;3;-168;-542;-1847;60416
48;1007;336920;-76;-2037;255;23;499;40;-179;-537;-1821;27552
48;1008;337240;-409;-1794;3;463;-157;134;-265;-542;-1835;18587
48;1009;337559;-167;-1972;232;-59;-493;16;-230;-529;-1879;28331
48;1010;337787;-75;-2137;350;456;-17;-176;-192;-521;-1906;14299
48;1011;338239;70;-1924;759;-69;200;-159;-178;-391;-2140;18188
48;1012;338680;214;-1830;1027;-136;-115;6;-167;-402;-2125;49026
48;1013;338998;10;-1893;575;-14;145;-16;-168;-412;-2113;22571
48;1014;339350;-144;-1731;432;-370;-440;173;-221;-475;-2097;8517
48;1015;339578;-320;-2014;505;84;-202;-180;-318;-556;-2089;50879
48;1016;339897;-251;-2191;163;232;-182;314;-389;-669;-2150;56882
48;1017;340373;214;-1959;310;-122;104;-67;-339;-625;-2219;48843
48;1018;340691;54;-2044;356;-102;37;25;-403;-669;-2156;58287
48;1019;341010;-444;-1880;-102;190;-54;48;-458;-650;-2156;39005
48;1020;341368;-451;-1902;314;216;-243;-246;-444;-667;-2139;39329
48;1021;341687;-656;-2086;444;198;-278;35;-416;-798;-2129;55953
48;1022;341907;-573;-1948;533;356;411;134;-445;-808;-2191;27856
48;1023;342352;-118;-2138;381;-240;251;-393;-408;-848;-2275;30861
48;1024;342588;43;-1852;545;-390;-2;-207;-292;-865;-2249;63609
48;1025;342907;-263;-1507;212;907;59;200;-292;-885;-2256;58059
48;1026;343242;-539;-1909;312;-209;-609;-24;-362;-901;-2205;41115
48;1027;343690;13;-2559;-109;22;57;-38;-222;-918;-2235;34962
48;1028;344024;-33;-1962;365;-126;-106;55;-240;-879;-2332;15856
48;1029;344344;-138;-2312;344;-498;-515;488;-246;-916;-2231;19011
48;1030;344692;-330;-1884;109;219;-253;-139;-304;-907;-2237;36615
48;1031;344920;-284;-1928;142;66;15;-89;-318;-939;-2245;11617
48;1032;345346;-235;-2356;407;-62;199;-155;-248;-919;-2236;26545
48;1033;345683;75;-2278;130;-188;-40;111;-244;-911;-2296;23487
48;1034;345919;51;-1843;474;-24;-47;102;-246;-915;-2291;50988
48;1035;346349;-191;-1913;59;191;4;273;-277;-912;-2297;8086
48;1036;346683;-171;-1977;291;-16;-215;-112;-310;-898;-2298;28150
48;1037;347025;15;-2042;623;61;208;109;-269;-888;-2321;51521
48;1038;347353;-158;-1806;424;-207;140;54;-289;-874;-2361;43989
48;1039;347581;-143;-2146;487;-17;-77;85;-308;-901;-2309;23677
48;1040;347900;-51;-1858;-31;210;-60;-209;-335;-899;-2298;44830
48;1041;348243;-253;-1900;318;85;132;-18;-341;-896;-2302;63377
48;1042;348471;-214;-2312;373;67;34;-172;-338;-906;-2302;13179
48;1043;348789;108;-1767;305;-129;167;-112;-318;-886;-2354;12449
48;1044;349360;-89;-2410;270;-157;86;15;-387;-905;-2284;11195
48;1045;349682;-248;-1991;339;-46;60;-1;-385;-895;-2306;35242
48;1046;350007;-184;-2104;498;40;102;-110;-384;-901;-2293;61007
48;1047;350365;-66;-1590;256;160;-175;-197;-347;-898;-2338;21155
48;1048;350684;-42;-1901;506;75;-60;3;-372;-907;-2285;13544
48;1049;351017;-96;-2424;241;-223;-118;157;-385;-906;-2285;63588
48;1050;351364;-210;-2039;264;1;14;36;-390;-915;-2258;39983
48;1051;351683;-206;-2090;490;99;129;-137;-393;-902;-2287;28484
48;1052;351911;153;-2652;26;-130;301;-210;-395;-915;-2277;20714
48;1053;352231;-25;-1824;493;-111;103;50;-398;-912;-2264;3363
48;1054;352475;-186;-2212;466;114;-100;106;-433;-912;-2246;34392
48;1055;352916;-349;-2038;254;-239;62;-19;-494;-879;-2290;36238
48;1056;353345;-246;-1995;670;-13;121;-95;-475;-898;-2260;50818
48;1057;353701;-300;-2015;-9;389;-223;109;-451;-908;-2233;19140
48;1058;354020;-156;-1950;466;18;-560;-8;-445;-894;-2286;25705
48;1059;354340;-150;-2356;545;-128;-256;131;-403;-891;-2299;36571
48;1060;354698;-293;-2103;263;-376;-485;177;-390;-896;-2310;81
48;1061;355017;-133;-2067;489;39;-279;-158;-331;-917;-2303;51487
48;1062;355343;-347;-1804;40;1024;-368;164;-278;-882;-2350;59739
48;1063;355571;-377;-1939;504;-232;-338;212;-269;-888;-2386;12177
48;1064;355912;-221;-2100;631;-174;-798;333;-204;-907;-2353;34005
48;1065;356354;-273;-1974;192;-358;-795;165;-175;-941;-2261;44167
48;1066;356672;-386;-2034;334;-28;-303;-140;-119;-963;-2166;6004
48;1067;356907;-182;-2377;454;71;-293;-146;-53;-938;-2173;15225
48;1068;357357;-353;-1995;320;-352;-1299;325;30;-955;-2119;14071
48;1069;357679;-91;-2088;525;-8;-1124;339;-14;-969;-1923;49973
48;1070;358370;56;-1982;456;-271;-689;115;-229;-989;-1777;63409
48;1071;358689;-100;-2201;632;103;209;-113;-231;-996;-1746;3658
48;1072;359023;-398;-1380;609;601;435;-280;-142;-990;-1916;15202
48;1073;359366;-157;-1975;692;-79;-341;213;-108;-985;-1855;56010
48;1074;359685;-367;-1095;224;168;-523;-10;-193;-980;-1837;52740
48;1075;360018;-398;-1964;458;4;-216;-96;-263;-979;-1778;37730
48;1076;360365;-42;-2496;365;-308;70;43;-176;-959;-1687;54459
48;1077;360684;-183;-2086;153;-190;-116;264;-113;-978;-1744;54098
48;1078;360919;64;-2030;466;-120;-693;-66;-155;-979;-1698;16929
48;1079;361369;-443;-1758;140;260;-1140;186;-310;-956;-1676;40906
48;1080;361810;-232;-1871;485;-88;-458;-235;-488;-891;-1713;57196
48;1081;362235;242;-1833;466;39;-557;22;-494;-901;-1886;5100
48;1082;362471;16;-2046;631;-425;309;157;-508;-891;-1814;21500
48;1083;362699;-28;-2243;714;346;-7;158;-533;-892;-1808;61203
48;1084;363018;-406;-2101;329;-530;-142;-27;-610;-908;-1899;28459
48;1085;363345;-360;-2047;514;280;-142;-285;-583;-878;-1824;39869
48;1086;363600;31;-2130;533;-366;-243;-677;-537;-908;-1837;55674
48;1087;363919;-47;-2054;52;-146;-645;-129;-518;-726;-1828;28061
48;1088;364239;326;-2118;347;-770;-13;109;-503;-725;-1756;45927
48;1089;364471;19;-1993;-159;194;-547;447;-536;-695;-1675;36087
48;1090;364812;-336;-1947;16;-455;-623;-600;-538;-669;-1690;43777
48;1091;365360;-340;-1943;184;58;-371;150;-466;-618;-1765;28159
48;1092;365682;-105;-1801;94;45;-739;183;-460;-618;-1876;19476
48;1093;365918;-4;-2156;-137;-454;-1750;-4;-444;-609;-1930;7605
48;1094;366363;24;-2385;349;39;-1041;-151;-362;-622;-1977;15705
48;1095;366681;-79;-1964;298;109;-786;-269;-225;-601;-2133;37506
48;1096;367038;146;-1976;271;279;-800;275;-99;-573;-2182;14871
48;1097;367358;149;-2037;257;15;-1235;131;-5;-584;-2117;19044
48;1098;367677;232;-2335;360;-31;-396;98;87;-615;-1986;34919
48;1099;368033;-291;-1668;327;451;-658;110;98;-594;-2028;23286
48;1100;368362;95;-1896;516;-49;-648;86;128;-629;-1886;42569
48;1101;368685;367;-2062;228;282;362;-442;143;-623;-1906;54981
48;1102;368917;233;-2155;247;173;594;-390;157;-582;-2046;38236
48;1103;369375;6;-2351;402;-354;328;84;169;-587;-2023;54161
48;1104;369709;372;-2297;67;73;394;-375;49;-585;-2128;13348
48;1105;370027;131;-2177;482;-220;641;-506;89;-559;-2162;28423
48;1106;370370;270;-1636;361;634;-188;-398;127;-496;-2238;25133
48;1107;370705;515;-1680;586;-287;-413;253;156;-495;-2235;29064
48;1108;371023;513;-1962;687;148;226;215;153;-537;-2160;29084
48;1109;371369;161;-1982;358;728;507;174;70;-541;-2219;30803
48;1110;371602;322;-1535;707;-231;34;-23;45;-496;-2285;52018
48;1111;371920;342;-2471;777;-149;60;245;38;-541;-2210;40161
48;1112;372361;362;-1669;465;-550;347;-101;-49;-526;-2267;45027
48;1113;372597;148;-2489;451;-428;-23;430;-106;-587;-2143;40104
48;1114;372920;106;-1620;354;4;113;-14;-126;-552;-2231;22240
48;1115;373360;269;-2154;72;411;1552;200;-225;-569;-2151;1333
48;1116;373705;-452;-1946;237;-315;651;34;-445;-535;-2100;20982
48;1117;374024;-345;-1730;63;267;-263;311;-521;-501;-2026;39853
48;1118;374363;-1061;-2165;55;511;1014;612;-596;-438;-2010;51472
48;1119;374708;-953;-2106;434;-126;-338;-120;-731;-398;-2060;9009
48;1120;375256;-594;-1641;422;96;125;168;-602;-465;-2049;34863
48;1121;375574;-971;-2017;373;170;-228;252;-646;-438;-2097;29806
48;1122;375812;-696;-1899;955;580;-132;-429;-670;-398;-2214;59797
48;1123;376040;-1008;-2297;766;-93;382;245;-584;-371;-2266;38934
48;1124;376363;-702;-1974;754;-110;44;-325;-596;-407;-2222;33
48;1125;376686;-291;-1939;732;-347;-288;1361;-576;-470;-2121;57233
48;1126;376938;-731;-1769;758;887;-938;1180;-713;-284;-2190;54760
48;1127;377262;-579;-1813;833;-227;273;-719;-691;-405;-2199;30242
48;1128;377580;-738;-1904;903;203;-482;443;-601;-362;-2202;52448
48;1129;377809;-717;-1692;1020;273;-641;703;-642;-313;-2302;50096
48;1130;378257;-830;-1203;1428;176;-337;292;-609;-129;-2504;33258
48;1131;378698;-882;-1434;1207;-582;-86;-225;-592;-220;-2447;1455
48;1132;379020;-660;-1751;866;-679;280;-200;-527;-369;-2344;42983
48;1133;379373;-659;-1699;876;-49;-40;2;-525;-362;-2350;55074
48;1134;379731;-686;-1830;870;129;-91;39;-536;-369;-2338;52173
48;1135;380050;-589;-1725;938;68;-88;54;-525;-360;-2357;23592
48;1136;380417;-605;-1723;932;-8;-11;-46;-508;-366;-2349;21663
48;1137;380649;-564;-1825;953;42;-63;-19;-503;-363;-2359;56226
48;1138;380967;-631;-1740;961;-37;-22;-112;-495;-351;-2373;34816
48;1139;381431;-447;-1750;937;99;-83;11;-494;-372;-2380;38773
48;1140;381753;-547;-1739;986;35;-48;43;-475;-357;-2381;41812
48;1141;382072;-571;-1750;1033;63;-84;33;-479;-355;-2382;7150
48;1142;382407;-473;-1818;991;-24;14;10;-466;-371;-2384;13830
48;1143;382645;-453;-1790;1006;67;-78;4;-451;-361;-2411;2185
48;1144;382964;-524;-1810;1060;15;-74;51;-442;-357;-2403;38207
48;1145;383405;-486;-1766;984;-35;-117;103;-436;-353;-2396;6904
48;1146;383746;-522;-1707;1008;-144;152;-249;-456;-360;-2388;63161
48;1147;384080;-164;-1775;889;-634;968;-1580;-413;-430;-2322;36934
48;1148;384404;451;-1824;704;-231;496;-245;-292;-542;-2247;9765
48;1149;384747;1941;-1264;600;-1509;248;-4774;-64;-462;-2122;38158
48;1150;384980;2200;-760;730;-351;-375;-1483;533;-151;-2134;12763
48;1151;385299;2100;577;552;671;89;-1995;778;294;-1982;16244
48;1152;385618;1685;1738;204;-574;-272;-1229;653;637;-1877;25448
48;1153;385870;1008;1615;715;-623;-19;-557;514;867;-1919;64796
48;1154;386405;976;1682;766;-145;-88;-29;463;972;-1775;27800
48;1155;386739;979;1715;830;-37;-50;86;518;950;-1699;42744
48;1156;386979;1092;1606;818;-96;-50;106;547;908;-1597;51174
48;1157;387299;1138;1586;853;-69;-57;32;606;885;-1485;25757
48;1158;387941;1386;1469;877;588;36;1061;685;829;-1432;59045
48;1159;388487;1338;-1841;837;92;113;1722;503;-375;-1598;12461
48;1160;388718;514;-2218;742;-177;-108;710;145;-406;-1636;20190
48;1161;389036;-122;-1811;943;-590;-458;54;-219;-518;-2223;41924
48;1162;389378;-141;-1986;902;118;-344;426;-407;-498;-2248;63823
48;1163;389605;-271;-2034;922;173;-769;593;-406;-453;-2293;18211
48;1164;389926;-315;-1662;1036;320;-188;175;-424;-358;-2406;51999
48;1165;390389;-270;-1763;1145;46;-47;99;-440;-308;-2461;61662
48;1166;390706;-324;-1849;1219;-104;-91;-68;-434;-306;-2462;1398
48;1167;391027;-395;-1690;1252;112;-54;25;-438;-289;-2472;43813
48;1168;391388;-263;-1750;1276;-204;107;-295;-416;-321;-2473;62031
48;1169;391705;-98;-1808;886;-608;48;-431;-367;-412;-2388;36546
48;1170;392022;-319;-2301;877;-24;-798;312;-284;-450;-2363;46673
48;1171;392356;-30;-1895;721;-275;133;149;-303;-454;-2341;47671
48;1172;392598;-730;-1767;744;324;-378;109;-457;-442;-2247;52209
48;1173;392915;-402;-1762;571;-58;173;-414;-405;-492;-2260;23096
48;1174;393249;-190;-1590;773;183;367;218;-453;-438;-2278;37803
48;1175;393699;-226;-1592;605;-363;-348;-1154;-326;-502;-2281;16972
48;1176;394032;31;-1926;788;-26;-241;205;-306;-497;-2278;26815
48;1177;394351;122;-1890;734;122;-190;75;-301;-482;-2308;16356
48;1178;394692;-50;-1958;815;63;-67;118;-299;-474;-2321;1291
48;1179;394920;53;-1897;831;-22;-34;-24;-311;-459;-2317;62819
48;1180;395348;-43;-1898;824;-24;-26;14;-319;-465;-2327;27183
48;1181;395680;51;-1858;812;-169;-33;-62;-304;-482;-2300;59760
48;1182;395915;90;-1977;814;-41;51;-114;-287;-502;-2272;1516
48;1183;396343;69;-1755;741;113;82;-88;-283;-503;-2287;61599
48;1184;396679;151;-1847;850;-150;-375;149;-257;-536;-2240;52906
48;1185;397020;302;-1887;704;-32;-296;163;-212;-552;-2221;23974
48;1186;397342;-301;-2479;505;131;-46;239;-255;-550;-2174;43971
48;1187;397570;193;-1819;435;97;-346;-196;-284;-554;-2194;53152
48;1188;397891;296;-2019;617;141;272;-265;-197;-560;-2204;9008
48;1189;398233;479;-1800;500;-90;147;-225;-185;-589;-2151;60472
48;1190;398460;88;-1986;854;196;68;47;-164;-577;-2164;7493
48;1191;398781;114;-1958;366;-140;-727;100;-231;-538;-2250;50407
48;1192;399350;633;-1975;200;0;-381;-314;-50;-572;-2172;32400
48;1193;399667;706;-1662;556;146;275;38;-37;-552;-2214;39538
48;1194;399984;-12;-2646;326;-225;355;297;-109;-534;-2226;59696
48;1195;400348;195;-1681;768;91;128;-134;-153;-512;-2274;40703
48;1196;400665;221;-1888;436;-291;199;50;-151;-500;-2323;13148
48;1197;400998;253;-1727;723;-149;-38;-212;-161;-504;-2296;15966
48;1198;401340;150;-2053;375;227;-536;154;-181;-544;-2229;4134
48;1199;401661;267;-2099;641;114;76;-93;-157;-541;-2251;65268
48;1200;401889;326;-2093;211;-296;208;73;-143;-539;-2260;3972
48;1201;402213;465;-1934;631;-1;-189;137;-163;-547;-2224;35046
48;1202;402448;56;-2458;295;-518;-219;-47;-178;-555;-2189;43406
48;1203;402891;304;-1946;530;36;123;-183;-152;-572;-2179;16643
48;1204;403315;98;-1734;339;78;193;-70;-137;-576;-2172;57394
48;1205;403671;196;-1991;416;4;269;115;-190;-568;-2186;43460
48;1206;403989;124;-1932;205;-62;649;-56;-257;-594;-2091;34062
48;1207;404316;-265;-2178;372;179;250;-263;-396;-608;-1983;45067
48;1208;404672;-63;-1800;296;56;-68;-10;-365;-621;-1957;20843
48;1209;404990;-176;-2277;314;64;-224;326;-405;-589;-2012;64335
48;1210;405310;-147;-1696;192;13;-92;-333;-418;-595;-2020;26164
48;1211;405541;-52;-2095;403;126;47;-263;-409;-601;-2026;10909
48;1212;405882;227;-1993;39;-154;-1;371;-350;-597;-2045;33787
48;1213;406323;24;-2361;370;-136;-61;211;-395;-591;-2026;36347
48;1214;406640;-163;-2023;136;-9;-94;-85;-416;-603;-1991;59960
48;1215;406880;-66;-1990;309;168;-11;-139;-397;-603;-2027;21472
48;1216;407320;-21;-1873;158;13;251;114;-371;-594;-2028;35527
48;1217;407638;4;-2120;312;85;-156;134;-396;-581;-2043;64532
48;1218;407982;-470;-2156;-9;-204;1090;-155;-469;-567;-2004;21794
48;1219;408323;-18;-2106;11;513;885;709;-382;-616;-1896;57213
48;1220;408641;-305;-2003;-198;-344;-96;131;-520;-395;-1787;50272
48;1221;408974;-1119;-2019;831;-127;-479;167;-141;-282;-2056;41858
48;1222;409321;-60;-1898;-89;-324;-182;-79;-350;-224;-2025;59417
48;1223;409643;-232;-2144;75;223;94;112;-404;-229;-2159;53375
48;1224;409976;87;-2089;328;-81;203;84;-391;-232;-2209;5726
48;1225;410319;-126;-2163;176;-460;-966;-6;-383;-254;-2150;57482
48;1226;410637;-1;-2077;-193;98;-43;-163;-398;-243;-2060;43251
48;1227;410868;-149;-1871;-30;23;-168;-163;-377;-253;-2070;8301
48;1228;411318;213;-1877;75;216;-51;25;-315;-263;-2149;62231
48;1229;411758;-48;-2316;197;155;-31;192;-360;-241;-2184;2543
48;1230;412186;-262;-1943;-205;-211;-99;-63;-415;-235;-2019;17627
48;1231;412425;-201;-2337;-226;281;112;59;-421;-235;-2033;55133
48;1232;412653;-44;-1896;-82;82;266;159;-431;-233;-2028;28373
48;1233;412971;-304;-1875;80;15;79;73;-442;-226;-2022;63995
48;1234;413290;-290;-1788;-36;141;148;-153;-468;-214;-2011;46444
48;1235;413545;-289;-1848;-22;61;-85;-90;-436;-236;-2048;6673
48;1236;413863;79;-2134;14;-222;135;22;-428;-244;-2041;56624
48;1237;414186;-168;-1923;75;98;-1;-61;-411;-233;-2041;55129
48;1238;414414;-155;-2461;15;-82;-149;-1;-431;-240;-2040;13318
48;1239;414754;-206;-1870;-101;-24;-257;-1;-429;-232;-2028;62874
48;1240;415305;-101;-2001;-209;-84;-922;89;-376;-253;-2179;1745
48;1241;415622;-86;-1979;-74;-258;-1124;28;-339;-247;-2240;20554
48;1242;415857;-280;-2443;-157;226;-1498;-5;-306;-257;-2342;18470
48;1243;416302;-121;-1994;-66;-118;-995;-18;-119;-259;-2388;37373
48;1244;416619;-285;-2040;-263;60;-1337;-3;-10;-260;-2364;38594
48;1245;416976;138;-2059;-219;277;-1882;75;130;-253;-2248;62126
48;1246;417296;-98;-1996;217;42;-930;-47;157;-256;-2093;30278
48;1247;417614;119;-1961;179;-114;-413;96;149;-274;-2018;42790
48;1248;417974;66;-2065;77;-2;-180;12;122;-274;-1962;23777
48;1249;418293;-14;-2047;106;5;-83;-9;126;-263;-1960;56316
48;1250;418611;-101;-2069;77;-3;-90;-33;115;-269;-1961;8444
48;1251;418843;-44;-2078;44;222;-217;-110;101;-268;-1928;36229
48;1252;419294;90;-1935;9;-274;-1181;202;87;-259;-1873;26192
48;1253;419628;-81;-2057;-211;46;-1442;-16;-53;-253;-1742;28329
48;1254;419949;-158;-2018;-135;157;-1173;-184;-212;-251;-1839;30419
48;1255;420292;150;-1986;-112;59;-1334;133;-310;-254;-1945;54249
48;1256;420629;203;-2188;-134;43;-1272;-98;-386;-246;-2123;23732
48;1257;420947;44;-2114;-44;-15;-707;-22;-365;-248;-2256;36762
48;1258;421289;-41;-2068;167;111;-279;30;-327;-238;-2336;6391
48;1259;421520;32;-2076;227;-8;-111;-15;-329;-240;-2352;57480
48;1260;421839;20;-2064;189;-51;1;-39;-311;-246;-2344;16156
48;1261;422279;59;-2040;270;88;24;22;-280;-249;-2348;25018
48;1262;422514;77;-1891;331;-50;69;64;-298;-234;-2350;5330
48;1263;422832;-65;-2180;-17;-542;40;-121;-341;-261;-2164;27217
48;1264;423276;-35;-2013;-256;292;273;320;-374;-253;-2102;2072
48;1265;423616;-220;-1851;-76;235;9;-162;-410;-248;-2231;30238
48;1266;423934;-371;-2155;52;166;404;-121;-389;-241;-2213;27324
48;1267;424277;26;-1996;37;54;-161;78;-384;-243;-2277;2809
48;1268;424618;26;-2011;179;-104;-326;-96;-376;-251;-2280;31426
48;1269;425169;-19;-2210;78;-45;2275;531;-401;-243;-2108;42029
48;1270;425486;-292;-2119;187;269;568;162;-472;-248;-2009;9804
48;1271;425722;-389;-1934;-197;-180;503;-40;-492;-230;-1926;61458
48;1272;425953;-391;-2124;-285;174;-108;-207;-472;-248;-1913;1919
48;1273;426272;-324;-1886;234;-267;608;154;-424;-240;-1874;13419
48;1274;426590;-244;-2018;61;234;689;-132;-299;-333;-1651;1921
48;1275;426844;-143;-2008;-149;73;340;147;-312;-355;-1689;54879
48;1276;427163;-121;-2060;-118;96;10;-59;-362;-364;-1665;59823
48;1277;427481;-167;-2042;-160;-48;-60;41;-356;-354;-1647;26697
48;1278;427713;-161;-2051;-158;-11;-68;7;-348;-344;-1642;44402
48;1279;428161;-152;-2056;-222;72;43;-58;-344;-347;-1663;22227
48;1280;428604;-250;-2083;-104;284;147;410;-358;-370;-1687;49353
48;1281;428922;-319;-1984;-98;-62;-200;-156;-405;-350;-1694;5230
48;1282;429264;-81;-2011;-170;26;-65;-203;-350;-341;-1659;37218
48;1283;429496;-22;-2053;-226;-196;21;33;-309;-339;-1655;31575
48;1284;429814;-54;-2056;-232;-48;-26;45;-311;-332;-1638;23781
48;1285;430277;-89;-2070;-142;52;-109;-19;-315;-355;-1666;44360
48;1286;430594;-75;-2042;-175;6;-29;31;-332;-352;-1665;61149
48;1287;430913;55;-2070;-264;102;-425;-84;-317;-324;-1705;2272
48;1288;431279;-46;-1967;-104;-101;2;30;-336;-351;-1792;60272
48;1289;431597;-164;-2003;-181;-48;63;41;-297;-429;-1542;8298
48;1290;431919;-3;-1988;-151;16;268;-145;-212;-535;-1404;48552
48;1291;432257;-147;-2067;-128;31;-144;28;-240;-539;-1409;48922
48;1292;432493;-171;-2044;-151;9;-32;-53;-220;-563;-1409;13296
48;1293;432811;261;-2131;16;-123;55;-6;-180;-571;-1377;13101
48;1294;433145;-327;-1999;-341;66;204;6;-157;-537;-1404;26534
48;1295;433593;212;-2074;230;-46;-68;-59;-114;-451;-1304;27687
48;1296;433930;44;-2000;87;-312;-224;316;-109;-433;-1321;17967
48;1297;434249;-39;-2010;-193;-123;59;349;-424;-377;-1242;20604
48;1298;434590;63;-2064;171;5;-669;-225;-285;-407;-1255;29321
48;1299;434822;-87;-2092;55;-82;-756;-167;-346;-411;-1216;6628
48;1300;435246;17;-2067;-225;-48;-248;292;-408;-387;-1182;64379
48;1301;435584;-128;-2031;-161;-10;22;151;-482;-381;-1192;50501
48;1302;435819;-250;-2051;-224;-18;-48;-16;-545;-360;-1180;58764
48;1303;436248;-265;-1998;-286;29;52;158;-557;-342;-1129;50514
48;1304;436585;-260;-2018;-278;84;162;60;-559;-348;-1124;42471
48;1305;436926;-289;-2039;-239;95;292;47;-547;-358;-1138;61962
48;1306;437245;-205;-2082;-359;-245;23;-74;-511;-348;-1086;40628
48;1307;437476;-263;-1977;-370;57;-19;4;-480;-332;-1078;61129
48;1308;437795;-263;-2016;-268;-17;204;-24;-482;-353;-1087;55276
48;1309;438137;-172;-1981;-347;53;29;-69;-442;-359;-1087;20430
48;1310;438365;-120;-2013;-408;4;2;7;-423;-365;-1112;13918
48;1311;438683;-143;-2035;-285;-9;-78;26;-413;-360;-1110;38595
48;1312;439254;-131;-2016;-309;-5;-15;27;-408;-358;-1105;51941
48;1313;439578;-93;-2051;-312;-8;-6;100;-411;-356;-1106;10534
48;1314;439896;-188;-1983;-308;5;-28;60;-447;-349;-1100;35566
48;1315;440258;-214;-2016;-309;50;49;-53;-443;-355;-1111;51353
48;1316;440576;-164;-2040;-299;-13;-17;-84;-401;-352;-1110;42150
48;1317;440909;-130;-2034;-304;7;12;-11;-402;-354;-1107;14315
48;1318;441252;-123;-1993;-322;-45;64;10;-381;-353;-1100;46959
48;1319;441570;-100;-2028;-354;-7;6;-10;-386;-345;-1090;62050
48;1320;441798;-117;-2009;-320;64;-10;-31;-369;-345;-1108;60379
48;1321;442125;-127;-2016;-358;-48;18;64;-384;-339;-1093;32917
48;1322;442362;-190;-1970;-380;-58;-38;86;-403;-334;-1078;45445
48;1323;442806;-198;-2020;-390;46;-45;-13;-406;-318;-1085;49462
48;1324;443234;-193;-2027;-351;3;-50;18;-415;-327;-1072;54148
48;1325;443590;-260;-1978;-368;-6;-24;10;-426;-323;-1078;54983
48;1326;443908;-276;-1993;-299;127;-8;152;-426;-335;-1093;11442
48;1327;444227;-298;-2014;-291;-10;-37;-30;-448;-332;-1103;12272
48;1328;444583;-307;-1992;-339;42;-52;-25;-466;-327;-1101;34958
48;1329;444905;-294;-2009;-275;8;-73;-46;-449;-325;-1108;3546
48;1330;445228;-242;-2022;-282;-49;-18;-26;-447;-345;-1104;58877
48;1331;445455;-221;-2036;-267;-13;8;52;-443;-346;-1118;48483
48;1332;445796;-257;-2017;-333;-47;-225;-78;-437;-339;-1101;46260
48;1333;446237;-241;-1995;-229;-76;-208;-77;-452;-361;-1130;54289
48;1334;446554;-196;-2020;-269;49;-136;45;-472;-365;-1151;9346
48;1335;446790;-206;-2004;-104;-91;-137;-143;-464;-375;-1176;19776
48;1336;447235;-251;-2066;-163;61;84;67;-498;-378;-1187;33899
48;1337;447557;-246;-2023;-65;56;7;27;-504;-381;-1196;54367
48;1338;448240;-194;-2037;-192;-132;-329;-220;-508;-367;-1160;31462
48;1339;448557;-152;-2095;-135;180;-95;-170;-529;-365;-1151;30486
48;1340;448891;-214;-2030;-197;-1;38;20;-512;-364;-1158;14868
48;1341;449233;-213;-2008;-216;-72;168;-64;-517;-356;-1142;1900
48;1342;449551;-212;-1982;-278;-270;-49;160;-477;-344;-1109;43288
48;1343;449884;-237;-2046;-209;67;10;-53;-476;-333;-1128;35345
48;1344;450227;-189;-2043;-258;0;-49;57;-466;-334;-1117;63902
48;1345;450552;-207;-2026;-207;38;-50;9;-469;-337;-1114;37212
48;1346;450783;-218;-2011;-191;13;-36;-16;-481;-341;-1119;63638
48;1347;451232;-207;-2043;-210;17;-28;-17;-482;-341;-1115;64430
48;1348;451671;-213;-2034;-219;-29;-48;-1;-493;-332;-1100;31405
48;1349;452095;-213;-2049;-212;50;-24;-2;-486;-337;-1108;3380
48;1350;452331;-210;-2014;-215;-40;-36;76;-494;-338;-1109;43488
48;1351;452559;-244;-2021;-173;12;-21;27;-490;-325;-1110;59893
48;1352;452877;-240;-2029;-203;-20;-12;33;-493;-335;-1092;2989
48;1353;453206;-219;-2020;-224;29;-46;21;-488;-324;-1096;19793
48;1354;453458;-240;-2021;-225;-28;-46;-8;-489;-340;-1095;10465
48;1355;453776;-259;-1977;-244;6;-40;-20;-498;-328;-1096;28609
48;1356;454096;-249;-2024;-207;-37;-36;34;-510;-337;-1096;12411
48;1357;454323;-245;-2036;-203;3;-35;-6;-507;-336;-1100;32021
48;1358;454668;-265;-2030;-264;-24;-10;-3;-508;-334;-1104;59514
48;1359;455214;-281;-1995;-234;4;-15;40;-526;-327;-1095;27218
48;1360;455532;-325;-2013;-210;-18;-38;8;-531;-330;-1098;39129
48;1361;455774;-321;-2061;-203;50;58;54;-525;-322;-1097;15064
48;1362;456214;-313;-2020;-209;-8;-67;-51;-521;-343;-1112;42892
48;1363;456531;-302;-1991;-256;-9;-8;1;-526;-333;-1109;47571
48;1364;456888;-323;-2042;-199;5;-30;1;-518;-351;-1101;12217
48;1365;457207;-297;-1996;-197;15;-29;65;-514;-341;-1112;48657
48;1366;457525;-337;-2022;-187;3;-51;-16;-531;-333;-1098;51153
48;1367;457881;-309;-2009;-219;-41;-57;-14;-537;-336;-1088;37978
48;1368;458201;-335;-2005;-227;33;14;24;-536;-333;-1084;4167
48;1369;458528;-322;-1986;-243;4;-30;-15;-534;-326;-1097;54906
48;1370;458756;-299;-2054;-210;21;-22;44;-524;-335;-1115;61925
48;1371;459208;-378;-1987;-217;22;-58;-153;-551;-326;-1110;33977
48;1372;459541;-268;-2012;-244;-5;-110;-40;-510;-334;-1110;508
48;1373;459859;-266;-2013;-208;15;-239;-126;-516;-340;-1103;20330
48;1374;460201;-226;-1982;-172;-11;-290;86;-515;-344;-1153;22694
48;1375;460535;-205;-1993;-14;24;246;-7;-549;-348;-1182;38485
48;1376;460852;-262;-1978;-134;62;131;200;-540;-347;-1142;38973
48;1377;461204;-194;-1953;4;38;63;76;-534;-357;-1153;56074
48;1378;461431;-15;-1885;259;209;-172;-1137;-562;-354;-1153;13818
48;1379;461750;1045;-1631;771;-602;1698;-1209;-270;-322;-1245;7388
48;1380;462189;452;-1907;309;-486;1026;-465;31;-275;-1549;5032
48;1381;462425;-163;-1859;538;-558;479;389;61;-338;-1503;40696
48;1382;462747;538;-1992;53;250;-42;-2533;-161;-300;-1739;25101
48;1383;463187;841;-1873;677;1631;-1307;528;382;-489;-1750;27562
48;1384;463527;875;-1125;1148;694;596;-814;289;-531;-1852;31515
48;1385;463849;985;-2981;815;-884;-596;270;235;-622;-1755;603
48;1386;464188;564;-1209;816;126;-128;-85;219;-602;-1828;30172
48;1387;464528;1206;-2146;746;388;-43;-184;298;-564;-1798;41993
48;1388;465079;1241;-2608;661;-215;-160;-73;240;-606;-1762;44473
48;1389;465396;869;-1593;984;55;-159;-314;264;-576;-1873;18952
48;1390;465632;1233;-1962;852;130;308;-258;296;-582;-1826;43966
48;1391;465859;608;-1017;949;249;365;47;236;-561;-1933;21478
48;1392;466179;933;-2304;724;-152;-334;-303;245;-597;-1829;49632
48;1393;466506;1154;-1452;1142;197;82;-112;267;-563;-1847;36598
48;1394;466757;1096;-1700;555;208;496;-257;290;-582;-1821;6122
48;1395;467077;808;-1424;998;95;142;-14;290;-554;-1916;51311
48;1396;467395;724;-1600;743;243;-231;-33;234;-594;-1839;47922
48;1397;467623;1108;-1473;1048;276;-63;-321;261;-555;-1895;48996
48;1398;468070;620;-1126;911;241;491;-333;197;-582;-1925;46250
48;1399;468510;633;-1399;713;-156;-333;409;181;-601;-1882;55069
48;1400;468827;1131;-2506;970;-198;-112;587;210;-598;-1900;1316
48;1401;469177;355;-1698;605;163;635;731;101;-667;-1824;55892
48;1402;469404;-63;-2512;770;-458;-201;569;-81;-676;-1740;35495
48;1403;469723;-189;-1403;754;-33;-563;-37;-82;-676;-1724;23670
48;1404;470188;181;-1059;491;745;70;-85;-24;-665;-1760;26398
48;1405;470509;233;-3350;530;-1051;-588;-849;-62;-671;-1698;20579
48;1406;470828;682;-2091;823;276;-540;-22;-21;-660;-1707;6176
48;1407;471186;340;-1457;398;277;401;-337;2;-665;-1724;33781
48;1408;471503;457;-2420;720;-491;-453;-533;48;-661;-1737;26953
48;1409;471825;455;-1132;871;282;-188;-188;56;-659;-1749;26246
48;1410;472163;696;-2309;396;111;421;648;93;-644;-1716;18159
48;1411;472399;217;-1438;750;421;314;66;67;-638;-1818;25161
48;1412;472716;285;-2178;634;111;35;175;-63;-671;-1696;5513
48;1413;473051;438;-2637;1036;-254;3;75;2;-663;-1799;11705
48;1414;473498;-5;-1653;916;-44;306;492;15;-659;-1902;10765
48;1415;473831;-136;-1677;513;191;-307;86;-168;-678;-1703;33451
48;1416;474154;-67;-2129;792;-244;-95;-430;-166;-674;-1705;14582
48;1417;474623;-299;-2284;61;222;263;196;-124;-657;-1556;47692
48;1418;475157;-191;-2330;572;367;205;-193;-177;-667;-1630;18907
48;1419;475490;1;-1430;329;-36;-52;-269;-91;-664;-1568;35278
48;1420;475726;23;-2488;465;-118;-83;1;-123;-680;-1663;63613
48;1421;476156;-83;-1766;528;-611;80;-416;-155;-669;-1608;7131
48;1422;476489;32;-1745;146;1;267;-68;-121;-660;-1560;14222
48;1423;476830;-96;-2070;167;-200;-125;-251;-88;-660;-1596;62806
48;1424;477153;-129;-1444;351;499;-123;40;-104;-658;-1600;9317
48;1425;477381;-37;-2382;522;52;-79;58;-64;-673;-1692;4824
48;1426;477703;61;-1725;400;-303;85;71;-58;-665;-1641;56297
48;1427;478050;-224;-2704;79;-483;-158;-63;-81;-651;-1588;62163
48;1428;478278;85;-1672;314;20;-122;-68;-113;-647;-1540;60466
48;1429;478595;100;-2505;-59;-64;318;135;-83;-648;-1500;56302
48;1430;479165;-288;-1848;57;167;19;-71;-108;-665;-1513;1062
48;1431;479483;-199;-2242;346;263;-102;-200;-105;-662;-1547;30496
48;1432;479804;25;-1622;141;-117;172;-295;-85;-660;-1537;3249
48;1433;480162;-217;-2582;121;-330;-162;172;-80;-659;-1518;26963
48;1434;480484;52;-1896;322;24;-255;-277;-89;-655;-1529;44384
48;1435;480818;-52;-2382;186;-132;332;396;-76;-658;-1550;59172
48;1436;481164;-195;-2484;36;-102;-204;963;-110;-662;-1540;44247
48;1437;481482;-266;-1084;302;178;-226;-166;-126;-664;-1500;33986
48;1438;481714;-180;-2613;295;-112;-136;26;-131;-658;-1525;25178
48;1439;482033;-25;-1532;289;69;-16;-101;-213;-646;-1524;57736
48;1440;482273;-358;-2221;139;-520;-413;-214;-203;-651;-1509;50073
48;1441;482713;6;-2110;304;80;112;-241;-211;-653;-1482;29778
48;1442;483142;-49;-1558;364;417;131;-85;-178;-675;-1549;16178
48;1443;483499;-246;-2232;54;-174;-245;-444;-173;-666;-1538;58150
48;1444;483818;-69;-2156;493;428;237;-29;-179;-666;-1586;56714
48;1445;484137;-129;-1407;320;148;52;-325;-167;-668;-1632;54077
48;1446;484494;-501;-2614;259;-616;-274;858;-174;-666;-1611;3306
48;1447;484812;-109;-1794;487;-185;-204;-391;-246;-662;-1593;23327
48;1448;485136;-103;-2410;141;10;-55;-196;-204;-670;-1581;528
48;1449;485363;-19;-1821;239;4;88;-158;-228;-669;-1592;48403
48;1450;485712;-323;-2333;292;-148;-137;368;-257;-669;-1556;24299
48;1451;486153;-189;-1860;395;-192;-23;-131;-270;-650;-1554;61564
48;1452;486470;-25;-1866;120;450;139;-574;-223;-669;-1524;19734
48;1453;486706;-286;-1651;87;253;-197;79;-207;-686;-1582;20930
48;1454;487151;-234;-2154;344;-184;-723;127;-322;-680;-1561;9368
48;1455;487469;-388;-2269;361;136;-55;325;-353;-685;-1584;55176
48;1456;487814;-28;-1970;358;-62;-314;104;-361;-677;-1649;21381
48;1457;488149;-50;-1976;398;117;82;-128;-394;-666;-1648;4436
48;1458;488471;-144;-2029;367;46;203;-158;-368;-674;-1648;3214
48;1459;488804;-210;-2049;424;-22;42;74;-352;-684;-1641;49005
48;1460;489147;-131;-2053;397;-46;-97;41;-362;-674;-1607;46287
48;1461;489469;-130;-1992;359;33;-9;30;-373;-676;-1625;47948
48;1462;489802;-160;-1980;375;-24;-40;-5;-383;-671;-1615;11833
48;1463;490148;-131;-2084;318;-68;-105;7;-386;-668;-1597;12619
48;1464;490467;-166;-2088;351;28;-69;-10;-386;-666;-1584;61993
48;1465;490695;-121;-2167;416;452;-82;-102;-393;-669;-1656;40794
48;1466;491148;-20;-1963;424;-190;137;306;-334;-677;-1654;58286
48;1467;491588;-221;-2209;4;-292;301;63;-382;-627;-1428;55376
48;1468;492016;-272;-2027;-75;17;-19;48;-358;-630;-1407;22509
48;1469;492252;-224;-2036;-61;-25;-135;18;-369;-627;-1391;15594
48;1470;492480;-245;-2043;-61;29;-130;-7;-371;-621;-1394;64875
48;1471;492798;-216;-2063;-74;-18;-101;18;-388;-620;-1391;25013
48;1472;493122;-196;-2059;-57;-8;-21;7;-390;-618;-1410;52672
48;1473;493375;-238;-2047;-50;3;-23;42;-403;-621;-1411;21215
48;1474;493694;-246;-1989;-45;43;-49;-13;-396;-629;-1402;8074
48;1475;494017;-191;-2097;-80;-39;-31;26;-377;-620;-1406;37124
48;1476;494245;-221;-2014;-63;29;-69;-76;-378;-623;-1398;20287
48;1477;494586;-140;-2051;-109;-31;-65;29;-387;-630;-1399;48591
48;1478;495133;-188;-1999;-87;28;-108;-19;-392;-619;-1408;55063
48;1479;495454;-159;-2048;-54;10;-42;33;-391;-625;-1412;6681
48;1480;495690;-147;-2115;-36;102;-38;-19;-394;-623;-1423;21844
48;1481;496131;-172;-1924;194;-96;-24;17;-362;-660;-1519;4152
48;1482;496449;-196;-2058;13;-78;-8;56;-360;-630;-1440;4888
48;1483;496809;-170;-2105;-66;-19;-66;106;-380;-634;-1394;61803
48;1484;497129;-254;-2027;-76;39;-23;-13;-409;-626;-1412;34915
48;1485;497451;-278;-2052;-82;-78;-30;83;-415;-610;-1405;8350
48;1486;497807;-291;-2058;-85;-20;-34;54;-430;-597;-1385;9179
48;1487;498134;-343;-2083;-71;17;-24;34;-431;-602;-1374;31312
48;1488;498452;-224;-2175;-115;353;88;-104;-427;-630;-1417;62718
48;1489;498680;-248;-1684;227;179;94;-131;-393;-664;-1515;7671
48;1490;499129;-181;-2061;114;-78;-50;-57;-381;-645;-1460;24013
48;1491;499466;-85;-1913;171;64;-12;-39;-344;-662;-1493;64843
48;1492;499784;-82;-2032;238;82;-74;7;-327;-667;-1530;46846
48;1493;500127;-117;-1975;289;-148;-71;-71;-327;-678;-1556;51026
48;1494;500460;-143;-2004;102;-140;22;-2;-336;-660;-1473;35625
48;1495;500778;-182;-2070;-172;-140;-51;320;-373;-618;-1364;15686
48;1496;501126;-195;-2175;-278;538;69;-156;-382;-608;-1349;20994
48;1497;501367;-115;-1873;118;385;19;-19;-330;-661;-1505;48752
48;1498;501686;4;-2517;145;343;332;598;-254;-710;-1521;36528
48;1499;502201;-53;-1970;236;-24;-142;244;-437;-885;-1311;47384
48;1500;502519;29;-2081;233;130;37;-95;-669;-962;-1186;35862
48;1501;502838;-135;-2115;195;-18;-49;29;-710;-957;-1152;8047
48;1502;503173;-106;-2006;315;-39;6;-117;-749;-976;-1145;33621
48;1503;503408;-4;-2034;256;-39;-49;-40;-768;-1008;-1129;32991
48;1504;503730;-24;-2112;167;-78;-127;78;-760;-1009;-1108;58232
48;1505;504175;-40;-2084;133;-28;-447;19;-795;-1003;-1087;45318
48;1506;504516;46;-2078;105;151;15;-18;-852;-1012;-1068;9526
48;1507;504853;-47;-2032;185;-28;224;-73;-856;-1078;-1076;48766
48;1508;505172;-112;-2005;61;-229;-42;51;-839;-1129;-1077;55768
48;1509;505514;-15;-2066;-86;-218;-86;-68;-840;-1101;-980;22274
48;1510;505746;28;-2099;-156;-1;27;5;-835;-1098;-945;13209
48;1511;506069;-29;-2074;-150;5;118;38;-815;-1100;-935;63051
48;1512;506387;-38;-2022;-133;37;43;3;-805;-1100;-950;1089
48;1513;506638;-16;-2037;-125;27;-10;39;-793;-1094;-932;26810
48;1514;507170;-21;-2068;-117;20;-10;16;-803;-1107;-928;21204
48;1515;507507;-11;-2053;-89;48;-43;13;-806;-1108;-953;27690
48;1516;507742;-25;-2063;-58;60;-14;16;-803;-1107;-950;52465
48;1517;508062;-2;-2047;-33;3;35;19;-808;-1115;-965;20238
48;1518;508502;54;-2031;-118;-66;939;-270;-754;-1154;-945;24933
48;1519;508858;139;-2048;9;112;435;22;-528;-1150;-1034;39755
48;1520;509187;108;-2046;114;-27;439;18;-437;-1152;-1115;54188
48;1521;509415;130;-2009;73;-142;97;80;-425;-1147;-1113;45282
48;1522;509734;119;-2050;-117;-102;497;50;-464;-1147;-1026;11742
48;1523;510206;34;-2141;-282;27;-294;301;-458;-1133;-985;15841
48;1524;510527;-96;-1988;-314;51;389;36;-544;-1167;-1042;1005
48;1525;510845;-24;-2109;-30;225;-636;-62;-529;-1132;-1021;12741
48;1526;511203;-54;-2012;-495;-497;-143;24;-566;-1117;-917;34805
48;1527;511524;-141;-2006;-482;18;-30;7;-571;-1092;-864;30731
48;1528;511842;-49;-2022;-389;151;22;35;-585;-1115;-909;12795
48;1529;512200;-29;-1950;-367;-161;41;-88;-587;-1108;-936;59895
48;1530;512518;-15;-2045;-527;-225;-22;77;-599;-1010;-890;4472
48;1531;513065;-27;-1920;-550;58;-74;18;-615;-995;-862;27074
48;1532;513307;-44;-1991;-552;84;-3;36;-627;-999;-898;35354
48;1533;513625;-27;-1939;-492;63;-23;2;-628;-974;-928;33753
48;1534;513853;-58;-2008;-493;66;-10;53;-628;-934;-944;15671
48;1535;514176;-30;-2006;-450;36;-39;5;-634;-920;-952;56336
48;1536;514517;-24;-2002;-306;170;-83;27;-642;-944;-986;2780
48;1537;514745;-138;-2056;-287;176;-202;2;-650;-959;-1008;50665
48;1538;515175;-91;-1637;-72;43;-346;-209;-743;-1027;-1001;7671
48;1539;515531;-123;-1912;-383;-435;18;-5;-758;-967;-866;8924
48;1540;515854;-41;-1962;-566;124;92;-75;-725;-935;-822;18235
48;1541;516173;71;-1881;-288;346;6;21;-675;-971;-896;51939
48;1542;516507;65;-2158;-147;280;-427;220;-686;-1011;-940;35169
48;1543;516747;76;-1377;-153;162;-654;-279;-696;-1081;-1041;63397
48;1544;517175;-123;-1988;-10;110;-142;110;-632;-1009;-1008;12197
48;1545;517403;-159;-2077;198;-41;509;307;-630;-996;-1014;52548
48;1546;517745;-84;-2023;81;258;-56;-174;-560;-972;-1100;55859
48;1547;518065;-262;-2060;362;-114;-211;122;-523;-994;-1140;18383
48;1548;518296;-135;-2200;234;185;-472;46;-569;-1035;-1119;52385
48;1549;518614;-410;-2011;281;167;-124;129;-628;-1123;-1119;58209
48;1550;519184;-279;-1891;190;-291;-930;4;-717;-1157;-1182;22245
48;1551;519506;-251;-2305;-316;-268;-634;297;-682;-1018;-1019;17575
48;1552;519824;-417;-1780;-55;222;-1164;-170;-719;-996;-1246;18224
48;1553;520186;-447;-1949;299;31;-883;-22;-788;-909;-1455;14081
48;1554;520504;-158;-1857;343;-147;-1381;-124;-789;-795;-1756;35173
48;1555;520837;-183;-2171;319;-49;-656;72;-511;-649;-2027;61547
48;1556;521188;-73;-1961;167;-549;-135;-473;-395;-620;-2066;19730
48;1557;521506;-542;-2178;156;133;-57;183;-394;-615;-1988;15216
48;1558;521839;-53;-2039;105;147;-101;321;-435;-573;-2049;60608
48;1559;522186;-1171;639;843;1177;48;3011;-773;284;-2555;23763
48;1560;522504;-1994;255;742;106;-250;572;-1219;736;-2582;49796
48;1561;522732;-1746;420;811;-86;577;629;-1223;755;-2539;6146
48;1562;523157;-2201;935;918;112;154;51;-1245;883;-2441;50813
48;1563;523394;-1680;1109;229;264;-884;61;-1154;1077;-2366;54389
48;1564;523626;-1548;1012;974;-333;-491;-28;-1119;1066;-2435;53105
48;1565;524051;-1407;1027;1056;44;-145;-98;-1074;989;-2618;51203
48;1566;524514;-1384;1063;1437;-114;-4;-201;-1020;953;-2697;35897
48;1567;524734;-1390;723;967;-114;-269;162;-1056;919;-2704;16588
48;1568;525159;-1259;865;1449;102;-106;159;-1013;962;-2668;22955
48;1569;525387;-1499;1037;1007;91;-155;-281;-1018;962;-2669;52603
48;1570;525623;-1214;1175;1084;41;167;43;-1040;964;-2683;26454
48;1571;526052;-1466;1083;1708;1223;-26;347;-1064;959;-2677;63495
48;1572;526284;-1753;554;848;1278;-544;-1213;-1072;942;-2605;37655
48;1573;526625;-1680;644;1131;1259;-382;-1034;-1240;891;-2420;25547
48;1574;527175;-1445;989;1038;345;-419;-215;-1388;774;-2364;23807
48;1575;527493;-1396;846;1260;543;-381;-659;-1409;744;-2324;50832
48;1576;527835;-1987;674;1282;-106;-2;-123;-1450;629;-2367;5953
48;1577;528170;-1473;548;1239;167;-55;-117;-1438;595;-2333;47919
48;1578;528487;-1825;1005;1169;-90;-372;-41;-1441;634;-2359;59145
48;1579;528847;-1224;767;1252;-9;415;-42;-1431;650;-2368;6269
48;1580;529170;-1384;904;668;-1159;77;400;-1468;631;-2307;16601
48;1581;529488;-2049;617;732;-1219;930;1180;-1458;788;-2275;43656
48;1582;529822;-1680;794;643;-585;278;446;-1316;954;-2335;4987
48;1583;530168;-1905;786;912;-162;-150;65;-1283;938;-2416;7816
48;1584;530486;-1695;716;988;-141;-63;15;-1241;931;-2469;17483
48;1585;530714;-1711;733;842;-72;-149;-431;-1242;920;-2459;6806
48;1586;531164;-1780;512;1029;501;51;-170;-1334;834;-2359;26188
48;1587;531496;-1852;315;999;836;-217;-44;-1344;855;-2297;24274
48;1588;531716;-1819;1049;707;888;-380;-460;-1349;823;-2265;22461
48;1589;532179;-1806;812;916;740;1;-228;-1454;681;-2169;24641
48;1590;532407;-1816;867;946;-39;-5;-388;-1469;640;-2147;20537
48;1591;532627;-1503;618;820;-243;-754;-600;-1464;573;-2268;42149
48;1592;533051;-1615;470;1029;-292;-137;152;-1475;576;-2229;12056
48;1593;533303;-1752;496;1005;-22;4;-63;-1452;600;-2265;65090
48;1594;533621;-1766;762;873;33;207;288;-1461;611;-2218;3784
48;1595;534167;-1738;677;961;-34;65;303;-1456;641;-2268;325
48;1596;534407;-1815;764;827;19;-134;-219;-1438;634;-2260;7826
48;1597;534725;-1671;802;787;-352;-169;19;-1456;666;-2223;20805
48;1598;535170;-1771;717;945;-48;-42;72;-1440;671;-2233;41457
48;1599;535511;-1902;691;955;-229;-136;63;-1436;655;-2260;62417
48;1600;535830;-1656;744;901;-136;-87;123;-1441;687;-2243;5866
48;1601;536165;-1696;694;1017;21;-72;-74;-1431;676;-2284;59159
48;1602;536486;-1791;758;987;-21;-86;110;-1435;673;-2278;32608
48;1603;536722;-1729;712;1016;11;-3;-4;-1433;663;-2309;8537
48;1604;537065;-1710;807;960;199;-37;-100;-1422;676;-2256;21301
48;1605;537383;-1672;784;961;-3;-26;73;-1428;681;-2288;46593
48;1606;537851;-1648;666;1101;91;-23;38;-1424;659;-2330;8602
48;1607;538171;-1624;702;1117;-30;51;40;-1429;687;-2305;57633
48;1608;538489;-1684;698;1092;-7;54;183;-1429;671;-2298;19060
48;1609;538717;-1705;792;995;19;-135;-25;-1421;688;-2264;64027
48;1610;539060;-1726;818;1001;-3;30;117;-1425;677;-2284;53082
48;1611;539378;-1787;880;919;127;-11;-43;-1409;694;-2277;3274
48;1612;539610;-1677;815;970;44;-93;18;-1419;681;-2300;35645
48;1613;540166;-1713;687;1165;-28;14;9;-1404;690;-2346;16746
48;1614;540504;-1622;708;1125;95;24;-76;-1404;695;-2350;56322
48;1615;540822;-1704;711;1119;-3;-62;-30;-1420;653;-2334;18229
48;1616;541164;-1574;771;1025;1;-111;-8;-1411;690;-2315;39041
48;1617;541392;-1614;632;1111;81;-129;-55;-1411;658;-2351;51222
48;1618;541711;-1658;675;1110;35;-54;-67;-1414;649;-2329;54837
48;1619;542174;-1624;757;1056;-25;-114;-8;-1407;685;-2321;8139
48;1620;542495;-1613;720;1049;4;103;68;-1412;657;-2338;41972
48;1621;542814;-1724;786;1049;-10;-58;93;-1408;685;-2310;37776
48;1622;543155;-1703;717;1088;16;-9;-21;-1419;662;-2338;24046
48;1623;543391;-1625;729;1055;-68;-39;9;-1418;671;-2320;33104
48;1624;543708;-1632;789;1004;23;-49;-18;-1413;667;-2333;29959
48;1625;544153;-1615;877;927;145;58;40;-1395;669;-2323;25775
48;1626;544494;-1474;806;1146;34;-84;48;-1390;689;-2384;51760
48;1627;544827;-1600;724;1212;-4;26;129;-1381;703;-2393;2116
48;1628;545147;-1513;781;1192;9;11;-168;-1362;716;-2397;63524
48;1629;545493;-1526;778;1113;-141;79;95;-1379;714;-2405;45825
48;1630;545725;-1475;913;1035;-161;287;398;-1369;751;-2334;52234
48;1631;546044;-1630;892;1044;58;-48;-73;-1359;780;-2275;50272
48;1632;546363;-1865;904;934;406;-242;-427;-1382;692;-2279;20694
48;1633;546614;-1659;736;1002;285;-145;-170;-1431;637;-2317;39339
48;1634;547145;-1705;589;1179;20;-8;73;-1428;589;-2281;30757
48;1635;547478;-1519;668;1012;-16;-212;-58;-1424;588;-2358;2441
48;1636;547717;-1401;828;988;148;176;450;-1416;628;-2328;6958
48;1637;548044;-1679;742;1103;8;-43;-13;-1383;624;-2362;54471
48;1638;548487;-1609;744;1075;75;71;117;-1379;647;-2380;9350
48;1639;548828;-1613;706;1124;38;-24;-23;-1380;626;-2390;45006
48;1640;549148;-1464;731;1140;-126;-9;14;-1372;682;-2347;19776
48;1641;549376;-1573;734;1069;91;83;19;-1365;647;-2373;46260
48;1642;549694;-1664;688;1133;-65;34;70;-1380;663;-2351;33589
48;1643;550158;-1620;761;1159;40;46;123;-1381;661;-2379;47906
48;1644;550475;-1493;772;1197;72;-54;13;-1363;672;-2396;36894
48;1645;550797;-1536;817;1166;98;-163;-113;-1361;708;-2357;62216
48;1646;551159;-1450;1091;1113;-23;-153;299;-1329;782;-2405;58606
48;1647;551476;-1257;1178;1183;-108;-5;55;-1271;847;-2411;62271
48;1648;551798;-1294;1251;1142;160;-200;-67;-1269;840;-2416;47906
48;1649;552157;-1285;1130;1252;-96;-127;-79;-1265;822;-2461;3734
48;1650;552475;-1221;976;1402;-23;-22;115;-1264;802;-2511;45428
48;1651;553021;-1223;1073;1300;10;122;165;-1261;811;-2469;36661
48;1652;553257;-1262;1115;1236;21;-102;-68;-1250;823;-2462;199
48;1653;553583;-1291;992;1325;9;111;209;-1277;805;-2474;42684
48;1654;553810;-1348;1067;1262;15;-89;-8;-1271;809;-2437;18340
48;1655;554134;-1245;1063;1283;-3;-37;7;-1272;812;-2470;47495
48;1656;554474;-1359;964;1356;29;-63;-15;-1277;794;-2461;4835
48;1657;554702;-1284;992;1355;43;123;39;-1287;806;-2451;55144
48;1658;555128;-1340;1030;1271;27;-43;-38;-1289;786;-2461;38155
48;1659;555486;-1319;940;1243;-70;-4;-101;-1299;759;-2473;48409
48;1660;555804;-1459;906;1227;52;43;-132;-1322;737;-2440;29207
48;1661;556131;-1532;738;1180;146;27;-294;-1345;690;-2415;40117
48;1662;556465;-1741;702;1134;128;65;-85;-1378;602;-2357;44126
48;1663;556701;-1538;706;1127;-46;-106;346;-1392;646;-2378;43628
48;1664;557125;-1451;1232;931;-421;430;551;-1354;778;-2322;10131
48;1665;557353;-1485;1119;1025;-589;195;311;-1311;873;-2302;33480
48;1666;557695;-1396;1160;1074;-547;193;256;-1247;903;-2380;13226
48;1667;558014;-1440;903;1186;-350;69;87;-1228;913;-2402;13816
48;1668;558242;-1573;691;1306;79;205;-142;-1209;904;-2386;1860
48;1669;558564;-1595;869;1182;-18;-143;214;-1256;889;-2376;60447
48;1670;559141;-1238;1289;1121;-139;393;312;-1162;985;-2376;50209
48;1671;559463;-1249;1253;1090;-306;157;119;-1126;1021;-2376;53178
48;1672;559781;-1468;1167;968;-131;172;116;-1137;1003;-2417;5835
48;1673;560140;-1632;987;877;178;26;-56;-1130;997;-2391;39375
48;1674;560458;-1537;928;1114;-24;53;125;-1151;1006;-2373;39737
48;1675;560791;-1775;1344;967;564;24;451;-1124;1046;-2354;57717
48;1676;561134;-1301;1216;901;-352;-175;-149;-948;1008;-2455;48814
48;1677;561460;-1344;1323;910;256;-399;25;-1031;1011;-2409;62749
48;1678;561793;-1401;1091;1162;148;-24;-129;-1060;990;-2427;28503
48;1679;562136;-1487;1008;1092;143;-147;-120;-1110;945;-2463;19431
48;1680;562454;-1424;887;1293;376;-130;-198;-1147;903;-2445;21282
48;1681;562682;-1405;1168;990;235;-215;-194;-1176;896;-2440;5208
48;1682;563107;-1227;1185;1121;45;2;-1;-1109;951;-2458;40534
48;1683;563348;-1289;1201;1113;-174;286;375;-1096;976;-2491;495
48;1684;563576;-1212;1174;1134;-33;197;156;-1080;1007;-2435;55917
48;1685;564009;-1416;1147;1017;-122;-90;2;-1079;1013;-2401;4004
48;1686;564472;-1263;1286;1018;-214;-313;-90;-1089;981;-2418;61982
48;1687;564790;-1180;1058;1363;-149;-133;45;-1058;986;-2511;42867
48;1688;565113;-1263;1277;1187;-12;-44;70;-1025;969;-2549;49567
48;1689;565341;-1674;1289;1066;647;338;-71;-1024;938;-2516;40596
48;1690;565576;-1549;1197;1076;60;-330;-164;-1137;930;-2469;23810
48;1691;566002;-944;765;1610;388;-605;-594;-1154;820;-2621;45930
48;1692;566230;-1125;823;1666;-205;-368;80;-1164;792;-2661;39303
48;1693;566574;-1035;768;1736;-212;-73;265;-1078;801;-2739;35666
48;1694;567129;-893;786;1802;-62;-177;129;-1062;840;-2739;52166
48;1695;567446;-862;808;1768;57;25;-20;-1007;832;-2757;43569
48;1696;567789;-887;837;1740;100;-40;-23;-1006;847;-2754;51349
48;1697;568124;-787;878;1704;-79;-103;-92;-998;860;-2768;5410
48;1698;568442;-887;872;1751;-2;-10;-74;-998;854;-2775;35309
48;1699;568798;-875;843;1714;-6;91;114;-1006;847;-2779;42210
48;1700;569118;-877;916;1627;1;46;37;-1038;866;-2727;28144
48;1701;569443;-1222;1033;1727;-161;-132;-411;-1031;872;-2726;29035
48;1702;569777;-1013;889;1678;99;-32;-125;-1019;879;-2709;29484
48;1703;570119;-945;793;1773;-174;-17;-115;-1042;845;-2725;53097
48;1704;570437;-983;801;1627;41;-16;3;-1079;822;-2731;15691
48;1705;570665;-1028;843;1561;-63;32;34;-1089;815;-2724;53416
48;1706;571119;-1118;813;1603;-78;16;-78;-1109;801;-2714;60404
48;1707;571453;-1203;1201;983;871;350;-277;-1077;865;-2645;38110
48;1708;571771;-1094;994;1483;-183;-242;103;-1128;880;-2623;7840
48;1709;572121;-1085;962;1583;-142;70;67;-1095;857;-2673;14615
48;1710;572349;-909;916;1616;-26;-24;210;-1083;858;-2678;61141
48;1711;572667;-1003;991;1564;58;-56;-68;-1053;886;-2673;24763
48;1712;572987;-926;910;1638;-158;-135;37;-1046;877;-2688;45288
48;1713;573238;-979;1003;1555;28;44;96;-1036;876;-2704;60507
48;1714;573555;-1010;972;1571;91;43;-75;-1035;862;-2718;34718
48;1715;574102;-1008;1060;1432;56;-77;-119;-1034;883;-2709;58587
48;1716;574338;-1016;947;1464;-277;82;-246;-1011;858;-2721;28270
48;1717;574559;-1136;814;1647;127;-13;-26;-1050;848;-2711;53660
48;1718;575109;-1012;851;1752;88;-83;-225;-1046;851;-2703;6591
48;1719;575450;-1028;903;1582;119;-168;-101;-1061;843;-2711;46645
48;1720;575768;-933;900;1661;79;-70;-37;-1061;842;-2712;42179
48;1721;576107;-911;906;1616;65;2;67;-1049;868;-2733;4170
48;1722;576425;-1025;751;1636;212;90;1;-1039;869;-2699;44327
48;1723;576661;-1013;921;1660;26;103;-64;-1055;859;-2670;14559
48;1724;576996;-1179;860;1603;11;-18;-149;-1105;816;-2669;20989
48;1725;577320;-1139;773;1629;24;-49;83;-1117;826;-2678;8197
48;1726;577783;-977;983;1650;378;-130;-234;-1103;860;-2640;35050
48;1727;578102;-1117;1232;1304;120;11;-125;-1115;852;-2606;54644
48;1728;578424;-1104;1104;1394;-95;-118;-219;-1146;854;-2569;21917
48;1729;578653;-1217;1069;1567;-144;-22;-38;-1158;807;-2578;25177
48;1730;578995;-1101;1022;1472;-310;-166;-103;-1166;791;-2644;64879
48;1731;579314;-1448;611;1499;58;217;307;-1147;751;-2673;45912
48;1732;579541;-1403;301;1745;11;-107;-241;-1145;750;-2702;31316
48;1733;580102;-1055;595;1546;256;43;-300;-1152;638;-2743;2265
48;1734;580436;-1224;435;1711;-54;-52;-10;-1192;633;-2717;56550
48;1735;580754;-1214;407;1679;-90;-29;224;-1191;664;-2712;61163
48;1736;581097;-1248;531;1608;123;-90;-74;-1173;656;-2742;38553
48;1737;581325;-1081;717;1576;68;-320;-79;-1165;697;-2683;20687
48;1738;581643;-947;867;1620;-31;-248;146;-1178;751;-2670;35507
48;1739;582111;-1000;533;1552;-136;126;194;-1131;756;-2727;47890
48;1740;582435;-1151;574;1679;110;-140;-207;-1160;699;-2718;3150
48;1741;582758;-1098;648;1673;-40;-179;53;-1148;706;-2731;43258
48;1742;583092;-1135;804;1616;54;-43;-48;-1145;696;-2726;36875
48;1743;583328;-1127;739;1634;75;-21;-61;-1146;689;-2710;36558
48;1744;583646;-1059;750;1628;29;-75;-32;-1159;707;-2730;43478
48;1745;584087;-1134;737;1631;2;-37;-2;-1166;709;-2702;48772
48;1746;584428;-1102;819;1554;32;-40;-107;-1161;708;-2713;53864
48;1747;584761;-1135;775;1599;8;-126;-40;-1168;694;-2690;47178
48;1748;585084;-1040;747;1602;-112;-40;52;-1148;707;-2716;58812
48;1749;585536;-1099;642;1736;18;56;9;-1159;696;-2724;44151
48;1750;585764;-1163;795;1588;-38;-46;154;-1162;716;-2697;18728
48;1751;586087;-1056;741;1621;36;-61;-131;-1138;717;-2714;14858
48;1752;586405;-1114;833;1589;-11;40;124;-1161;719;-2691;52086
48;1753;586656;-1120;725;1705;65;-110;-97;-1157;721;-2708;59472
48;1754;587086;-1126;769;1637;-15;-11;141;-1147;719;-2701;7702
48;1755;587419;-1049;712;1660;1;-53;-39;-1133;719;-2715;52028
48;1756;587654;-1114;791;1626;42;13;-19;-1134;711;-2716;64724
48;1757;587980;-959;822;1579;-34;40;6;-1145;718;-2700;6223
48;1758;588420;-1058;793;1599;18;-51;29;-1151;729;-2702;44280
48;1759;588761;-1114;806;1572;-35;-34;111;-1150;730;-2694;6319
48;1760;589081;-1132;860;1553;-50;23;78;-1147;739;-2698;46925
48;1761;589309;-1177;828;1573;70;87;10;-1146;733;-2695;34518
48;1762;589627;-1136;787;1569;-73;48;126;-1146;733;-2678;25743
48;1763;590095;-1153;746;1638;30;-1;-33;-1154;718;-2693;40820
48;1764;590417;-1210;791;1538;92;38;-27;-1164;715;-2665;52594
48;1765;590739;-1168;766;1579;56;-7;-56;-1174;726;-2649;45686
48;1766;591097;-1215;757;1524;-73;-21;75;-1177;724;-2639;59422
48;1767;591415;-1214;669;1570;-122;-208;126;-1181;746;-2642;47862
48;1768;591732;-1139;851;1620;1;15;115;-1152;770;-2650;31929
48;1769;592090;-1066;784;1568;-38;-124;-183;-1135;749;-2692;43569
48;1770;592409;-1136;823;1578;-66;6;154;-1154;760;-2670;53301
48;1771;592961;-1156;989;1350;241;-60;-117;-1149;769;-2667;26775
48;1772;593197;-1169;904;1562;103;-18;12;-1148;751;-2646;22406
48;1773;593519;-1120;911;1525;-136;-33;-15;-1146;771;-2648;12291
48;1774;593751;-1073;677;1779;26;92;132;-1142;757;-2694;14530
48;1775;594070;-1116;851;1571;-43;-41;12;-1149;754;-2668;2091
48;1776;594413;-1128;900;1550;0;52;180;-1148;763;-2644;5319
48;1777;594641;-1073;845;1597;35;-49;-58;-1144;780;-2653;11845
48;1778;595066;-1178;961;1566;412;420;39;-1151;773;-2612;54397
48;1779;595422;-1160;537;1823;-98;-404;-167;-1210;678;-2699;19535
48;1780;595744;-1054;583;1830;-87;137;-77;-1166;624;-2718;53247
48;1781;596063;-959;784;1722;206;130;88;-1158;614;-2745;35556
48;1782;596401;-1127;989;1436;-322;275;950;-1200;858;-2541;39643
48;1783;596637;-1067;1563;1049;-372;1312;1611;-1072;1068;-2406;26429
48;1784;597062;-140;1703;995;-171;241;741;-663;1092;-2526;30580
48;1785;597290;-859;2061;655;-184;1133;583;-552;1015;-2383;52106
48;1786;597632;82;2234;784;-527;1832;1553;-109;908;-2271;33763
48;1787;598080;835;892;1520;-11;681;938;169;559;-2589;13846
48;1788;598402;488;1194;1596;260;33;377;130;563;-2598;3365
48;1789;599078;849;1110;1536;19;72;178;172;514;-2604;8828
48;1790;599399;517;1162;1512;-246;-384;32;126;599;-2585;55502
48;1791;599717;1200;1249;939;-344;-186;101;327;573;-2488;50932
48;1792;600075;1082;1366;1268;140;-329;-191;394;553;-2438;17334
48;1793;600394;971;1321;1128;-220;-390;-406;426;561;-2400;43780
48;1794;600727;765;1197;1170;-229;-89;-541;442;596;-2379;34188
48;1795;601072;859;1044;1275;1237;-448;-203;457;577;-2366;34185
48;1796;601394;771;1466;986;-148;-79;-98;419;737;-2253;25199
48;1797;601727;937;1670;1009;81;-260;-69;434;708;-2223;60401
48;1798;602073;1201;1431;1041;-101;-119;-98;482;673;-2230;42462
48;1799;602392;990;1582;961;9;-149;-91;485;678;-2208;33805
48;1800;602620;915;1489;1045;-139;32;39;475;685;-2236;30139
48;1801;603044;1079;1539;1020;-100;70;111;469;685;-2253;8259
48;1802;603280;1575;3227;588;1948;-1231;-910;459;674;-2202;8367
48;1803;603511;813;1522;920;-233;211;-53;446;752;-2211;17583
48;1804;603941;784;1665;890;74;-172;113;444;729;-2171;42186
48;1805;604404;1131;1745;845;-116;39;100;499;677;-2151;42905
48;1806;604726;942;1447;1005;-158;4;-179;487;712;-2150;45224
48;1807;605045;856;1710;909;-109;15;110;484;718;-2169;39429
48;1808;605277;842;1754;844;4;-12;88;480;717;-2168;36345
48;1809;605512;1056;1511;983;-156;-57;66;482;704;-2176;44032
48;1810;605938;937;1484;1028;62;-132;-228;481;705;-2169;34888
48;1811;606170;971;1519;913;-59;-35;-80;472;717;-2177;52631
48;1812;606510;619;989;1084;39;254;524;480;682;-2182;22576
48;1813;607057;1043;1708;889;-165;-176;-53;460;740;-2151;6230
48;1814;607375;966;1289;1029;-281;122;214;488;694;-2183;25796
48;1815;607720;949;1347;1136;266;-223;-225;498;675;-2174;55461
48;1816;608055;543;1622;910;366;101;-681;422;820;-2171;8094
48;1817;608373;148;1529;1194;-723;-303;-1630;245;918;-2201;37579
48;1818;608730;-1107;2329;649;-118;599;567;-43;1042;-2010;65195
48;1819;609057;-1036;2067;692;-423;472;-712;-512;1098;-1981;54501
48;1820;609375;-1687;948;701;3;201;133;-903;894;-1997;17317
48;1821;609708;-1753;834;890;-356;57;-178;-971;902;-1998;10614
