flag; num; time_ms; accl_x; accl_y; accl_z; gyro_x; gyro_y; gyro_z; mag_x; mag_y; mag_z; crc
48;1;1329;-145;2055;-623;67;166;73;33;1009;-1226;6007
48;2;1644;-161;2159;-521;-260;118;126;45;1010;-1289;6678
48;3;2079;-260;1880;-270;-20;6;121;78;1018;-1290;17188
48;4;2424;-115;2220;-250;-529;-35;-286;100;1070;-1553;1622
48;5;2739;-174;2168;375;-37;-276;86;78;1060;-1685;13282
48;6;2965;-9;1962;458;641;-194;277;85;1059;-1638;38366
48;7;3408;156;2025;-209;389;-171;69;107;1047;-1373;22722
48;8;3744;206;1973;-352;109;-308;-100;145;1005;-1298;23841
48;9;4062;-231;2056;-424;-145;-283;-155;65;1027;-1256;196
48;10;4400;-267;2034;-386;-7;-28;-113;27;1048;-1279;56241
48;11;4626;-374;1979;-304;-234;27;114;-7;1044;-1310;50307
48;12;4945;-280;1944;-197;-129;-129;168;-35;1059;-1324;57940
48;13;5261;-270;1941;-258;39;-78;68;-7;1055;-1304;42456
48;14;5509;-304;1978;-165;39;-111;-92;-5;1049;-1312;15606
48;15;5824;-225;2247;-212;-355;-159;394;15;1049;-1342;6520
48;16;6371;116;1849;351;167;68;-525;98;1050;-1516;10848
48;17;6604;107;2300;415;180;-42;-278;89;1068;-1511;44204
48;18;6923;-128;1884;-197;527;-616;511;93;987;-1294;36977
48;19;7359;198;1953;-679;-23;-11;315;141;895;-1094;51328
48;20;7699;457;1775;-670;212;-113;13;186;877;-1113;42037
48;21;8014;697;1973;-653;934;93;640;181;860;-1117;43240
48;22;8345;374;1943;-391;-215;128;-101;292;834;-1142;30671
48;23;8664;549;2125;-666;-256;-128;-155;286;856;-1182;17563
48;24;8902;84;1587;-220;-291;-18;9;260;905;-1242;28166
48;25;9232;433;1901;-316;447;119;628;272;917;-1276;56706
48;26;9547;551;2110;-222;-353;157;-221;315;901;-1317;40865
48;27;10010;886;1981;121;-524;209;796;304;905;-1519;2339
48;28;10325;904;1541;513;-106;-195;-40;434;845;-1717;42543
48;29;10640;210;2142;478;470;596;-409;382;935;-1658;60153
48;30;10866;706;1961;279;724;-185;27;320;962;-1593;13074
48;31;11206;168;1967;-64;-248;197;110;205;1005;-1475;29145
48;32;11525;247;1949;72;-8;-116;378;185;1004;-1555;29382
48;33;11751;19;1726;-103;95;-226;263;222;1007;-1497;44699
48;34;12299;229;2184;-123;-1;-431;817;249;961;-1461;21874
48;35;12633;280;1969;-182;61;-98;-156;283;952;-1395;8221
48;36;12952;444;1799;66;-804;446;-89;313;930;-1571;52596
48;37;13293;110;2267;564;-272;97;-1243;286;998;-1700;54446
48;38;13519;-87;2264;263;941;-120;-611;194;1058;-1591;36207
48;39;13834;-36;2129;192;-352;-4;4;113;1056;-1530;27692
48;40;14296;-17;2079;41;377;-306;-526;131;1055;-1436;18593
48;41;14611;-456;2006;-161;357;-269;-437;-25;1051;-1337;22090
48;42;14926;-697;1829;-306;253;-71;-686;-115;1052;-1260;49221
48;43;15257;-958;1739;-397;-24;-140;120;-270;1026;-1222;10929
48;44;15493;-1134;1657;-460;106;-183;-176;-355;999;-1206;55212
48;45;15808;-1225;1655;-389;40;-137;-99;-398;994;-1208;57292
48;46;16243;-1194;1612;-305;-7;-106;80;-424;984;-1213;39945
48;47;16581;-1158;1636;-292;2;-48;117;-405;992;-1218;33212
48;48;16919;-1250;1837;-321;205;-26;-153;-413;978;-1188;3236
48;49;17234;-826;1915;-340;-299;-187;1510;-352;1011;-1177;5996
48;50;17572;-411;1940;-168;-666;239;1137;-130;991;-1240;35671
48;51;17799;185;1888;-217;-8;163;-158;96;962;-1301;1973
48;52;18114;-151;2107;-230;58;203;-390;114;1014;-1314;41674
48;53;18433;-247;1938;-395;490;36;-567;4;1033;-1261;11745
48;54;18683;-702;1929;-417;-149;-61;273;-97;1017;-1255;14384
48;55;19212;-409;1950;-449;43;-7;-3;-55;1014;-1392;18618
48;56;19542;-392;1995;-433;45;-51;-3;-44;1030;-1393;54228
48;57;19776;-497;1888;-466;114;-104;-322;-26;1046;-1399;51270
48;58;20096;-1043;1628;-626;254;-41;-606;-232;998;-1290;64050
48;59;20531;-1337;1344;-641;99;-152;-435;-422;935;-1220;15891
48;60;20872;-1396;1394;-689;26;-48;-100;-465;922;-1237;16476
48;61;21191;-1399;1329;-685;15;-3;-78;-493;911;-1240;35870
48;62;21416;-1441;1192;-677;61;-28;111;-506;904;-1232;24646
48;63;21731;-1547;1108;-687;-145;-6;59;-515;905;-1228;5633
48;64;22194;-1541;1254;-700;15;-85;-69;-512;887;-1223;27050
48;65;22508;-1475;1156;-658;-18;-72;-177;-531;906;-1227;60137
48;66;22823;-1538;1466;-471;-292;-107;-60;-525;979;-1327;18827
48;67;23177;-497;2088;10;-242;74;279;-155;1116;-1493;36898
48;68;23491;-517;2134;-9;-75;280;289;-101;1115;-1519;32557
48;69;23806;-137;1770;353;-272;-18;312;23;1073;-1690;22448
48;70;24164;-236;2136;216;53;-167;-125;40;1102;-1682;62597
48;71;24482;-370;1995;205;-22;-113;-42;28;1096;-1641;25310
48;72;25027;-274;2130;329;-635;182;853;25;1077;-1715;44870
48;73;25260;196;2107;397;75;435;364;162;1007;-1765;48863
48;74;25575;32;2139;589;27;536;-128;237;985;-1855;48324
48;75;25801;63;2163;483;625;257;-429;195;1009;-1859;5466
48;76;26117;-99;2224;121;731;-164;-153;119;1053;-1740;34440
48;77;26456;-394;2150;-218;777;-352;-573;146;1113;-1729;25851
48;78;26685;-446;1776;-184;411;-301;-133;133;1079;-1889;33251
48;79;27112;-441;1890;-412;237;-141;-105;205;1160;-1837;31363
48;80;27465;-338;1470;-436;-304;10;51;206;1170;-1850;49699
48;81;27780;-334;1950;-375;21;-370;269;161;1196;-1939;34359
48;82;28095;-425;2236;-454;-38;96;-195;264;1215;-1860;54941
48;83;28425;-365;1789;-348;21;131;-367;297;1143;-1961;25857
48;84;28659;-432;1878;-286;174;88;-396;208;1139;-1870;33312
48;85;29079;-535;1903;-235;-138;-56;166;142;1079;-1860;58295
48;86;29309;-508;1936;-303;263;-59;-110;212;1108;-1787;9074
48;87;29650;-656;2043;-561;61;-74;193;144;1175;-1708;37939
48;88;29970;-475;1785;-561;86;93;-245;92;1157;-1751;44023
48;89;30196;-594;1841;-537;156;-127;73;97;1118;-1816;45583
48;90;30510;-396;1999;-549;-1058;111;513;57;1120;-1840;31259
48;91;31075;81;2046;-47;71;75;439;58;913;-1722;58782
48;92;31389;-78;1901;-278;262;88;-104;-155;-276;-1929;5681
48;93;31703;40;1985;-347;-92;18;79;29;-150;-1899;14558
48;94;32058;-282;2043;-762;1391;127;-896;-45;94;-1753;8830
48;95;32376;-470;963;-1198;324;88;-85;32;145;-1512;11864
48;96;32710;-550;1474;-1314;372;-119;-137;11;108;-1448;52114
48;97;33053;-584;1322;-1270;220;-65;-81;14;75;-1420;49942
48;98;33372;-665;1330;-1491;59;-16;-49;8;71;-1401;1298
48;99;33702;-624;927;-1515;-468;-21;98;-33;39;-1369;3410
48;100;34041;-669;1024;-1610;187;-57;-205;-41;18;-1351;41217
48;101;34356;-787;1023;-1425;-68;-260;-564;-98;16;-1333;35950
48;102;34581;-1288;1640;-1361;-2550;-796;1392;-160;650;-1139;30571
48;103;35005;-497;1719;-188;633;-80;-1394;-132;1101;-1585;16731
48;104;35241;-1593;886;-1633;3839;-332;-2012;-314;695;-843;12485
48;105;35466;-1051;-1392;-985;1753;630;-1577;-602;-269;-884;16260
48;106;35887;116;-1911;-584;728;400;-722;-2;-459;-1263;1243
48;107;36345;886;-2411;65;-766;1901;-1430;429;-352;-1635;17771
48;108;36660;154;-1849;1174;-755;355;-273;194;-310;-1982;39038
48;109;36976;-9;-2360;774;127;380;2028;919;-640;-1418;6199
48;110;37205;-767;-1650;814;-42;1317;1632;1070;-659;-1469;38638
48;111;37442;-1219;-1601;428;-218;268;7;696;-632;-1387;44491
48;112;37867;-1104;-1567;376;-123;-21;-586;614;-646;-1244;40478
48;113;38092;-1083;-1768;222;-78;-237;328;531;-711;-1192;52128
48;114;38432;-1155;-1643;202;-193;-244;-269;-406;-474;-1736;32662
48;115;38973;-1623;-1381;164;454;417;-514;-482;-450;-1747;58169
48;116;39287;-1123;-2202;4;820;723;-553;-375;-467;-1510;39387
48;117;39625;-749;-1999;921;671;23;-493;85;-683;-1615;17390
48;118;39960;-333;-1167;1804;2505;241;-787;436;13;-2239;46147
48;119;40279;-208;-226;2320;381;26;152;229;289;-2110;21626
48;120;40633;275;96;1721;-355;264;-1048;233;350;-2047;8535
48;121;40953;23;94;2119;72;-107;-14;197;470;-1932;19774
48;122;41272;-45;1;2176;93;38;7;-111;574;-2359;65441
48;123;41601;-101;93;2079;85;-94;-8;-125;635;-2443;12586
48;124;41941;-2;57;2106;38;-96;-11;-116;636;-2448;37793
48;125;42256;10;50;2108;-1;-53;-13;-141;639;-2416;38261
48;126;42481;-27;2;2113;39;-99;-12;-138;609;-2420;26483
48;127;42927;-88;-39;2067;-8;-14;-4;-117;583;-2430;6609
48;128;43257;-91;-14;2121;27;-47;-11;-131;572;-2427;1730
48;129;43571;-21;-21;2119;37;-60;-13;-115;569;-2398;15776
48;130;43915;-5;2;2118;13;-39;-10;-129;561;-2417;19509
48;131;44140;-55;20;2112;26;-59;-12;-120;566;-2418;33276
48;132;44455;-37;23;2108;18;-44;-9;-118;576;-2396;62768
48;133;44771;-41;16;2111;8;-32;-11;-138;580;-2415;13619
48;134;45020;-52;28;2109;17;-42;-12;-134;578;-2419;39368
48;135;45338;-67;38;2122;20;-24;-8;-134;578;-2407;23563
48;136;45883;-72;42;2100;12;-33;-11;-140;577;-2425;15415
48;137;46116;-78;46;2098;21;-30;-11;-136;572;-2433;39604
48;138;46430;-56;14;2120;23;-29;-7;-143;579;-2421;15912
48;139;46874;-59;9;2098;14;-31;-9;-133;581;-2421;64056
48;140;47212;-79;31;2127;8;-48;-15;-131;579;-2427;62810
48;141;47526;-74;45;2099;20;-39;-12;-136;579;-2419;51372
48;142;47862;-70;32;2103;23;-35;-8;-142;576;-2426;10921
48;143;48177;-37;-8;2100;22;-41;-10;-132;579;-2430;22135
48;144;48411;-40;-18;2116;0;-37;-10;-136;576;-2418;37144
48;145;48743;-52;-3;2105;-7;-47;-11;-137;575;-2424;52489
48;146;49058;-11;-35;2125;20;-19;-10;-143;582;-2409;12697
48;147;49519;-46;3;2109;20;-50;-13;-141;578;-2432;40177
48;148;49839;-73;52;2109;13;-41;-10;-131;569;-2413;18201
48;149;50154;-27;-12;2112;22;-36;-8;-129;578;-2429;45185
48;150;50383;-63;27;2112;18;-44;-11;-135;574;-2420;36139
48;151;50722;-1;-37;2200;7;-43;-14;-139;575;-2422;1816
48;152;51037;-22;-39;2139;11;-37;-12;-144;578;-2438;30199
48;153;51263;-42;-11;2107;-5;-40;-11;-150;582;-2427;45840
48;154;51811;-58;21;2110;-2;-39;-13;-140;576;-2420;25102
48;155;52142;-41;-11;2134;14;-28;-7;-145;575;-2422;53788
48;156;52456;-45;-20;2116;5;-41;-11;-145;572;-2438;14030
48;157;52799;-50;-18;2169;-1;-56;-10;-148;579;-2430;20033
48;158;53032;-58;0;2107;21;-17;-8;-135;576;-2427;65227
48;159;53347;-64;3;2089;5;-37;-9;-137;579;-2426;50414
48;160;53809;-31;-4;2115;17;-36;-10;-149;569;-2410;48144
48;161;54124;-78;41;2099;10;-30;-10;-135;563;-2417;23336
48;162;54438;-38;-2;2108;-1;-48;-12;-141;577;-2417;62651
48;163;54770;5;-35;2146;-14;-47;-15;-135;569;-2411;21892
48;164;55003;-31;-4;2129;-7;-74;-15;-137;574;-2404;47950
48;165;55317;-95;86;2095;13;-51;-12;-142;566;-2420;26590
48;166;55763;-84;35;2107;21;-23;-10;-136;576;-2423;55301
48;167;56100;-48;-26;2043;20;-43;-12;-142;573;-2416;25078
48;168;56430;-32;-22;2113;13;-49;-12;-142;578;-2421;13581
48;169;56746;-37;-3;2116;15;-38;-10;-135;564;-2411;32130
48;170;57084;-75;41;2109;16;-31;-8;-134;574;-2419;21741
48;171;57314;-27;-24;2118;4;-45;-11;-134;568;-2419;53345
48;172;57629;-52;13;2120;-2;-44;-13;-150;573;-2412;14226
48;173;57945;-57;15;2107;12;-33;-8;-138;576;-2414;11272
48;174;58196;-51;4;2113;20;-28;-8;-131;571;-2397;29312
48;175;58724;-105;-20;2108;45;-46;-8;-151;573;-2418;44778
48;176;59055;-10;84;2108;-42;16;201;-118;565;-2422;49007
48;177;59288;-17;-5;2108;-1;-43;-216;-116;552;-2416;53804
48;178;59607;-412;-755;2192;-1661;1023;-1822;-232;319;-2415;26047
48;179;60043;-568;-1412;726;2582;-620;712;-365;-320;-2133;14801
48;180;60381;-178;-140;2047;-691;30;388;-319;540;-2413;11807
48;181;60701;-53;-31;2036;132;-165;339;-240;573;-2418;60631
48;182;60930;-71;25;2060;11;-124;-632;-155;560;-2418;25957
48;183;61249;-213;-259;2719;-53;1333;-1141;-149;554;-2423;39232
48;184;61707;-920;-1568;981;-429;-748;683;-646;-193;-2002;39789
48;185;62022;-1246;-2056;699;-752;-569;-24;-645;-261;-1924;20715
48;186;62337;-788;-765;288;-291;-1818;-221;-583;-322;-2028;62702
48;187;62693;455;-2483;270;-269;-1186;-507;-143;-410;-2023;62432
48;188;63007;868;-1830;-117;-3;-61;382;147;-432;-1848;59458
48;189;63321;-119;-2075;27;-15;-60;875;7;-491;-1818;13014
48;190;63680;-234;-2055;23;14;-38;76;-163;-490;-1806;40063
48;191;63995;-277;-2059;16;15;-37;27;-158;-488;-1805;16872
48;192;64539;-290;-2057;17;13;-37;13;-154;-487;-1801;12693
48;193;64772;-283;-2050;10;11;-38;-12;-147;-497;-1801;58397
48;194;65087;-287;-2061;19;12;-38;5;-151;-485;-1799;8374
48;195;65317;-284;-2051;22;13;-36;-18;-151;-503;-1795;58460
48;196;65632;-288;-2046;24;11;-38;-8;-157;-498;-1810;45290
48;197;65981;-292;-2041;30;14;-38;-5;-160;-492;-1810;19181
48;198;66345;-295;-2060;12;12;-38;-7;-155;-487;-1811;51284
48;199;66746;-291;-2050;24;15;-38;-42;-149;-489;-1801;46081
48;200;67104;-294;-2045;26;14;-38;-15;-160;-498;-1809;16224
48;201;67628;-298;-2045;24;12;-39;-9;-159;-493;-1812;4279
48;202;67959;-298;-2047;14;12;-37;0;-154;-481;-1805;62522
48;203;68192;-298;-2049;22;16;-36;-13;-161;-496;-1818;4355
48;204;68612;-294;-2047;20;13;-37;-16;-159;-488;-1812;64410
48;205;68947;-297;-2046;28;13;-37;12;-159;-489;-1798;5877
48;206;69284;-295;-2053;32;14;-36;-22;-159;-493;-1820;38372
48;207;69603;-304;-2040;29;13;-38;0;-163;-489;-1814;11766
48;208;69829;-297;-2043;17;12;-38;-16;-162;-493;-1821;38042
48;209;70148;-299;-2048;23;9;-37;-2;-161;-503;-1813;35169
48;210;70487;-300;-2051;17;12;-37;-9;-160;-498;-1804;22545
48;211;70712;-301;-2044;25;13;-37;-10;-168;-482;-1806;23820
48;212;71027;-305;-2046;23;13;-36;-2;-163;-486;-1804;49812
48;213;71595;-298;-2043;3;12;-36;-24;-154;-480;-1810;39106
48;214;71910;-308;-2016;26;17;-37;-10;-162;-485;-1800;43382
48;215;72224;-306;-2047;30;16;-36;-15;-168;-491;-1811;57082
48;216;72578;-303;-2045;19;12;-39;-4;-164;-489;-1803;10012
48;217;72893;-307;-2050;13;12;-38;15;-164;-486;-1810;42141
48;218;73226;-300;-2042;21;12;-38;-21;-174;-488;-1801;17706
48;219;73573;-304;-2046;22;12;-40;-12;-172;-481;-1802;32629
48;220;73888;-305;-2047;15;14;-38;-9;-173;-483;-1806;44711
48;221;74117;-303;-2046;19;13;-38;-8;-165;-486;-1809;8827
48;222;74433;-307;-2043;26;15;-38;-9;-154;-488;-1800;42391
48;223;74666;-303;-2043;19;12;-37;-12;-169;-486;-1806;47427
48;224;75102;-307;-2051;23;13;-40;-13;-171;-482;-1820;43985
48;225;75522;-308;-2045;19;12;-37;-10;-169;-488;-1805;6375
48;226;75879;-307;-2047;21;12;-37;-11;-165;-500;-1811;31737
48;227;76194;-305;-2039;19;12;-38;-8;-158;-476;-1796;2683
48;228;76509;-304;-2045;19;14;-38;-8;-162;-477;-1806;24188
48;229;76867;-309;-2046;18;13;-38;-10;-166;-490;-1803;54331
48;230;77181;-307;-2045;24;13;-37;-5;-161;-484;-1799;20478
48;231;77501;-310;-2048;22;12;-39;-12;-169;-485;-1803;40098
48;232;77727;-310;-2048;22;11;-39;-7;-170;-485;-1807;562
48;233;78064;-308;-2048;22;13;-36;-7;-168;-493;-1805;10207
48;234;78500;-307;-2045;15;13;-38;-9;-165;-497;-1811;4972
48;235;78818;-308;-2047;17;14;-38;-11;-178;-487;-1811;8467
48;236;79052;-309;-2051;15;13;-38;-5;-164;-489;-1811;46233
48;237;79492;-311;-2044;21;11;-38;-13;-164;-492;-1809;30685
48;238;79807;-305;-2021;35;15;-36;13;-174;-492;-1810;30129
48;239;80145;-301;-2054;14;13;-38;3;-161;-501;-1830;13867
48;240;80479;-308;-2042;17;13;-38;0;-164;-489;-1808;63563
48;241;80794;-311;-2048;17;13;-37;-6;-159;-491;-1810;50651
48;242;81124;-309;-2045;20;13;-37;-9;-163;-494;-1809;15200
48;243;81464;-313;-2045;19;13;-37;-15;-162;-491;-1821;46944
48;244;81787;-309;-2053;25;14;-37;-3;-163;-484;-1820;34804
48;245;82121;-309;-2047;18;14;-38;-14;-171;-485;-1803;3028
48;246;82459;-306;-2046;21;12;-37;-24;-161;-488;-1796;6873
48;247;82775;-312;-2044;22;14;-37;-5;-159;-475;-1810;46354
48;248;83000;-315;-2045;30;14;-34;-20;-167;-490;-1825;34897
48;249;83443;-303;-2048;14;13;-36;-22;-163;-492;-1812;8595
48;250;83879;-316;-2047;24;13;-38;-18;-168;-491;-1827;58392
48;251;84298;-308;-2046;24;15;-37;18;-178;-495;-1811;32900
48;252;84538;-315;-2043;26;14;-37;-20;-175;-481;-1823;47916
48;253;84764;-312;-2052;24;12;-36;-1;-163;-477;-1820;14230
48;254;85079;-307;-2043;20;12;-39;2;-162;-489;-1821;34409
48;255;85394;-312;-2048;26;13;-39;-18;-167;-478;-1810;57501
48;256;85645;-309;-2046;21;14;-37;-10;-169;-484;-1820;1477
48;257;85961;-310;-2046;15;12;-37;-10;-164;-487;-1820;51017
48;258;86280;-312;-2050;18;13;-37;-6;-167;-484;-1820;39113
48;259;86506;-310;-2047;24;11;-39;-13;-167;-488;-1817;18530
48;260;86844;-312;-2045;19;13;-37;-8;-166;-484;-1805;50817
48;261;87390;-314;-2046;21;12;-39;-11;-160;-489;-1809;24943
48;262;87705;-314;-2044;20;12;-37;-15;-161;-485;-1809;59191
48;263;87939;-315;-2044;16;11;-39;-13;-161;-492;-1807;28085
48;264;88374;-311;-2046;18;13;-37;-8;-171;-475;-1810;4058
48;265;88689;-308;-2038;26;10;-41;11;-175;-481;-1831;31156
48;266;89043;-19;-2046;-48;65;650;-2267;-159;-482;-1823;28651
48;267;89358;1553;-1106;62;-734;616;-1142;342;-229;-1897;8388
48;268;89680;1799;-880;-188;-812;906;-149;500;-209;-1821;3595
48;269;89910;1421;-1323;374;-691;514;934;451;-356;-1835;19169
48;270;90248;1241;-1554;137;659;-601;406;323;-371;-1886;755
48;271;90563;1580;-1468;-140;-952;421;-284;235;-426;-1827;30413
48;272;90789;1157;-1661;370;428;-400;-879;251;-430;-1777;47688
48;273;91337;2012;-455;101;44;-19;-1016;523;-127;-1825;46350
48;274;91667;2022;-275;161;-17;30;-789;575;-53;-1821;47657
48;275;91982;2191;267;120;-55;-58;-1593;661;314;-1833;35134
48;276;92323;818;1874;127;46;-12;-892;433;899;-1843;36240
48;277;92653;-965;1902;90;40;-21;-2099;-18;1064;-1793;21320
48;278;92972;-2146;229;71;144;19;-1492;-609;799;-1745;17590
48;279;93314;-2064;63;-3;731;-165;-1362;-825;606;-1759;64293
48;280;93544;-2139;-46;102;-121;-89;-817;-918;248;-1744;3909
48;281;93859;-1494;-1495;-34;46;59;-2156;-889;-106;-1750;2382
48;282;94294;715;-1852;73;64;-54;-2294;-251;-521;-1808;63034
48;283;94527;1343;-1575;32;-39;-4;-2052;187;-406;-1810;7109
48;284;94843;2023;-1016;81;84;151;-2071;555;1;-1848;23321
48;285;95281;807;2005;140;2;-29;-1749;530;888;-1862;55214
48;286;95624;-1398;2269;-159;1139;-1564;-2487;-160;1074;-1648;48840
48;287;95939;-1432;1050;90;1013;-768;750;-651;1004;-1462;23158
48;288;96270;-1429;555;381;-1476;-257;378;-632;900;-1649;18106
48;289;96607;-1668;977;-232;267;302;13;-798;834;-1366;21949
48;290;97149;-956;583;-1546;444;219;-285;-375;752;-762;43416
48;291;97463;-1075;613;-2144;507;394;-278;-354;713;-748;3049
48;292;97704;-351;760;-842;-1365;-243;388;-272;751;-741;6745
48;293;97930;-326;1244;-1358;-938;817;526;-186;981;-1051;63892
48;294;98249;-217;1726;-1079;5;-39;-202;-32;1142;-1248;61607
48;295;98564;-413;1201;-1546;389;206;-692;-156;1094;-1107;16561
48;296;98813;-961;940;-1614;880;106;90;-308;909;-887;10097
48;297;99129;-585;839;-1720;75;-12;126;-343;872;-858;55371
48;298;99444;-658;674;-1745;-368;-184;20;-347;900;-901;35375
48;299;99670;-1005;669;-1518;-5;-199;-38;-381;918;-933;40190
48;300;100119;-811;2077;890;808;-435;114;-215;1045;-1889;6062
48;301;100554;-1289;1698;24;44;-6;-920;-258;1049;-1692;57755
48;302;100869;-1191;1699;-51;23;-27;14;-410;1050;-1707;51817
48;303;101210;-1403;1620;192;-33;-12;180;-394;1147;-1646;48967
48;304;101439;-1225;1782;-8;27;-32;-14;-351;1131;-1830;53012
48;305;101754;-1310;1613;21;-5;-53;-275;-427;991;-1853;28483
48;306;102213;-1202;1658;23;12;-36;14;-431;991;-1849;38215
48;307;102527;-1227;1654;34;14;-36;-7;-414;1009;-1851;49818
48;308;102846;-1231;1664;28;13;-36;-7;-436;986;-1849;1306
48;309;103201;-1228;1655;30;11;-37;-11;-435;990;-1858;34274
48;310;103516;-1244;1667;4;21;-33;-15;-417;1051;-1765;26457
48;311;103835;-1274;1678;21;24;-31;-38;-395;1248;-1692;31917
48;312;104166;-1500;1610;-3;-168;-150;2371;-140;1015;-1969;8687
48;313;104399;-1334;1696;81;-13;-47;-306;76;928;-1899;35719
48;314;104713;-1264;1618;-72;15;-31;22;-29;893;-1933;42014
48;315;105045;-1245;1625;85;-13;-51;23;-9;880;-2002;20123
48;316;105495;-1189;1661;12;22;-31;-21;-27;884;-2009;50980
48;317;105825;-1166;1684;148;25;-37;-59;-29;875;-2008;13128
48;318;106144;-1252;1709;45;11;-37;-56;-22;865;-2010;56769
48;319;106482;-1167;1710;-10;24;-29;-17;-30;877;-1993;18737
48;320;106712;-1148;1723;72;-22;-61;-1;-30;865;-2000;46389
48;321;107131;-1134;1771;-79;26;-21;-52;-16;861;-1997;27942
48;322;107462;-1146;1716;27;11;-39;-5;-26;851;-1992;8482
48;323;107695;-1142;1716;16;12;-36;-15;-25;864;-1999;59239
48;324;108119;-1138;1720;24;11;-38;-10;-17;853;-1990;18503
48;325;108449;-1145;1713;31;9;-38;-11;-20;853;-1987;16246
48;326;108787;-1139;1720;24;11;-37;-9;4;845;-1988;19499
48;327;109102;-1137;1712;14;13;-36;-7;-5;831;-1974;8231
48;328;109328;-1134;1716;25;11;-36;-7;-6;832;-1988;25223
48;329;109650;-1139;1721;17;13;-35;-7;-13;833;-1989;45065
48;330;109990;-1152;1757;20;9;-37;-9;9;841;-1980;11907
48;331;110215;-1140;1723;29;11;-38;-9;2;829;-1977;40017
48;332;110533;-1133;1718;25;13;-36;-10;3;829;-1973;51784
48;333;111099;-1135;1723;22;11;-36;-10;-7;826;-1957;54035
48;334;111413;-1124;1728;24;15;-36;-3;-4;819;-1974;9730
48;335;111727;-1138;1723;26;11;-36;-9;-9;822;-1969;3508
48;336;112082;-1129;1726;23;10;-37;-10;-15;821;-1958;18554
48;337;112397;-1143;1733;35;6;-40;-12;-9;822;-1942;55069
48;338;112730;-1124;1721;22;11;-38;-10;-17;814;-1951;30546
48;339;113073;-1129;1725;26;12;-36;-7;-13;817;-1949;1397
48;340;113392;-1131;1733;17;13;-37;-8;-19;814;-1952;24732
48;341;113621;-1132;1723;23;11;-38;-9;-11;815;-1954;6994
48;342;113937;-1123;1735;21;12;-37;-8;-16;815;-1957;56170
48;343;114170;-1124;1725;24;12;-37;-8;-7;822;-1955;11792
48;344;114605;-1125;1732;32;11;-37;-8;-9;813;-1950;18738
48;345;115026;-1121;1731;25;13;-38;-7;-14;810;-1947;63878
48;346;115379;-1120;1727;27;11;-38;-9;-8;793;-1946;57200
48;347;115697;-1121;1731;28;14;-35;-7;-20;803;-1928;51651
48;348;116017;-1118;1732;25;13;-36;-7;-11;804;-1938;10165
48;349;116370;-1118;1734;21;12;-36;-8;-11;791;-1923;60361
48;350;116685;-1119;1736;26;12;-37;-9;-14;798;-1937;37266
48;351;117001;-1110;1733;12;11;-38;-7;-5;812;-1937;2205
48;352;117226;-1107;1743;28;13;-37;-12;-12;796;-1930;21378
48;353;117567;-1106;1736;20;12;-37;-11;-3;805;-1935;3735
48;354;118004;-1108;1743;33;12;-37;-6;-4;800;-1932;17380
48;355;118321;-1115;1741;22;12;-37;-10;-3;801;-1940;43020
48;356;118560;-1111;1727;27;12;-36;-7;-8;794;-1923;27096
48;357;118996;-1129;1730;20;11;-36;-10;-7;800;-1941;52664
48;358;119311;-1107;1739;21;13;-36;-9;-11;792;-1928;27130
48;359;119649;-1114;1737;25;13;-37;-8;-8;803;-1930;11154
48;360;119984;-1112;1738;24;13;-35;-8;-19;793;-1937;1351
48;361;120299;-1114;1736;25;10;-36;-11;-6;790;-1938;43414
48;362;120628;-1109;1742;23;13;-35;-7;-23;792;-1934;16778
48;363;120972;-1112;1735;26;12;-36;-9;-7;794;-1922;6014
48;364;121294;-1112;1741;24;11;-36;-9;3;787;-1915;38739
48;365;121624;-1107;1744;24;12;-37;-10;-14;785;-1931;35954
48;366;121963;-1109;1742;26;13;-38;-9;-23;788;-1931;8892
48;367;122278;-1110;1748;24;13;-36;-11;2;784;-1942;30777
48;368;122503;-1110;1740;20;12;-36;-9;-21;784;-1931;24254
48;369;122947;-1104;1747;28;13;-37;-9;-15;785;-1920;27236
48;370;123382;-1111;1730;22;13;-37;-8;-15;795;-1934;57500
48;371;123806;-1100;1757;5;14;-35;-2;-21;782;-1945;44621
48;372;124040;-1107;1744;24;10;-37;-13;-12;788;-1925;16483
48;373;124269;-1103;1742;27;12;-36;-7;-6;785;-1927;15857
48;374;124584;-1101;1741;29;11;-37;-13;-9;793;-1927;62141
48;375;124900;-1088;1731;14;17;-32;-9;-16;779;-1927;6073
48;376;125152;-1099;1744;24;10;-36;-10;-4;789;-1937;40538
48;377;125467;-1100;1744;20;11;-36;-9;-6;775;-1925;21691
48;378;125786;-1096;1743;21;12;-36;-9;-10;776;-1938;27571
48;379;126016;-1098;1745;26;13;-36;-9;-18;782;-1927;23673
48;380;126353;-1097;1737;25;12;-35;-8;-3;772;-1927;62967
48;381;126894;-1099;1745;23;12;-36;-9;-11;776;-1922;44792
48;382;127212;-1101;1744;25;11;-36;-9;-11;771;-1918;47384
48;383;127445;-1098;1749;28;10;-37;-12;-32;773;-1934;44030
48;384;127882;-1100;1748;22;13;-36;-7;-27;768;-1919;22298
48;385;128196;-1098;1746;25;11;-36;-9;-30;770;-1921;46540
48;386;128548;-1098;1746;30;12;-36;-9;-14;773;-1917;14126
48;387;128870;-1097;1746;22;11;-36;-10;-22;780;-1911;33929
48;388;129189;-1097;1747;28;11;-36;-10;-22;777;-1923;51228
48;389;129541;-1096;1745;25;11;-34;-7;-7;779;-1919;15125
48;390;129857;-1096;1748;27;13;-36;-8;-12;763;-1923;14652
48;391;130176;-1097;1746;30;11;-37;-10;-11;770;-1920;45199
48;392;130402;-1094;1746;27;14;-36;-7;-10;768;-1922;14713
48;393;130845;-1098;1748;25;11;-36;-11;-20;770;-1921;37620
48;394;131175;-1094;1749;22;12;-36;-9;-8;779;-1927;35332
48;395;131489;-1098;1748;27;14;-34;-6;-15;767;-1912;15126
48;396;131832;-1095;1746;28;13;-35;-7;1;770;-1910;31467
48;397;132163;-1096;1748;26;10;-37;-12;-24;771;-1909;56998
48;398;132477;-1096;1750;27;11;-36;-10;-4;776;-1900;7610
48;399;132821;-1094;1749;23;11;-36;-10;-19;771;-1919;31076
48;400;133051;-1094;1749;28;12;-36;-8;-18;772;-1919;13067
48;401;133369;-1090;1748;25;11;-37;-10;-10;777;-1926;31112
48;402;133804;-1094;1749;24;13;-36;-8;-20;765;-1913;2149
48;403;134042;-1097;1748;27;11;-35;-9;-20;778;-1921;19317
48;404;134357;-1092;1750;25;11;-35;-10;-20;770;-1914;29139
48;405;134792;-1091;1749;28;12;-35;-8;-13;763;-1906;1277
48;406;135130;-1095;1747;30;11;-36;-10;-23;766;-1920;1967
48;407;135445;-1096;1751;24;12;-35;-9;-14;773;-1906;39478
48;408;135776;-1096;1749;24;12;-36;-9;-21;762;-1925;64760
48;409;136117;-1093;1750;27;12;-35;-8;-18;765;-1906;11038
48;410;136658;-1093;1749;27;12;-36;-9;-13;764;-1921;23802
48;411;136976;-1092;1752;25;13;-36;-8;-17;768;-1913;60888
48;412;137210;-1094;1750;26;11;-36;-8;-15;759;-1920;17671
48;413;137439;-1092;1748;28;10;-37;-11;-18;753;-1898;18188
48;414;137755;-1093;1751;26;12;-34;-9;-7;757;-1922;47474
48;415;138070;-1093;1742;26;13;-36;-8;-12;769;-1914;13014
48;416;138319;-1088;1750;35;11;-37;-8;-15;769;-1911;59466
48;417;138642;-1096;1745;23;11;-36;-10;1;758;-1914;12104
48;418;138957;-1089;1751;25;14;-36;-13;-14;768;-1906;43555
48;419;139183;-1096;1751;24;12;-36;-8;-4;769;-1905;45638
48;420;139629;-1089;1752;25;12;-35;-9;-15;762;-1911;1512
48;421;140065;-1110;1756;29;8;-38;-22;-5;751;-1907;48474
48;422;140379;-1091;1750;30;12;-35;-9;-10;750;-1919;45948
48;423;140719;-1072;1739;25;13;-34;-5;-4;754;-1917;52434
48;424;140945;-1091;1756;24;11;-37;-8;-15;746;-1912;47307
48;425;141264;-1090;1750;28;12;-35;-9;-20;755;-1906;64000
48;426;141726;-1090;1751;28;11;-36;-10;-14;757;-1912;55532
48;427;142044;-1090;1752;26;13;-36;-7;0;761;-1911;5103
48;428;142359;-1089;1752;26;12;-36;-8;-15;767;-1918;3283
48;429;142714;-1088;1752;31;12;-38;-10;-19;752;-1908;46338
48;430;143028;-1087;1752;28;12;-36;-8;8;763;-1916;23229
48;431;143343;-1085;1741;28;11;-36;-8;2;764;-1902;46481
48;432;143674;-1094;1752;24;12;-35;-8;-2;759;-1920;35431
48;433;143908;-1090;1753;28;13;-36;-8;-18;756;-1918;25191
48;434;144222;-1091;1751;26;11;-36;-10;-29;754;-1912;40995
48;435;144561;-1091;1749;30;11;-36;-10;-12;750;-1905;30275
48;436;145008;-1088;1753;28;13;-37;-9;5;755;-1924;39508
48;437;145338;-1092;1752;26;13;-34;-7;-5;756;-1920;56345
48;438;145657;-1092;1750;28;13;-34;-7;-14;755;-1927;18967
48;439;145996;-1088;1753;26;13;-35;-7;-18;763;-1907;5210
48;440;146221;-1092;1752;24;12;-37;-9;-22;756;-1913;20093
48;441;146641;-1085;1749;27;13;-33;-7;-23;755;-1911;62590
48;442;146972;-1089;1750;28;10;-37;-11;-23;750;-1907;53843
48;443;147210;-1087;1751;30;12;-36;-8;-2;762;-1906;46499
48;444;147633;-1088;1754;26;11;-36;-9;-13;763;-1924;17363
48;445;147964;-1091;1747;30;11;-36;-9;-10;758;-1921;34512
48;446;148301;-1088;1751;27;11;-37;-10;-9;762;-1919;3739
48;447;148617;-1091;1755;29;10;-36;-9;-17;756;-1914;7095
48;448;148843;-1091;1751;30;11;-37;-9;-14;756;-1904;4690
48;449;149161;-1087;1750;29;12;-36;-9;-9;756;-1901;9478
48;450;149500;-1089;1754;29;11;-35;-10;-11;748;-1920;62666
48;451;149730;-1089;1752;29;10;-37;-10;-12;740;-1911;53363
48;452;150044;-1088;1756;26;12;-35;-9;-11;748;-1887;2414
48;453;150612;-1089;1749;31;14;-35;-6;-7;755;-1912;33752
48;454;150927;-1093;1751;26;13;-35;-9;-13;756;-1906;11537
48;455;151241;-1091;1753;27;12;-36;-8;-7;754;-1918;9789
48;456;151595;-1088;1756;28;11;-37;-11;-21;745;-1904;44572
48;457;151911;-1087;1753;28;12;-35;-8;-22;754;-1906;62818
48;458;152240;-1088;1751;27;13;-35;-9;-17;752;-1916;52192
48;459;152585;-1088;1754;28;12;-34;-9;-28;757;-1902;21357
48;460;152900;-1090;1749;29;13;-35;-8;-5;751;-1901;47487
48;461;153130;-1093;1753;28;12;-36;-10;-4;746;-1910;43148
48;462;153449;-1089;1753;35;10;-36;-10;-9;756;-1908;44152
48;463;153682;-1089;1754;25;12;-36;-8;-17;752;-1909;7678
48;464;154118;-1090;1752;28;11;-35;-9;-9;758;-1923;1381
48;465;154538;-1089;1754;28;14;-33;-6;-26;756;-1917;31455
48;466;154892;-1088;1756;27;11;-35;-9;-25;750;-1892;48499
48;467;155211;-1087;1752;29;11;-35;-11;-17;745;-1910;8608
48;468;155526;-1086;1752;31;12;-35;-9;-28;753;-1902;11499
48;469;155880;-1085;1751;28;13;-35;-4;-18;751;-1903;30771
48;470;156195;-1086;1752;28;12;-36;-9;-22;753;-1901;63349
48;471;156514;-1083;1752;30;11;-37;-9;-12;751;-1904;51501
48;472;156740;-1090;1760;26;10;-35;-10;-16;749;-1902;50671
48;473;157081;-1085;1752;28;11;-35;-8;-12;752;-1904;52373
48;474;157517;-1087;1757;27;11;-36;-10;-16;759;-1907;8401
48;475;157835;-1090;1746;34;11;-36;-10;-12;764;-1915;7200
48;476;158069;-1090;1754;32;11;-36;-9;-15;757;-1906;6833
48;477;158508;-1088;1754;28;11;-36;-10;-29;750;-1917;10281
48;478;158823;-1088;1752;31;12;-37;-8;-16;739;-1910;21805
48;479;159161;-1088;1755;28;11;-36;-10;-27;767;-1900;34081
48;480;159495;-1087;1754;28;12;-35;-9;-22;751;-1904;63149
48;481;159811;-1090;1754;28;12;-36;-9;-17;750;-1897;50668
48;482;160140;-1090;1753;31;14;-34;-5;-11;753;-1935;11448
48;483;160483;-1087;1756;26;12;-34;-8;-18;762;-1909;9062
48;484;160798;-1094;1752;29;11;-35;-10;-4;758;-1906;44519
48;485;161132;-1084;1753;28;12;-35;-8;-29;751;-1900;1495
48;486;161470;-1086;1753;30;11;-34;-8;-20;757;-1886;27982
48;487;161785;-1089;1752;26;12;-35;-9;-13;756;-1895;789
48;488;162015;-1089;1753;30;12;-35;-7;-13;745;-1898;1792
48;489;162458;-1087;1754;31;11;-35;-9;8;754;-1906;7068
48;490;162898;-1094;1830;18;10;-37;-8;-22;751;-1897;31095
48;491;163318;-1096;1754;32;9;-37;-12;-11;741;-1902;13151
48;492;163551;-1078;1766;19;13;-35;-10;-8;751;-1913;33846
48;493;163777;-1090;1757;26;11;-35;-9;-26;753;-1911;46379
48;494;164092;-1084;1756;30;13;-34;-8;-17;749;-1912;9090
48;495;164407;-1084;1752;32;12;-34;-8;-17;746;-1898;24970
48;496;164656;-1091;1750;30;11;-36;-9;-16;755;-1904;52527
48;497;164978;-1095;1746;33;8;-36;-11;-12;754;-1916;30973
48;498;165300;-1088;1757;29;12;-36;-8;0;754;-1909;43009
48;499;165525;-1090;1753;26;11;-36;-11;-9;755;-1903;52445
48;500;165863;-1083;1757;23;10;-37;-12;-10;746;-1912;59707
48;501;166404;-1081;1751;33;11;-35;-10;-2;748;-1907;52155
48;502;166718;-1085;1748;27;10;-37;-10;-17;754;-1914;290
48;503;166952;-1081;1748;31;11;-37;-6;-17;755;-1901;27620
48;504;167388;-1087;1753;26;11;-36;-10;-16;746;-1893;32935
48;505;167702;-1087;1753;31;11;-35;-8;-16;740;-1909;12300
48;506;168059;-1087;1758;26;12;-35;-8;-16;745;-1912;32826
48;507;168381;-1084;1753;28;11;-35;-9;-7;749;-1897;21064
48;508;168700;-1091;1756;31;10;-36;-9;-14;745;-1906;34244
48;509;169062;-1105;1754;63;8;-39;15;-19;744;-1909;55235
48;510;169377;-1092;1748;41;9;-38;-8;-14;752;-1911;28970
48;511;169692;-1087;1767;30;13;-33;-2;-25;753;-1888;51602
48;512;169918;-1086;1735;31;13;-34;-3;-22;744;-1897;43498
48;513;170361;-1074;1776;47;8;-33;6;-4;744;-1899;2766
48;514;170695;-1077;1758;25;13;-34;-9;-12;745;-1912;29997
48;515;171014;-1079;1755;29;10;-36;-11;-30;739;-1897;3259
48;516;171355;-1093;1772;37;8;-37;-32;-17;747;-1896;42472
48;517;171685;-1084;1764;25;10;-36;-10;-26;746;-1895;28120
48;518;172000;-1078;1764;28;12;-34;-8;-17;741;-1900;10322
48;519;172339;-1093;1736;47;8;-35;-18;-24;739;-1903;63449
48;520;172564;-1089;1872;32;6;-42;-3;-17;743;-1898;46442
48;521;172884;-1080;1756;39;9;-37;-9;-10;749;-1895;59684
48;522;173322;-1067;1784;45;9;-38;-8;-13;741;-1902;21199
48;523;173556;-1176;1827;74;3;-42;-20;-22;741;-1896;44325
48;524;173875;-1077;1756;32;9;-34;-8;-31;744;-1885;9302
48;525;174310;-1052;1713;76;19;-33;-3;-16;747;-1893;12042
48;526;174647;-1081;1764;7;13;-36;-9;-7;754;-1883;52288
48;527;174963;-1071;1765;32;12;-35;-4;-31;737;-1888;14735
48;528;175294;-1078;1757;23;12;-35;-12;-13;745;-1892;45307
48;529;175631;-1076;1762;26;10;-35;-10;-9;737;-1905;7174
48;530;176176;-1076;1758;26;11;-35;-10;-20;754;-1887;52007
48;531;176490;-1074;1758;32;11;-36;-8;-2;746;-1888;49098
48;532;176725;-1078;1759;31;12;-36;-10;2;745;-1893;16470
48;533;176959;-1076;1760;30;11;-36;-10;-5;751;-1900;17371
48;534;177274;-1073;1764;27;13;-35;-6;-4;735;-1897;52942
48;535;177589;-1072;1758;26;11;-36;-8;-21;756;-1898;37840
48;536;177838;-1077;1759;28;10;-35;-9;-8;743;-1895;54308
48;537;178158;-1083;1755;30;8;-38;-15;-11;754;-1904;44530
48;538;178476;-1074;1758;24;10;-36;-10;-17;751;-1888;34939
48;539;178702;-1077;1758;30;12;-34;-7;-15;748;-1900;44915
48;540;179145;-1074;1760;25;10;-35;-10;2;747;-1887;34903
48;541;179580;-1076;1763;32;12;-35;-10;-16;744;-1895;19316
48;542;179899;-1079;1760;33;10;-34;-10;-26;746;-1892;44575
48;543;180238;-1075;1761;26;11;-35;-9;-20;743;-1899;8445
48;544;180463;-1077;1755;33;12;-35;-6;-7;748;-1897;54195
48;545;180782;-1077;1759;30;11;-36;-10;-9;751;-1888;60457
48;546;181243;-1080;1770;30;10;-35;-13;-18;747;-1901;55695
48;547;181557;-1069;1760;26;11;-35;-9;1;738;-1902;2054
48;548;181873;-1071;1762;38;12;-36;-10;-21;737;-1896;28588
48;549;182227;-1049;1737;57;11;-36;-6;-12;741;-1883;7184
48;550;182541;-1069;1759;30;13;-35;-8;-31;729;-1893;43048
48;551;182861;-1062;1760;41;12;-35;-7;-7;740;-1895;12867
48;552;183191;-1078;1763;27;11;-34;-10;1;746;-1898;15908
48;553;183425;-1075;1765;31;11;-35;-7;-15;739;-1893;10990
48;554;183739;-1074;1765;33;11;-34;-9;-7;744;-1894;16401
48;555;184078;-1077;1762;28;9;-37;-11;-15;743;-1885;6203
48;556;184522;-1074;1761;32;10;-35;-10;-8;737;-1893;58808
48;557;184856;-1073;1757;29;13;-34;-6;-10;742;-1884;16054
48;558;185172;-1076;1757;28;11;-35;-7;5;741;-1888;50561
48;559;185510;-1079;1766;29;12;-37;-8;-12;735;-1879;13305
48;560;185742;-1077;1762;32;11;-34;-7;-16;734;-1890;39067
48;561;186162;-1070;1758;33;11;-35;-9;-13;737;-1899;14723
48;562;186496;-1076;1763;26;11;-35;-9;-21;736;-1893;12330
48;563;186748;-1074;1762;26;13;-34;-7;-22;737;-1886;25479
48;564;187168;-1076;1758;27;11;-37;-10;-7;754;-1896;7451
48;565;187498;-1061;1787;18;13;-35;-4;-8;737;-1890;2451
48;566;188151;-1068;1763;35;11;-35;-7;-23;740;-1891;40556
48;567;188377;-1100;1767;36;10;-34;-15;-13;749;-1878;38241
48;568;188695;-1077;1764;36;10;-37;-6;-10;743;-1890;34518
48;569;189154;-1061;1718;39;12;-35;0;-14;741;-1882;23472
48;570;189476;-1075;1760;29;13;-33;-6;5;743;-1875;32849
48;571;189791;-1079;1753;41;12;-34;-5;-15;735;-1890;7654
48;572;190146;-1071;1861;15;10;-38;-8;-9;733;-1889;55571
48;573;190460;-1113;1755;15;10;-33;-29;-10;741;-1894;23721
48;574;190775;-1072;1770;31;11;-35;-8;-20;741;-1888;54835
48;575;191110;-1021;1729;-59;39;-26;9;-18;732;-1881;21014
48;576;191344;-1027;1778;104;4;-36;25;-21;738;-1884;61339
48;577;191662;-1066;1767;41;12;-35;-7;-19;745;-1888;32956
48;578;191997;-1072;1715;9;10;-32;-3;-14;737;-1883;58530
48;579;192440;-1074;1755;32;10;-37;-9;-7;737;-1894;46029
48;580;192770;-1068;1749;17;16;-32;-10;-16;732;-1882;26491
48;581;193086;-1075;1753;33;11;-33;-5;5;731;-1882;29842
48;582;193426;-1078;1758;22;10;-35;-12;-18;743;-1882;5916
48;583;193652;-1069;1767;35;11;-35;-9;3;735;-1865;28498
48;584;194072;-1077;1767;27;11;-33;-8;-6;739;-1886;6045
48;585;194402;-1074;1756;27;11;-36;-9;-8;725;-1879;55885
48;586;194643;-1072;1763;26;11;-35;-9;-16;738;-1872;15796
48;587;195063;-1077;1758;27;11;-34;-9;-25;742;-1880;45047
48;588;195393;-1073;1762;26;11;-34;-10;0;735;-1891;33992
48;589;195731;-1072;1758;29;11;-35;-7;-8;730;-1898;2715
48;590;196047;-1076;1761;27;11;-36;-9;-15;738;-1872;20254
48;591;196272;-1069;1759;28;11;-35;-8;-9;736;-1888;47363
48;592;196587;-1075;1757;27;12;-35;-7;-3;744;-1884;12999
48;593;196927;-1076;1762;30;11;-33;-8;-11;728;-1888;61151
48;594;197160;-1074;1751;32;12;-34;-8;-15;730;-1887;52455
48;595;197477;-1074;1765;26;12;-35;-11;-20;733;-1883;8721
48;596;198046;-1065;1753;39;11;-33;-19;1;750;-1895;34632
48;597;198360;-1073;1758;34;11;-35;-6;-13;747;-1899;1869
48;598;198675;-1090;1761;20;14;-34;-6;-16;736;-1884;54188
48;599;199029;-1071;1766;32;9;-35;-10;-15;738;-1893;9975
48;600;199344;-1078;1755;32;10;-35;-6;-21;744;-1885;62236
48;601;199674;-1077;1773;41;6;-38;-6;-10;730;-1889;23302
48;602;200017;-1050;1730;10;14;-33;-5;-19;740;-1885;17572
48;603;200332;-1066;1765;36;10;-36;-8;-6;741;-1878;26048
48;604;200561;-1072;1765;17;9;-36;-13;-17;732;-1891;3344
48;605;200877;-1066;1756;3;10;-33;-10;-27;741;-1879;55566
48;606;201113;-1093;1744;28;15;-30;-10;-9;732;-1880;16457
48;607;201549;-1076;1762;28;10;-37;-10;-14;731;-1872;36496
48;608;201969;-1078;1759;27;11;-34;-11;-27;741;-1888;33971
48;609;202323;-1063;1752;25;11;-34;-7;-23;736;-1885;40039
48;610;202642;-1076;1773;30;10;-36;-12;-3;731;-1873;15649
48;611;202958;-1110;1812;32;12;-37;-13;-11;736;-1882;19280
48;612;203311;-1077;1755;27;10;-34;-11;-12;734;-1871;38242
48;613;203629;-1072;1764;23;11;-36;-7;-24;737;-1904;24746
48;614;203949;-1074;1771;39;7;-37;-9;-5;740;-1874;42138
48;615;204175;-1072;1763;40;12;-35;-10;-14;738;-1887;11248
48;616;204512;-1077;1756;23;11;-34;-8;-10;738;-1881;52391
48;617;204949;-1077;1760;30;9;-37;-11;-11;736;-1893;13879
48;618;205270;-1073;1764;29;11;-34;-8;-9;738;-1893;53494
48;619;205504;-1075;1760;23;11;-34;-9;-8;729;-1880;23472
48;620;205940;-1070;1759;32;11;-34;-8;-3;730;-1884;18685
48;621;206255;-1069;1784;10;14;-33;-12;-8;736;-1879;53210
48;622;206596;-1074;1760;24;10;-35;-7;-12;732;-1893;39592
48;623;206928;-1073;1757;28;11;-35;-7;-4;740;-1890;44305
48;624;207243;-1067;1752;31;12;-34;-12;-13;733;-1898;1428
48;625;207572;-1076;1764;25;10;-36;-6;-2;732;-1894;16778
48;626;207914;-1075;1764;27;10;-35;-13;-24;733;-1882;53017
48;627;208229;-1070;1757;35;9;-36;-10;-10;733;-1893;58143
48;628;208558;-1074;1763;32;10;-37;-8;-10;735;-1888;63214
48;629;208897;-1078;1736;38;10;-33;-7;-29;742;-1877;14217
48;630;209216;-1068;1759;30;11;-35;-7;-16;743;-1880;53558
48;631;209445;-1071;1761;30;11;-33;-7;-11;737;-1886;7183
48;632;209889;-1065;1765;22;14;-34;-4;2;736;-1873;28154
48;633;210328;-1075;1755;24;10;-36;-10;-22;731;-1869;64165
48;634;210752;-1086;1742;2;10;-33;-17;-5;726;-1877;31829
48;635;210985;-1069;1756;32;11;-36;-6;-16;738;-1866;40105
48;636;211211;-1073;1762;29;11;-35;-9;-16;736;-1879;52175
48;637;211525;-1076;1762;28;11;-35;-8;-13;745;-1890;26299
48;638;211841;-1078;1755;37;12;-34;-7;-14;736;-1891;10364
48;639;212090;-1074;1757;29;12;-35;-9;-9;734;-1873;18372
48;640;212409;-1071;1764;32;11;-36;-9;-23;729;-1896;48268
48;641;212728;-1076;1766;22;12;-34;-9;-11;736;-1877;1784
48;642;212958;-1075;1759;27;10;-33;-7;-18;726;-1875;24556
48;643;213295;-1067;1756;31;13;-34;-7;-3;737;-1888;39065
48;644;213836;-1074;1765;29;11;-34;-9;-9;727;-1890;47258
48;645;214151;-1060;1766;23;12;-32;-9;-13;725;-1890;33192
48;646;214384;-1074;1755;26;13;-33;-5;-9;727;-1888;45971
48;647;214820;-1072;1760;29;11;-36;-10;-14;721;-1883;26716
48;648;215138;-1072;1759;27;10;-34;-9;-12;727;-1875;33967
48;649;215495;-1075;1772;30;8;-37;-13;-7;732;-1877;17767
48;650;215811;-1071;1762;30;10;-36;-10;-14;731;-1877;36105
48;651;216126;-1073;1763;25;10;-36;-10;-10;731;-1884;15762
48;652;216479;-1071;1766;30;11;-36;-9;-20;743;-1882;22160
48;653;216802;-1063;1760;32;11;-34;-8;-27;732;-1872;51018
48;654;217117;-1078;1765;28;10;-35;-11;-11;728;-1875;8741
48;655;217343;-1070;1762;29;11;-33;-8;-14;738;-1877;30372
48;656;217787;-1074;1759;27;11;-35;-8;-20;740;-1882;25412
48;657;218125;-1067;1768;36;12;-35;-4;-14;724;-1879;63070
48;658;218439;-1070;1758;29;11;-35;-9;-25;730;-1873;15163
48;659;218781;-1075;1764;30;8;-35;-10;-16;733;-1888;44567
48;660;219111;-1071;1761;31;12;-33;-7;-17;737;-1874;19493
48;661;219425;-1075;1762;27;11;-36;-8;-7;728;-1885;23863
48;662;219765;-1077;1759;30;10;-36;-10;-20;738;-1871;39595
48;663;219990;-1076;1760;27;11;-34;-7;-8;727;-1874;21879
48;664;220305;-1074;1765;29;11;-36;-9;-22;729;-1885;55722
48;665;220744;-1074;1764;36;12;-34;-5;-22;738;-1883;34982
48;666;220984;-1072;1762;26;11;-34;-7;-14;734;-1896;65062
48;667;221299;-1075;1763;29;11;-35;-8;-22;734;-1870;25319
48;668;221735;-1075;1763;27;10;-34;-8;-18;736;-1882;27910
48;669;222072;-1073;1761;30;11;-35;-6;-13;741;-1880;26650
48;670;222387;-1072;1755;34;11;-35;-9;1;721;-1873;23650
48;671;222718;-1071;1757;31;10;-36;-9;-20;730;-1882;44681
48;672;223056;-1060;1754;42;11;-34;-6;-16;726;-1875;18245
48;673;223604;-1094;1739;10;15;-31;-20;-14;727;-1880;65391
48;674;223919;-1073;1751;21;13;-32;-8;-23;731;-1878;19197
48;675;224157;-1074;1763;31;10;-37;-7;-18;728;-1887;15079
48;676;224383;-1069;1778;46;9;-35;-7;-27;729;-1877;60464
48;677;224699;-1066;1764;35;11;-36;-11;-11;723;-1873;36400
48;678;225018;-1074;1758;25;11;-34;-6;-18;731;-1880;45637
48;679;225266;-1076;1762;29;11;-34;-11;-4;734;-1885;57093
48;680;225582;-1067;1757;27;11;-35;-7;-3;728;-1869;24931
48;681;225901;-1077;1761;28;13;-34;-7;-10;735;-1873;45618
48;682;226127;-1071;1762;33;11;-34;-9;-4;730;-1883;57974
48;683;226569;-1077;1766;31;10;-35;-9;-16;729;-1885;57534
48;684;227009;-1079;1762;23;13;-35;-7;-16;723;-1892;19008
48;685;227323;-1073;1771;22;9;-36;-11;-20;735;-1890;29560
48;686;227662;-1072;1761;28;11;-34;-8;-21;739;-1887;4527
48;687;227888;-1072;1763;29;9;-37;-10;-21;731;-1873;33746
48;688;228203;-1072;1764;30;11;-35;-8;-20;723;-1876;44345
48;689;228664;-1073;1760;31;10;-36;-11;-16;730;-1881;38000
48;690;228982;-1074;1762;31;10;-37;-10;-21;732;-1888;22457
48;691;229297;-1076;1761;30;11;-34;-7;-5;727;-1887;34728
48;692;229655;-1080;1765;31;10;-35;-9;-28;728;-1879;46843
48;693;229974;-1072;1766;37;10;-36;-8;-25;739;-1883;62961
48;694;230288;-1068;1762;21;12;-35;-7;-25;728;-1884;25374
48;695;230619;-1071;1762;31;11;-35;-8;-6;723;-1883;19266
48;696;230853;-1074;1763;29;10;-34;-10;-36;721;-1879;48500
48;697;231167;-1075;1763;31;10;-34;-9;-26;732;-1880;42222
48;698;231502;-1072;1764;31;11;-34;-8;-24;741;-1876;52378
48;699;231947;-1073;1758;30;11;-35;-8;-22;725;-1890;38608
48;700;232276;-1077;1761;33;12;-32;-6;-22;729;-1881;40765
48;701;232595;-1075;1761;34;11;-34;-8;-16;738;-1883;35215
48;702;232937;-1069;1774;27;10;-34;-9;-24;722;-1879;38775
48;703;233162;-1067;1767;30;13;-35;-7;-35;724;-1874;55325
48;704;233581;-1073;1763;32;10;-36;-9;-15;727;-1884;959
48;705;233916;-1070;1759;27;11;-35;-8;-14;736;-1888;24246
48;706;234150;-1073;1763;28;11;-34;-7;-24;729;-1888;25488
48;707;234569;-1072;1759;28;11;-34;-7;-25;714;-1884;19645
48;708;234900;-1061;1775;32;12;-32;0;-42;724;-1875;51100
48;709;235237;-1080;1771;25;11;-34;-12;-18;731;-1879;2545
48;710;235557;-1074;1764;30;13;-34;-7;-16;725;-1871;51774
48;711;235783;-1073;1763;30;10;-35;-7;-13;731;-1886;33382
48;712;236098;-1069;1760;31;12;-33;-7;-21;729;-1876;45728
48;713;236443;-1074;1760;30;9;-36;-10;-16;728;-1866;60486
48;714;236668;-1073;1762;29;11;-36;-8;-9;721;-1877;17297
48;715;236987;-1071;1759;29;10;-34;-9;0;725;-1877;19717
48;716;237551;-1072;1761;32;11;-34;-7;-18;720;-1891;4412
48;717;237866;-1073;1760;29;11;-35;-8;-5;712;-1864;46599
48;718;238180;-1075;1761;31;10;-34;-6;-2;725;-1877;53896
48;719;238538;-1073;1757;29;10;-34;-8;-29;716;-1877;878
48;720;238853;-1069;1762;29;11;-34;-8;-31;713;-1866;15442
48;721;239187;-1072;1761;30;10;-34;-7;-23;722;-1869;42930
48;722;239527;-1072;1762;30;10;-34;-9;-13;722;-1878;26389
48;723;239842;-1074;1761;29;10;-34;-8;1;722;-1883;26134
48;724;240068;-1072;1761;30;13;-33;-5;2;719;-1884;57065
48;725;240383;-1079;1760;30;13;-34;-6;-17;724;-1873;36212
48;726;240619;-1072;1762;29;9;-36;-10;-15;713;-1886;10584
48;727;241055;-1071;1763;30;11;-34;-8;-21;722;-1895;46155
48;728;241478;-1048;1779;29;11;-35;-2;-32;721;-1890;39806
48;729;241836;-1074;1762;30;10;-37;-10;-28;722;-1901;4784
48;730;242151;-1073;1760;30;11;-34;-7;-31;721;-1873;37736
48;731;242466;-1074;1766;28;9;-34;-10;-30;719;-1873;54413
48;732;242820;-1071;1762;29;12;-34;-7;-16;716;-1886;22300
48;733;243135;-1074;1759;36;10;-34;-8;-22;714;-1887;19570
48;734;243454;-1070;1754;33;9;-36;-7;-24;716;-1895;8936
48;735;243680;-1072;1761;33;9;-35;-10;-8;713;-1884;20499
48;736;244018;-1048;1788;1;19;-37;-12;-18;738;-1870;6140
48;737;244461;-1077;1767;28;9;-34;-11;-23;721;-1876;42825
48;738;244780;-1073;1755;27;11;-35;-9;-17;722;-1892;32750
48;739;245013;-1072;1763;28;10;-34;-9;-32;726;-1883;35862
48;740;245449;-1073;1765;29;11;-33;-8;-18;724;-1876;26225
48;741;245764;-1085;1766;28;11;-32;-7;-20;726;-1870;18894
48;742;246102;-1075;1770;30;12;-34;-7;-16;727;-1883;33180
48;743;246433;-1067;1763;33;10;-35;-9;-19;730;-1878;21074
48;744;246748;-1070;1762;27;11;-34;-9;-21;726;-1885;59534
48;745;247083;-1069;1763;33;8;-36;-12;-17;724;-1867;58638
48;746;247424;-1075;1761;29;9;-35;-8;-27;722;-1885;37345
48;747;247740;-1072;1765;34;11;-35;-6;-13;733;-1884;19916
48;748;248069;-1068;1763;30;11;-35;-9;-22;718;-1862;23599
48;749;248408;-1074;1764;31;10;-34;-8;-26;718;-1892;54727
48;750;248727;-1072;1763;27;10;-35;-9;-22;719;-1871;35551
48;751;248953;-1071;1764;29;11;-34;-8;-28;727;-1876;53
48;752;249400;-1071;1766;29;11;-34;-8;-24;727;-1893;47505
48;753;249840;-1072;1760;24;12;-33;-7;-26;725;-1885;7532
48;754;250259;-1070;1764;19;12;-35;-9;-31;718;-1877;49833
48;755;250498;-1072;1760;29;12;-33;-7;-15;721;-1880;7063
48;756;250724;-1074;1765;28;11;-34;-9;-12;724;-1875;39862
48;757;251039;-1070;1762;32;10;-35;-7;-27;721;-1878;30169
48;758;251355;-1073;1763;30;10;-35;-9;-28;724;-1876;22133
48;759;251604;-1070;1762;30;10;-33;-10;-24;720;-1868;14708
48;760;251919;-1075;1762;27;10;-34;-8;-28;722;-1878;32548
48;761;252238;-1073;1764;31;9;-36;-10;-11;719;-1887;3317
48;762;252468;-1069;1759;29;11;-34;-9;-19;725;-1872;61041
48;763;252805;-1071;1762;33;9;-34;-9;-28;727;-1893;38022
48;764;253350;-1075;1761;30;9;-34;-11;-29;723;-1876;56071
48;765;253664;-1070;1765;28;10;-36;-8;-18;728;-1878;55626
48;766;253899;-1070;1765;30;11;-35;-9;-32;725;-1890;58523
48;767;254335;-1071;1765;32;9;-34;-10;-16;712;-1870;47439
48;768;254653;-1071;1760;33;12;-33;-6;-22;723;-1872;1258
48;769;255006;-1072;1766;29;11;-34;-7;-14;722;-1866;36892
48;770;255322;-1071;1764;30;10;-35;-8;-17;717;-1882;16027
48;771;255636;-1072;1766;34;11;-33;-5;-12;725;-1881;46697
48;772;255990;-1071;1755;31;10;-32;-7;-6;727;-1880;4630
48;773;256313;-1076;1769;30;10;-34;-7;-24;723;-1876;18654
48;774;256634;-1076;1761;31;12;-33;-6;-21;712;-1883;44024
48;775;256860;-1072;1759;29;10;-34;-8;-23;720;-1877;13170
48;776;257314;-1074;1758;30;11;-34;-8;-12;724;-1880;3124
48;777;257644;-1066;1762;23;11;-35;-11;-25;711;-1890;55632
48;778;257959;-1073;1767;36;9;-36;-11;-29;719;-1872;4175
48;779;258298;-1070;1757;32;10;-34;-9;-17;722;-1872;9329
48;780;258628;-1063;1754;33;11;-35;-4;-25;722;-1883;8875
48;781;258946;-1063;1764;40;13;-35;-8;-20;702;-1876;40131
48;782;259285;-1069;1766;30;12;-34;-8;-17;714;-1875;25478
48;783;259511;-1069;1757;29;9;-35;-10;-25;714;-1884;25316
48;784;259826;-1069;1772;28;9;-35;-10;-35;726;-1871;51641
48;785;260265;-1068;1755;34;10;-35;-9;-29;723;-1869;7241
48;786;260498;-1070;1766;28;11;-36;-9;-22;718;-1875;28328
48;787;260817;-1066;1766;31;11;-33;-9;-24;710;-1884;11378
48;788;261252;-1067;1767;30;12;-33;-6;-31;719;-1875;23453
48;789;261591;-1068;1758;29;10;-35;-8;-14;719;-1867;49821
48;790;261910;-1071;1762;33;11;-34;-6;-25;726;-1867;5922
48;791;262245;-1072;1762;31;12;-34;-6;-15;720;-1872;30908
48;792;262582;-1071;1763;30;8;-37;-12;-24;719;-1873;6200
48;793;263127;-1068;1762;34;11;-34;-7;-31;711;-1888;61193
48;794;263441;-1073;1762;31;9;-36;-11;-15;723;-1885;7015
48;795;263675;-1067;1766;30;10;-35;-6;-3;719;-1888;7496
48;796;263901;-1074;1762;28;11;-34;-7;-18;716;-1871;37089
48;797;264216;-1071;1761;32;10;-35;-9;-15;723;-1882;57803
48;798;264531;-1073;1761;29;9;-35;-9;-30;726;-1882;2292
48;799;264787;-1072;1760;31;10;-33;-9;-21;728;-1885;12855
48;800;265106;-1068;1765;36;10;-34;-7;-14;718;-1893;65154
48;801;265421;-1070;1760;29;11;-35;-7;-15;717;-1895;34131
48;802;265647;-1072;1764;28;11;-34;-8;-15;722;-1882;19177
48;803;266090;-1069;1761;29;11;-35;-8;4;724;-1889;37341
48;804;266525;-1071;1766;32;10;-33;-8;-21;718;-1886;64868
48;805;266840;-1070;1763;30;11;-34;-6;-20;730;-1881;11611
48;806;267179;-1072;1759;27;12;-33;-5;0;741;-1883;18918
48;807;267404;-1069;1764;33;9;-36;-11;-15;724;-1892;40008
48;808;267727;-1069;1759;32;10;-34;-7;-6;716;-1878;55388
48;809;268187;-1072;1762;26;9;-36;-8;-7;724;-1885;63387
48;810;268505;-1069;1764;30;11;-33;-7;-14;717;-1877;2499
48;811;268820;-1069;1759;32;10;-36;-10;-11;715;-1877;56762
48;812;269178;-1074;1751;28;10;-35;-4;-6;734;-1873;8073
48;813;269492;-1073;1755;30;11;-34;-10;-22;730;-1875;28386
48;814;269808;-1073;1740;38;11;-34;-8;-24;723;-1870;40615
48;815;270139;-1067;1775;41;7;-36;-11;-9;720;-1885;47361
48;816;270376;-1066;1764;36;11;-34;-6;-20;715;-1866;16373
48;817;270694;-1073;1768;28;8;-35;-11;-14;716;-1870;37617
48;818;271026;-1073;1764;27;11;-35;-8;-22;713;-1873;48129
48;819;271469;-1069;1764;34;10;-35;-6;-36;719;-1879;20979
48;820;271799;-1074;1759;29;10;-34;-9;-14;719;-1875;38871
48;821;272115;-1093;1771;48;7;-36;-9;-11;724;-1886;17205
48;822;272455;-1075;1764;28;11;-33;-6;-14;717;-1879;49395
48;823;272681;-1070;1765;32;12;-32;-5;-9;719;-1881;37088
48;824;273104;-1110;1858;51;5;-37;3;-19;732;-1879;4384
48;825;273435;-1062;1764;39;10;-35;-3;-15;723;-1888;62270
48;826;273671;-1072;1761;29;11;-36;-10;-6;722;-1889;19968
48;827;274091;-1072;1751;19;14;-34;-10;-16;732;-1878;30040
48;828;274421;-1069;1758;28;12;-33;-7;-12;721;-1876;26811
48;829;274759;-1061;1761;25;13;-33;-1;-16;734;-1875;32212
48;830;275078;-1071;1779;24;12;-33;-7;-14;721;-1884;14171
48;831;275304;-1022;1830;-6;13;-34;-1;-13;718;-1872;58611
48;832;275619;-1083;1800;17;13;-29;0;-21;718;-1892;19941
48;833;275962;-1073;1764;25;9;-34;-11;-7;730;-1867;38668
48;834;276187;-1071;1765;31;10;-34;-7;-16;724;-1886;25348
48;835;276509;-1069;1762;34;10;-34;-8;-8;725;-1879;6829
48;836;277074;-1063;1776;33;10;-32;-5;-22;728;-1875;27081
48;837;277388;-1078;1757;21;9;-35;-12;-20;716;-1883;31859
48;838;277702;-1076;1749;2;13;-33;-16;-18;720;-1889;12951
48;839;278057;-1092;1765;39;6;-34;-7;-28;719;-1880;35625
48;840;278375;-1074;1773;43;5;-34;-16;-19;725;-1873;29119
48;841;278705;-1062;1762;17;12;-33;-12;4;717;-1879;24227
48;842;279044;-1061;1746;32;12;-34;-26;-22;713;-1877;36362
48;843;279359;-1065;1762;28;11;-32;-7;-18;715;-1880;48183
48;844;279588;-1077;1778;34;14;-33;-4;-13;721;-1887;11868
48;845;279905;-1072;1746;22;12;-34;-3;-8;722;-1883;35527
48;846;280138;-1063;1770;37;7;-36;-8;-33;709;-1878;45887
48;847;280577;-1130;1692;44;12;-42;-25;-15;720;-1874;22786
48;848;281001;-1097;1664;-90;-6;-51;11;-9;716;-1872;18775
48;849;281356;-1058;1781;35;10;-36;1;-15;715;-1872;62683
48;850;281671;-1056;1770;10;16;-27;-8;-32;718;-1872;51362
48;851;281991;-1079;1798;270;-58;-71;13;-17;719;-1866;48668
48;852;282344;-1049;1799;10;25;-27;3;-24;716;-1883;49634
48;853;282659;-1066;1767;59;4;-35;-14;-13;720;-1874;27710
48;854;282975;-1051;1765;22;19;-29;-11;-27;720;-1875;671
48;855;283200;-720;1950;75;-123;111;-150;3;718;-1870;21673
48;856;283542;-1350;1904;20;153;-140;-467;-67;707;-1854;4354
48;857;283979;-1164;1292;-128;-376;767;131;-197;769;-1896;55659
48;858;284297;-1360;1521;-106;-753;848;-324;-286;701;-1867;13456
48;859;284530;-1307;1451;-75;-902;1054;-279;-407;578;-1849;30723
48;860;284967;-1356;1419;-71;-601;576;-161;-563;379;-1716;13860
48;861;285285;-1383;1439;-166;101;-159;416;-601;374;-1658;20056
48;862;285623;-1425;1501;-155;-563;421;-308;-538;437;-1672;18606
48;863;285954;-1424;1378;-90;161;722;-373;-621;312;-1549;21756
48;864;286273;-1957;1958;-259;-601;-665;264;-642;295;-1503;55922
48;865;286603;-779;799;84;-588;112;169;-651;383;-1797;22420
48;866;286942;-1741;1873;-243;924;-230;185;-667;391;-1646;54030
48;867;287257;-1408;1582;-241;-457;29;-32;-621;467;-1522;37496
48;868;287586;-1345;1424;-67;121;117;-84;-608;418;-1505;9431
48;869;287930;-1116;1260;-175;-236;-141;-106;-591;432;-1480;42361
48;870;288248;-1182;1407;-331;395;43;-139;-605;438;-1468;33673
48;871;288474;-1264;1439;-357;184;434;-1;-619;397;-1385;24165
48;872;288923;-1592;1618;-550;-583;24;351;-567;391;-1246;59037
48;873;289359;-1107;1342;-416;-436;179;-342;-543;409;-1224;58679
48;874;289779;-1385;1241;-351;135;344;-257;-535;464;-1195;12589
48;875;290012;-1293;1557;-408;689;-380;395;-517;406;-1126;16207
48;876;290238;-1477;1500;-432;-109;-359;465;-544;413;-1098;15203
48;877;290556;-1448;1551;-321;-42;-118;-155;-495;565;-1203;50032
48;878;290872;-1581;1709;-282;-223;-58;-350;-583;551;-1257;18761
48;879;291122;-1454;1412;-273;-73;-502;214;-671;538;-1343;14793
48;880;291441;-326;1789;-70;-774;592;652;-687;619;-1572;38971
48;881;291757;-1499;1577;-297;44;521;-72;-685;605;-1440;37286
48;882;291986;-1164;1321;-176;-50;243;-150;-689;589;-1425;24001
48;883;292324;-1568;1092;-150;-320;303;182;-675;624;-1373;36190
48;884;292865;-1298;1604;-442;-803;638;-289;-594;631;-1256;51936
48;885;293183;-1279;1526;-291;-1177;1245;-468;-472;771;-1369;32340
48;886;293416;-1055;1576;-197;-537;1366;385;-483;767;-1320;32647
48;887;293856;-892;2064;-37;-322;652;14;-297;790;-1198;6647
48;888;294170;-738;1659;-412;-696;847;-471;-167;874;-1426;20993
48;889;294523;-1342;1501;-482;-1247;1735;-37;-291;852;-1479;56481
48;890;294843;-489;2367;-133;-251;575;328;-285;833;-1555;62151
48;891;295158;-1311;1553;-384;328;-465;65;-302;816;-1545;46849
48;892;295511;-1207;1556;-346;390;-1031;295;-281;828;-1523;16974
48;893;295831;-1110;1746;-273;-477;602;-57;-225;854;-1617;12646
48;894;296150;-1181;1621;-228;-921;1362;-225;-228;834;-1732;47774
48;895;296375;-1128;1718;-211;-844;1504;-283;-301;770;-1710;19424
48;896;296822;-1069;1743;-103;54;335;-103;-389;717;-1545;47650
48;897;297153;-1115;1615;-447;132;-74;-69;-418;692;-1515;12028
48;898;297467;-1232;1605;-405;528;-910;223;-425;716;-1542;35549
48;899;297807;-1261;1613;-388;365;-794;122;-358;737;-1595;36710
48;900;298138;-1240;1611;-353;124;-208;-45;-333;756;-1623;7973
48;901;298456;-1250;1581;-294;-240;521;-150;-352;739;-1630;11546
48;902;298795;-1268;1575;-286;-324;414;-69;-388;723;-1610;21642
48;903;299021;-1272;1602;-287;-140;170;-34;-390;701;-1621;15341
48;904;299339;-1233;1604;-280;89;-219;38;-391;713;-1624;9776
48;905;299775;-1235;1618;-272;67;-115;-6;-383;711;-1627;64738
48;906;300008;-1250;1606;-284;12;-34;-12;-388;712;-1620;62942
48;907;300327;-1227;1605;-258;14;-74;-9;-373;708;-1619;58114
48;908;300762;-1242;1573;-262;7;67;-22;-388;704;-1620;18418
48;909;301104;-1246;1603;-291;101;-201;32;-405;701;-1586;17608
48;910;301419;-1346;1573;-296;139;-164;76;-404;698;-1574;46069
48;911;301754;-1279;1581;-267;-24;339;-52;-400;686;-1513;45935
48;912;302095;-1183;1647;-301;-1107;838;-279;-426;647;-1524;52221
48;913;302636;-1397;1381;-309;586;-50;-426;-549;483;-1546;47861
48;914;302951;-1465;1521;-414;-255;-69;125;-539;514;-1471;9212
48;915;303184;-1416;1451;-297;32;-421;294;-514;547;-1577;51949
48;916;303410;-1313;1469;-254;481;-178;-200;-476;581;-1555;29116
48;917;303729;-1283;1312;-313;378;-372;-180;-512;567;-1457;43951
48;918;304044;-1223;1476;-286;577;-541;-51;-478;587;-1546;22218
48;919;304296;-1577;1613;-406;-110;-84;-108;-497;541;-1548;31556
48;920;304615;-1023;1214;-389;60;-464;261;-578;633;-1576;22021
48;921;304930;-1210;1465;-351;454;192;34;-517;676;-1529;22987
48;922;305156;-1006;1582;-254;17;199;-168;-503;654;-1416;16985
48;923;305600;-1313;1382;-282;-182;60;-441;-624;466;-1655;2563
48;924;306036;-1316;1193;-254;127;-548;126;-614;507;-1660;51580
48;925;306354;-1268;1447;-244;373;-230;55;-480;628;-1613;37710
48;926;306693;-1377;1436;-323;-178;217;-766;-470;556;-1498;16669
48;927;306923;-1348;1370;-268;-74;216;-601;-588;435;-1463;16287
48;928;307238;-1499;1623;-409;-174;24;841;-668;401;-1403;14984
48;929;307699;-1260;1350;-294;284;-124;191;-508;513;-1635;6257
48;930;308014;-1201;1271;-287;193;-166;-865;-498;468;-1465;41869
48;931;308332;-1503;1620;-539;92;296;-580;-874;503;-452;65405
48;932;309009;-1369;1333;-274;216;46;-62;-698;612;-669;6252
48;933;309327;-1005;846;-162;29;-87;-649;-713;534;-644;31852
48;934;309658;-1627;1281;-265;254;119;-105;-786;447;-568;2133
48;935;310003;-1198;1117;-192;167;-788;-22;-741;559;-584;28538
48;936;310543;-1182;1017;-174;-590;191;-702;-717;583;-542;41141
48;937;310859;-1745;1368;-379;228;388;-339;-870;455;-405;15630
48;938;311095;-1638;1531;-428;65;-121;156;-914;474;-313;8249
48;939;311321;-1655;1274;-299;-330;-582;622;-941;563;-401;1211
48;940;311636;-1867;1725;-273;-412;355;-53;-910;662;-430;29394
48;941;311956;-1267;1111;-153;-247;375;-386;-1028;446;-409;27958
48;942;312211;-1653;1273;-371;147;401;-152;-1080;347;-187;37201
48;943;312531;-1454;1247;-354;-687;-221;172;-1078;460;-229;25075
48;944;312846;-3;1044;-2575;-769;1098;388;-1086;546;-128;15608
48;945;313072;-1718;1294;-393;-233;408;-394;-1114;420;5;4533
48;946;313517;-1332;1225;-286;-286;182;-378;-1085;268;127;61100
48;947;313953;-1477;1236;-469;-386;-759;19;-1153;465;-151;29749
48;948;314267;-1372;1293;-236;278;-262;377;-1075;610;-453;4362
48;949;314612;-1770;1421;-468;159;247;-465;-1019;533;-311;55932
48;950;314846;-880;1601;-154;-387;247;817;-1048;643;-197;46603
48;951;315161;-1463;1388;-229;-84;-254;-6;-1042;434;-269;1900
48;952;315621;-1214;1115;-297;74;-251;13;-983;424;-299;6348
48;953;315940;-1508;1350;-301;127;-32;210;-943;481;-326;11320
48;954;316255;-2280;1726;-446;-34;-56;-79;-924;442;-260;55845
48;955;316613;-1499;1234;-422;743;-462;350;-1026;461;-319;38945
48;956;316928;-1575;1405;-427;1011;-984;109;-918;498;-426;61068
48;957;317242;-1640;1393;-687;571;-309;203;-873;562;-464;2134
48;958;317581;-1563;1294;-454;213;76;46;-809;621;-388;58578
48;959;317817;-1443;1376;-547;-114;96;-70;-808;630;-374;64561
48;960;318132;-1068;1625;-817;-81;327;155;-802;673;-343;13449
48;961;318463;-1062;1509;-799;-336;386;-47;-819;650;-276;7629
48;962;318909;-1078;1556;-720;-52;148;-120;-855;589;-221;13120
48;963;319238;-1108;1574;-752;-6;-136;20;-883;582;-221;17356
48;964;319554;-1177;1535;-715;125;-157;27;-882;587;-229;11380
48;965;319897;-1171;1557;-694;166;-199;80;-870;622;-243;23758
48;966;320127;-1118;1485;-751;139;-201;84;-859;633;-264;49162
48;967;320550;-1139;1511;-700;1;-12;-20;-842;648;-284;4990
48;968;320881;-1134;1502;-736;-114;57;-77;-848;630;-275;31755
48;969;321117;-1165;1519;-707;-156;79;-98;-854;618;-279;18582
48;970;321540;-1133;1440;-726;-49;79;-175;-894;569;-266;15917
48;971;321871;-1301;1319;-801;-208;151;-217;-936;521;-245;18158
48;972;322211;-1339;1378;-632;168;-410;94;-948;502;-297;10126
48;973;322527;-1520;1401;-449;-104;-266;162;-933;554;-366;60184
48;974;322757;-1431;1408;-295;-1167;741;92;-901;572;-424;15208
48;975;323076;-640;2124;-366;-969;956;1304;-933;526;-336;24454
48;976;323417;-1514;1344;-327;42;401;-191;-944;426;-176;25696
48;977;323648;-1252;1614;-195;-1118;1299;-431;-965;456;-42;47863
48;978;323962;-1410;1354;-333;-648;858;-168;-845;528;160;19189
48;979;324528;-1347;1480;-500;-23;-46;-69;-720;515;244;38090
48;980;324843;-1414;1330;-269;-205;-434;362;-764;550;129;24670
48;981;325157;-1247;1463;-198;-11;656;59;-780;605;130;8277
48;982;325517;-1179;1601;-376;-1149;844;-257;-635;700;174;34435
48;983;325836;-1072;1646;-325;-529;646;-73;-584;861;20;32352
48;984;326166;-1529;1720;-292;-419;975;-751;-492;847;-28;47233
48;985;326507;-1658;1464;-517;-612;242;-196;-507;850;-128;55344
48;986;326822;-1337;1486;-317;-31;78;144;-488;893;-205;20094
48;987;327048;-1065;1630;-443;-321;439;298;-447;901;-220;28453
48;988;327268;-1084;1612;-453;-400;380;-86;-431;942;-335;21537
48;989;327713;-995;1771;-452;-549;612;-351;-484;921;-331;38149
48;990;328048;-1181;1642;-304;-956;1329;-447;-604;835;-464;48113
48;991;328471;-1383;1491;-381;-145;249;-139;-836;696;-394;14852
48;992;328827;-1402;1473;-417;614;-800;167;-843;701;-445;43003
48;993;329142;-1366;1497;-357;614;-851;220;-755;781;-461;63362
48;994;329458;-1253;1469;-405;-122;447;-351;-693;792;-442;37668
48;995;329814;-1416;1257;-417;-825;256;212;-786;681;-413;58450
48;996;330129;-1489;1313;-361;-765;502;611;-845;715;-507;16965
48;997;330444;-1413;1318;-310;288;-206;-358;-754;715;-579;53537
48;998;330674;-1091;1628;-350;613;-313;96;-794;793;-574;18776
48;999;331020;-1155;1671;-389;52;-8;122;-752;782;-537;30116
48;1000;331459;-1307;1538;-397;-26;16;-11;-777;776;-523;38396
48;1001;331774;-1308;1548;-361;77;-194;33;-778;758;-524;1738
48;1002;332010;-1313;1538;-354;54;-108;11;-765;772;-518;40295
48;1003;332446;-1320;1532;-348;-37;72;-46;-768;759;-527;59103
48;1004;332761;-1304;1530;-355;13;-29;-1;-787;766;-517;30820
48;1005;333101;-1320;1523;-362;29;-56;-30;-787;763;-522;45
48;1006;333436;-1331;1524;-362;27;-61;-10;-782;753;-530;22452
48;1007;333756;-1333;1519;-348;1;-29;-12;-766;758;-527;18534
48;1008;334086;-1340;1509;-345;-7;-7;-18;-778;750;-533;27680
48;1009;334431;-1349;1515;-345;24;-47;-16;-785;745;-533;13011
48;1010;334746;-1358;1507;-342;40;-74;-4;-787;751;-533;54641
48;1011;335076;-1348;1516;-339;-18;-16;-9;-773;757;-540;54543
48;1012;335421;-1333;1521;-314;-50;45;-36;-777;752;-543;16664
48;1013;335736;-1356;1497;-322;4;-20;-28;-792;743;-540;6486
48;1014;335969;-1372;1493;-340;86;-104;-1;-790;742;-523;24720
48;1015;336288;-1360;1494;-334;73;-83;19;-792;751;-536;52771
48;1016;336532;-1353;1507;-349;8;-5;5;-773;745;-537;59539
48;1017;336863;-1349;1503;-348;-26;21;0;-780;747;-515;37931
48;1018;337283;-1351;1511;-356;-22;-31;2;-790;755;-518;43678
48;1019;337519;-1333;1518;-345;0;-10;-10;-803;750;-538;54924
48;1020;337745;-1347;1514;-352;-11;-11;-5;-778;752;-528;59351
48;1021;338060;-1333;1517;-337;-10;-14;-23;-785;747;-533;31768
48;1022;338379;-1336;1520;-331;18;-39;-13;-792;743;-539;37486
48;1023;338632;-1338;1510;-336;59;-83;-1;-788;755;-510;37391
48;1024;338955;-1357;1513;-343;95;-42;-14;-787;757;-528;23262
48;1025;339271;-1360;1495;-359;190;-216;18;-784;752;-508;45344
48;1026;339496;-1364;1478;-390;304;-398;102;-770;772;-517;63253
48;1027;339839;-1356;1497;-374;155;-240;59;-703;804;-517;20701
48;1028;340384;-1376;1494;-362;-196;227;-76;-709;797;-506;50603
48;1029;340698;-1374;1493;-360;-111;111;-39;-738;775;-511;30271
48;1030;340938;-1376;1497;-353;-14;-27;-10;-760;767;-500;29186
48;1031;341374;-1352;1501;-367;52;-105;40;-747;781;-546;43944
48;1032;341693;-1340;1508;-362;-28;24;-27;-749;786;-535;33062
48;1033;342048;-1355;1512;-355;-13;22;-22;-746;781;-530;1839
48;1034;342364;-1346;1512;-359;49;-103;8;-746;789;-529;32052
48;1035;342679;-1344;1507;-367;48;-84;7;-739;792;-523;8031
48;1036;343037;-1342;1510;-362;-11;-27;-18;-729;784;-517;51627
48;1037;343353;-1348;1511;-361;-31;13;-26;-732;781;-520;49336
48;1038;343672;-1348;1509;-345;-20;-29;-18;-746;778;-535;32975
48;1039;343898;-1368;1506;-357;22;-21;-11;-748;780;-525;40831
48;1040;344347;-1349;1504;-346;-54;45;-35;-744;779;-521;12351
48;1041;344677;-1361;1507;-348;-6;-17;-13;-758;761;-532;9851
48;1042;344992;-1353;1510;-354;51;-110;14;-761;785;-531;5719
48;1043;345334;-1346;1513;-356;24;-51;-4;-748;783;-525;22698
48;1044;345665;-1347;1519;-365;-42;-22;1;-739;788;-518;62284
48;1045;345979;-1345;1513;-334;-98;77;-30;-741;774;-542;62152
48;1046;346323;-1344;1508;-328;-63;49;-25;-768;754;-535;54429
48;1047;346548;-1357;1517;-329;12;-43;-19;-767;763;-531;63504
48;1048;346868;-1338;1513;-318;42;-82;1;-772;767;-542;52988
48;1049;347311;-1343;1522;-325;-51;71;-25;-759;762;-546;4103
48;1050;347547;-1333;1523;-321;-62;56;-16;-775;760;-537;45316
48;1051;347862;-1330;1538;-328;-30;34;-6;-781;746;-544;25947
48;1052;348297;-1320;1542;-338;39;-70;22;-780;749;-533;4774
48;1053;348637;-1302;1548;-333;7;-29;-3;-767;751;-536;23755
48;1054;348953;-1306;1554;-351;-19;1;-6;-774;760;-545;7175
48;1055;349288;-1289;1578;-366;-65;-5;-5;-778;743;-544;46146
48;1056;349627;-1320;1476;-334;-280;262;-52;-786;732;-552;46886
48;1057;350173;-1288;1502;-264;-705;891;-250;-865;648;-500;9287
48;1058;350487;-1295;1621;-311;-811;1150;-247;-957;539;-288;26269
48;1059;350723;-1207;1916;-279;-267;352;-54;-977;494;-166;61515
48;1060;350953;-1359;1452;-435;-146;332;125;-954;540;-92;33289
48;1061;351268;-1274;1528;-458;357;-657;222;-959;514;-135;41387
48;1062;351587;-1438;1400;-368;522;-931;241;-959;559;-293;18717
48;1063;351839;-1301;1533;-347;209;-355;165;-929;624;-421;28425
48;1064;352155;-1312;1546;-327;-375;625;-220;-895;599;-388;44896
48;1065;352474;-1328;1514;-364;-705;815;-174;-953;533;-227;44895
48;1066;352700;-1336;1521;-350;-437;524;-122;-964;517;-145;12786
48;1067;353150;-1336;1545;-337;233;-370;100;-943;522;-116;38367
48;1068;353586;-1288;1550;-365;395;-530;124;-944;550;-244;52331
48;1069;353900;-1306;1551;-373;214;-284;47;-932;582;-304;54863
48;1070;354246;-1308;1538;-387;-50;64;-29;-945;574;-295;32261
48;1071;354475;-1301;1538;-372;-128;171;-55;-946;569;-276;25751
48;1072;354790;-1310;1546;-380;-129;74;-23;-948;558;-252;43230
48;1073;355255;-1290;1550;-354;-68;31;-19;-946;565;-253;13952
48;1074;355569;-1297;1558;-348;-28;5;-20;-952;559;-238;12418
48;1075;355885;-1294;1558;-355;27;-59;-13;-942;556;-237;4580
48;1076;356242;-1315;1546;-353;45;-96;-6;-943;558;-247;40581
48;1077;356556;-1332;1542;-355;45;-76;-4;-954;551;-248;25923
48;1078;356871;-1308;1550;-352;-7;-67;15;-955;556;-259;65070
48;1079;357206;-1297;1557;-343;-115;82;-20;-951;555;-260;10947
48;1080;357442;-1300;1554;-314;-149;194;-50;-951;559;-245;38673
48;1081;357761;-1297;1560;-321;-85;71;-30;-950;552;-220;44863
48;1082;358092;-1308;1565;-315;14;-44;-10;-957;545;-192;7677
48;1083;358541;-1282;1571;-324;12;-91;4;-940;556;-198;64423
48;1084;358872;-1293;1567;-309;-33;31;-36;-953;547;-222;42628
48;1085;359187;-1293;1564;-304;-48;34;-32;-955;547;-196;12072
48;1086;359532;-1311;1550;-295;-13;4;-18;-943;543;-207;30077
48;1087;359758;-1313;1567;-302;12;-49;-6;-951;545;-197;7377
48;1088;360182;-1301;1566;-317;28;-70;1;-948;547;-202;37741
48;1089;360512;-1301;1556;-317;15;-53;0;-957;549;-194;63242
48;1090;360752;-1310;1557;-324;3;-30;-12;-941;547;-199;29372
48;1091;361172;-1291;1563;-324;19;-36;-8;-951;541;-192;18639
48;1092;361502;-1309;1567;-323;41;-49;-4;-942;545;-208;12006
48;1093;361842;-1296;1555;-333;2;-48;-5;-943;540;-205;62116
48;1094;362162;-1327;1555;-324;1;27;-47;-946;538;-194;46216
48;1095;362392;-1398;1454;-360;208;146;-368;-951;458;-133;54874
48;1096;362707;-1625;1469;-327;-396;84;12;-987;412;-120;55739
48;1097;363048;-1618;1517;-251;-590;-222;-129;-955;459;-228;41474
48;1098;363278;-1375;1245;-128;-148;14;-80;-948;441;-281;23237
48;1099;363592;-1401;1339;-129;-123;148;24;-943;450;-285;13468
48;1100;364159;-1527;1388;-173;-150;344;50;-913;454;-20;35254
48;1101;364473;-1529;1429;-181;-396;-142;-135;-890;464;-47;49394
48;1102;364792;-1422;1308;-158;103;-177;-107;-915;456;-138;27846
48;1103;365148;-1438;1135;-170;843;-788;-64;-958;358;-260;62095
48;1104;365463;-1675;1501;-302;1399;-431;95;-957;464;-310;43910
48;1105;365793;-1007;2555;177;-106;284;1816;-963;523;-177;48448
48;1106;366149;-1600;1379;-239;-437;-601;273;-941;456;-292;43286
48;1107;366468;-260;352;-82;277;-590;-208;-916;443;-453;22437
48;1108;366694;-1327;1322;-152;-15;-452;-267;-909;514;-491;25523
48;1109;367014;-1362;1425;-155;247;361;-165;-884;490;-600;1053
48;1110;367255;-1545;1112;-299;1315;-227;243;-934;525;-440;953
48;1111;367690;-1551;1356;-392;-434;354;-212;-900;555;-251;11763
48;1112;368110;-1201;1630;-541;-77;-97;161;-909;541;-214;52064
48;1113;368465;-1351;1473;-423;245;-493;137;-929;572;-308;13944
48;1114;368785;-1317;1527;-377;-22;39;-75;-916;579;-357;44131
48;1115;369100;-1362;1475;-385;-76;193;-122;-932;554;-305;34854
48;1116;369455;-1386;1454;-300;76;-236;116;-942;549;-325;39772
48;1117;369771;-1468;1489;-333;111;-106;47;-928;575;-360;22429
48;1118;369991;-1302;1494;-333;134;-223;39;-924;586;-369;60307
48;1119;370320;-1322;1534;-225;198;-365;155;-893;618;-454;9997
48;1120;370662;-1257;1609;-221;-301;319;-52;-853;658;-448;46236
48;1121;371098;-1190;1554;-229;-65;294;159;-905;628;-363;3016
48;1122;371416;-1163;1643;-291;636;-717;59;-890;672;-366;40591
48;1123;371652;-1266;1545;-322;955;-1265;110;-883;689;-418;19750
48;1124;372089;-1444;1417;-364;965;-1231;258;-767;812;-448;54798
48;1125;372404;-1424;1460;-298;486;-590;40;-623;868;-430;55204
48;1126;372748;-1410;1541;-406;5;-62;-21;-591;880;-388;38735
48;1127;373083;-1336;1511;-419;137;-200;89;-582;889;-390;48699
48;1128;373398;-1295;1550;-386;22;-42;31;-535;899;-380;40860
48;1129;373728;-1296;1559;-351;-224;270;-58;-534;893;-398;3277
48;1130;374076;-1253;1632;-281;-316;348;-11;-572;888;-418;15122
48;1131;374391;-1215;1564;-208;-880;584;-231;-608;830;-561;39390
48;1132;374721;-1529;1228;-363;833;-166;-135;-739;734;-473;2263
48;1133;375064;-1250;1454;-464;378;-454;357;-713;773;-495;44543
48;1134;375383;-1473;1344;-370;913;-1178;275;-653;843;-477;51352
48;1135;375608;-1444;1352;-307;911;-1042;161;-550;888;-380;64654
48;1136;376054;-1364;1568;-259;538;-604;-53;-449;883;-203;59106
48;1137;376489;-1335;1537;-263;-291;343;-144;-463;893;-173;11046
48;1138;376914;-1470;1418;-301;-344;359;-76;-471;897;-262;32508
48;1139;377149;-1422;1452;-277;-95;57;3;-480;899;-296;46429
48;1140;377375;-1398;1466;-266;97;-176;39;-475;897;-308;29761
48;1141;377694;-1381;1492;-280;202;-295;43;-475;905;-271;1683
48;1142;378014;-1379;1497;-272;61;-120;13;-462;905;-246;40734
48;1143;378265;-1394;1490;-280;-96;92;-24;-468;905;-256;45122
48;1144;378580;-1383;1498;-257;-165;169;-33;-468;911;-279;49858
48;1145;378896;-1394;1483;-258;-81;66;-31;-473;899;-303;29481
48;1146;379121;-1402;1490;-254;11;-55;-14;-475;905;-305;34819
48;1147;379465;-1397;1483;-284;18;-77;8;-473;900;-319;32716
48;1148;380011;-1402;1468;-235;-234;256;-51;-481;895;-371;55303
48;1149;380329;-1410;1468;-248;-69;160;-49;-511;884;-395;47614
48;1150;380564;-1421;1498;-251;-14;-24;-6;-513;885;-398;13501
48;1151;381001;-1399;1484;-273;146;-198;27;-515;890;-387;37867
48;1152;381315;-1400;1479;-280;93;-137;13;-506;890;-372;46124
48;1153;381675;-1393;1476;-271;-28;31;-11;-505;896;-371;60050
48;1154;381991;-1396;1480;-287;-106;97;-21;-504;902;-378;22516
48;1155;382310;-1417;1488;-288;-31;39;-29;-509;882;-386;12578
48;1156;382666;-1406;1487;-282;56;-99;2;-522;896;-392;32712
48;1157;382986;-1400;1487;-287;62;-92;-3;-509;896;-397;5934
48;1158;383301;-1404;1473;-285;12;-38;-4;-508;893;-379;3688
48;1159;383526;-1402;1476;-287;-5;-5;-13;-495;896;-374;36627
48;1160;383972;-1407;1474;-294;17;-39;-9;-507;892;-378;4833
48;1161;384302;-1388;1457;-304;41;-78;14;-516;892;-374;52268
48;1162;384616;-1410;1466;-306;-5;-24;-21;-498;899;-364;60131
48;1163;384962;-1424;1411;-288;130;-65;-25;-516;885;-352;18118
48;1164;385292;-1517;1370;-336;586;-496;40;-524;876;-260;38495
48;1165;385607;-1548;1414;-326;767;-817;266;-506;862;-99;53075
48;1166;385829;-1527;1375;-235;658;-727;316;-480;829;-17;46408
48;1167;386081;-1493;1347;-228;627;-530;160;-483;786;112;26120
48;1168;386395;-1580;1430;-250;718;-994;252;-560;703;157;22122
48;1169;386936;-1382;1245;-230;1204;-1618;214;-805;568;-4;18698
48;1170;387172;-907;1391;-120;1118;-1596;64;-871;592;-237;23203
48;1171;387491;-1241;1547;230;216;-383;-1997;-904;505;-469;33013
48;1172;387926;-1426;1399;-67;699;-74;761;-986;528;-467;23996
48;1173;388270;-1413;1373;-116;15;148;-379;-930;640;-371;14987
48;1174;388585;-1683;1690;-124;-77;-382;-299;-1041;599;-391;48440
48;1175;388917;-1524;1492;-79;-1;55;201;-1112;598;-287;58700
48;1176;389257;-1677;1718;-64;314;-643;-30;-1107;665;-327;42246
48;1177;389803;-1466;1425;-107;230;-920;-156;-1102;531;-537;12715
48;1178;390117;-1483;1304;22;570;45;-337;-1075;473;-627;44221
48;1179;390357;-1643;1453;-159;920;458;754;-1088;530;-386;22567
48;1180;390582;-1463;1363;-99;162;-643;154;-1032;577;-375;41730
48;1181;390903;-1146;1054;-47;367;-668;-367;-930;606;-508;160
48;1182;391217;-1442;1340;-35;-146;-723;-225;-892;531;-729;4238
48;1183;391469;-1534;1493;19;361;475;-107;-808;566;-736;51652
48;1184;391785;-1488;1486;-285;97;281;417;-840;653;-388;30311
48;1185;392100;-1221;1247;37;288;-435;-252;-743;705;-459;1773
48;1186;392325;-1337;1365;-94;-189;-910;-91;-716;700;-558;3268
48;1187;392779;-1771;1717;73;233;502;176;-612;685;-749;18089
48;1188;393219;-1571;1581;-176;-37;94;4;-603;784;-483;39527
48;1189;393537;-1293;1126;-168;207;-402;-692;-604;749;-516;13169
48;1190;393879;-1722;1468;-32;-409;-423;-105;-701;699;-744;34392
48;1191;394104;-1297;1295;2;282;561;136;-662;730;-750;65338
48;1192;394419;-1554;1675;-171;71;-37;114;-674;835;-487;13274
48;1193;394881;-1365;1238;-188;179;-800;-444;-653;790;-468;54450
48;1194;395195;-2084;1779;-31;-160;-423;244;-692;768;-651;8124
48;1195;395510;-1212;1069;-36;403;957;247;-639;784;-545;20873
48;1196;395871;-2207;2018;-205;-219;-13;263;-616;848;-376;50237
48;1197;396189;-1344;1187;-160;-3;-537;-410;-694;755;-431;3816
48;1198;396504;-1656;1504;-23;-125;-574;190;-739;767;-601;21250
48;1199;396836;-1268;1156;-16;116;777;127;-650;799;-621;9679
48;1200;397077;-1428;1397;-88;-66;421;243;-669;850;-503;53781
48;1201;397391;-1190;1162;51;199;-176;-642;-654;853;-487;23466
48;1202;397722;-1483;1402;-137;-160;-534;-122;-780;775;-513;57414
48;1203;398168;-1314;1221;49;-297;37;66;-739;762;-729;9023
48;1204;398501;-1517;1444;-77;-14;378;64;-754;837;-508;57146
48;1205;398821;-2153;1690;-133;27;-216;51;-770;799;-485;16702
48;1206;399162;-1444;1449;-120;62;-396;-17;-762;768;-512;60834
48;1207;399387;-1410;1298;-62;-234;175;-46;-754;746;-533;54414
48;1208;399812;-1467;1323;-6;-407;740;218;-759;755;-484;2678
48;1209;400142;-1567;1417;-65;-504;708;72;-746;774;-427;42674
48;1210;400378;-1419;1375;-80;-392;449;-414;-743;758;-373;4064
48;1211;400798;-1997;1301;-341;-1002;952;-1287;-874;573;-338;6575
48;1212;401136;-1461;1394;-116;516;-666;289;-903;608;-391;34609
48;1213;401480;-1381;1402;-111;519;-832;-182;-824;675;-449;28696
48;1214;401796;-1508;1366;-23;29;-192;186;-859;692;-520;32511
48;1215;402022;-1432;1366;9;-121;288;-81;-798;680;-532;64836
48;1216;402337;-1588;1469;-64;-91;344;33;-831;662;-433;36217
48;1217;402680;-1549;1462;-81;-127;-157;22;-818;673;-409;57067
48;1218;402906;-1451;1431;-91;108;-214;-101;-816;674;-452;3299
48;1219;403220;-1310;1554;-13;-40;95;17;-800;697;-467;64879
48;1220;403792;-1314;1561;-94;92;-115;37;-808;711;-445;40304
48;1221;404111;-1324;1594;-88;-153;169;-47;-797;716;-453;39182
48;1222;404425;-1294;1526;-58;-282;181;-78;-826;689;-433;26597
48;1223;404786;-1390;1530;-28;-267;213;-56;-839;667;-450;38111
48;1224;405101;-1410;1517;-8;-242;230;-59;-860;634;-410;169
48;1225;405431;-1451;1490;-13;-145;121;-51;-882;617;-387;44908
48;1226;405777;-1476;1480;-5;-128;99;-79;-891;608;-380;25404
48;1227;406092;-1443;1409;-27;-142;194;17;-891;592;-334;4580
48;1228;406321;-1658;1582;-115;-53;-20;97;-903;587;-332;37520
48;1229;406641;-1659;1696;-40;-348;-214;-81;-882;593;-470;30471
48;1230;406877;-1405;1230;9;-305;287;117;-887;556;-520;35925
48;1231;407313;-1473;1495;-39;404;573;-115;-893;708;-187;59578
48;1232;407732;-1757;1540;-200;-370;-298;-297;-942;632;0;39499
48;1233;408088;-1604;1456;-64;-119;-259;-54;-967;704;-255;60764
48;1234;408403;-1488;1491;-92;122;-318;3;-971;712;-312;20000
48;1235;408723;-1455;1457;-73;236;-602;174;-967;757;-433;12731
48;1236;409078;-1400;1382;28;1013;-73;-303;-940;805;-349;18666
48;1237;409400;-1264;1469;-174;50;189;-38;-982;725;-99;55193
48;1238;409715;-1254;1261;-278;-332;-535;-120;-980;698;-175;39263
48;1239;409941;-1149;1686;105;151;-900;513;-1006;655;-312;4456
48;1240;410281;-1493;1469;-54;-183;804;184;-947;659;-147;46644
48;1241;410717;-695;2261;-55;-54;466;-604;-804;594;48;27229
48;1242;411031;-1180;1567;-310;871;-647;388;-822;571;97;6059
48;1243;411268;-1371;1502;-163;-10;-1191;65;-834;561;-48;3454
48;1244;411708;-1450;1458;24;318;5;-49;-939;543;-378;58346
48;1245;412028;-1520;1496;-80;-152;785;28;-884;543;-195;28960
48;1246;412370;-1763;1817;-210;-440;31;-99;-832;535;-154;61317
48;1247;412705;-1169;1557;-126;304;-12;265;-900;509;-160;1897
48;1248;413020;-1409;1454;-95;-563;232;-306;-824;489;-88;62336
48;1249;413350;-1270;1433;31;-808;935;-148;-851;568;-36;35179
48;1250;413691;-1412;1521;-117;-648;780;-133;-650;695;43;9986
48;1251;414007;-1353;1489;-38;-14;44;-144;-576;729;17;37996
48;1252;414336;-1413;1498;-78;409;-601;-65;-600;664;46;44711
48;1253;414684;-1497;1489;-113;287;-572;-1;-688;622;-16;47934
48;1254;414999;-1919;1763;-68;729;-1074;-98;-766;570;-150;10585
48;1255;415225;-709;1447;249;724;-429;459;-804;615;-207;51297
48;1256;415670;-1288;1609;-70;-23;390;95;-804;594;-71;34228
48;1257;416106;-1150;1846;58;-1143;763;-245;-684;617;15;2370
48;1258;416529;-1278;1619;-149;38;-259;-145;-570;665;-55;15896
48;1259;416766;-1326;1544;-54;162;-211;-80;-608;645;-63;62552
48;1260;416996;-1411;1507;1;-109;43;2;-633;636;-58;459
48;1261;417310;-1266;1551;169;151;-303;31;-634;645;-95;25018
48;1262;417630;-1381;1703;-30;-370;783;105;-633;681;-41;43731
48;1263;417882;-1458;1619;-18;114;-79;-144;-556;711;-15;18142
48;1264;418196;-1118;1570;79;-1229;807;-284;-603;735;-132;48679
48;1265;418519;-1753;1715;-48;-1196;1702;352;-457;812;-251;58616
48;1266;418745;-1498;1503;-121;-1296;1699;91;-357;844;-413;59635
48;1267;419095;-1402;1577;-25;-112;29;25;-324;867;-625;34203
48;1268;419639;-1336;1391;-71;-208;209;-634;-471;840;-272;40144
48;1269;419958;-2235;2039;-85;-656;-24;193;-581;812;-393;26418
48;1270;420196;-1417;1399;26;-455;375;417;-528;836;-530;42847
48;1271;420632;-1705;1655;-66;-194;123;0;-449;870;-597;52494
48;1272;420947;-1091;1318;-346;1560;-582;-144;-530;850;-506;43254
48;1273;421302;-1286;1328;-69;233;-627;-126;-621;852;-314;1554
48;1274;421617;-1474;1411;67;-843;789;-235;-629;917;-449;23038
48;1275;421933;-1395;1440;-85;-817;684;255;-657;979;-480;1089
48;1276;422291;-1669;1575;-65;6;-452;-228;-650;986;-617;64938
48;1277;422606;-1417;1100;30;1163;-634;-390;-701;1018;-473;27683
48;1278;422926;-1433;1461;-76;491;-566;-100;-685;969;-197;23563
48;1279;423151;-1521;1394;-26;90;-563;-300;-760;896;-233;635
48;1280;423596;-1534;1398;-97;1300;-822;90;-810;814;-72;63216
48;1281;423927;-1369;1437;-179;774;-820;158;-795;729;14;62559
48;1282;424246;-1206;1730;-112;465;-1245;582;-862;709;-247;53122
48;1283;424587;-1421;1422;-104;701;-627;42;-868;692;-392;17211
48;1284;424922;-1319;1604;-64;-6;13;26;-875;655;-322;55224
48;1285;425236;-1527;1536;-179;-18;-70;-24;-877;662;-337;30913
48;1286;425586;-1329;1562;-90;290;-214;98;-874;662;-348;17335
48;1287;425813;-1334;1562;-134;372;-389;90;-861;675;-357;17632
48;1288;426128;-1264;1580;-142;498;-430;72;-835;686;-392;64557
48;1289;426562;-1321;1461;-116;370;-423;-101;-827;676;-410;14762
48;1290;426799;-702;1792;64;-576;-115;728;-831;761;-511;56719
48;1291;427114;-1354;1482;-76;-239;422;-145;-787;651;-494;2633
48;1292;427553;-1446;1490;-112;-121;106;-65;-799;642;-446;32540
48;1293;427894;-1190;1596;32;-11;298;16;-803;653;-421;46467
48;1294;428213;-1322;1628;-56;-30;60;86;-801;674;-352;12948
48;1295;428548;-1240;1622;-121;325;-485;18;-786;686;-375;10807
48;1296;429149;-1221;1649;-104;-6;-10;-9;-774;690;-463;20208
48;1297;429465;-1270;1621;-86;-319;400;-5;-782;693;-437;37588
48;1298;429780;-1238;1636;-48;-280;338;-4;-783;698;-419;64347
48;1299;430006;-1229;1648;-16;-88;102;-6;-795;702;-391;49894
48;1300;430467;-1215;1669;-40;124;-156;-2;-793;700;-403;29842
48;1301;430782;-1220;1673;-68;161;-199;-2;-794;703;-409;45831
48;1302;431012;-1225;1678;-91;192;-207;5;-784;695;-414;57600
48;1303;431566;-1425;1586;-71;30;-22;-188;-779;703;-368;64117
48;1304;431897;-1381;1532;-1;-710;784;-338;-816;617;-371;29676
48;1305;432216;-1646;1569;-175;269;-711;147;-828;639;-345;29330
48;1306;432557;-1455;1529;-75;-15;-405;-39;-787;650;-528;40777
48;1307;432783;-1070;1773;71;998;-900;96;-837;698;-585;46808
48;1308;433102;-1242;1612;-164;337;6;-269;-763;711;-545;27340
48;1309;433563;-1383;1421;-120;-18;-542;-80;-846;613;-553;739
48;1310;433878;-1317;1420;72;-69;260;210;-830;659;-585;30243
48;1311;434197;-1516;1519;-44;-141;561;35;-802;708;-451;28922
48;1312;434527;-1065;1778;-27;-147;-143;186;-812;728;-469;12397
48;1313;434764;-1166;1530;-204;796;-533;243;-818;764;-476;63796
48;1314;435078;-1085;1987;-113;6;-285;-73;-772;812;-428;11888
48;1315;435514;-1310;1599;-92;-141;261;-61;-805;757;-525;38947
48;1316;435859;-1363;1545;-54;-268;245;-61;-825;733;-491;6662
48;1317;436188;-1350;1554;-11;-59;52;-11;-849;730;-477;27498
48;1318;436508;-1349;1575;-18;53;-98;15;-852;723;-477;17806
48;1319;436855;-1354;1595;-11;10;-18;-29;-844;726;-474;44298
48;1320;437080;-1369;1575;-33;15;-38;7;-846;727;-471;32607
48;1321;437396;-1324;1587;-26;89;-166;-20;-838;722;-504;49659
48;1322;437711;-1372;1572;-38;-68;257;-82;-851;718;-476;24403
48;1323;437963;-1379;1571;-28;-73;207;-47;-864;698;-416;16432
48;1324;438494;-1412;1450;-75;171;-329;-37;-855;677;-491;30993
48;1325;438825;-1387;1555;-27;266;-215;-35;-862;667;-495;53798
48;1326;439061;-1388;1522;-27;-25;115;1;-855;672;-492;5721
48;1327;439380;-1412;1509;-38;-151;184;9;-866;670;-459;38470
48;1328;439820;-1398;1473;-42;58;-90;-11;-873;686;-443;24537
48;1329;440160;-1381;1514;-37;39;-105;-3;-872;684;-454;58837
48;1330;440475;-1399;1502;-70;-1;30;39;-873;677;-454;39713
48;1331;440701;-1401;1512;-52;18;-63;-34;-862;684;-441;4852
48;1332;441020;-1393;1506;-54;14;-51;-7;-860;686;-455;25032
48;1333;441481;-1416;1527;-44;-26;23;-12;-863;686;-458;62784
48;1334;441796;-1385;1498;-29;6;-9;-10;-863;680;-466;9694
48;1335;442111;-1402;1525;-43;62;-67;-13;-872;691;-458;10856
48;1336;442471;-1374;1455;-69;34;-83;35;-873;683;-460;25545
48;1337;442786;-1383;1420;-118;-125;134;-37;-857;690;-477;50946
48;1338;443100;-1378;1609;1;339;-178;-84;-888;701;-454;53369
48;1339;443459;-1309;1554;-15;-188;188;-83;-882;718;-431;59886
48;1340;443775;-1400;1464;-97;-116;104;-49;-896;724;-414;40998
48;1341;444319;-1446;1511;-89;63;-136;36;-901;715;-438;5964
48;1342;444556;-1391;1503;-65;-10;48;-17;-904;705;-454;33741
48;1343;444871;-1458;1486;-80;-125;40;-39;-904;709;-448;7319
48;1344;445101;-1415;1495;-28;27;1;-13;-905;708;-434;37038
48;1345;445420;-1399;1465;-55;42;-94;-22;-909;710;-430;18751
48;1346;445761;-1423;1501;-67;22;-66;7;-906;713;-446;36505
48;1347;445986;-1429;1491;-46;-46;108;7;-902;719;-430;28150
48;1348;446411;-1439;1487;-76;17;-40;-10;-908;718;-414;64009
48;1349;446766;-1443;1490;-91;15;-79;-19;-908;707;-432;50830
48;1350;447081;-1414;1496;-29;-42;23;-24;-916;716;-423;45871
48;1351;447396;-1441;1477;-82;121;-85;-5;-912;723;-401;52182
48;1352;447731;-1447;1510;-83;164;-176;-20;-912;708;-412;19480
48;1353;447970;-1327;1499;-49;-176;190;-10;-914;694;-410;2920
48;1354;448389;-1397;1461;-106;115;-120;6;-892;693;-393;59143
48;1355;448615;-1436;1480;-120;306;-461;-34;-881;693;-437;34587
48;1356;448960;-1440;1562;-66;-58;-221;82;-857;692;-527;18748
48;1357;449276;-1380;1521;-37;-277;283;-3;-843;678;-527;29198
48;1358;449501;-1386;1516;-27;-494;724;125;-847;686;-477;6730
48;1359;449816;-1409;1572;-69;-436;626;138;-844;726;-390;10704
48;1360;450383;-1429;1605;-136;-74;-132;-357;-796;770;-316;61694
48;1361;450701;-1213;1447;-163;-967;915;-101;-898;633;-346;14300
48;1362;451016;-1422;1512;-41;-766;1159;283;-904;742;-195;16461
48;1363;451379;-1447;1463;-127;-1323;1181;19;-758;903;-161;32385
48;1364;451715;-1452;1462;-96;-1165;1320;-116;-672;972;-322;28978
48;1365;452655;-1323;1533;-119;-681;816;-405;-565;855;-319;21461
48;1366;452986;-1437;1425;-150;-1082;898;-131;-589;833;-445;24303
48;1367;453300;-1415;1480;-84;195;-616;-34;-652;813;-544;3931
48;1368;453639;-1427;1488;-32;66;-143;22;-640;805;-587;40541
48;1369;453869;-1427;1484;-54;-243;231;71;-633;798;-579;7221
48;1370;454184;-1418;1508;1;-383;306;54;-641;783;-658;2326
48;1371;454646;-1156;1656;-146;-99;499;72;-619;814;-502;65090
48;1372;454960;-1179;1677;-193;-1221;1278;-74;-656;748;-521;47832
48;1373;455275;-1488;1491;-196;-1768;2053;96;-748;648;-445;61307
48;1374;455610;-1516;1383;-193;-1609;1588;39;-751;631;-391;3264
48;1375;455844;-1428;1447;-44;-214;599;308;-737;705;-358;57993
48;1376;456158;-1190;1610;-401;892;-459;712;-723;738;-264;34909
48;1377;456597;-1255;1515;-171;-487;305;-44;-876;578;-67;47464
48;1378;456936;-1329;1408;-71;-334;-621;-126;-859;632;-221;44164
48;1379;457269;-1366;1485;-68;-367;444;8;-881;694;-250;27681
48;1380;457585;-1479;1416;-136;-263;285;22;-846;754;-176;42695
48;1381;457924;-1256;1219;-22;491;-100;-301;-837;748;-177;20107
48;1382;458149;-1229;1691;-187;1154;-726;-166;-887;674;-34;14154
48;1383;458468;-2017;2071;-69;-597;-231;-69;-973;586;-58;39226
48;1384;458784;-1613;1612;-13;93;717;827;-1024;690;-64;38999
48;1385;459037;-1483;1501;-99;-423;600;51;-818;744;65;54510
48;1386;459568;-1010;2338;-195;-309;2023;-881;-606;1258;-167;41795
48;1387;459899;-1435;1495;-218;-1411;1465;345;-301;950;-456;21247
48;1388;460133;-1530;1401;-161;-453;862;-639;-269;928;-650;49346
48;1389;460448;-1550;1616;-124;398;110;-585;-471;878;-593;47143
48;1390;460884;-1500;1407;-124;-218;-74;-90;-511;845;-662;62217
48;1391;461224;-1402;1528;-99;542;-816;82;-505;889;-626;39608
48;1392;461539;-1324;1560;-66;172;-158;18;-440;902;-553;9592
48;1393;461769;-1353;1522;-109;-70;178;2;-436;899;-551;2394
48;1394;462088;-1368;1569;-77;-68;77;-10;-431;901;-572;52053
48;1395;462546;-1371;1553;-149;191;-410;-5;-440;907;-550;40810
48;1396;462861;-1366;1549;-37;-142;-11;15;-438;908;-576;34277
48;1397;463179;-1325;1530;-49;-520;834;-24;-440;891;-614;14221
48;1398;463534;-1439;1490;-77;109;-154;-6;-466;881;-627;50145
48;1399;463848;-1370;1578;-105;425;-612;70;-454;890;-599;7051
48;1400;464163;-1301;1582;-110;141;-140;27;-416;913;-561;43364
48;1401;464525;-1289;1602;-105;-134;183;0;-408;918;-563;51509
48;1402;464844;-1332;1575;-90;14;82;4;-416;906;-553;11988
48;1403;465384;-1241;1559;-173;504;-792;70;-396;924;-433;29317
48;1404;465617;-1308;1633;-191;221;-425;30;-376;923;-391;47169
48;1405;465933;-1279;1601;-165;-73;105;-12;-376;914;-377;32619
48;1406;466158;-1287;1602;-132;-251;295;-27;-388;926;-413;16773
48;1407;466474;-1306;1596;-127;-294;172;12;-378;923;-473;7652
48;1408;466813;-1250;1646;-70;-318;361;5;-384;938;-580;44673
48;1409;467047;-1237;1665;-27;-397;768;-9;-379;927;-597;22746
48;1410;467471;-1249;1647;-17;358;-325;-56;-420;914;-591;31974
48;1411;467824;-1222;1603;-240;824;-1003;143;-400;946;-479;32957
48;1412;468138;-1303;1581;-204;334;-988;17;-356;945;-347;41397
48;1413;468454;-1236;1605;-206;316;-471;-6;-376;934;-353;49346
48;1414;468784;-1253;1709;-104;-478;474;28;-383;937;-359;34036
48;1415;469018;-1195;1657;-1;-835;1010;26;-367;950;-474;45545
48;1416;469438;-1344;1550;-33;-16;500;37;-371;923;-610;1465
48;1417;469663;-1162;1756;19;318;-362;-104;-377;932;-553;44426
48;1418;470008;-1232;1670;-194;614;-725;105;-395;937;-481;10709
48;1419;470324;-1250;1623;-195;313;-527;22;-369;928;-359;63812
48;1420;470549;-1236;1611;-184;43;-176;-32;-372;932;-350;36575
48;1421;470868;-1220;1635;-143;78;18;-6;-389;927;-331;31295
48;1422;471435;-1320;1516;-185;475;-1040;29;-402;892;-234;52850
48;1423;471750;-1189;1666;-29;162;-285;69;-469;880;-229;15846
48;1424;472064;-1339;1565;-102;-727;850;-9;-444;914;-316;28445
48;1425;472418;-1357;1548;-52;-508;817;10;-383;919;-448;43470
48;1426;472739;-1301;1611;-10;-191;271;-46;-387;923;-503;28697
48;1427;473069;-1301;1584;-40;105;-245;-33;-396;919;-486;2405
48;1428;473408;-1190;1436;-5;-24;-139;128;-425;907;-541;32963
48;1429;473723;-1421;1751;-123;-560;370;-476;-442;909;-603;54970
48;1430;474053;-1361;1237;-104;-719;1026;114;-573;802;-651;60080
48;1431;474392;-1507;1393;-209;-599;382;214;-594;834;-651;17254
48;1432;474708;-1576;1545;-281;-279;-149;-737;-603;728;-738;17988
48;1433;474937;-1522;1384;-200;-805;525;-144;-719;605;-799;46752
48;1434;475364;-1572;1422;-212;-666;794;400;-819;635;-668;1468
48;1435;475597;-1413;1319;-150;25;238;218;-775;703;-588;5389
48;1436;475823;-1242;1225;-67;453;3;-362;-745;712;-538;35864
48;1437;476244;-1733;1902;-317;764;-1153;-272;-802;620;-591;62162
48;1438;476702;-1199;1199;-461;1008;-287;140;-766;735;-486;21682
48;1439;477016;-1516;1444;-627;322;100;572;-750;691;-383;34629
48;1440;477332;-1793;1316;-509;225;155;334;-704;691;-246;52247
48;1441;477557;-1608;1366;-465;-1274;-271;-619;-672;695;-422;17150
48;1442;477796;-1538;1034;-368;-467;628;330;-765;637;-508;53936
48;1443;478216;-1618;1366;-236;-143;-179;228;-730;707;-499;53480
48;1444;478441;-1548;1280;-187;114;-98;24;-687;717;-540;10928
48;1445;478782;-1711;1286;-226;102;13;-83;-688;675;-491;45902
48;1446;479323;-1654;1246;-205;178;-143;-270;-687;679;-368;52636
48;1447;479637;-1525;1208;-297;-528;-531;-257;-756;657;-467;36744
48;1448;479975;-1595;1292;-249;-98;50;288;-768;652;-678;43540
48;1449;480310;-1531;1211;-314;-124;23;434;-704;707;-625;40469
48;1450;480628;-1450;1126;-214;62;-252;-94;-630;710;-759;53772
48;1451;480982;-1186;920;-108;999;347;-384;-649;669;-539;40843
48;1452;481298;-1499;1156;-174;69;4;-141;-738;591;-473;44914
48;1453;481612;-1794;1430;-342;-457;-325;137;-722;606;-428;32780
48;1454;481943;-1349;1149;-219;-750;-159;265;-664;692;-647;8348
48;1455;482282;-1575;1136;-156;405;357;-172;-647;627;-640;53182
48;1456;482601;-1440;1095;-130;281;-80;-145;-656;673;-646;56175
48;1457;482827;-1858;1466;-283;426;252;173;-652;701;-488;2206
48;1458;483276;-1740;1415;-252;-53;-326;-368;-606;756;-644;30412
48;1459;483606;-1419;1124;-400;196;117;47;-690;709;-522;44069
48;1460;483921;-1679;1460;-292;199;203;407;-639;762;-708;34236
48;1461;484264;-1438;1158;-326;-177;-254;-194;-636;718;-580;21071
48;1462;484489;-1541;1262;-275;-434;-138;144;-691;701;-697;37521
48;1463;484805;-1042;750;-72;469;504;114;-688;655;-609;433
48;1464;485120;-1446;1113;-224;-245;-264;288;-666;691;-661;50257
48;1465;485369;-1943;1606;-371;315;-206;-220;-617;702;-648;54166
48;1466;485691;-1391;1144;-255;-442;213;-399;-665;567;-653;21545
48;1467;486232;-1488;1188;-433;-214;-119;274;-755;466;-557;15968
48;1468;486468;-1414;1059;-194;-19;-142;191;-722;444;-678;21634
48;1469;486783;-1261;965;-226;48;227;-183;-689;447;-570;47801
48;1470;487219;-1595;1256;-233;38;261;-152;-713;366;-674;7213
48;1471;487557;-1476;1220;-164;-280;376;-68;-765;341;-554;8859
48;1472;487872;-1653;1347;-340;-513;100;-123;-788;301;-454;8157
48;1473;488206;-1642;1301;-303;-439;147;6;-794;314;-477;60677
48;1474;488525;-1583;1308;-306;-476;410;-261;-809;309;-417;44040
48;1475;488760;-1662;1304;-275;-392;456;18;-844;271;-352;14710
48;1476;489091;-1572;1217;-301;-114;-40;111;-822;300;-252;58512
48;1477;489406;-1360;1218;-253;-55;174;-28;-798;365;-240;63616
48;1478;489869;-1904;1484;-400;-803;435;38;-815;260;-159;9295
48;1479;490184;-1674;1310;-316;-111;-47;30;-783;349;-133;52107
48;1480;490499;-1576;1276;-260;186;-267;14;-772;375;-195;65526
48;1481;490728;-1427;1155;-158;322;116;94;-771;357;-213;32856
48;1482;491074;-1876;1502;-397;102;-81;-183;-755;280;-140;62952
48;1483;491389;-1581;1286;-283;177;-160;165;-751;308;-181;32393
48;1484;491614;-1664;1375;-308;63;-233;-99;-755;313;-200;44251
48;1485;492165;-1597;1272;-299;-61;-48;4;-766;312;-241;9995
48;1486;492495;-1626;1268;-280;1;35;-32;-754;310;-239;52992
48;1487;492810;-1602;1286;-300;-21;34;-36;-757;305;-211;5989
48;1488;493149;-1590;1265;-296;-5;-28;19;-751;310;-204;3492
48;1489;493378;-1592;1271;-297;-24;-22;26;-747;312;-209;40776
48;1490;493701;-1587;1273;-298;-75;18;-59;-749;305;-204;15623
48;1491;494160;-1556;1271;-287;-64;65;-54;-753;297;-176;6730
48;1492;494474;-1724;1461;-332;-321;534;-185;-748;292;-97;51605
48;1493;494789;-1615;1255;-287;-569;355;-218;-703;297;22;62484
48;1494;495120;-1649;1349;-392;-448;13;-250;-663;314;100;47014
48;1495;495354;-1492;1166;-220;-530;32;295;-680;436;45;53282
48;1496;495668;-2104;1689;-388;-224;-78;-434;-636;513;67;41579
48;1497;496108;-1279;984;-134;-557;198;-35;-740;571;-253;7097
48;1498;496446;-1223;937;-171;737;1014;140;-698;492;5;60417
48;1499;496780;-1501;1133;-240;-518;210;-24;-603;431;129;16234
48;1500;497100;-1983;1529;-237;-824;-506;-89;-581;527;-109;57292
48;1501;497438;-1249;976;-87;-114;102;-15;-607;579;-227;59226
48;1502;497667;-1817;1383;-248;722;293;-153;-615;527;-111;14398
48;1503;497983;-1338;1042;-212;630;38;357;-594;389;104;25238
48;1504;498298;-1973;1572;-357;-139;-656;-58;-570;334;113;52766
48;1505;498549;-1270;1036;-219;-275;-99;99;-647;389;64;39793
48;1506;499074;-1161;990;-240;-80;-9;437;-732;387;63;4088
48;1507;499408;-1847;1449;-335;45;143;27;-716;428;35;20776
48;1508;499642;-1216;981;-236;-242;-16;-3;-705;449;13;20461
48;1509;499958;-1704;1287;-272;131;13;-297;-714;463;-89;13955
48;1510;500393;-1414;1150;-178;-41;-230;110;-712;467;-58;55762
48;1511;500731;-1743;1305;-411;-26;165;173;-689;453;49;11987
48;1512;501051;-1482;1174;-226;-198;-332;-454;-660;526;-86;63693
48;1513;501280;-1787;1287;-219;348;272;-75;-727;475;-30;35762
48;1514;501595;-1447;1126;-163;-58;-205;53;-705;495;-5;7670
48;1515;502058;-1276;1069;-256;-265;63;-3;-696;499;116;56971
48;1516;502372;-1826;1323;-312;-92;67;-260;-760;477;14;18519
48;1517;502687;-1197;978;-227;-191;-504;225;-793;515;-46;23784
48;1518;503041;-2017;1630;-409;285;242;73;-797;538;-98;55529
48;1519;503355;-1339;1125;-232;-281;-310;-80;-727;552;-110;53204
48;1520;503670;-2050;1662;-399;310;10;-103;-760;484;-170;50692
48;1521;504041;-1430;1110;-179;110;-406;21;-745;473;-224;63021
48;1522;504356;-1872;1427;-279;446;125;7;-685;492;-144;26265
48;1523;504897;-1706;1348;-295;318;-48;-291;-599;494;-225;48634
48;1524;505146;-1576;1347;-497;217;211;0;-622;412;-134;63209
48;1525;505460;-1467;1126;-188;-78;186;112;-626;445;-163;16585
48;1526;505686;-1266;912;-173;-131;288;72;-598;425;-94;23193
48;1527;506002;-1399;1054;-202;-450;-7;-292;-599;429;-93;20720
48;1528;506340;-1564;1290;-301;-453;131;193;-592;460;10;19566
48;1529;506569;-1458;1150;-193;-313;366;-162;-552;499;-16;48327
48;1530;506990;-1358;1047;-204;-439;-58;199;-568;535;-98;42084
48;1531;507342;-2116;1683;-370;417;-51;-268;-612;551;-161;36552
48;1532;507661;-1322;1112;-242;-68;-376;213;-615;565;-86;61675
48;1533;507977;-2164;1689;-448;515;-128;171;-604;523;-39;7246
48;1534;508307;-1299;1116;-283;-111;-747;-154;-561;562;-84;64245
48;1535;508540;-1754;1310;-229;539;-203;-379;-633;491;-149;28188
48;1536;508964;-1372;1097;-165;20;-486;136;-653;467;-110;31467
48;1537;509193;-1889;1486;-362;679;122;219;-667;445;-12;40811
48;1538;509532;-1287;1127;-324;-245;-744;412;-610;482;-7;58578
48;1539;509852;-2217;1755;-466;694;-242;-156;-699;405;-108;4514
48;1540;510081;-1149;966;-310;-52;-704;466;-713;403;-85;17750
48;1541;510395;-1981;1543;-348;1023;-25;-1;-752;347;-183;32874
48;1542;510961;-1806;1354;-262;331;-280;-409;-768;312;-194;46513
48;1543;511275;-1074;917;-217;-197;-423;322;-796;265;-202;1483
48;1544;511589;-2301;1858;-471;272;186;-5;-806;268;-222;8838
48;1545;511947;-1279;1056;-262;-531;-270;48;-768;373;-200;20563
48;1546;512262;-2033;1444;-216;689;-80;-508;-800;271;-246;48702
48;1547;512591;-1369;1126;-166;64;-297;-33;-825;311;-252;12699
48;1548;512939;-1722;1348;-382;160;201;271;-847;266;-135;3183
48;1549;513253;-1512;1240;-220;-279;-306;-200;-844;324;-226;49881
48;1550;513583;-1318;998;-243;373;548;-207;-907;206;-156;35017
48;1551;513923;-1485;1093;-210;-302;174;156;-947;206;-179;19883
48;1552;514237;-1711;1379;-393;-241;-274;76;-953;308;-178;28999
48;1553;514467;-1405;1111;-178;-93;-239;-238;-963;299;-353;30819
48;1554;514887;-1502;1257;-307;302;-39;-53;-954;273;-220;33887
48;1555;515121;-1572;1234;-257;170;195;126;-936;232;-179;64486
48;1556;515350;-1724;1446;-348;234;127;279;-903;286;-102;5175
48;1557;515771;-1460;1136;-192;-260;-155;-355;-841;192;-194;37650
48;1558;516229;-1268;1069;-131;-418;29;-92;-868;180;-356;36312
48;1559;516543;-1684;1388;-304;-756;840;-366;-827;153;-163;39656
48;1560;516869;-1743;1293;-313;-1021;393;-600;-776;225;-33;59407
48;1561;517094;-1033;812;-126;-374;528;451;-746;267;6;1746
48;1562;517329;-1489;1126;-235;-870;-75;190;-682;398;-86;2764
48;1563;517749;-1447;1062;-214;133;503;-232;-583;442;6;8706
48;1564;517979;-1450;1186;-282;-220;255;-78;-551;432;68;2280
48;1565;518316;-2453;2061;-604;21;-453;-638;-534;330;71;8556
48;1566;518858;-1691;1225;-415;829;-159;269;-545;422;66;7367
48;1567;519172;-1518;1215;-315;177;-572;-180;-533;235;142;13022
48;1568;519513;-1807;1430;-272;-58;60;-542;-643;179;126;25764
48;1569;519844;-1529;1191;-294;-569;175;-77;-671;182;236;38390
48;1570;520159;-2484;2130;-693;-482;88;203;-728;322;240;26480
48;1571;520514;-1461;1221;-306;-246;-307;-376;-810;419;-93;37806
48;1572;520834;-1823;1416;-434;582;843;232;-873;358;47;38411
48;1573;521149;-1265;1010;-204;-170;382;-184;-759;372;77;22716
48;1574;521479;-1743;1078;-244;-740;-1204;-561;-674;410;-244;8897
48;1575;521818;-2158;1532;-327;1357;484;358;-738;374;-347;26069
48;1576;522137;-1194;1040;-258;335;267;174;-660;368;-86;8411
48;1577;522362;-2283;1817;-621;-760;-353;-314;-563;370;-103;49579
48;1578;522807;-1885;1518;-312;162;-163;-8;-620;376;-342;58536
48;1579;523138;-1161;953;-198;-54;102;-71;-609;374;-326;4899
48;1580;523456;-1445;1094;-226;86;103;234;-563;380;-342;40634
48;1581;523798;-1203;1012;-48;147;177;81;-539;381;-330;64252
48;1582;524024;-1580;1306;-151;70;60;-333;-544;365;-309;3796
48;1583;524339;-1294;1043;-75;-62;-88;255;-557;369;-309;18813
48;1584;524662;-2307;1775;-383;344;-283;-84;-514;369;-237;21577
48;1585;524912;-821;678;-20;242;74;88;-513;372;-227;12528
48;1586;525227;-2544;1970;-373;-68;-517;-514;-481;352;-237;26138
48;1587;525768;-2025;1605;-251;-326;-25;-101;-470;301;-174;33339
48;1588;526001;-1244;1052;-210;-298;319;112;-474;322;-110;55287
48;1589;526319;-1351;961;-48;-612;344;-9;-425;319;-101;7007
48;1590;526755;-1921;1436;-296;-1305;82;-280;-366;398;-111;43808
48;1591;527094;-1606;1264;-211;-585;154;-315;-338;496;-209;34342
48;1592;527411;-1427;1325;-311;-1246;770;169;-431;533;-335;32317
48;1593;527743;-2170;1851;-508;-788;497;-368;-435;585;-379;8547
48;1594;528062;-1385;1075;-177;-337;-550;74;-535;587;-458;13874
48;1595;528295;-1474;1086;-171;-1307;663;18;-552;549;-612;51932
48;1596;528626;-1736;1234;-344;-949;546;110;-590;480;-595;32398
48;1597;528945;-1656;1207;-348;-481;850;-7;-596;488;-533;22235
48;1598;529403;-1324;1050;-270;31;-179;161;-608;487;-424;20128
48;1599;529726;-1346;986;-222;-220;11;257;-598;479;-482;51690
48;1600;530042;-2504;1715;-547;-415;-496;514;-590;491;-567;9438
48;1601;530267;-1480;1093;-198;279;194;72;-530;540;-582;18822
48;1602;530606;-1343;899;-217;129;800;-293;-601;422;-399;13877
48;1603;530922;-1800;1075;-468;-163;-161;214;-630;404;-335;38743
48;1604;531147;-1654;1296;-194;-408;-746;477;-607;473;-528;52598
48;1605;531703;-980;651;-48;598;-12;-268;-658;405;-546;9567
48;1606;532034;-1486;1092;-144;-139;229;221;-661;460;-538;37816
48;1607;532348;-2038;1454;-314;-145;-260;-9;-668;457;-490;50549
48;1608;532692;-1711;1270;-397;-239;-191;94;-656;474;-473;16354
48;1609;532918;-1711;1170;-206;142;-166;-284;-661;444;-563;57678
48;1610;533233;-2227;1755;-501;23;9;-193;-692;423;-477;3903
48;1611;533691;-1462;1198;-293;-314;283;239;-706;444;-456;41539
48;1612;534006;-1394;780;-167;-778;466;168;-759;268;-551;46056
48;1613;534324;-1306;784;-172;-25;415;-490;-782;205;-559;42720
48;1614;534656;-2063;1482;-411;-629;-114;-398;-799;170;-495;33033
48;1615;534893;-1603;1224;-306;-703;256;347;-800;146;-475;56821
48;1616;535207;-1688;1135;-429;-980;798;-33;-796;61;-244;28283
48;1617;535647;-1993;1419;-431;-1161;276;-368;-793;115;-89;47869
48;1618;535985;-1574;954;-224;-1033;313;-309;-802;122;-22;42363
48;1619;536314;-1817;1356;-322;218;220;444;-779;261;161;48047
48;1620;536634;-1600;1175;-270;-477;-72;220;-770;394;164;10643
48;1621;536976;-1828;1260;-322;-497;-87;-199;-826;536;-48;50410
48;1622;537202;-1649;1185;-316;-258;-57;-141;-850;543;-172;131
48;1623;537521;-1475;1004;-187;106;322;89;-861;502;-226;50154
48;1624;537836;-2002;1455;-327;141;173;-257;-818;536;-111;29691
48;1625;538085;-1969;1391;-410;-465;-151;112;-809;518;-99;31276
48;1626;538610;-1644;1175;-229;-268;-481;-110;-744;503;-337;27670
48;1627;538941;-1934;1390;-354;17;168;-109;-738;494;-253;56819
48;1628;539174;-1998;1295;-249;-99;-239;99;-725;485;-240;38703
48;1629;539499;-1530;1210;-292;112;67;-113;-663;549;-207;27637
48;1630;539935;-1594;1185;-310;83;218;195;-691;478;-234;31197
48;1631;540284;-1977;1357;-308;-89;-160;93;-666;447;-205;27985
48;1632;540600;-1299;961;-248;19;-42;197;-630;510;-197;38565
48;1633;540826;-2015;1441;-303;93;-422;-650;-585;462;-247;48157
48;1634;541141;-1490;1068;-339;-88;248;139;-608;417;-111;40481
48;1635;541599;-1111;785;-155;-67;-3;188;-598;378;-118;43602
48;1636;541914;-2490;1749;-518;-428;-339;-316;-547;401;-155;50296
48;1637;542232;-1526;1116;-241;68;172;33;-513;419;-147;38986
48;1638;542589;-1070;692;-147;-40;407;546;-458;413;-70;5659
48;1639;542908;-3029;1990;-564;-109;-815;-1090;-379;321;-13;38345
48;1640;543226;-1795;1464;-307;-151;84;-54;-438;313;33;13387
48;1641;543580;-1945;1275;-467;-1204;298;-81;-365;354;149;34746
48;1642;543896;-1897;1361;-407;-1434;373;-214;-356;528;-95;10552
48;1643;544435;-1785;1143;-288;-623;769;279;-468;623;-413;30217
48;1644;544669;-1161;783;-49;36;658;315;-467;632;-341;17561
48;1645;544988;-1503;1038;-208;-882;-122;146;-475;672;-354;8266
48;1646;545214;-1940;1119;-441;-597;-167;-126;-512;668;-442;23648
48;1647;545533;-1568;975;-212;-769;717;-413;-637;551;-579;38183
48;1648;545871;-1763;1051;-131;154;212;272;-705;566;-411;22124
48;1649;546097;-1568;1175;-370;-664;-358;88;-677;612;-383;22648
48;1650;546517;-1863;1220;-346;-241;35;0;-637;540;-681;49353
48;1651;546872;-1033;713;-45;507;298;143;-648;522;-701;7142
48;1652;547190;-2066;1330;-270;210;411;-228;-687;513;-479;21452
48;1653;547509;-1390;1078;-323;-329;228;134;-698;536;-340;31067
48;1654;547840;-1308;804;-119;66;-580;85;-720;483;-576;26682
48;1655;548077;-1333;968;-126;304;-573;-226;-693;514;-620;46768
48;1656;548496;-1034;823;-129;53;530;491;-696;534;-482;30331
48;1657;548722;-2011;1484;-427;-60;242;-399;-658;528;-392;43385
48;1658;549061;-981;702;-182;165;591;-17;-732;416;-380;18574
48;1659;549381;-1808;1089;-229;-118;-245;527;-747;366;-501;48024
48;1660;549606;-1042;891;-267;-12;49;320;-722;458;-487;51364
48;1661;549925;-1464;880;-174;24;404;-29;-688;366;-548;54022
48;1662;550499;-729;526;8;270;323;798;-748;387;-430;54156
48;1663;550822;-2647;1531;-396;-695;-666;-701;-726;359;-455;31315
48;1664;551136;-1387;1100;-254;-405;106;-433;-787;360;-401;30163
48;1665;551490;-894;658;-95;-29;752;984;-815;314;-383;29597
48;1666;551806;-3044;2083;-633;146;-923;-607;-785;394;-299;33335
48;1667;552135;-1313;1209;-411;-597;297;247;-826;454;-413;58479
48;1668;552475;-1589;1006;-337;217;328;670;-905;402;-396;35900
48;1669;552790;-1513;1084;-190;-47;60;-132;-904;572;-500;62433
48;1670;553124;-1800;1272;-313;-419;212;-54;-970;568;-534;51303
48;1671;553466;-1491;993;-183;-299;640;-268;-1031;399;-491;13680
48;1672;553782;-1446;924;-170;-154;290;-152;-1087;310;-276;21687
48;1673;554007;-1429;976;-266;-797;-259;-269;-1082;254;-325;64758
48;1674;554427;-1656;1182;-373;-499;40;178;-1038;225;-390;55517
48;1675;554662;-1569;1044;-270;-497;-305;58;-985;241;-492;27305
48;1676;554892;-1590;1037;-226;518;318;180;-962;260;-485;15256
48;1677;555316;-1690;1178;-308;415;20;-173;-970;187;-211;31755
48;1678;555778;-1530;1015;-194;-50;-270;-116;-940;235;-135;43685
48;1679;556096;-1643;1182;-246;-1164;-812;-124;-995;301;-537;42221
48;1680;556412;-2164;1597;-412;-432;573;51;-923;94;-649;48307
48;1681;556637;-1278;886;-124;-264;699;-113;-899;21;-520;65387
48;1682;556871;-2008;1431;-394;-289;605;-219;-875;-50;-301;7898
48;1683;557292;-1603;1057;-226;-757;-299;262;-819;-77;-172;26475
48;1684;557517;-1699;1135;-281;343;138;-345;-810;-91;-172;7637
48;1685;557855;-1722;1146;-300;602;550;75;-758;-140;-89;14025
48;1686;558406;-1505;1085;-273;253;-629;566;-786;-26;-171;16979
48;1687;558720;-1967;1302;-340;-142;-332;-169;-881;-20;-255;64783
48;1688;559058;-1454;1028;-252;-580;-296;-361;-878;73;-276;23856
48;1689;559389;-1857;1272;-321;575;703;-21;-885;28;-220;53846
48;1690;559704;-1416;1154;-222;-40;732;17;-872;91;14;41287
48;1691;560058;-1998;1387;-455;-1525;-357;-337;-810;156;53;40171
48;1692;560373;-1689;1236;-283;-178;-277;79;-892;239;-135;6588
48;1693;560688;-1650;1104;-307;1092;232;195;-858;184;-73;18126
48;1694;561022;-1761;1142;-247;1131;582;-348;-824;-68;35;33507
48;1695;561364;-1887;1354;-376;807;-708;732;-772;66;-21;14050
48;1696;561679;-1859;1091;-305;-1737;746;104;-829;301;-189;3987
48;1697;561905;-2108;1132;-271;-677;534;-598;-764;297;-200;34180
48;1698;562350;-2242;1448;-309;901;229;-158;-792;238;-349;61976
48;1699;562685;-1046;729;-117;18;-139;104;-733;249;-313;15605
48;1700;562999;-2380;1826;-534;399;-68;-364;-699;180;-310;65390
48;1701;563338;-1482;1015;-176;4;62;172;-722;183;-248;21278
48;1702;563567;-2392;1638;-458;-204;-108;-71;-692;197;-227;3078
48;1703;563887;-1274;969;-189;-682;-389;30;-700;288;-342;51775
48;1704;564202;-2017;1149;-152;588;354;-191;-719;159;-328;59768
48;1705;564451;-1220;959;-182;117;3;38;-735;200;-250;9518
48;1706;564765;-1830;1364;-343;-28;-28;-163;-699;188;-86;5050
48;1707;565306;-2018;1474;-321;240;44;-363;-766;268;-195;40653
48;1708;565539;-1096;809;-149;24;4;546;-851;314;-110;29760
48;1709;565854;-2205;1602;-362;197;309;-116;-960;490;-100;34526
48;1710;566301;-1555;1156;-202;-35;-213;-412;-973;417;-392;43803
48;1711;566639;-1396;922;-302;-49;-23;230;-926;250;-228;9237
48;1712;566954;-2231;1530;-381;111;260;313;-935;348;-151;19230
48;1713;567285;-1413;995;-237;-319;-373;-164;-927;519;-211;46983
48;1714;567600;-1680;1109;-175;293;229;-213;-900;497;-408;2301
48;1715;567834;-1382;883;-244;191;164;-227;-890;397;-276;22502
48;1716;568165;-2073;1489;-349;1;326;126;-883;323;-215;60907
48;1717;568479;-1369;950;-213;-416;-394;172;-828;306;-193;47824
48;1718;568946;-2087;1438;-369;292;203;-83;-756;327;-224;14954
48;1719;569266;-1723;1205;-156;209;79;-131;-746;429;-222;1049
48;1720;569580;-1678;1241;-293;-125;-30;117;-734;492;-170;38775
48;1721;569810;-1423;995;-199;-254;-38;-136;-729;498;-234;58756
48;1722;570149;-1735;1139;-365;252;193;45;-765;472;-156;5247
48;1723;570464;-1878;1410;-303;340;20;3;-767;555;-163;16752
48;1724;570690;-1852;1329;-310;75;94;35;-784;559;-140;5071
48;1725;571238;-1735;1079;-181;438;198;-81;-754;454;-291;7638
48;1726;571574;-1605;1166;-167;122;-148;8;-717;412;-208;12554
48;1727;571889;-1500;1046;-257;-188;47;264;-792;356;-83;12833
48;1728;572228;-1987;1358;-311;-117;-85;-423;-945;365;-243;3930
48;1729;572453;-1522;953;-265;194;53;107;-981;300;-245;42823
48;1730;572769;-2065;1446;-274;264;141;-95;-877;255;-300;10070
48;1731;573227;-1381;983;-223;-322;-304;-206;-758;226;-160;39510
48;1732;573541;-1699;1139;-192;447;205;-41;-823;176;-125;7851
48;1733;573861;-1701;1208;-202;166;-128;203;-859;250;-175;48167
48;1734;574195;-1637;1125;-299;-209;110;-85;-831;286;-115;32022
48;1735;574431;-1506;1041;-239;-333;-106;-33;-822;331;-166;57578
48;1736;574746;-1963;1312;-371;568;86;-188;-814;305;-154;14928
48;1737;575185;-2135;1558;-397;220;155;-122;-748;402;-220;10127
48;1738;575523;-1420;1007;-218;-511;-456;5;-712;377;-299;48637
48;1739;575853;-1863;1193;-182;487;332;-257;-709;265;-326;62362
48;1740;576168;-1702;1228;-174;109;14;115;-721;270;-265;25792
48;1741;576508;-1632;1148;-297;-236;2;176;-737;211;-209;44792
48;1742;576737;-1490;1115;-209;-319;-392;-368;-750;190;-278;23585
48;1743;577057;-1815;1282;-323;105;246;-7;-777;88;-294;17549
48;1744;577372;-1570;1128;-127;-463;89;-103;-781;73;-244;58085
48;1745;577623;-1987;1448;-303;-421;616;83;-791;93;-138;12626
48;1746;578148;-2184;1547;-335;-111;469;-216;-856;197;-27;62319
48;1747;578478;-1347;943;-211;-420;-39;-71;-841;274;35;1099
48;1748;578712;-1782;1197;-253;-438;135;201;-828;325;-95;61727
48;1749;579028;-1379;940;-219;-869;-191;447;-701;420;-131;47875
48;1750;579467;-2323;1509;-346;143;262;-425;-698;455;-299;1734
48;1751;579809;-1471;1084;-233;711;539;-304;-699;359;11;59721
48;1752;580124;-1860;1232;-258;125;110;660;-664;317;90;46439
48;1753;580350;-1282;879;-271;-359;-530;230;-610;388;67;41665
48;1754;580665;-2164;1580;-379;-72;-531;-284;-651;441;-198;15098
48;1755;581125;-1472;1098;-34;244;254;-19;-697;467;-185;53086
48;1756;581443;-1786;1157;-168;221;-165;11;-662;436;-51;27232
48;1757;581759;-1590;1142;-60;371;-371;14;-691;438;-114;13077
48;1758;582119;-1707;1158;-129;393;-914;196;-725;365;-220;40608
48;1759;582437;-1475;1065;56;278;-177;-219;-736;341;-328;20874
48;1760;582751;-1621;1165;-131;305;372;127;-742;312;-243;61693
48;1761;583107;-1681;1144;-154;258;257;110;-753;247;-150;51499
48;1762;583422;-1699;1287;-227;-553;18;-247;-786;177;-133;53756
48;1763;583963;-2118;1466;-343;-1167;1319;267;-799;290;-160;14107
48;1764;584196;-1722;1255;-332;-2147;449;67;-701;486;-157;17143
48;1765;584514;-1701;1133;-247;-269;371;287;-590;573;-251;49474
48;1766;584740;-1709;1221;-231;-60;308;305;-524;633;-239;46329
48;1767;584960;-1688;1190;-223;182;-77;-160;-467;641;-214;3004
48;1768;585401;-1667;1180;-244;314;-144;41;-558;517;-85;60569
48;1769;585627;-1716;1171;-217;416;-283;22;-563;500;-57;44360
48;1770;586048;-1661;1191;-213;69;-137;102;-579;479;-42;56283
48;1771;586400;-1668;1207;-245;-441;164;-23;-557;529;-85;5022
48;1772;586715;-1675;1105;-273;-336;-18;60;-539;577;-145;26923
48;1773;587034;-1522;1035;-104;698;-223;78;-523;572;-125;4303
48;1774;587365;-1587;1122;-221;409;-173;-131;-530;463;4;32515
48;1775;587600;-2336;1702;-365;410;-534;-131;-560;435;-31;36333
48;1776;588024;-1719;1263;-262;-198;-381;-60;-588;353;34;21894
48;1777;588250;-1658;1132;-224;-370;240;223;-613;398;20;30558
48;1778;588588;-1705;1238;-406;359;-320;417;-481;510;84;38783
48;1779;588904;-1488;1073;-172;376;-252;-405;-444;527;-27;47957
48;1780;589134;-2063;1446;-333;234;-193;-224;-508;457;-72;44675
48;1781;589448;-1478;1037;-240;-275;-279;-48;-619;447;-135;23997
48;1782;590016;-1794;1262;-363;-903;-644;95;-593;492;-256;44990
48;1783;590334;-1609;1150;-131;138;508;209;-538;494;-310;56362
48;1784;590648;-1746;1211;-302;-79;458;-71;-486;477;-170;28067
48;1785;591004;-1528;1035;-362;110;77;-113;-435;393;-105;18152
48;1786;591319;-1436;963;-227;-279;99;144;-354;377;-101;21438
48;1787;591649;-2131;1406;-371;37;-271;111;-185;387;-137;15620
48;1788;591988;-1499;1082;-193;12;-404;-143;-334;272;58;52074
48;1789;592307;-1492;1023;-163;171;252;316;-412;385;234;10406
48;1790;592637;-1548;991;-219;-6;6;81;-450;487;214;20444
48;1791;592979;-1775;1255;-306;83;-189;-68;-527;570;149;44708
48;1792;593297;-1621;1172;-200;116;-33;-123;-628;621;102;31352
48;1793;593523;-1631;1088;-189;472;357;-298;-668;575;181;38937
48;1794;593943;-1667;1111;-292;34;166;232;-774;623;100;64188
48;1795;594176;-2174;1496;-575;-358;-331;-7;-755;692;56;60034
48;1796;594402;-1411;972;-194;-65;-62;163;-756;718;-160;42297
48;1797;594829;-1431;1109;-317;117;305;212;-729;678;-97;24118
48;1798;595287;-1420;1024;-263;137;128;220;-698;623;-99;39403
48;1799;595601;-1051;706;-130;138;152;273;-668;582;-148;12809
48;1800;595921;-2395;1705;-526;-149;-90;-203;-587;575;-136;7833
48;1801;596146;-1434;941;-204;-124;252;278;-593;580;-129;30145
48;1802;596380;-2349;1511;-345;-239;-531;-617;-541;559;-143;10067
48;1803;596804;-1502;1141;-205;-96;3;-50;-542;508;-49;10261
48;1804;597030;-2344;1629;-389;-647;-261;139;-520;518;-67;10267
48;1805;597367;-1831;1308;-312;23;-36;-233;-495;509;-41;36233
48;1806;597908;-1464;1020;-314;-365;90;5;-430;487;136;61723
48;1807;598223;-1417;909;-47;83;-120;-216;-488;558;51;20194
48;1808;598565;-1769;1265;-258;437;-85;-177;-553;559;136;19866
48;1809;598897;-1003;741;-110;201;139;347;-635;496;203;1535
48;1810;599211;-1809;1070;-288;37;-352;47;-614;463;227;13917
48;1811;599564;-1561;1128;-190;-331;-96;-297;-666;547;60;64405
48;1812;599880;-1864;1042;-166;-575;94;-223;-734;530;12;28083
48;1813;600199;-1561;954;-7;584;-345;368;-722;580;-21;59839
48;1814;600532;-3045;647;201;377;-299;-3029;-705;456;-14;35944
48;1815;600872;-1895;930;78;402;-202;90;-900;226;-208;35000
48;1816;601190;-1677;628;301;-275;78;614;-890;259;-187;12654
48;1817;601416;-1698;900;369;50;37;746;-868;315;-215;15905
48;1818;601862;-1444;1130;79;80;60;-460;-758;463;-163;54935
48;1819;602192;-1730;1363;40;307;-132;-485;-798;372;-130;25785
48;1820;602506;-1758;868;254;428;-647;-194;-873;197;-219;40815
48;1821;602849;-1759;1139;91;185;193;295;-898;250;-231;17632
48;1822;603075;-1788;1207;108;-120;-3;258;-884;283;-217;19578
48;1823;603390;-1424;1538;37;8;-52;-202;-848;397;-226;16466
48;1824;603706;-1547;1244;55;16;-91;-39;-863;333;-195;22485
48;1825;603958;-1870;1003;24;-60;191;-27;-871;307;-170;7808
48;1826;604273;-1592;1253;70;-79;-13;-52;-854;349;-170;42833
48;1827;604818;-1424;1261;113;85;-163;-88;-859;342;-176;14436
48;1828;605051;-1700;1309;201;41;-135;-43;-859;316;-180;42206
48;1829;605369;-2012;1937;-483;496;907;-523;-862;229;138;10510
48;1830;605805;2;49;-1561;-160;571;395;-262;259;-583;28211
48;1831;606145;81;442;-2415;440;-614;38;43;247;-601;30229
48;1832;606459;-303;-682;-1671;-110;506;-652;-159;-298;-814;59199
48;1833;606794;175;-390;-2352;-209;-229;198;51;-215;-765;56617
48;1834;607109;138;44;-1825;-26;-367;623;-96;-202;-745;47428
48;1835;607342;23;-164;-2151;-123;-499;794;-148;-165;-730;63183
48;1836;607677;-565;-429;-1778;701;-343;-347;-182;-260;-784;63112
48;1837;608000;-491;-1148;-1719;1291;85;-598;-311;-452;-1016;65265
48;1838;608458;-157;-1893;-485;277;-186;-152;-33;-622;-1609;18175
48;1839;608774;-77;-2085;-475;-139;257;142;6;-617;-1676;7625
48;1840;609089;-167;-1962;-406;-2;-111;122;-30;-610;-1667;10317
48;1841;609318;-285;-2026;-362;-138;-364;48;-55;-608;-1711;12442
48;1842;609657;-388;-2073;-571;-181;60;181;-61;-614;-1587;41014
48;1843;609972;-245;-2020;-689;-74;-136;84;-73;-608;-1567;2285
48;1844;610198;-367;-1797;-901;-526;85;202;-77;-620;-1490;25013
48;1845;610750;-51;-2117;-682;1842;1212;1151;-263;-611;-1628;37825
48;1846;611081;-15;-2325;-105;1722;3392;-931;-228;-490;-1985;38029
48;1847;611395;647;-1823;975;-162;579;-1553;-432;-507;-1913;57347
48;1848;611738;497;-1602;843;1442;-910;-1247;-129;-516;-1982;14543
48;1849;611967;476;-2562;1288;-92;1275;416;152;-576;-1818;47398
48;1850;612282;338;-1468;1834;420;186;361;-147;-510;-1995;31197
48;1851;612744;-105;-463;1958;797;533;-517;-174;-168;-2401;65254
48;1852;613062;-263;-219;1801;421;-47;-20;-219;-89;-2441;44332
48;1853;613377;-61;-142;2102;53;-139;-95;-223;-59;-2465;16575
48;1854;613708;-118;-144;2104;-7;-80;85;-209;-81;-2447;10466
48;1855;613942;-112;-182;2129;19;10;102;-209;-65;-2451;10344
48;1856;614256;-113;-104;2078;116;-131;-18;-223;-58;-2452;48231
48;1857;614700;-11;-182;2140;-101;-61;107;-214;-72;-2446;40309
48;1858;615038;-93;-122;2117;11;42;104;-209;-53;-2441;56402
48;1859;615368;-68;-108;2123;-13;-9;46;-232;-60;-2448;2465
48;1860;615689;-87;-131;2160;81;57;145;-240;-43;-2451;51546
48;1861;616028;-222;-212;2123;10;-149;-166;-273;-40;-2477;51058
48;1862;616254;-117;-73;2036;-279;-70;95;-259;-33;-2472;22831
48;1863;616569;-58;8;2072;-268;-126;542;-304;-71;-2450;2085
48;1864;616885;41;254;1935;-275;-34;-787;-149;-85;-2457;47140
48;1865;617137;278;-553;1973;602;-205;-21;-143;-176;-2401;38025
48;1866;617662;-578;-642;2107;167;268;-1093;-282;-187;-2322;28591
48;1867;617993;-158;-625;1953;72;150;23;-233;-230;-2339;11265
48;1868;618229;-115;-412;2043;-63;-66;126;-234;-203;-2378;30983
48;1869;618544;-192;-368;2201;402;-59;-211;-273;-216;-2353;38100
48;1870;618980;-102;-659;2205;326;348;366;-187;-231;-2351;44848
48;1871;619320;-397;-414;2085;124;-241;-243;-331;-157;-2406;47386
48;1872;619636;-53;-172;2111;69;-49;8;-203;-122;-2436;59122
48;1873;619866;1;-337;2104;57;-204;93;-184;-117;-2431;20083
48;1874;620180;87;-169;2127;36;-25;21;-143;-93;-2440;26229
48;1875;620644;32;-202;2090;-19;86;13;-176;-102;-2452;39835
48;1876;620962;-24;-285;2116;32;-79;-57;-216;-102;-2429;36392
48;1877;621277;-30;-203;2104;-37;18;115;-201;-93;-2435;31786
48;1878;621631;-67;-259;2087;-45;23;-14;-227;-114;-2421;35765
48;1879;621946;-99;-318;2108;-10;-2;-16;-233;-120;-2414;52896
48;1880;622260;-94;-381;2113;-127;-71;126;-239;-141;-2403;51199
48;1881;622615;-60;-267;2083;-4;-178;74;-253;-134;-2406;18616
48;1882;622934;-3;-357;2125;1;25;112;-235;-143;-2408;64297
48;1883;623481;-740;-494;1900;-625;911;317;-483;-103;-2225;21486
48;1884;623715;-999;-736;1778;-453;271;58;-696;-120;-2097;30059
48;1885;624030;-820;-796;1715;106;-107;-248;-670;-189;-2104;20407
48;1886;624256;-868;-785;1759;-10;-39;102;-638;-204;-2120;13960
48;1887;624571;-949;-779;1750;47;77;-103;-627;-208;-2109;19897
48;1888;624909;-884;-756;1749;15;3;-11;-620;-221;-2127;12408
48;1889;625134;-928;-742;1730;-25;-13;-3;-604;-231;-2122;59727
48;1890;625558;-849;-826;1767;2;-56;58;-596;-247;-2123;6950
48;1891;625912;-827;-767;1778;48;-44;-4;-591;-238;-2123;58883
48;1892;626230;-842;-815;1781;6;-22;-34;-579;-237;-2126;50833
48;1893;626545;-827;-797;1780;20;0;33;-594;-248;-2124;36589
48;1894;626876;-867;-813;1760;-6;-18;20;-596;-235;-2121;39427
48;1895;627113;-869;-762;1766;18;-23;9;-594;-235;-2113;60370
48;1896;627536;-866;-751;1762;8;-76;-59;-608;-236;-2104;56381
48;1897;627762;-853;-860;1765;-10;-52;5;-596;-233;-2101;25382
48;1898;628105;-705;-894;1783;-38;-113;-48;-580;-266;-2134;44685
48;1899;628420;-677;-854;1819;80;-174;-384;-507;-304;-2155;654
48;1900;628649;-519;-828;1885;222;-233;-896;-439;-323;-2212;26416
48;1901;628964;-79;-892;1930;48;-163;-157;-248;-342;-2259;49480
48;1902;629528;-686;-770;1785;-397;173;3;-251;-356;-2188;43020
48;1903;629843;-150;-1311;1724;-693;-356;157;-233;-486;-2022;11900
48;1904;630157;273;-1805;1286;-39;-194;-269;-168;-546;-1871;18208
48;1905;630511;432;-1947;1065;-814;58;259;-94;-574;-1745;63352
48;1906;630834;668;-1827;1226;-166;-82;207;-23;-570;-1784;27426
48;1907;631163;536;-1676;1246;-225;-176;-126;31;-560;-1802;37986
48;1908;631504;608;-1643;1152;-109;-57;64;61;-572;-1780;24424
48;1909;631820;596;-1699;1101;2;-9;0;69;-577;-1753;24111
48;1910;632149;593;-1689;1094;25;-53;-22;63;-574;-1752;21746
48;1911;632488;587;-1711;1071;-9;-15;20;56;-573;-1725;51094
48;1912;632804;593;-1719;1046;-4;-29;0;53;-579;-1752;1736
48;1913;633029;564;-1746;1050;-65;-48;48;54;-580;-1725;42784
48;1914;633453;526;-1751;1046;8;-109;92;33;-589;-1744;62916
48;1915;633689;471;-1725;1059;-12;-35;72;13;-589;-1740;62926
48;1916;633919;456;-1789;1058;47;-96;53;-12;-587;-1733;23620
48;1917;634339;413;-1725;1086;-37;-71;148;-69;-588;-1747;23075
48;1918;634802;243;-1770;1040;-97;-47;45;-101;-595;-1725;28272
48;1919;635117;240;-1787;1034;139;-66;-28;-125;-588;-1723;6661
48;1920;635432;322;-1801;1060;11;25;-5;-110;-588;-1739;64567
48;1921;635658;293;-1843;1032;-68;10;32;-112;-586;-1734;47836
48;1922;635892;266;-1789;1039;20;-27;10;-121;-590;-1719;47728
48;1923;636320;294;-1830;1021;0;-29;45;-106;-598;-1726;10627
48;1924;636545;284;-1804;1035;-14;-27;32;-116;-593;-1715;13986
48;1925;636883;284;-1852;1016;32;-42;-19;-103;-588;-1724;40786
48;1926;637424;333;-1787;1022;8;-42;-18;-103;-594;-1720;62009
48;1927;637739;259;-1818;1021;12;-55;-17;-111;-592;-1720;31585
48;1928;638077;284;-1792;1021;13;-13;6;-112;-596;-1726;23779
48;1929;638411;333;-1857;1000;7;-36;-19;-107;-592;-1712;45038
48;1930;638726;241;-1785;1011;30;-38;-28;-113;-605;-1709;31098
48;1931;639084;303;-1814;1007;12;-44;-26;-126;-596;-1717;14105
48;1932;639403;282;-1824;994;-13;-51;-29;-117;-603;-1700;32347
48;1933;639718;281;-1790;993;20;-31;-25;-119;-598;-1693;62480
48;1934;640048;284;-1832;989;-10;-26;-5;-114;-604;-1696;25385
48;1935;640391;330;-1818;1144;593;11;-167;-118;-581;-1774;5657
48;1936;640706;269;-1476;1355;34;19;124;-84;-545;-1918;25520
48;1937;640932;230;-1553;1399;68;-55;-59;-104;-533;-1928;32174
48;1938;641375;135;-1676;1599;402;250;156;-111;-514;-2000;6945
48;1939;641709;41;-1143;1603;698;-33;60;-184;-399;-2179;64406
48;1940;642028;130;-621;1831;-69;225;70;-186;-310;-2266;50378
48;1941;642368;199;-443;2032;66;-83;-51;-77;-264;-2353;615
48;1942;642597;516;-557;2071;270;-176;-150;-24;-229;-2368;20410
48;1943;642912;202;-460;1947;-29;868;-127;-19;-173;-2409;57963
48;1944;643228;-321;-340;2177;451;-76;-987;-210;-158;-2415;10272
48;1945;643479;110;-142;1991;-5;13;-116;-118;-124;-2452;44955
48;1946;643794;-65;-120;2232;390;63;-327;-38;-102;-2473;31077
48;1947;644342;250;36;2103;-13;-253;55;-12;-60;-2473;11251
48;1948;644576;-25;0;2182;-451;80;606;6;-118;-2454;30883
48;1949;644890;175;-984;1622;-700;-228;941;-88;-239;-2356;28884
48;1950;645327;-372;-873;1690;-543;-59;466;-342;-348;-2158;45484
48;1951;645665;-88;-1591;1481;-51;416;149;-402;-478;-1894;28189
48;1952;645980;-240;-2101;1052;-10;-436;-445;-420;-509;-1806;22031
48;1953;646314;-240;-1581;1374;86;-65;160;-375;-508;-1825;35019
48;1954;646629;-230;-1905;1165;330;431;202;-412;-495;-1871;8494
48;1955;646867;-53;-1371;1519;623;131;-681;-358;-463;-2013;46082
48;1956;647202;-136;-1467;1599;-909;-728;589;-302;-469;-2011;47322
48;1957;647517;-339;-1871;1159;-588;-69;-524;-387;-547;-1799;55953
48;1958;647975;-178;-1725;1143;-225;6;136;-323;-538;-1784;33037
48;1959;648291;-191;-1838;1061;36;-346;-97;-396;-516;-1795;39163
48;1960;648606;-182;-1690;1046;-99;-91;-89;-385;-530;-1789;27915
48;1961;648832;-170;-1805;1013;-92;-2;44;-364;-538;-1747;26894
48;1962;649171;-99;-1816;1110;209;252;-393;-380;-541;-1717;59383
48;1963;649491;-173;-1966;665;-177;476;401;-285;-583;-1617;61450
48;1964;649721;-215;-1942;738;-153;3;123;-302;-579;-1582;10219
48;1965;650270;27;-1762;653;455;-20;234;-331;-577;-1594;5813
48;1966;650601;-254;-1701;774;59;-80;-25;-340;-542;-1622;47002
48;1967;650915;-80;-1928;851;-27;60;-59;-339;-567;-1582;191
48;1968;651254;-1432;-1405;1031;2558;688;2862;-592;-235;-1810;56757
48;1969;651480;-1583;301;1077;764;-238;259;-898;294;-1917;35990
48;1970;651795;-1434;344;1548;-153;-2;201;-932;320;-1933;27407
48;1971;652258;-1657;-690;1095;-1889;-1166;-3565;-929;-37;-1951;41309
48;1972;652572;-504;-1195;1495;-1347;-500;-1288;-578;-393;-1934;58106
48;1973;652887;-410;-2618;1157;-905;-126;-388;-377;-508;-1857;48106
48;1974;653218;289;-1686;1062;-127;70;46;-322;-524;-1822;24377
48;1975;653452;161;-1804;1360;311;69;-99;-298;-529;-1810;38848
48;1976;653770;208;-1333;992;308;486;593;-294;-530;-1877;51843
48;1977;654206;-57;-1656;1257;-83;34;-112;-256;-560;-1813;47733
48;1978;654544;-162;-2449;951;-245;-88;-248;-182;-568;-1789;10300
48;1979;654880;86;-1735;1111;-126;48;174;-196;-573;-1746;43110
48;1980;655196;151;-1911;1057;-285;-383;85;-222;-558;-1792;14303
48;1981;655534;-44;-1786;1003;-13;-8;238;-248;-564;-1735;41873
48;1982;655760;58;-1843;1149;-31;-120;-195;-250;-556;-1724;52013
48;1983;656080;144;-2086;780;449;118;-34;-209;-575;-1736;12260
48;1984;656395;76;-1832;1017;-116;-53;136;-194;-581;-1727;43278
48;1985;656644;167;-1803;1172;112;-282;118;-214;-576;-1710;27651
48;1986;657173;106;-1574;996;-7;-5;72;-264;-560;-1771;46652
48;1987;657512;-1;-1919;1259;104;125;-255;-220;-564;-1745;49066
48;1988;657745;500;-1346;891;299;45;-301;-204;-570;-1757;28589
48;1989;658061;100;-1643;1188;496;88;324;-213;-536;-1822;12714
48;1990;658497;-283;-1702;1372;453;-3;120;-314;-454;-2023;39230
48;1991;658834;-22;-1321;1465;-277;124;-150;-292;-459;-2022;29110
48;1992;659150;142;-1620;1692;474;-274;-933;-133;-521;-1956;62875
48;1993;659376;614;-985;1236;1235;383;-475;-9;-458;-2038;11249
48;1994;659691;340;-916;1901;651;210;-250;49;-349;-2231;21905
48;1995;660156;-53;-837;1684;-178;270;71;39;-246;-2335;33266
48;1996;660470;139;-631;2051;-61;201;-181;129;-225;-2336;23004
48;1997;660785;511;-263;2072;479;567;-70;163;-115;-2388;10641
48;1998;661140;463;-508;1879;81;163;210;173;-80;-2408;47514
48;1999;661458;310;-4;2135;146;-134;124;136;-101;-2416;24746
48;2000;661772;347;-180;1750;553;227;267;114;-84;-2433;58669
48;2001;662127;306;-253;2128;-114;14;-38;134;-101;-2407;22927
48;2002;662442;633;-657;2504;-578;-327;-208;145;-95;-2407;56951
48;2003;662987;457;-173;2047;94;70;251;171;-82;-2405;18885
48;2004;663224;1000;-1327;2407;-617;-586;-306;140;-102;-2397;13045
48;2005;663539;96;-128;1898;69;-251;111;117;-63;-2431;32289
48;2006;663765;408;-196;2209;50;131;-112;158;-69;-2412;37127
48;2007;664085;635;152;1796;-134;-9;-120;150;-34;-2435;64305
48;2008;664423;527;-230;2154;-19;-80;193;171;-61;-2406;49334
48;2009;664649;276;238;2359;219;444;375;163;-53;-2435;15294
48;2010;665078;344;-250;1994;-270;-235;26;78;-79;-2430;34791
48;2011;665431;243;-27;2231;156;48;-158;128;-83;-2430;26457
48;2012;665749;643;-588;2119;-560;242;117;183;-91;-2391;23915
48;2013;666065;384;-304;2086;-38;-172;158;140;-123;-2362;24995
48;2014;666395;739;-715;1846;487;16;-14;119;-147;-2373;12925
48;2015;666629;315;-427;1943;98;-296;163;115;-131;-2393;37113
48;2016;667049;283;55;2728;-341;-142;36;127;-116;-2407;31564
48;2017;667275;545;-229;1844;-118;346;3;158;-89;-2416;3425
48;2018;667613;453;-536;2134;36;-39;381;119;-131;-2387;49452
48;2019;667933;355;10;2429;-44;-266;379;92;-129;-2401;32444
48;2020;668163;187;-347;1780;-133;446;204;109;-115;-2421;6286
48;2021;668477;258;-378;2009;-146;-86;-141;42;-139;-2387;20774
48;2022;669046;477;-1056;2204;-905;199;310;124;-146;-2386;17255
48;2023;669360;346;-453;2152;-21;-190;139;88;-200;-2340;44100
48;2024;669675;295;-472;2369;-230;-304;35;80;-201;-2352;13935
48;2025;670029;272;-376;1898;104;-228;-450;26;-177;-2371;63795
48;2026;670351;326;-440;2126;100;-6;-476;123;-161;-2346;58992
48;2027;670681;574;-222;1788;-264;396;-607;234;-128;-2330;55593
48;2028;671309;441;-561;2079;259;245;335;284;-198;-2263;1039
48;2029;671543;633;-846;1652;-247;-199;242;257;-237;-2251;25627
48;2030;671974;635;-695;1950;62;93;-284;289;-193;-2242;36867
48;2031;672318;962;-501;1694;-293;255;89;309;-104;-2287;16381
48;2032;672544;609;-639;1901;-174;-61;-10;346;-106;-2277;52880
48;2033;672968;470;-641;2185;85;186;506;339;-149;-2293;16785
48;2034;673302;414;-858;1845;-280;-286;133;264;-203;-2260;21740
48;2035;673537;725;-1391;1636;-1418;-460;961;286;-385;-2014;53736
48;2036;673957;687;-1614;1461;-249;96;-172;153;-479;-1925;22801
48;2037;674292;458;-1621;1312;-223;-74;239;112;-502;-1916;46437
48;2038;674629;283;-1551;1445;-4;-191;230;97;-537;-1860;31467
48;2039;674945;164;-1695;1384;57;-240;384;24;-531;-1893;16800
48;2040;675172;184;-1514;1128;-17;-318;442;-53;-528;-1922;19949
48;2041;675487;23;-1665;1310;-20;151;168;-132;-531;-1879;10249
48;2042;675830;16;-1716;1207;-168;53;111;-143;-541;-1856;9980
48;2043;676056;113;-1688;1271;-79;-53;-152;-161;-548;-1850;2224
48;2044;676370;44;-1680;1277;32;-57;-40;-164;-538;-1843;9955
48;2045;676943;-32;-1677;1332;122;62;163;-195;-533;-1871;64160
48;2046;677258;-119;-1622;1363;33;-34;-10;-222;-529;-1878;16370
48;2047;677572;-148;-1591;1346;5;-60;13;-212;-534;-1871;23027
48;2048;677927;-140;-1637;1345;-2;-18;-14;-225;-528;-1869;37893
48;2049;678242;-80;-1671;1364;4;-74;-105;-221;-527;-1875;54845
48;2050;678576;-44;-1628;1359;-20;-6;-44;-191;-533;-1897;30187
48;2051;678916;-54;-1540;1405;57;-89;-20;-186;-530;-1909;46904
48;2052;679232;98;-1555;1393;8;-45;-39;-176;-529;-1899;21468
48;2053;679461;36;-1567;1373;41;-10;23;-172;-533;-1899;62574
48;2054;679781;60;-1591;1377;-2;-27;-56;-167;-524;-1909;35768
48;2055;680015;90;-1577;1416;-31;-134;-124;-170;-521;-1915;774
48;2056;680454;279;-1599;1393;31;-7;246;-127;-513;-1926;40825
48;2057;680878;130;-1567;1396;19;-48;-67;-154;-528;-1908;38866
48;2058;681232;121;-1634;1374;-19;-1;5;-134;-537;-1920;20796
48;2059;681547;233;-1622;1369;104;-23;-320;-140;-528;-1902;796
48;2060;681863;128;-1556;1358;-142;-33;128;-138;-520;-1900;12906
48;2061;682220;132;-1546;1363;85;-45;-59;-110;-530;-1903;53353
48;2062;682535;151;-1621;1360;-17;-14;-29;-107;-532;-1908;63023
48;2063;682851;163;-1568;1376;-66;-53;42;-111;-538;-1897;39108
48;2064;683077;108;-1669;1323;-41;-4;67;-118;-535;-1877;60248
48;2065;683415;95;-1716;1299;-47;-2;-13;-145;-545;-1868;41352
48;2066;683855;92;-1647;1301;20;-18;-34;-139;-540;-1880;52192
48;2067;684170;97;-1674;1296;10;-35;-34;-133;-544;-1870;22073
48;2068;684403;91;-1635;1321;20;-5;-17;-136;-529;-1870;3415
48;2069;684847;84;-1605;1323;18;-24;-22;-128;-537;-1869;11621
48;2070;685163;62;-1581;1391;74;21;-3;-125;-544;-1889;58837
48;2071;685500;72;-1565;1378;-20;7;26;-135;-527;-1914;56660
48;2072;685832;57;-1623;1375;-23;30;5;-140;-537;-1900;10856
48;2073;686151;52;-1604;1384;12;-21;-18;-144;-534;-1904;47969
48;2074;686481;45;-1557;1385;30;-33;12;-128;-530;-1898;19590
48;2075;686821;55;-1571;1403;13;-8;25;-139;-529;-1921;47644
48;2076;687137;13;-1633;1384;-7;-52;26;-142;-533;-1909;9556
48;2077;687466;83;-1570;1408;45;-59;1;-153;-517;-1925;18218
48;2078;687811;49;-1596;1424;30;-76;9;-151;-526;-1924;49527
48;2079;688127;52;-1559;1431;36;-63;13;-153;-513;-1918;56761
48;2080;688353;50;-1512;1444;1;-26;-7;-153;-511;-1948;51071
48;2081;688800;68;-1542;1445;-15;-15;-9;-145;-516;-1937;47692
48;2082;689236;78;-1544;1440;-10;-45;-17;-150;-516;-1933;11878
48;2083;689656;57;-1529;1420;2;-10;-27;-134;-514;-1926;42209
48;2084;689889;68;-1572;1427;-2;-38;9;-152;-506;-1918;65300
48;2085;690115;81;-1544;1424;-1;-30;15;-148;-514;-1918;13537
48;2086;690434;77;-1531;1431;22;-42;-10;-145;-509;-1926;26124
48;2087;690750;79;-1562;1435;-2;-32;-3;-150;-514;-1939;43906
48;2088;690999;97;-1543;1432;-44;-21;-2;-137;-514;-1920;49634
48;2089;691318;103;-1554;1424;-3;-31;1;-129;-523;-1926;56108
48;2090;691633;105;-1534;1424;26;-31;-25;-128;-517;-1917;51891
48;2091;691859;116;-1573;1432;-2;5;-19;-132;-523;-1930;20948
48;2092;692201;52;-1609;1407;0;-25;-22;-121;-526;-1933;63155
48;2093;692742;67;-1548;1485;59;90;-16;-122;-505;-1958;52997
48;2094;693057;-84;-1524;1464;280;-90;-80;-144;-489;-1997;30317
48;2095;693293;307;-1308;1673;459;-159;-388;-97;-444;-2103;43394
48;2096;693728;397;-857;1847;288;-45;-183;42;-355;-2193;51343
48;2097;694048;376;-1142;1859;-24;-54;-89;94;-343;-2192;24249
48;2098;694402;722;-929;1802;148;203;-54;138;-334;-2220;55907
48;2099;694717;394;-941;1935;-108;279;-413;183;-247;-2275;63289
48;2100;695033;250;-649;2013;-35;-12;106;188;-178;-2307;62731
48;2101;695386;305;-642;1983;106;-49;93;173;-186;-2334;8226
48;2102;695705;340;-628;2018;29;48;-154;181;-172;-2331;31287
48;2103;696025;330;-666;1993;15;-107;74;164;-193;-2324;21142
48;2104;696255;349;-672;2032;102;-15;61;170;-188;-2336;50010
48;2105;696701;302;-764;1961;-14;-77;3;172;-181;-2343;41024
48;2106;697032;284;-619;2016;52;-96;39;174;-180;-2329;38767
48;2107;697347;300;-602;1992;23;28;-84;173;-176;-2344;20379
48;2108;697686;215;-705;1963;-120;-32;-19;167;-176;-2331;52624
48;2109;698017;256;-577;2001;82;-63;27;179;-166;-2345;39756
48;2110;698332;278;-658;1989;-19;-17;20;179;-173;-2331;22280
48;2111;698675;260;-649;2008;112;46;-84;182;-169;-2334;24216
48;2112;698901;232;-546;2026;-89;-126;135;182;-154;-2346;42029
48;2113;699216;180;-502;2021;3;-101;48;175;-164;-2346;42333
48;2114;699655;277;-647;1997;-34;13;-22;185;-161;-2341;9324
48;2115;699889;353;-608;2022;32;-32;34;180;-171;-2334;15329
48;2116;700209;258;-612;1991;-108;-144;89;176;-186;-2335;62521
48;2117;700644;286;-1071;1745;-294;-317;753;200;-363;-2175;8915
48;2118;700983;219;-1486;1621;-15;-83;468;90;-482;-2013;20563
48;2119;701299;241;-1360;1561;-34;-187;274;37;-488;-1983;39128
48;2120;701633;161;-1546;1457;-80;-196;286;-52;-521;-1927;5724
48;2121;701974;111;-1574;1392;60;-100;-19;-76;-537;-1910;12598
48;2122;702515;-99;-1298;1528;-249;140;1368;-109;-491;-1978;39422
48;2123;702830;-455;-1635;1290;407;-179;-411;-311;-505;-1897;14137
48;2124;703066;-395;-1323;1531;166;-60;283;-235;-450;-2018;51172
48;2125;703292;-461;-1037;1656;829;344;164;-354;-341;-2133;9817
48;2126;703611;-300;-599;2032;417;-188;-250;-289;-236;-2321;1430
48;2127;703930;-373;-981;1924;-682;-450;511;-240;-294;-2235;56588
48;2128;704182;-92;-593;1959;-184;-17;38;-237;-261;-2268;37925
48;2129;704502;-83;-1032;1852;73;-325;-13;-228;-330;-2217;19102
48;2130;704817;-66;-1180;1963;-141;68;-30;-181;-350;-2195;16714
48;2131;705043;-35;-854;1880;143;-78;9;-189;-331;-2223;24945
48;2132;705486;40;-970;1933;-66;-22;9;-198;-334;-2246;29102
48;2133;705922;3;-983;1890;-42;-47;28;-196;-336;-2235;24929
48;2134;706237;11;-967;1897;-23;-58;11;-209;-335;-2215;42638
48;2135;706576;3;-982;1885;-1;-28;11;-204;-340;-2233;23208
48;2136;706806;7;-1010;1891;-5;-25;-10;-207;-345;-2225;21866
48;2137;707125;2;-983;1872;-15;-24;-8;-199;-339;-2218;61797
48;2138;707584;-23;-1007;1868;29;-2;11;-209;-338;-2210;32435
48;2139;707902;-34;-982;1875;11;-19;-10;-212;-350;-2228;7210
48;2140;708218;-15;-996;1881;-41;-15;7;-222;-340;-2217;1819
48;2141;708573;-35;-1001;1865;-73;-21;-1;-214;-356;-2211;25638
48;2142;708888;6;-1058;1874;-44;-45;2;-220;-350;-2207;484
48;2143;709204;-12;-1029;1846;7;-48;2;-216;-367;-2202;36266
48;2144;709538;7;-1037;1876;12;-34;1;-216;-358;-2201;42624
48;2145;709774;-15;-1020;1851;-9;-43;-6;-213;-360;-2210;17300
48;2146;710089;-7;-1034;1834;7;-8;1;-213;-366;-2201;20877
48;2147;710420;1;-1013;1838;0;-27;-17;-208;-373;-2204;18578
48;2148;710864;30;-1069;1861;9;-36;4;-198;-365;-2188;42725
48;2149;711194;-13;-1070;1837;-15;-44;-6;-207;-370;-2190;35310
48;2150;711514;33;-1084;1853;-21;-38;-25;-207;-370;-2175;35368
48;2151;711855;-10;-1036;1835;8;0;-72;-213;-359;-2194;21556
48;2152;712081;-43;-1025;1836;15;0;-48;-198;-365;-2208;43649
48;2153;712511;-48;-1040;1828;-12;-54;-8;-196;-365;-2204;26026
48;2154;712841;35;-1028;1860;12;-42;3;-192;-363;-2210;18773
48;2155;713083;25;-1051;1851;11;-27;-6;-188;-364;-2197;37094
48;2156;713502;29;-1056;1854;-10;-31;-1;-189;-377;-2200;65320
48;2157;713833;20;-1081;1852;16;-38;3;-183;-366;-2200;12004
48;2158;714171;-4;-1086;1843;12;-29;0;-190;-370;-2199;39678
48;2159;714487;53;-1063;1845;15;-42;-8;-190;-358;-2199;12720
48;2160;714712;13;-1066;1843;-8;-42;-24;-184;-364;-2199;44685
48;2161;715035;30;-1018;1840;3;-15;-16;-188;-353;-2196;38526
48;2162;715376;50;-1080;1863;-78;-8;12;-192;-366;-2207;62219
48;2163;715602;-50;-1044;1878;-87;78;54;-203;-372;-2186;62212
48;2164;715920;-87;-1207;1816;-136;-19;105;-218;-390;-2163;35429
48;2165;716485;-198;-1198;1817;72;109;-20;-266;-358;-2183;56745
48;2166;716799;-432;-1189;2025;473;-158;151;-302;-303;-2223;4482
48;2167;717114;-131;-657;2028;349;58;326;-284;-158;-2363;51771
48;2168;717469;-266;-57;1777;208;163;-282;-289;32;-2465;62607
48;2169;717790;187;-357;2180;-58;-466;-551;-242;-76;-2445;53421
48;2170;718121;47;-25;2085;76;-152;-379;-182;-48;-2452;29753
48;2171;718460;-89;-367;2136;69;-69;-216;-136;-99;-2411;50645
48;2172;718775;71;-231;2123;-12;7;-24;-142;-91;-2433;59487
48;2173;719001;-66;-247;2120;-65;16;26;-156;-103;-2429;13536
48;2174;719321;-37;-336;2099;18;-29;24;-156;-100;-2418;9241
48;2175;719556;49;-195;2114;-61;-43;45;-160;-89;-2418;26969
48;2176;719992;-10;-363;2060;-62;1;-13;-171;-120;-2410;24125
48;2177;720416;-225;-315;2015;105;215;316;-159;-111;-2412;12174
48;2178;720773;114;-139;2126;372;-238;-344;-234;-80;-2412;30080
48;2179;721089;46;-215;2112;-56;-55;-105;-185;-67;-2413;29929
48;2180;721405;-50;-372;2094;-15;49;64;-207;-106;-2409;59240
48;2181;721758;-104;-244;2105;43;-37;-18;-209;-107;-2411;40249
48;2182;722073;-78;-274;2107;23;-3;-63;-222;-96;-2404;24144
48;2183;722389;-123;-389;2111;15;-56;31;-226;-98;-2407;33407
48;2184;722615;-45;-312;2100;19;-79;28;-228;-87;-2410;47665
48;2185;722958;-133;-353;2069;-93;-101;98;-235;-92;-2401;252
48;2186;723398;-130;-250;2089;44;-92;17;-252;-93;-2407;60304
48;2187;723716;-143;-331;2111;-18;-72;50;-254;-92;-2414;15382
48;2188;723950;-39;-359;2046;-14;0;58;-234;-90;-2398;36743
48;2189;724387;-79;-280;2108;50;38;-26;-245;-80;-2410;30509
48;2190;724701;-12;-313;2124;-34;-41;-4;-252;-78;-2400;37147
48;2191;725040;-66;-251;2098;-19;-11;-22;-247;-90;-2402;5473
48;2192;725375;-85;-369;2094;32;-41;-19;-243;-102;-2393;49950
48;2193;725690;-75;-341;2110;13;-25;12;-236;-95;-2400;33179
48;2194;726024;-164;-251;2131;-38;-14;2;-230;-95;-2392;32851
48;2195;726364;-97;-378;2097;-81;-13;66;-230;-101;-2398;1910
48;2196;726678;-73;-271;2067;7;49;-21;-232;-97;-2401;606
48;2197;727009;-65;-355;2082;47;-38;-13;-230;-97;-2396;42429
48;2198;727354;-107;-293;2099;25;-33;-18;-225;-101;-2400;28246
48;2199;727669;-81;-374;2103;-9;-48;19;-219;-106;-2403;59941
48;2200;727895;-39;-314;2105;35;-30;9;-223;-98;-2403;2563
48;2201;728343;-75;-288;2115;2;-17;15;-220;-92;-2408;19894
48;2202;728778;-90;-336;2101;15;-59;-16;-212;-104;-2406;39796
48;2203;729203;-62;-301;2113;-1;-25;14;-213;-98;-2412;63767
48;2204;729436;-48;-281;2097;28;-30;-1;-214;-91;-2419;7439
48;2205;729662;-60;-312;2099;1;-19;3;-215;-92;-2415;38925
48;2206;729977;-53;-260;2113;37;-48;-41;-211;-89;-2408;20342
48;2207;730294;-15;-290;2105;8;-17;-6;-213;-95;-2428;35780
48;2208;730546;-32;-314;2106;17;-98;-78;-208;-88;-2427;51063
48;2209;730861;-53;-301;2092;25;-45;-2;-215;-93;-2426;25779
48;2210;731181;-78;-260;2104;18;-30;-8;-221;-96;-2427;44139
48;2211;731411;-28;-279;2107;-4;-24;-18;-203;-93;-2418;32221
48;2212;731748;-40;-299;2112;21;-7;8;-209;-98;-2419;44004
48;2213;732290;-33;-292;2091;6;-55;9;-216;-89;-2417;2548
48;2214;732604;-67;-298;2102;-23;-65;-9;-204;-86;-2417;13714
48;2215;732838;-33;-311;2105;-16;1;18;-216;-92;-2410;12106
48;2216;733278;-71;-295;2098;-25;-25;45;-196;-103;-2422;36262
48;2217;733592;-20;-315;2102;11;-38;-21;-202;-105;-2419;15057
48;2218;733948;-37;-293;2103;0;-31;14;-206;-107;-2405;64571
48;2219;734264;-15;-312;2096;18;-35;-17;-199;-101;-2409;23843
48;2220;734582;-41;-296;2088;21;-37;-28;-202;-104;-2409;62205
48;2221;734939;-21;-300;2102;21;-54;-41;-214;-105;-2420;12793
48;2222;735263;-30;-295;2103;11;-53;-31;-219;-109;-2409;44753
48;2223;735581;-29;-272;2105;-33;-94;37;-206;-107;-2420;48297
48;2224;735813;41;-445;1997;-77;-44;92;-200;-114;-2418;34138
48;2225;736262;-70;-515;2022;-373;-152;445;-243;-134;-2380;35689
48;2226;736596;-302;-607;1803;-616;-121;896;-220;-189;-2337;24439
48;2227;736914;414;-1054;2144;-235;-51;297;-168;-300;-2251;21525
48;2228;737262;323;-1564;1571;-849;-299;201;-260;-463;-2013;2418
48;2229;737596;314;-1976;1107;-546;-31;-366;-243;-546;-1837;6692
48;2230;737914;352;-1868;980;-219;37;-101;-205;-575;-1731;38076
48;2231;738257;208;-1981;907;-42;29;48;-180;-585;-1719;22813
48;2232;738489;284;-2161;806;-101;108;2;-188;-580;-1698;17631
48;2233;738808;549;-1904;709;-452;-50;-350;-126;-593;-1635;62757
48;2234;739252;408;-2242;486;-210;204;186;-144;-603;-1475;56965
48;2235;739488;152;-1939;446;215;-46;46;-158;-606;-1470;33349
48;2236;739810;193;-2014;496;-82;-41;91;-150;-609;-1482;10747
48;2237;740255;220;-2036;435;71;15;94;-139;-600;-1472;13781
48;2238;740596;368;-2088;449;-79;15;-159;-130;-607;-1431;58736
48;2239;740915;335;-2034;398;-49;-95;63;-108;-604;-1450;12588
48;2240;741254;242;-1964;361;107;9;41;-113;-603;-1436;52220
48;2241;741595;302;-2153;483;327;-162;78;-109;-594;-1481;1612
48;2242;742143;504;-1972;559;-70;-327;119;-175;-604;-1603;59278
48;2243;742461;458;-2089;468;-109;-182;-15;-210;-588;-1594;52374
48;2244;742700;257;-1991;504;-8;-324;36;-216;-587;-1599;53724
48;2245;742929;407;-2016;523;63;-97;97;-196;-585;-1628;16345
48;2246;743252;309;-2042;518;-160;34;189;-217;-577;-1600;5218
48;2247;743571;324;-1940;550;-22;152;-58;-282;-583;-1568;18433
48;2248;743822;58;-1776;524;365;200;-462;-270;-587;-1571;11757
48;2249;744146;169;-1674;821;292;-381;-111;-208;-582;-1620;55592
48;2250;744465;925;-2200;505;46;-545;-288;-144;-591;-1700;24899
48;2251;744693;365;-1442;303;24;-484;-176;-138;-578;-1718;25461
48;2252;745146;709;-2346;494;-59;-528;-180;-198;-585;-1746;18312
48;2253;745587;430;-1974;565;-59;88;116;-171;-569;-1740;16098
48;2254;745905;466;-2100;591;52;187;43;-180;-578;-1721;10084
48;2255;746251;585;-2272;679;120;9;-419;-115;-587;-1731;48304
48;2256;746483;562;-1757;615;185;-205;-233;-71;-572;-1766;50167
48;2257;746805;718;-1379;833;59;150;-198;-44;-557;-1815;45626
48;2258;747269;904;-1636;966;68;-290;-384;-99;-534;-1899;60157
48;2259;747587;423;-1541;1053;9;-223;-259;-13;-525;-1925;32647
48;2260;747910;1077;-1426;1214;45;-19;-437;42;-531;-1919;16865
48;2261;748268;1131;-1262;902;-2;309;-387;90;-520;-1895;2923
48;2262;748586;999;-1312;1185;184;18;-406;104;-518;-1886;60042
48;2263;748905;498;-1218;939;-47;-14;272;189;-493;-1888;44515
48;2264;749244;1218;-1248;1305;121;88;-26;192;-491;-1859;3889
48;2265;749480;1396;-2205;524;-72;564;336;224;-507;-1853;53693
48;2266;749798;1512;-1813;995;28;-361;377;218;-518;-1811;23329
48;2267;750133;1551;-2180;484;-126;-142;-491;148;-519;-1886;39595
48;2268;750581;1022;-1514;980;-181;-393;-210;155;-544;-1784;58495
48;2269;750925;947;-1352;94;-11;-135;140;125;-570;-1734;50255
48;2270;751245;1069;-1879;424;47;-458;139;42;-571;-1750;26979
48;2271;751594;882;-1858;341;15;-29;156;43;-576;-1751;19886
48;2272;751827;1124;-2030;421;-57;-238;-35;24;-578;-1724;4998
48;2273;752256;922;-1876;354;2;-53;25;0;-582;-1726;22542
48;2274;752590;939;-1765;426;-106;-57;101;26;-578;-1727;33933
48;2275;752826;915;-1800;392;122;-93;-112;10;-583;-1720;1831
48;2276;753251;995;-2119;482;89;-188;-79;13;-568;-1755;37122
48;2277;753589;1093;-1686;363;96;-296;-264;59;-552;-1779;55470
48;2278;753930;1163;-1472;504;370;-117;-367;155;-515;-1858;43825
48;2279;754250;1128;-1006;737;361;-166;-15;210;-445;-2004;18917
48;2280;754482;1450;-1139;1071;-142;-63;-283;249;-408;-2003;36145
48;2281;754804;1703;-1147;487;318;151;-770;378;-312;-2015;15141
48;2282;755147;1693;-779;774;176;-210;-92;468;-204;-2072;51641
48;2283;755375;2003;-306;646;-137;-499;-1405;497;-59;-1994;26995
48;2284;755693;1613;1383;153;-222;-83;-1239;702;569;-1830;37551
48;2285;756267;867;1928;216;382;-227;-165;427;890;-1777;40958
48;2286;756585;973;2037;-82;-226;43;-201;419;907;-1712;42617
48;2287;756903;24;1745;505;206;-925;-61;263;1016;-1801;10203
48;2288;757264;495;1884;242;-321;222;540;312;956;-1750;23431
48;2289;757583;708;1892;203;182;-142;-115;377;934;-1731;24416
48;2290;757916;597;1905;271;-114;-15;-159;353;936;-1738;42709
48;2291;758263;568;2073;161;-46;-36;-68;335;974;-1731;15825
48;2292;758582;695;1896;239;47;11;329;350;929;-1765;17603
48;2293;758817;1062;1718;274;147;71;1202;396;827;-1761;23006
48;2294;759137;1449;1363;351;28;193;1291;626;527;-1826;55011
48;2295;759375;1769;-136;661;-214;539;2527;687;-50;-1982;55503
48;2296;759819;890;-1365;1045;-304;410;1007;264;-445;-2040;32470
48;2297;760244;444;-1884;966;-81;58;-161;-146;-502;-1965;38958
48;2298;760601;582;-1767;977;38;-52;-172;-159;-501;-1971;54139
48;2299;760919;652;-1775;931;22;-30;-38;-136;-503;-1952;26033
48;2300;761891;787;-1612;920;58;-137;-87;-92;-494;-1985;14129
48;2301;762316;734;-1714;970;3;-47;-9;-77;-497;-1996;24406
48;2302;762551;684;-1778;974;17;-11;86;-87;-496;-1970;35575
48;2303;762790;617;-1702;934;-16;-10;90;-107;-509;-1969;16899
48;2304;763341;442;-1801;924;21;-17;220;-169;-504;-1958;34736
48;2305;763658;343;-1949;954;-57;-145;50;-238;-501;-1954;56186
48;2306;763893;333;-1848;910;-21;-227;102;-243;-498;-1954;18734
48;2307;764334;335;-1646;865;115;-403;410;-234;-464;-1999;38082
48;2308;764652;267;-1792;922;93;-300;-53;-256;-438;-2063;35121
48;2309;764994;527;-1790;969;71;-240;-54;-220;-405;-2127;45899
48;2310;765337;483;-1768;1055;55;383;-311;-163;-412;-2131;50278
48;2311;765654;409;-1840;856;-363;937;-330;-141;-452;-2049;5
48;2312;765987;562;-1658;1064;-324;113;-192;-170;-509;-1951;18876
48;2313;766334;612;-1663;977;141;495;-103;-169;-517;-1932;18217
48;2314;766651;752;-1613;1148;106;756;-290;-131;-523;-1935;19511
48;2315;766984;63;-1646;1252;270;562;-125;-148;-508;-1951;40459
48;2316;767328;462;-1252;1324;-143;771;109;-40;-523;-1923;3459
48;2317;767646;-38;-1813;1181;213;-249;-125;-50;-560;-1773;51422
48;2318;767881;1156;-1833;917;-537;388;1375;24;-560;-1817;60071
48;2319;768329;83;-1947;1143;-196;334;-124;-235;-571;-1730;49245
48;2320;768768;56;-1280;865;280;-118;-64;-223;-559;-1742;4960
48;2321;769196;-56;-1749;1172;90;307;-135;-238;-569;-1729;38942
48;2322;769432;-51;-1532;1345;151;59;-184;-228;-559;-1740;25475
48;2323;769660;289;-1643;1091;317;-63;-99;-181;-570;-1732;52073
48;2324;769982;-157;-1630;1143;20;114;70;-131;-576;-1737;1574
48;2325;770301;-120;-2890;1088;-401;0;-124;-166;-574;-1699;41414
48;2326;770558;-365;-1611;1069;245;289;572;-164;-567;-1712;28905
48;2327;770876;-281;-2541;1124;-421;354;352;-173;-559;-1755;63075
48;2328;771195;-175;-1482;921;124;270;71;-182;-567;-1762;3694
48;2329;771423;17;-1809;1384;77;31;171;-180;-559;-1774;30866
48;2330;771764;-31;-1900;999;-281;-328;-328;-209;-556;-1764;19757
48;2331;772311;253;-2061;979;92;327;-107;-159;-571;-1727;37096
48;2332;772628;-5;-1671;1238;80;-175;-19;-160;-559;-1747;11917
48;2333;772864;179;-2102;1181;-648;-363;-377;-170;-560;-1796;16518
48;2334;773312;-195;-1546;1315;100;-95;-282;-179;-545;-1812;36206
48;2335;773630;-339;-2144;979;269;295;159;-141;-550;-1816;351
48;2336;773991;401;-1717;1376;362;207;-155;-106;-514;-1946;16370
48;2337;774315;-733;-1204;981;-819;378;-1363;-242;-542;-1805;8684
48;2338;774633;-485;-1813;439;-426;-1220;-1264;-188;-594;-1460;1155
48;2339;774989;443;-2309;624;1376;-191;-490;-29;-565;-1306;5619
48;2340;775309;178;-2046;323;441;-442;497;-60;-576;-1353;25989
48;2341;775627;-73;-2257;330;212;45;452;-90;-576;-1367;37416
48;2342;775861;-149;-2085;396;-229;10;58;-124;-571;-1320;54807
48;2343;776309;-51;-1993;338;81;211;99;-123;-571;-1350;15671
48;2344;776642;-106;-1652;357;262;269;371;-130;-574;-1342;48597
48;2345;776960;64;-1951;479;333;-235;192;-138;-579;-1353;44523
48;2346;777302;-249;-2090;261;-138;4;-66;-153;-576;-1328;11432
48;2347;777636;1;-2136;493;57;51;-254;-167;-577;-1339;27104
48;2348;777953;-161;-2089;-116;-193;1;0;-127;-577;-1343;47402
48;2349;778296;78;-2155;344;-122;-35;152;-161;-583;-1328;5833
48;2350;778528;-266;-2359;157;-140;184;-458;-149;-588;-1362;7047
48;2351;778844;-277;-1588;613;108;119;253;-115;-599;-1504;631
48;2352;779284;211;-2012;631;-530;220;-302;-108;-563;-1334;56910
48;2353;779520;-156;-1800;85;-408;216;875;-94;-587;-1349;45837
48;2354;779838;54;-2061;479;82;-285;180;-68;-578;-1354;44934
48;2355;780282;-122;-1794;181;-148;244;-57;-105;-579;-1397;28352
48;2356;780623;18;-2198;557;-79;152;-72;-84;-583;-1375;48746
48;2357;780941;-95;-1729;297;50;428;-102;-30;-582;-1381;14956
48;2358;781283;70;-2119;634;101;-161;-52;-18;-591;-1441;28759
48;2359;781625;185;-1900;213;6;46;-170;-31;-589;-1466;26434
48;2360;782176;102;-2520;467;-632;409;-365;34;-572;-1475;3580
48;2361;782493;202;-1699;541;-86;-64;128;51;-579;-1468;22779
48;2362;782729;37;-2178;599;91;-217;174;18;-577;-1451;8390
48;2363;782957;87;-2145;341;171;-113;-215;-10;-586;-1454;8050
48;2364;783276;12;-1908;616;-10;-55;-45;-60;-581;-1445;25812
48;2365;783594;141;-2754;193;-585;-234;-153;-36;-588;-1418;9871
48;2366;783852;83;-1647;516;197;-76;-79;-21;-581;-1423;46841
48;2367;784171;277;-2475;332;-174;132;-281;-57;-586;-1447;36251
48;2368;784489;-43;-1667;373;314;-239;-246;-90;-592;-1393;49908
48;2369;784717;-161;-2186;553;-99;-85;-68;-109;-591;-1409;29971
48;2370;785165;-13;-1452;472;172;-104;204;-95;-584;-1435;34662
48;2371;785605;-373;-2188;53;120;148;-494;-139;-590;-1408;48733
48;2372;785926;-120;-2037;576;154;-106;-14;-133;-582;-1411;8044
48;2373;786276;-268;-1765;368;-277;295;442;-88;-590;-1389;58211
48;2374;786508;-216;-1835;594;-223;141;179;-117;-581;-1402;52045
48;2375;786826;-179;-1863;243;43;70;-71;-107;-590;-1401;62370
48;2376;787290;295;-2858;170;-256;-113;-50;-106;-590;-1416;51696
48;2377;787607;-77;-1904;532;-221;273;63;-118;-578;-1404;53979
48;2378;787925;-111;-2176;441;509;-125;-452;-121;-570;-1409;10949
48;2379;788284;-143;-2050;553;-88;30;-41;-113;-577;-1419;41794
48;2380;788601;-10;-1541;304;-204;-76;207;-64;-576;-1390;53454
48;2381;788919;89;-2160;520;159;-208;-83;-99;-573;-1390;42521
48;2382;789258;-195;-1864;109;-64;18;40;-100;-570;-1391;14664
48;2383;789497;-274;-1862;458;-91;-66;-31;-121;-575;-1382;59830
48;2384;789819;-46;-2455;-128;160;-109;-69;-97;-559;-1346;47274
48;2385;790153;67;-1858;386;-173;-71;-43;-96;-551;-1343;11850
48;2386;790601;-61;-2000;157;92;35;290;-110;-578;-1383;33347
48;2387;790934;71;-2196;583;308;130;-340;-99;-568;-1427;33332
48;2388;791257;78;-1789;387;47;69;-36;-74;-565;-1404;19082
48;2389;791599;-109;-2349;835;206;-299;148;-106;-563;-1425;46513
48;2390;791831;-22;-2034;200;4;-91;-8;-93;-551;-1394;9681
48;2391;792259;98;-2229;550;78;35;-196;-134;-530;-1399;59301
48;2392;792593;-153;-1763;412;137;-104;24;-85;-530;-1404;51446
48;2393;793508;-257;-2132;330;-233;-268;516;-179;-459;-1344;20523
48;2394;793826;348;-2771;98;-350;361;-534;-190;-428;-1343;63837
48;2395;794144;-52;-1744;358;148;519;-132;-151;-421;-1355;12280
48;2396;794506;81;-2389;252;1;516;-307;-127;-413;-1393;30424
48;2397;794823;-204;-1687;428;126;-176;-291;-139;-396;-1364;691
48;2398;795146;-128;-2068;557;325;-61;-414;-166;-383;-1374;62837
48;2399;795509;-49;-1911;253;213;249;-163;-77;-412;-1330;20452
48;2400;795826;-72;-2146;452;96;-128;185;-92;-464;-1333;32934
48;2401;796373;-132;-1908;331;-27;4;44;-171;-509;-1371;42371
48;2402;796609;-125;-1920;473;31;-73;-19;-157;-523;-1351;52592
48;2403;796926;67;-1810;134;604;270;-326;-123;-544;-1375;9150
48;2404;797154;-101;-1874;285;-151;-51;-47;-116;-545;-1372;60222
48;2405;797374;-114;-2300;211;291;-487;-80;-150;-540;-1342;62018
48;2406;797716;63;-1993;142;-13;-162;-81;-194;-560;-1397;22780
48;2407;797952;156;-1845;397;-25;231;-174;-202;-539;-1376;35951
48;2408;798482;80;-1967;309;49;269;26;-154;-542;-1355;20119
48;2409;798839;-48;-2077;426;-49;-65;-173;-183;-542;-1351;19494
48;2410;799157;159;-1991;150;-358;137;-455;-118;-545;-1323;37242
48;2411;799477;-322;-1875;435;-114;8;608;-116;-542;-1298;26023
48;2412;799810;-144;-1704;221;186;-146;335;-111;-542;-1350;31770
48;2413;800050;-11;-1507;36;340;504;-290;-175;-524;-1274;54682
48;2414;800474;-920;-3070;-334;-319;-148;-151;-137;-513;-1216;22653
48;2415;800706;-213;-1666;28;369;91;-10;-161;-517;-1242;48682
48;2416;801049;-13;-2323;79;143;21;237;-167;-523;-1270;38510
48;2417;801368;-35;-1613;135;51;109;-69;-219;-525;-1272;21593
48;2418;801596;-406;-2302;283;-108;-304;-240;-201;-549;-1333;50615
48;2419;801917;-61;-1395;307;86;113;-463;-215;-534;-1264;54576
48;2420;802492;-281;-2118;80;-34;26;89;-111;-544;-1288;48351
48;2421;802813;129;-1993;295;156;-97;-69;-77;-542;-1331;46875
48;2422;803131;-52;-1842;318;361;-403;-66;-96;-552;-1338;57195
48;2423;803492;-21;-1924;466;-275;-87;315;-33;-555;-1349;45235
48;2424;803809;8;-1782;112;42;-168;83;-74;-537;-1277;12206
48;2425;804143;220;-2096;147;235;-159;-116;-68;-556;-1321;45568
48;2426;804486;34;-1881;294;440;-420;-62;-84;-559;-1367;33247
48;2427;804804;268;-2004;365;0;-11;-123;-71;-546;-1328;59518
48;2428;805137;64;-1749;-44;-235;81;-86;-95;-551;-1341;18634
48;2429;805484;208;-2308;313;147;73;-142;-61;-549;-1314;31954
48;2430;805806;146;-1723;154;106;-338;-149;-35;-549;-1354;22781
48;2431;806038;362;-2240;255;276;176;-15;-58;-545;-1326;65300
48;2432;806463;284;-1608;273;-73;-34;-16;-65;-557;-1370;24382
48;2433;806698;241;-2325;236;47;-73;31;-100;-560;-1376;17035
48;2434;806927;-6;-1791;509;48;-218;-293;-122;-547;-1376;61139
48;2435;807352;587;-2203;303;54;-129;-547;-57;-540;-1352;831
48;2436;807815;440;-1948;195;18;-117;304;46;-545;-1331;14414
48;2437;808136;-88;-2299;458;376;-126;153;20;-539;-1333;47644
48;2438;808460;496;-1857;271;-113;79;30;-47;-539;-1298;3958
48;2439;808687;123;-2481;130;-91;296;357;-52;-527;-1283;8219
48;2440;808927;455;-1522;15;-88;79;-192;-44;-537;-1321;6621
48;2441;809352;246;-2594;177;-254;-81;541;-26;-546;-1331;33526
48;2442;809584;328;-1835;222;-207;27;56;-31;-540;-1340;50593
48;2443;809925;683;-2116;301;-90;67;-159;-39;-560;-1343;44684
48;2444;810476;373;-2225;132;-30;-80;-116;-18;-548;-1329;60763
48;2445;810793;-68;-2054;383;67;-180;75;-32;-524;-1327;3675
48;2446;811135;497;-2206;184;-96;103;-151;-48;-537;-1298;12510
48;2447;811470;95;-1855;36;-54;-32;-204;-14;-534;-1312;48137
48;2448;811791;566;-2078;22;115;38;70;34;-536;-1294;52617
48;2449;812148;97;-1956;22;-274;-311;-108;3;-528;-1283;46964
48;2450;812468;408;-2180;235;133;19;-170;-23;-524;-1255;58866
48;2451;812786;125;-1681;130;-31;-191;-53;25;-527;-1306;45444
48;2452;813119;575;-2160;0;174;-177;48;8;-528;-1278;43879
48;2453;813472;43;-2073;247;3;-259;33;-45;-540;-1310;53012
48;2454;813790;374;-2309;329;136;-80;-80;-44;-543;-1310;30269
48;2455;814018;232;-2139;209;-17;-189;-81;-15;-539;-1298;24253
48;2456;814466;271;-2328;227;15;237;-51;25;-534;-1338;34884
48;2457;814803;140;-1790;184;-92;113;103;20;-523;-1322;41144
48;2458;815121;10;-2313;259;124;56;-17;2;-535;-1319;44696
48;2459;815466;73;-1637;70;-279;-1234;-25;43;-525;-1328;7702
48;2460;815693;219;-2067;193;197;-485;68;26;-527;-1294;39244
48;2461;816015;384;-1611;135;360;-367;-239;-45;-523;-1307;60287
48;2462;816335;361;-1868;467;160;-250;-60;-47;-534;-1316;25555
48;2463;816586;733;-2116;142;-215;290;169;-59;-535;-1308;27883
48;2464;816904;356;-1737;55;-63;-17;-186;-67;-545;-1308;63174
48;2465;817458;-22;-1877;211;-167;4;-46;-80;-549;-1346;9692
48;2466;817694;272;-1999;267;-137;-20;36;-93;-550;-1325;6697
48;2467;818012;-226;-2274;-75;-140;13;-140;-94;-537;-1276;32618
48;2468;818457;67;-2138;55;-85;-191;-253;-98;-540;-1316;22613
48;2469;818798;183;-1879;134;-91;-51;-17;-98;-549;-1310;1234
48;2470;819116;288;-2021;218;-56;-64;-8;-106;-546;-1306;46772
48;2471;819455;-462;-2191;-87;-302;79;-249;-92;-548;-1282;56798
48;2472;819772;145;-1880;34;76;8;46;-111;-536;-1288;36843
48;2473;820011;159;-2345;147;93;-264;-267;-131;-536;-1303;914
48;2474;820346;70;-1912;176;92;91;-23;-141;-537;-1310;39616
48;2475;820664;181;-2163;178;-4;-11;-407;-121;-550;-1317;15131
48;2476;821135;-116;-1812;283;98;104;115;-63;-558;-1400;28686
48;2477;821454;93;-2023;164;-230;-461;150;-84;-541;-1316;36480
48;2478;821772;245;-2078;116;23;-166;-38;-141;-546;-1307;26120
48;2479;822000;131;-1990;197;43;-11;-117;-154;-539;-1329;47192
48;2480;822343;355;-1987;211;-86;-68;-180;-136;-545;-1327;23603
48;2481;822665;133;-2133;-46;-252;-58;-158;-97;-539;-1282;48066
48;2482;822893;80;-2271;88;-48;75;269;-67;-531;-1249;10902
48;2483;823448;342;-2018;3;-96;-388;-889;-142;-546;-1292;49530
48;2484;823785;-21;-2036;372;272;-537;56;-158;-540;-1332;32543
48;2485;824103;-94;-2102;205;1;-120;808;-217;-548;-1380;55949
48;2486;824449;-41;-1985;281;-52;-32;-21;-285;-550;-1427;16314
48;2487;824680;1;-2033;271;42;-187;62;-288;-556;-1432;3754
48;2488;824998;-157;-2170;233;-67;-221;-450;-302;-546;-1417;13989
48;2489;825466;-64;-2158;260;58;37;248;-300;-551;-1474;22548
48;2490;825787;99;-2037;263;-42;-99;-44;-307;-550;-1456;52358
48;2491;826105;-22;-1959;338;165;-93;37;-313;-533;-1492;13420
48;2492;826444;3;-1988;422;-5;-154;107;-316;-542;-1523;12928
48;2493;826680;24;-2045;386;-87;-303;-170;-336;-540;-1496;28923
48;2494;826998;-65;-2093;244;-20;-125;-12;-358;-532;-1503;20145
48;2495;827439;-73;-2014;397;33;-178;7;-357;-533;-1546;48562
48;2496;827779;-44;-1957;477;90;-10;0;-370;-533;-1579;23184
48;2497;828113;-49;-1958;486;19;243;116;-366;-519;-1586;10914
48;2498;828436;100;-2029;373;3;85;39;-356;-527;-1537;13899
48;2499;828780;-2;-2031;390;-46;74;-78;-370;-529;-1543;48751
48;2500;829012;-150;-2119;329;15;7;-99;-355;-530;-1520;21101
48;2501;829332;-15;-2018;429;16;115;70;-344;-541;-1514;45752
48;2502;829649;-27;-1991;481;88;-118;33;-359;-526;-1541;27734
48;2503;829901;-196;-2057;413;-23;-3;120;-387;-511;-1555;10350
48;2504;830436;-168;-1974;517;19;217;-114;-381;-519;-1504;24555
48;2505;830769;-236;-1894;540;43;48;3;-372;-518;-1513;41803
48;2506;831010;-133;-2044;459;53;120;-36;-378;-522;-1496;58923
48;2507;831330;-162;-1948;457;24;101;-24;-353;-542;-1472;14133
48;2508;831773;-135;-2049;411;-178;-203;-60;-347;-548;-1454;60236
48;2509;832117;-276;-1927;453;-102;-170;105;-330;-535;-1448;42410
48;2510;832436;-87;-2011;484;-9;-282;-161;-304;-548;-1463;3434
48;2511;832664;80;-2079;344;-1015;72;-143;-288;-545;-1449;4291
48;2512;832982;-9;-2060;290;-158;-19;-45;-276;-556;-1385;51350
48;2513;833446;153;-2015;177;50;32;-42;-240;-561;-1429;34106
48;2514;833767;186;-2033;317;10;67;-81;-230;-554;-1414;51978
48;2515;834086;79;-2151;272;30;-206;-13;-216;-549;-1397;31619
48;2516;834448;91;-2097;198;93;-25;-67;-223;-539;-1389;40797
48;2517;834765;143;-2009;191;126;-64;25;-211;-544;-1395;55888
48;2518;835083;136;-2033;286;37;6;-50;-228;-551;-1417;63726
48;2519;835442;244;-2032;268;-61;-29;-10;-229;-541;-1412;65126
48;2520;835760;124;-2135;280;74;-153;-10;-230;-545;-1415;1049
48;2521;836423;125;-1958;179;5;-103;59;-235;-548;-1410;18481
48;2522;836666;58;-2143;235;12;-86;86;-236;-544;-1400;33858
48;2523;837006;35;-2066;130;62;-42;-91;-261;-545;-1386;63260
48;2524;837326;124;-2062;196;29;11;-125;-242;-556;-1395;31859
48;2525;837774;188;-2069;215;39;60;-69;-213;-557;-1397;24578
48;2526;838002;218;-2070;120;5;21;92;-204;-549;-1389;60652
48;2527;838427;195;-1995;147;-155;-149;112;-215;-552;-1368;1370
48;2528;838783;230;-1948;119;107;-109;-9;-232;-547;-1358;27159
48;2529;839102;205;-2073;108;-67;135;-71;-223;-539;-1353;36748
48;2530;839428;282;-2071;100;-107;272;-118;-204;-552;-1342;30376
48;2531;839663;248;-2080;-79;-191;249;230;-179;-531;-1295;60752
48;2532;839906;-39;-2174;-10;-98;-43;256;-201;-529;-1279;23410
48;2533;840331;30;-2026;32;53;-73;-81;-226;-534;-1280;65029
48;2534;840559;100;-2061;32;-67;106;-12;-226;-532;-1289;14006
48;2535;841006;125;-1991;-24;41;-158;-158;-192;-536;-1245;49777
48;2536;841451;147;-2074;-64;-8;-70;-12;-192;-524;-1234;7116
48;2537;841768;109;-2014;-99;113;-78;-11;-186;-523;-1245;23579
48;2538;842004;118;-2043;-100;0;-49;51;-193;-524;-1242;53826
48;2539;842451;129;-2037;-42;-17;43;16;-195;-531;-1245;60219
48;2540;842769;111;-1988;-49;87;-2;35;-189;-545;-1254;28046
48;2541;843111;130;-1999;-20;198;105;-29;-207;-533;-1254;14471
48;2542;843449;-56;-2100;-54;138;63;-7;-203;-527;-1246;16504
48;2543;843767;-52;-2145;108;193;207;-229;-190;-541;-1279;6559
48;2544;844100;47;-2020;89;-124;181;315;-166;-540;-1285;1536
48;2545;844444;43;-2051;213;-82;71;151;-154;-554;-1317;3412
48;2546;844766;-299;-2106;229;-11;912;-156;-130;-557;-1314;24069
48;2547;845103;-117;-1966;325;-264;-121;-212;-83;-562;-1299;59328
48;2548;845446;153;-2022;-110;290;-439;290;-82;-538;-1239;8288
48;2549;845764;-23;-1949;103;46;156;90;-113;-570;-1297;8004
48;2550;845992;-148;-2096;162;20;-171;127;-108;-562;-1293;21340
48;2551;846441;-51;-2094;136;36;-158;-66;-119;-569;-1269;54240
48;2552;846880;-39;-2066;141;-55;-37;6;-90;-573;-1281;39064
48;2553;847311;-5;-2041;111;-1;-38;-33;-72;-558;-1281;1737
48;2554;847549;-34;-2051;134;50;41;4;-79;-559;-1282;64338
48;2555;847777;-76;-2111;191;48;70;12;-84;-562;-1288;22954
48;2556;848099;-4;-2058;140;20;-1;2;-74;-560;-1292;13943
48;2557;848419;15;-2040;129;28;-57;24;-67;-566;-1290;5485
48;2558;848670;69;-2051;133;-10;-38;-35;-68;-568;-1295;15710
48;2559;848988;52;-2050;130;-36;-133;-54;-64;-565;-1297;22303
48;2560;849308;-98;-1858;159;-81;-1782;-135;-84;-564;-1296;42598
48;2561;849536;-1;-1982;230;54;90;10;-102;-577;-1304;62750
48;2562;849881;46;-2036;179;-26;-14;8;-116;-568;-1305;44223
48;2563;850428;33;-2003;268;71;82;132;-144;-573;-1309;40579
48;2564;850749;-35;-2112;244;158;-108;131;-196;-573;-1294;28157
48;2565;850989;-28;-2027;198;-23;-18;-132;-205;-580;-1335;20658
48;2566;851430;-216;-2121;312;1189;712;-545;-196;-574;-1365;53446
48;2567;851747;-167;-2158;209;-52;404;341;-141;-573;-1381;3502
48;2568;852105;-65;-1957;210;82;-60;-219;-70;-568;-1361;5968
48;2569;852429;194;-2021;257;-97;-175;-202;-49;-561;-1350;7249
48;2570;852750;113;-2056;143;-55;-174;104;-72;-558;-1332;60758
48;2571;853107;143;-1985;152;-6;33;-6;-71;-564;-1314;26402
48;2572;853431;285;-1950;247;18;-39;-87;-67;-554;-1323;23865
48;2573;853749;297;-1980;268;-86;733;-260;-50;-560;-1312;42034
48;2574;853977;330;-2049;154;4;389;-15;-49;-552;-1312;25405
48;2575;854425;359;-2068;208;89;-266;-367;6;-550;-1334;60312
48;2576;854758;289;-2402;-106;-10;52;587;-3;-543;-1286;51438
48;2577;855076;217;-1936;83;241;-142;278;14;-553;-1330;57063
48;2578;855428;-243;-1887;217;66;-16;-60;8;-538;-1329;2635
48;2579;855761;205;-2018;315;55;45;324;-57;-563;-1333;23594
48;2580;856079;-253;-2094;137;-111;208;60;-30;-549;-1331;49192
48;2581;856426;-35;-2043;163;28;-335;-26;-75;-555;-1335;51571
48;2582;856654;-323;-2453;317;-39;-169;-93;-57;-553;-1301;63843
48;2583;856972;10;-1847;273;-65;-234;-65;-22;-545;-1307;53366
48;2584;857412;-69;-2168;52;2;-1;118;-50;-546;-1297;62164
48;2585;857648;-88;-2144;32;-96;-45;147;-68;-565;-1309;8469
48;2586;857970;346;-2146;-63;-109;-82;-235;-95;-554;-1315;49055
48;2587;858414;184;-1949;223;44;-53;186;-105;-557;-1296;62313
48;2588;858755;-16;-2729;-199;-293;168;347;-115;-547;-1287;15226
48;2589;859078;-182;-1847;-31;174;299;66;-88;-561;-1308;58098
48;2590;859418;283;-1987;182;-281;2;-529;-90;-568;-1325;6305
48;2591;859758;-2;-2055;474;-338;255;408;-20;-570;-1340;21551
48;2592;860306;-184;-2614;82;-130;-6;-464;-68;-571;-1326;6167
48;2593;860623;29;-1739;278;-66;-28;364;-46;-568;-1375;63814
48;2594;860863;171;-2118;219;25;-359;-349;-71;-576;-1368;58753
48;2595;861091;-134;-1875;373;258;-277;-343;-33;-576;-1382;43489
48;2596;861410;135;-2051;438;34;-107;102;-67;-582;-1398;41049
48;2597;861732;207;-2240;338;62;-59;-181;-67;-579;-1385;5681
48;2598;861984;-7;-1971;237;306;408;-175;-61;-579;-1384;28490
48;2599;862303;-9;-1972;273;59;361;341;4;-570;-1421;50330
48;2600;862621;-158;-2491;98;-166;19;-268;-12;-566;-1354;52651
48;2601;862849;-79;-1939;343;-468;59;-30;34;-555;-1391;583
48;2602;863304;72;-1952;681;177;-50;442;-35;-561;-1430;18727
48;2603;863743;-37;-2031;108;-75;-175;166;-94;-562;-1361;46419
48;2604;864061;-25;-2274;61;-429;-170;-204;-85;-558;-1337;11067
48;2605;864408;-63;-1906;305;237;-13;71;-87;-550;-1330;26690
48;2606;864640;294;-2096;383;48;16;-137;-92;-566;-1343;56046
48;2607;864958;-156;-1906;266;53;336;-2;-53;-561;-1336;19131
48;2608;865422;-59;-2623;113;-370;178;72;-64;-562;-1342;43061
48;2609;865739;-92;-1896;409;133;184;-48;-37;-569;-1341;27062
48;2610;866062;-186;-2158;287;-63;81;51;-11;-562;-1370;10655
48;2611;866421;-350;-2163;139;-244;-25;157;-13;-556;-1345;50030
48;2612;866739;134;-1994;124;-28;-462;98;-12;-554;-1309;34232
48;2613;867061;-79;-1942;149;152;-319;40;-75;-565;-1332;20294
48;2614;867400;-39;-1939;356;-102;299;168;-92;-564;-1351;45344
48;2615;867636;164;-2120;296;-45;307;-89;-79;-573;-1312;18888
48;2616;867953;-234;-2159;-48;53;-132;219;-21;-573;-1330;1539
48;2617;868288;-21;-2120;104;138;-501;-46;42;-577;-1486;52521
48;2618;868740;-133;-1840;292;8;149;141;54;-573;-1429;6525
48;2619;869073;-662;-2120;419;-62;-1041;-97;60;-577;-1405;61406
48;2620;869397;-26;-1988;182;274;55;189;-6;-561;-1361;11248
48;2621;869738;-412;-2660;112;-315;-251;175;-21;-568;-1344;410
48;2622;869970;-92;-1936;212;-213;41;241;-47;-571;-1321;6594
48;2623;870395;284;-2103;403;143;121;-285;-58;-564;-1343;25222
48;2624;870728;414;-1785;82;52;-131;-4;-24;-573;-1365;45619
48;2625;870968;58;-2116;109;-66;-279;-58;-31;-575;-1335;39389
48;2626;871292;96;-1716;294;136;-63;-35;-51;-578;-1330;56920
48;2627;871731;-16;-2215;220;-32;-105;-101;-29;-576;-1351;22124
48;2628;872073;-48;-1789;173;277;-324;60;24;-566;-1341;44986
48;2629;872392;121;-2150;69;-141;-274;-7;23;-574;-1314;58008
48;2630;872624;-54;-2606;23;-220;-133;163;12;-566;-1313;61601
48;2631;872942;124;-1721;294;-63;167;-82;8;-559;-1333;31888
48;2632;873285;388;-2136;420;232;151;-307;37;-562;-1348;31227
48;2633;873517;-30;-2000;-32;315;-74;119;41;-558;-1329;30255
48;2634;873834;234;-2051;106;108;-112;-74;28;-572;-1341;41261
48;2635;874410;345;-1825;202;178;135;31;33;-567;-1309;20949
48;2636;874727;125;-2449;-113;-100;-172;115;49;-575;-1298;61303
48;2637;875045;133;-1823;-16;128;-166;84;32;-565;-1335;19423
48;2638;875406;-172;-2710;123;-82;-98;-9;39;-565;-1307;58843
48;2639;875728;171;-1958;102;50;96;214;27;-560;-1309;42673
48;2640;876061;-200;-2334;-1;-421;-308;358;25;-578;-1316;43273
48;2641;876408;-13;-1967;21;221;-167;-65;22;-568;-1334;44208
48;2642;876726;-158;-2393;333;135;-137;-63;45;-559;-1298;40065
48;2643;876954;83;-1920;90;75;-118;-25;16;-578;-1274;9685
48;2644;877273;411;-2223;288;289;-22;-55;5;-580;-1314;51447
48;2645;877509;-170;-2107;197;133;-11;112;-26;-581;-1332;64089
48;2646;877949;257;-2032;300;-18;-97;58;-14;-587;-1351;64372
48;2647;878381;233;-1902;298;117;4;-67;-36;-589;-1337;20305
48;2648;878738;-140;-2687;18;-369;-359;84;-14;-593;-1340;58381
48;2649;879060;75;-1871;192;28;-37;43;4;-592;-1370;65083
48;2650;879379;-44;-2524;350;-48;-162;118;-8;-606;-1382;64174
48;2651;879736;240;-1895;384;-24;132;-44;-28;-596;-1386;13474
48;2652;880054;243;-2021;469;115;23;-76;3;-612;-1369;32677
48;2653;880377;54;-1978;347;37;106;28;21;-609;-1386;12467
48;2654;880605;159;-2021;268;-41;-158;67;22;-610;-1368;45763
48;2655;880946;173;-1993;330;-15;-138;-108;-3;-597;-1368;55349
48;2656;881391;209;-2052;305;-9;206;-16;-85;-594;-1400;38375
48;2657;881712;278;-2355;218;-469;680;7;-30;-584;-1351;51586
48;2658;881949;91;-2020;266;53;221;14;24;-556;-1433;2476
48;2659;882394;416;-1900;256;-302;552;-127;-60;-582;-1405;52398
48;2660;882712;60;-1848;155;-17;79;102;35;-597;-1330;32378
48;2661;883053;1;-1912;579;-44;192;63;29;-601;-1358;16331
48;2662;883388;257;-2361;-87;354;224;38;10;-606;-1282;8825
48;2663;883706;120;-1946;-53;-201;-286;190;41;-594;-1256;12190
48;2664;884043;31;-2042;321;203;284;582;2;-597;-1318;59083
48;2665;884390;-245;-3220;-939;1572;-627;-670;-75;-577;-1272;51028
48;2666;884708;336;-2121;236;-721;80;548;-59;-603;-1366;51512
48;2667;885042;-69;-2108;-66;-540;-685;254;-169;-574;-1191;64288
48;2668;885385;-378;-1923;-276;231;21;13;-257;-537;-1133;16614
48;2669;885703;-348;-2002;-113;93;55;-47;-290;-544;-1153;38581
48;2670;885931;-302;-2046;-151;17;-84;-35;-296;-526;-1155;33160
48;2671;886387;-313;-1936;-86;156;488;-43;-289;-535;-1158;26133
48;2672;886831;-136;-2056;-116;117;-464;-41;-249;-535;-1183;16059
48;2673;887259;84;-2066;234;-247;-240;-186;-190;-575;-1252;47171
48;2674;887496;-219;-2077;219;-153;323;-282;-213;-574;-1274;891
48;2675;887723;3;-1875;293;393;-596;84;-241;-568;-1319;38246
48;2676;888042;-310;-2241;108;-23;32;-91;-272;-574;-1322;35600
48;2677;888361;-199;-1901;569;70;497;212;-240;-569;-1342;23777
48;2678;888614;292;-2025;60;-17;9;-202;-305;-573;-1288;6593
48;2679;888932;-60;-2037;113;-100;-217;-149;-185;-576;-1266;60176
48;2680;889258;77;-2012;48;384;-84;1;-178;-566;-1254;33278
48;2681;889490;177;-2107;32;-318;-274;-185;-192;-576;-1265;23132
48;2682;889842;33;-1991;145;-120;-8;81;-156;-592;-1289;54151
48;2683;890389;118;-2046;-79;-77;-82;-21;-142;-572;-1225;60384
48;2684;890707;238;-2036;-219;13;-9;95;-137;-564;-1189;19363
48;2685;890943;141;-2043;-145;27;53;45;-128;-555;-1216;54335
48;2686;891384;142;-2189;-39;-229;-131;58;-102;-559;-1208;32563
48;2687;891701;162;-1995;15;130;100;-36;-75;-552;-1195;27043
48;2688;892058;536;-2169;-88;-175;227;-30;-61;-558;-1208;13686
48;2689;892387;-14;-1991;-115;151;246;63;-36;-555;-1215;59959
48;2690;892705;335;-1971;-70;152;-172;-496;-27;-568;-1248;65100
48;2691;893062;229;-1933;-10;-122;31;66;28;-548;-1211;41797
48;2692;893382;273;-2022;47;-7;-123;-32;23;-561;-1217;26146
48;2693;893700;35;-2075;-106;-164;318;9;54;-542;-1200;399
48;2694;893932;196;-1924;-78;93;-2;-49;40;-544;-1202;34101
48;2695;894380;104;-1929;103;565;163;-414;44;-549;-1198;34818
48;2696;894714;245;-1951;-46;-162;118;38;34;-547;-1190;63913
48;2697;895038;235;-2206;-131;-36;-23;132;52;-542;-1220;12759
48;2698;895381;187;-1933;-7;-49;42;2;69;-544;-1225;10087
48;2699;895714;609;-1792;-109;-43;-43;7;84;-544;-1214;35859
48;2700;896032;315;-1789;-52;-143;-186;29;75;-537;-1214;60619
48;2701;896377;731;-2046;24;-3;160;-55;93;-518;-1231;16734
48;2702;896605;283;-1751;-39;508;130;-130;97;-513;-1214;43393
48;2703;896923;318;-2328;-96;-72;-99;-120;110;-519;-1237;24451
48;2704;897367;312;-1809;-33;26;-114;62;78;-531;-1208;12742
48;2705;897608;561;-2431;-90;111;-10;-297;67;-522;-1212;34182
48;2706;897930;332;-1757;31;-53;223;19;90;-525;-1232;35444
48;2707;898370;-13;-2785;-14;-402;68;294;113;-533;-1228;42140
48;2708;898711;409;-1885;47;2;-50;-51;81;-539;-1238;3947
48;2709;899030;220;-2344;-306;-100;-319;195;102;-522;-1216;42012
48;2710;899365;224;-1879;-22;44;-102;93;95;-533;-1238;12403
48;2711;899706;-81;-2656;102;17;122;-40;90;-545;-1218;426
48;2712;900257;850;-2345;-21;-34;152;-351;83;-535;-1217;36516
48;2713;900574;379;-1694;-26;-101;253;-110;82;-531;-1249;26162
48;2714;900814;530;-2147;-118;32;-68;11;115;-541;-1261;30050
48;2715;901042;129;-2139;96;241;-83;56;118;-536;-1243;451
48;2716;901361;460;-1941;-81;102;-105;-54;69;-547;-1234;15853
48;2717;901679;52;-2572;-133;-68;177;15;65;-555;-1244;5228
48;2718;901933;228;-1701;72;212;80;-53;68;-538;-1253;29770
48;2719;902253;630;-1908;-155;47;-283;355;73;-553;-1264;20090
48;2720;902571;310;-1815;-110;-173;-45;44;35;-551;-1217;65232
48;2721;902802;271;-2232;7;-65;-43;-142;37;-565;-1226;45846
48;2722;903259;283;-1754;-36;27;-197;51;72;-563;-1293;47594
48;2723;903699;60;-1773;65;88;216;-202;86;-571;-1251;38076
48;2724;904017;344;-1965;-3;47;129;-146;65;-541;-1235;21582
48;2725;904360;-41;-2472;-212;-176;-25;191;102;-535;-1216;10187
48;2726;904587;224;-1816;-8;-45;94;-28;105;-532;-1249;38068
48;2727;904906;429;-2369;-30;181;-203;-170;94;-541;-1243;21178
48;2728;905373;384;-1845;-93;247;-213;50;112;-536;-1239;59637
48;2729;905694;142;-2492;-102;-141;-217;415;98;-534;-1228;23363
48;2730;906012;372;-1760;-59;63;-213;24;97;-524;-1236;36597
48;2731;906375;222;-2405;-167;-167;-105;136;84;-524;-1219;9132
48;2732;906692;521;-1725;-68;-93;-64;62;92;-514;-1225;55632
48;2733;907011;50;-2621;-212;32;-70;583;115;-519;-1214;23447
48;2734;907346;303;-1965;-145;162;-294;51;97;-528;-1251;58087
48;2735;907581;625;-2058;-185;182;-121;-89;92;-517;-1241;14064
48;2736;907899;406;-1691;85;44;-221;-53;86;-527;-1229;61138
48;2737;908241;102;-2370;-224;-305;60;150;83;-498;-1181;58368
48;2738;908689;453;-2088;-81;-47;-187;-58;89;-531;-1241;14421
48;2739;909026;253;-1849;15;3;-199;119;67;-539;-1227;2960
48;2740;909346;275;-2363;35;181;-247;-33;47;-531;-1232;1323
48;2741;909690;304;-1723;111;-24;146;-41;34;-551;-1273;9620
48;2742;909918;394;-2005;-14;-100;-206;34;57;-557;-1294;22473
48;2743;910342;202;-2016;64;-53;-33;40;47;-545;-1243;26421
48;2744;910680;265;-2181;43;-35;54;-243;35;-524;-1254;39917
48;2745;910917;-85;-2070;73;258;112;-139;45;-521;-1226;16387
48;2746;911342;280;-2232;45;-130;-602;-321;59;-544;-1261;53415
48;2747;911679;280;-1770;244;467;-328;-36;7;-553;-1248;10838
48;2748;912020;500;-2216;-179;-92;28;-115;-13;-552;-1253;33445
48;2749;912340;324;-2092;-261;-112;9;205;33;-547;-1252;36795
48;2750;912568;579;-2154;-4;-278;672;169;27;-549;-1246;62543
48;2751;912886;314;-1900;262;135;69;126;96;-531;-1265;14485
48;2752;913233;523;-2171;80;-268;16;-98;88;-542;-1278;40643
48;2753;913465;-50;-2123;-34;24;-37;122;92;-535;-1279;48510
48;2754;913782;299;-1984;-11;-62;-126;-104;116;-538;-1318;10351
48;2755;914578;775;-2078;-50;21;-34;-466;82;-536;-1255;35998
48;2756;914899;401;-1781;-114;51;493;61;102;-549;-1265;12438
48;2757;915233;442;-2191;-78;213;117;-294;82;-548;-1279;60807
48;2758;915576;320;-1775;89;242;-57;-98;104;-536;-1267;44129
48;2759;915894;475;-2074;138;99;75;-123;105;-539;-1299;11978
48;2760;916228;296;-1684;72;-18;172;18;138;-547;-1315;51674
48;2761;916575;435;-2297;205;308;-249;-217;131;-544;-1334;31320
48;2762;916893;205;-1944;93;-258;-80;67;139;-533;-1290;53379
48;2763;917121;449;-2004;103;-24;125;-117;120;-537;-1279;55986
48;2764;917550;-82;-2107;61;125;-78;225;169;-525;-1295;23464
48;2765;917790;406;-1972;20;38;-212;105;143;-546;-1310;35398
48;2766;918018;531;-1937;147;140;-147;-181;131;-536;-1327;25508
48;2767;918443;477;-1926;102;-87;44;68;155;-538;-1284;58627
48;2768;918910;15;-2113;-58;-91;-105;67;148;-541;-1266;40284
48;2769;919228;311;-2076;16;-75;-157;40;127;-554;-1270;35526
48;2770;919551;182;-2181;83;349;-104;-316;105;-551;-1250;50574
48;2771;919778;306;-1705;83;-73;-210;-70;86;-534;-1249;39830
48;2772;920017;341;-2296;-41;37;25;-146;91;-531;-1204;44554
48;2773;920442;222;-1853;-70;218;-142;63;105;-540;-1237;2263
48;2774;920670;521;-2324;-93;211;-24;-130;112;-544;-1236;56257
48;2775;921011;289;-1656;40;76;-57;-140;94;-545;-1247;59308
48;2776;921566;170;-1808;30;187;277;-32;143;-542;-1257;21258
48;2777;921883;388;-2108;-56;1;-187;-46;163;-537;-1264;60247
48;2778;922226;267;-1784;65;-169;-260;134;120;-556;-1266;52842
48;2779;922560;441;-2191;-15;124;-105;-148;119;-574;-1244;62500
48;2780;922879;255;-1531;160;161;285;-156;116;-551;-1268;60403
48;2781;923239;407;-2464;-16;335;-280;-269;119;-567;-1264;65400
48;2782;923558;233;-1642;5;147;-208;-113;86;-556;-1264;49312
48;2783;923876;848;-1962;-162;-171;251;-420;98;-538;-1267;42002
48;2784;924213;381;-1682;26;183;-214;93;113;-538;-1290;26615
48;2785;924556;52;-2406;-27;-573;-406;297;116;-541;-1297;60995
48;2786;924874;325;-1728;56;101;-202;23;92;-529;-1268;7753
48;2787;925102;1112;-2074;-111;-263;272;-160;105;-532;-1265;13271
48;2788;925556;321;-2030;25;-20;-170;-85;121;-547;-1280;26612
48;2789;926000;330;-1455;47;-83;-131;-120;86;-535;-1258;10755
48;2790;926424;343;-2436;-311;-16;70;42;126;-532;-1234;48552
48;2791;926660;179;-1839;-62;142;43;-13;106;-529;-1260;65099
48;2792;926891;403;-2436;13;262;-178;-115;108;-552;-1280;50756
48;2793;927210;457;-1516;105;114;-101;-112;89;-557;-1279;882
48;2794;927529;896;-2138;-15;-69;22;-307;119;-557;-1263;5813
48;2795;927780;162;-1499;59;-77;288;74;125;-547;-1269;167
48;2796;928098;185;-2472;49;6;-180;-298;117;-549;-1264;15686
48;2797;928543;339;-1856;-34;155;-105;-9;82;-559;-1230;31655
48;2798;928778;432;-2455;-42;-145;267;390;99;-552;-1235;21124
48;2799;929100;306;-1639;83;0;-26;-35;101;-530;-1250;64469
48;2800;929546;234;-1890;-45;-139;-400;212;68;-562;-1198;10202
48;2801;929888;341;-2328;-38;129;-179;-137;75;-594;-1199;44522
48;2802;930206;284;-1711;-110;55;129;-58;70;-557;-1215;50473
48;2803;930540;586;-2096;127;263;-163;-365;78;-558;-1258;35505
48;2804;930858;392;-1744;28;-109;-98;-63;48;-558;-1230;12445
48;2805;931095;517;-1999;24;186;42;-171;50;-571;-1232;33317
48;2806;931437;152;-1658;16;194;31;-97;53;-548;-1256;29187
48;2807;931755;282;-2409;-33;80;-9;-320;75;-535;-1240;43607
48;2808;932222;375;-1932;-2;85;-262;-60;34;-548;-1220;56346
48;2809;932541;101;-2308;-189;-440;471;278;70;-545;-1208;6995
48;2810;932863;368;-1964;-79;105;-93;11;58;-539;-1234;25865
48;2811;933091;39;-2486;-99;-451;-654;511;64;-541;-1226;50978
48;2812;933434;224;-1943;-110;88;-182;113;17;-530;-1177;10018
48;2813;933752;-197;-2881;-337;95;41;304;35;-526;-1171;19291
48;2814;933984;224;-1537;-97;396;-57;-72;27;-520;-1202;4080
48;2815;934542;318;-1458;48;-105;-194;-64;15;-541;-1244;52320
48;2816;934875;102;-2470;13;-361;154;439;23;-542;-1251;20796
48;2817;935193;95;-1820;-154;151;-104;49;5;-532;-1251;17713
48;2818;935536;138;-2766;172;-158;265;236;62;-551;-1253;18168
48;2819;935763;303;-1687;-85;-117;-161;-14;-26;-549;-1228;2069
48;2820;936082;-514;-2930;-282;-307;-662;203;16;-532;-1202;17205
48;2821;936553;262;-2352;-89;20;-192;-18;41;-552;-1266;30124
48;2822;936874;69;-1609;158;-78;48;-22;30;-543;-1236;39544
48;2823;937196;380;-2246;67;117;54;-314;15;-560;-1244;59145
48;2824;937531;163;-1574;-53;-146;239;-66;63;-531;-1223;14682
48;2825;937767;442;-2042;-38;-13;76;-1;60;-562;-1225;19798
48;2826;938085;195;-1926;-18;-209;-254;240;69;-563;-1243;32611
48;2827;938525;-296;-2697;-165;-193;108;299;57;-528;-1206;37717
48;2828;938866;51;-1700;-40;435;-155;-40;63;-526;-1264;53385
48;2829;939200;-119;-2501;86;-200;226;114;68;-528;-1229;37563
48;2830;939519;250;-2087;15;60;170;-73;40;-523;-1252;57529
48;2831;939867;8;-2073;-123;95;24;-35;72;-516;-1257;22255
48;2832;940095;219;-1778;53;254;-278;4;103;-519;-1295;61704
48;2833;940414;68;-1904;363;208;174;51;87;-528;-1307;63284
48;2834;940736;246;-2139;-5;-207;23;17;28;-528;-1268;25757
48;2835;940988;-31;-2535;-298;-378;-185;59;44;-525;-1263;42478
48;2836;941519;453;-2086;178;-41;-248;205;83;-535;-1336;20239
48;2837;941852;389;-1432;156;46;-387;8;41;-529;-1288;50457
48;2838;942088;602;-2344;79;-138;-104;-286;35;-523;-1281;42362
48;2839;942418;193;-1406;86;-179;219;-183;42;-512;-1278;56435
48;2840;942858;-147;-2381;269;35;556;79;65;-512;-1251;57022
48;2841;943199;312;-1896;144;134;178;-181;-3;-528;-1227;65429
48;2842;943519;-203;-2003;-58;274;362;36;7;-508;-1220;62873
48;2843;943746;196;-1996;-26;266;-61;-185;19;-504;-1223;51478
48;2844;944064;30;-2596;44;26;158;4;68;-496;-1215;64515
48;2845;944529;773;-2063;-127;-37;119;-264;61;-491;-1240;26959
48;2846;944847;132;-1829;129;-109;169;-140;58;-487;-1268;35649
48;2847;945169;464;-1763;-84;-131;-721;236;72;-498;-1304;37331
48;2848;945533;329;-1960;153;208;54;-147;-19;-489;-1253;62316
48;2849;945850;12;-2445;-140;-363;336;380;40;-511;-1241;13811
48;2850;946168;180;-1976;119;238;-392;-82;-4;-521;-1290;56571
48;2851;946527;114;-2241;49;208;-128;-83;6;-548;-1297;37766
48;2852;946845;330;-1850;25;151;-79;-140;-73;-543;-1282;57921
48;2853;947395;235;-1749;9;110;126;-180;-20;-495;-1245;1605
48;2854;947633;7;-2453;0;-394;-297;432;-16;-507;-1239;17555
48;2855;947951;396;-1805;107;-123;-168;-71;-54;-521;-1270;30043
48;2856;948187;93;-2184;-51;-188;232;49;-43;-515;-1215;6382
48;2857;948507;-169;-2172;89;218;-68;107;-45;-490;-1202;62455
48;2858;948848;413;-1926;-109;-229;-432;25;-46;-505;-1225;4366
48;2859;949076;146;-1883;105;-203;-60;-36;-85;-497;-1264;26488
48;2860;949501;323;-2053;110;-38;174;-159;-76;-477;-1249;21603
48;2861;949857;26;-2018;-124;-153;261;96;-49;-468;-1183;53906
48;2862;950175;159;-2143;-126;5;-142;34;-81;-485;-1180;28517
48;2863;950499;50;-2069;-74;82;-241;-12;-56;-478;-1174;40505
48;2864;950836;282;-1999;-15;-87;-38;65;-65;-481;-1197;21881
48;2865;951072;135;-2143;-10;12;-37;62;-63;-472;-1193;23744
48;2866;951497;154;-2030;-65;61;-54;26;-59;-478;-1204;15567
48;2867;951724;142;-2026;-69;79;16;67;-86;-479;-1196;21781
48;2868;952068;174;-2050;54;160;37;-218;-76;-495;-1206;8236
48;2869;952387;214;-2017;-66;-66;-304;-115;-50;-490;-1202;35341
48;2870;952615;244;-2122;-147;-50;-73;32;-54;-486;-1195;24527
48;2871;952936;231;-2085;-100;24;58;-45;-55;-484;-1172;42294
48;2872;953511;242;-2063;-65;-34;73;14;-36;-486;-1175;28235
48;2873;953832;246;-2044;-53;34;-7;-25;-15;-485;-1200;34767
48;2874;954150;240;-2031;-34;-44;24;18;1;-481;-1205;52711
48;2875;954508;241;-2085;-90;-23;-54;6;-11;-489;-1208;13635
48;2876;954826;204;-2002;-46;10;177;83;-21;-486;-1213;53475
48;2877;955160;146;-2046;38;-34;-75;-6;-27;-473;-1197;35926
48;2878;955507;142;-1997;1;88;-35;54;-25;-477;-1213;48310
48;2879;955825;228;-2067;-33;7;-100;28;-28;-496;-1214;51063
48;2880;956162;183;-2019;-21;-35;-66;-5;-11;-494;-1214;59773
48;2881;956508;139;-2071;-69;-2;-54;-15;-19;-478;-1191;60272
48;2882;956826;183;-2024;-67;33;-26;-6;-19;-487;-1196;51628
48;2883;957054;177;-2065;-13;47;-39;-22;-33;-487;-1206;32082
48;2884;957479;119;-2129;-109;-89;36;-47;-38;-481;-1171;1373
48;2885;957715;161;-2135;14;90;-182;103;-17;-499;-1209;49599
48;2886;957943;246;-2064;-2;29;-195;-37;-44;-523;-1191;29135
48;2887;958482;220;-2048;-24;88;-44;6;-55;-543;-1204;5543
48;2888;958840;168;-2041;-47;-62;-26;11;-64;-515;-1175;33177
48;2889;959157;131;-2079;-79;-15;-25;12;-67;-486;-1169;5406
48;2890;959481;128;-2074;-108;-28;-7;-16;-72;-497;-1153;19707
48;2891;959708;139;-2065;-109;-31;-40;12;-70;-487;-1159;22156
48;2892;959948;162;-1974;-92;42;64;-79;-67;-496;-1159;18620
48;2893;960374;188;-2033;-81;7;142;20;-58;-505;-1152;14277
48;2894;960601;174;-2009;-102;43;-31;50;-53;-491;-1156;63748
48;2895;960946;134;-2069;-77;57;-48;44;-69;-498;-1169;62260
48;2896;961494;137;-2028;-67;-7;-53;-6;-86;-493;-1180;2125
48;2897;961811;156;-2056;-83;-11;-104;-28;-80;-486;-1149;31350
48;2898;962156;139;-2058;-134;42;-32;24;-89;-495;-1169;1674
48;2899;962491;115;-2042;-103;-35;4;42;-82;-488;-1164;41780
48;2900;962809;86;-2055;-111;-3;-33;-19;-79;-476;-1137;47295
48;2901;963166;59;-2072;-125;35;-35;-13;-87;-486;-1128;9808
48;2902;963490;138;-2032;-130;15;2;-21;-90;-469;-1148;17643
48;2903;963811;104;-2049;-158;3;-4;-2;-87;-470;-1152;32051
48;2904;964145;77;-2048;-120;-7;-9;10;-88;-469;-1144;102
48;2905;964492;87;-2024;-163;-24;-11;-22;-104;-470;-1147;63226
48;2906;964809;55;-2078;-121;-22;-25;18;-98;-456;-1153;3480
48;2907;965041;93;-2047;-168;-5;-8;0;-107;-463;-1150;63938
48;2908;965489;106;-2016;-132;5;-28;-10;-88;-476;-1156;48086
48;2909;965823;99;-2030;-131;10;-39;-12;-88;-461;-1157;64888
48;2910;966141;104;-2042;-139;13;-37;-10;-87;-467;-1151;40959
48;2911;966488;76;-2056;-118;8;-14;-4;-87;-476;-1168;36750
48;2912;966716;97;-2034;-153;-10;-34;16;-87;-469;-1158;29831
48;2913;967034;78;-2077;-149;-21;-6;11;-93;-465;-1152;37917
48;2914;967354;97;-2052;-121;-25;-26;2;-90;-472;-1166;52811
48;2915;967609;89;-2051;-154;-2;-35;-2;-87;-466;-1150;12112
48;2916;967930;86;-2062;-138;-6;-43;15;-88;-464;-1149;22880
48;2917;968477;81;-2049;-149;-11;-1;4;-85;-462;-1166;7445
48;2918;968715;80;-2033;-131;15;-25;1;-93;-466;-1146;23180
48;2919;969033;73;-2042;-143;-26;-38;-2;-94;-459;-1156;64070
48;2920;969474;91;-2059;-147;-5;-20;-2;-92;-466;-1170;50242
48;2921;969815;90;-2072;-152;-16;-22;-28;-87;-454;-1162;57415
48;2922;970133;97;-2022;-135;16;-28;-10;-81;-454;-1172;10089
48;2923;970472;122;-2042;-142;0;-5;-37;-77;-457;-1175;12482
48;2924;970793;124;-2059;-124;-4;20;10;-73;-459;-1180;60840
48;2925;971029;150;-2034;-131;13;-32;18;-64;-458;-1168;19843
48;2926;971478;124;-2061;-97;82;-17;11;-66;-461;-1177;62242
48;2927;971796;105;-2066;-104;36;-77;5;-69;-467;-1183;29705
48;2928;972153;106;-2069;-108;7;5;15;-71;-462;-1188;41653
48;2929;972472;99;-2051;-75;-2;-34;-13;-79;-462;-1194;7391
48;2930;972790;92;-2067;-111;13;-40;-18;-72;-454;-1194;25877
48;2931;973018;106;-2064;-71;18;7;-9;-71;-477;-1198;38200
48;2932;973364;110;-2082;-101;47;-66;26;-71;-460;-1189;24343
48;2933;973682;154;-2005;-63;51;39;-24;-70;-473;-1193;3549
48;2934;973914;106;-2055;-40;37;21;-37;-61;-473;-1204;36802
48;2935;974469;115;-2102;-61;-46;-80;53;-47;-471;-1201;24947
48;2936;974807;112;-2076;-67;-72;-43;12;-69;-467;-1191;45028
48;2937;975125;105;-2052;-54;0;-34;-2;-66;-466;-1206;16016
48;2938;975470;95;-2057;-49;74;-48;2;-75;-481;-1208;25660
48;2939;975698;96;-2052;-46;1;-39;32;-74;-466;-1204;46596
48;2940;976016;94;-2059;-41;14;-42;-10;-78;-469;-1208;26385
48;2941;976486;98;-2082;-55;-35;-61;-8;-75;-476;-1208;39096
48;2942;976803;93;-2086;-91;-35;-56;25;-79;-474;-1195;24594
48;2943;977122;102;-2052;-101;-24;37;19;-85;-475;-1200;30564
48;2944;977457;64;-2060;-109;-47;-48;-2;-87;-472;-1176;61676
48;2945;977695;86;-2032;-162;-1;-70;21;-76;-453;-1173;34614
48;2946;978012;93;-2071;-154;-39;-99;10;-88;-467;-1178;3553
48;2947;978453;73;-2062;-111;40;-228;-32;-118;-494;-1182;14794
48;2948;978794;72;-2046;-89;7;-72;32;-127;-480;-1180;12575
48;2949;979014;86;-2070;-101;-63;-12;17;-129;-481;-1168;26848
48;2950;979459;53;-2075;-169;-5;-35;17;-134;-475;-1143;32359
48;2951;979800;46;-2048;-177;-31;-36;2;-128;-470;-1137;24114
48;2952;980028;36;-2042;-190;16;-17;17;-132;-475;-1130;17580
48;2953;980347;50;-2025;-173;48;-63;-6;-138;-472;-1132;4817
48;2954;980666;27;-2032;-173;17;1;6;-139;-474;-1137;34392
48;2955;980917;12;-2054;-151;-13;-16;10;-139;-464;-1145;31138
48;2956;981453;30;-2047;-184;6;-29;7;-136;-472;-1138;37071
48;2957;981786;40;-2035;-174;16;1;-34;-138;-474;-1143;8805
48;2958;982029;41;-2297;-187;9;-46;27;-129;-469;-1120;44338
48;2959;982348;43;-2022;-180;2;-18;0;-129;-478;-1144;4438
48;2960;982792;23;-2081;-171;3;-9;5;-124;-472;-1145;50771
48;2961;983133;42;-2056;-181;-1;-30;-4;-112;-477;-1147;62200
48;2962;983453;51;-2013;-146;1;-11;-31;-116;-482;-1138;17637
48;2963;983680;50;-2071;-158;11;19;4;-105;-481;-1137;5263
48;2964;983999;118;-2041;-198;3;-27;-23;-109;-476;-1138;50814
48;2965;984466;52;-2061;-160;16;-22;1;-92;-474;-1128;6778
48;2966;984788;73;-2007;-150;11;-40;-22;-91;-478;-1130;51362
48;2967;985106;45;-2079;-160;41;-37;34;-96;-473;-1144;24728
48;2968;985465;62;-2064;-142;-15;-4;-10;-102;-475;-1163;64659
48;2969;985782;80;-2045;-138;14;-42;-34;-114;-475;-1160;63398
48;2970;986100;38;-2037;-120;-5;-19;3;-114;-495;-1160;46040
48;2971;986462;41;-2056;-133;-12;-21;-12;-109;-490;-1147;57201
48;2972;986784;28;-2066;-131;21;-18;-18;-113;-477;-1143;18548
48;2973;987334;53;-2056;-111;16;-7;0;-112;-489;-1146;9593
48;2974;987570;31;-2077;-124;-4;-22;21;-109;-497;-1163;37387
48;2975;987892;109;-2075;-203;4;90;-45;-98;-491;-1162;54831
48;2976;988120;29;-2055;-59;66;21;11;-91;-499;-1160;14998
48;2977;988440;36;-2061;-120;6;-83;18;-92;-488;-1168;65461
48;2978;988782;93;-2055;-156;75;22;1;-107;-508;-1173;4008
48;2979;989010;5;-2071;-97;-15;-64;-23;-93;-488;-1162;47879
48;2980;989435;26;-2054;-124;-11;-71;86;-94;-484;-1159;11356
48;2981;989794;-2;-2056;-115;-2;-16;-19;-105;-480;-1155;16418
48;2982;990112;33;-2027;-148;-21;16;25;-104;-495;-1164;12001
48;2983;990439;-53;-2054;-50;142;-81;-56;-103;-486;-1173;45305
48;2984;990772;2;-2101;-113;-14;-76;7;-83;-488;-1146;3314
48;2985;991009;102;-1987;-170;34;-36;-24;-94;-491;-1135;41248
48;2986;991433;68;-2031;-175;-42;-4;-28;-85;-461;-1122;48834
48;2987;991661;52;-2035;-208;-7;19;-24;-75;-464;-1128;30068
48;2988;992003;68;-2026;-196;-47;-33;-15;-71;-453;-1112;30168
48;2989;992329;39;-2038;-207;-7;-64;23;-71;-457;-1113;30578
48;2990;992557;37;-2075;-208;-11;-46;-32;-69;-449;-1112;57769
48;2991;992874;64;-2029;-215;-21;2;-39;-70;-452;-1117;61175
48;2992;993449;89;-2041;-224;-27;-26;23;-69;-457;-1114;33670
48;2993;993766;71;-2031;-203;14;-86;18;-71;-456;-1125;5269
48;2994;994084;50;-2033;-239;33;-21;-19;-79;-445;-1118;37714
48;2995;994447;52;-2013;-229;5;-58;5;-77;-438;-1112;53504
48;2996;994765;44;-2054;-243;-8;-28;-8;-81;-447;-1110;45603
48;2997;995102;57;-2080;-249;52;6;-2;-76;-448;-1115;56655
48;2998;995445;91;-2017;-194;73;-1;-66;-74;-459;-1132;57288
48;2999;995763;117;-2030;-218;13;-38;4;-64;-455;-1118;45693
48;3000;996100;97;-2025;-208;-2;-21;12;-60;-456;-1119;54318
48;3001;996444;123;-2001;-233;14;-26;-4;-65;-457;-1120;8367
48;3002;996762;90;-2030;-235;-3;-9;-4;-80;-467;-1119;64587
48;3003;996990;98;-2025;-210;38;0;-13;-85;-468;-1126;2009
48;3004;997419;175;-2017;-251;-35;9;-18;-69;-461;-1137;55830
48;3005;997658;67;-1994;-161;42;-39;-9;-71;-462;-1136;65219
48;3006;997886;225;-1808;-411;414;-437;-1016;-126;-460;-1090;24866
48;3007;998106;93;-2036;-269;371;183;-146;-84;-490;-1134;45205
48;3008;998425;213;-2061;-128;-12;-72;119;-26;-496;-1170;26011
48;3009;998793;206;-2035;-132;12;-32;52;-47;-505;-1162;58510
48;3010;999111;203;-2034;-141;34;-19;10;-47;-504;-1174;60222
48;3011;999430;91;-2077;-112;-101;2;49;-31;-500;-1163;51680
48;3012;999658;216;-2064;-137;-52;-103;49;-35;-496;-1146;56931
48;3013;999894;160;-2000;-151;-7;26;-38;-48;-509;-1153;2094
48;3014;1000323;152;-2108;-134;-55;-64;29;-43;-513;-1156;32462
48;3015;1000551;221;-2026;-196;30;88;-34;-46;-508;-1158;6850
48;3016;1000892;112;-2060;-32;28;-38;-12;-44;-493;-1197;27417
48;3017;1001443;209;-2007;-78;163;38;97;-39;-477;-1208;55381
48;3018;1001760;204;-2095;-12;100;-257;-8;-70;-475;-1252;45164
48;3019;1002105;42;-2066;98;-78;-269;75;-86;-485;-1258;28867
48;3020;1002440;-106;-2143;186;194;-201;52;-109;-484;-1283;21716
48;3021;1002762;113;-2034;93;115;-107;-8;-136;-489;-1295;60328
48;3022;1003120;102;-2166;113;-86;102;6;-137;-483;-1263;14744
48;3023;1003443;300;-1977;97;-195;264;-110;-106;-490;-1278;11360
48;3024;1003761;51;-2070;-7;-258;454;63;-28;-484;-1266;12454
48;3025;1004098;252;-2004;-82;-3;-15;197;-24;-483;-1281;26340
48;3026;1004442;-208;-2633;93;-390;-369;309;-23;-487;-1258;60571
48;3027;1004760;101;-2071;232;123;-116;-85;-80;-483;-1264;4156
48;3028;1004988;41;-2071;253;188;-235;-87;-110;-493;-1307;42934
48;3029;1005440;-86;-2272;74;-43;449;-109;-79;-490;-1273;53324
48;3030;1005774;252;-1830;165;-58;38;148;-37;-510;-1321;32398
48;3031;1006095;224;-1969;88;-42;-59;-166;-55;-513;-1304;42239
48;3032;1006438;18;-1960;150;-182;52;177;0;-495;-1271;23702
48;3033;1006670;163;-2044;88;136;48;-11;-32;-488;-1247;28923
48;3034;1006988;136;-2092;8;-162;-91;-67;-39;-499;-1257;4770
48;3035;1007308;488;-2342;-390;-2;43;-92;-29;-489;-1243;24908
48;3036;1007559;43;-2012;-301;352;-535;-280;-7;-475;-1186;30461
48;3037;1007877;-26;-2068;145;248;-432;-537;-19;-482;-1181;54142
48;3038;1008434;128;-2120;-155;94;160;-147;-78;-486;-1186;54550
48;3039;1008679;-52;-2145;-78;-94;463;145;-22;-489;-1200;13536
48;3040;1008997;49;-2089;-236;117;-552;8;-17;-481;-1201;32765
48;3041;1009446;202;-1841;76;-438;-261;234;-80;-466;-1139;60040
48;3042;1009789;243;-1996;-333;94;160;-98;-133;-464;-1131;29217
48;3043;1010106;-265;-2432;-280;197;-216;26;-89;-459;-1143;26048
48;3044;1010441;35;-1979;-416;73;148;151;-70;-445;-1115;30585
48;3045;1010763;291;-2233;-434;-69;-46;84;-79;-445;-1134;46438
48;3046;1010999;119;-1880;-289;-304;80;285;-79;-443;-1110;23182
48;3047;1011334;155;-2147;-309;72;-9;-32;-95;-450;-1118;41396
48;3048;1011652;-90;-1890;60;435;-200;-364;-66;-487;-1187;56294
48;3049;1012119;34;-2711;222;88;-723;415;43;-498;-1272;15328
48;3050;1012439;214;-1866;-14;-75;38;264;-34;-507;-1233;27378
48;3051;1012757;356;-2490;-337;-783;786;838;-19;-516;-1256;9513
48;3052;1012988;203;-1478;316;409;331;-134;-5;-526;-1310;8058
48;3053;1013335;231;-2310;470;334;-126;41;33;-533;-1368;54067
48;3054;1013654;180;-1664;24;244;411;10;26;-532;-1357;23336
48;3055;1013881;590;-1997;271;-128;-166;-23;35;-521;-1334;24577
48;3056;1014440;249;-2127;71;217;-454;118;70;-519;-1314;35885
48;3057;1014773;12;-2243;327;330;159;-272;53;-521;-1334;60214
48;3058;1015095;320;-2121;126;-78;121;-40;43;-514;-1298;4485
48;3059;1015438;-89;-1920;128;327;143;-185;37;-526;-1289;46002
48;3060;1015666;147;-2164;-78;124;-201;79;64;-509;-1293;47028
48;3061;1015988;-266;-2348;371;340;180;85;35;-527;-1288;17224
48;3062;1016451;135;-2591;-74;-164;199;341;15;-528;-1274;58559
48;3063;1016773;120;-1866;-90;206;-26;-130;43;-531;-1278;13124
48;3064;1017091;-277;-2505;352;225;340;253;61;-517;-1258;33964
48;3065;1017426;377;-2395;-138;-59;102;-226;54;-512;-1234;23729
48;3066;1017666;-319;-2426;-99;210;-46;252;96;-518;-1224;17461
48;3067;1017983;113;-2161;0;129;-303;-188;90;-510;-1279;18224
48;3068;1018424;425;-1731;-165;50;-418;-109;67;-505;-1201;34165
48;3069;1018769;-208;-2432;25;771;-101;177;119;-500;-1229;43736
48;3070;1019102;370;-2118;-95;182;-502;-98;130;-502;-1246;65452
48;3071;1019425;230;-1529;90;-68;-31;-199;87;-505;-1215;47559
48;3072;1019767;933;-2229;-292;-288;397;-43;58;-485;-1202;40873
48;3073;1019995;329;-1476;31;-458;476;74;87;-512;-1247;63975
48;3074;1020319;586;-2375;-197;69;108;-141;96;-491;-1209;31948
48;3075;1020637;337;-1581;125;-43;-196;26;99;-510;-1262;41557
48;3076;1020891;592;-2330;-36;-34;72;-320;78;-498;-1249;57674
48;3077;1021425;485;-2123;-132;-59;-175;-130;87;-509;-1270;2469
48;3078;1021759;219;-1731;105;-55;67;-34;81;-524;-1294;15234
48;3079;1021995;585;-2037;82;390;35;-71;81;-520;-1304;12130
48;3080;1022315;-64;-2071;248;81;181;163;72;-523;-1319;22391
48;3081;1022754;-72;-2702;193;-197;-631;660;116;-512;-1300;13942
48;3082;1023099;297;-2035;10;-80;-224;164;60;-502;-1236;43597
48;3083;1023419;-269;-2838;-77;532;28;28;78;-489;-1210;45868
48;3084;1023651;257;-1989;-8;353;-351;-94;100;-486;-1259;62562
48;3085;1023969;219;-1964;298;442;-138;173;93;-502;-1269;50018
48;3086;1024436;212;-2482;-94;-339;198;277;81;-487;-1275;12445
48;3087;1024754;284;-2019;-29;369;-126;-319;76;-504;-1274;38710
48;3088;1025072;47;-2258;297;203;192;187;86;-514;-1277;52984
48;3089;1025434;443;-2339;57;314;45;-127;59;-505;-1250;22811
48;3090;1025755;494;-1093;-12;649;-41;-456;45;-517;-1297;6814
48;3091;1026073;736;-2316;15;-446;-478;220;97;-525;-1297;50444
48;3092;1026434;570;-1718;177;-54;44;-43;88;-523;-1292;52957
48;3093;1026752;222;-2654;-191;122;636;317;59;-511;-1250;38661
48;3094;1027298;417;-2514;303;317;-56;-166;87;-514;-1277;62843
48;3095;1027534;405;-1603;-42;350;-737;-168;71;-507;-1250;24217
48;3096;1027852;378;-2490;-92;-360;11;115;11;-533;-1265;50476
48;3097;1028084;324;-1535;-135;-90;178;-173;-10;-520;-1253;34001
48;3098;1028403;-41;-2790;313;-449;-364;641;30;-524;-1237;102
48;3099;1028748;181;-2145;78;-213;-128;33;-49;-520;-1223;46459
48;3100;1028980;375;-2358;-170;-404;-221;167;-22;-511;-1196;52355
48;3101;1029405;448;-2118;-90;-238;-82;9;31;-504;-1219;10732
48;3102;1029762;122;-1926;60;-38;128;16;44;-485;-1220;13113
48;3103;1030080;592;-1915;-58;-129;-37;-8;32;-487;-1212;19102
48;3104;1030403;-27;-2036;-28;-27;38;144;10;-470;-1180;41527
48;3105;1030736;446;-2197;-59;-169;-146;69;19;-482;-1178;25626
48;3106;1030972;333;-1747;-5;63;-165;50;-26;-469;-1156;19997
48;3107;1031401;301;-2309;5;95;297;-221;-16;-478;-1210;2128
48;3108;1031632;133;-2083;-90;-61;81;6;33;-468;-1193;50854
48;3109;1031978;241;-2073;-110;-40;-202;99;51;-472;-1201;3958
48;3110;1032297;330;-2022;-28;160;-204;-72;37;-467;-1186;12465
48;3111;1032525;370;-2023;-149;48;-47;-59;13;-464;-1162;20055
48;3112;1032842;382;-1982;-172;21;1;21;24;-460;-1155;54867
48;3113;1033414;369;-2004;-192;9;-69;-16;44;-468;-1176;38450
48;3114;1033731;356;-2024;-182;-56;-16;11;39;-470;-1173;4250
48;3115;1034053;353;-1997;-161;-29;-4;29;39;-464;-1178;35707
48;3116;1034415;392;-1998;-217;11;76;-4;38;-469;-1175;12273
48;3117;1034733;349;-1870;-131;48;370;138;54;-458;-1185;61244
48;3118;1035066;148;-2194;-76;-11;438;383;80;-472;-1227;36754
48;3119;1035410;268;-2111;106;-77;-87;62;88;-487;-1262;279
48;3120;1035742;288;-1939;-52;15;-214;-43;83;-488;-1244;9722
48;3121;1035970;252;-2032;-73;58;132;28;78;-473;-1229;65429
48;3122;1036676;302;-2001;-89;-16;45;6;48;-475;-1206;36588
48;3123;1036904;273;-2081;-90;-13;28;-21;52;-475;-1210;61339
48;3124;1037335;356;-1984;-155;-58;51;39;76;-478;-1226;28151
48;3125;1037798;289;-2033;-51;93;-102;-211;56;-486;-1224;50893
48;3126;1038116;210;-2110;-83;63;4;100;56;-483;-1218;20096
48;3127;1038436;381;-1984;53;38;-67;63;55;-490;-1237;58401
48;3128;1038664;351;-2016;-67;163;43;-270;37;-486;-1246;59016
48;3129;1038900;389;-2136;-163;-224;497;-93;63;-480;-1231;56773
48;3130;1039325;267;-1880;-288;-36;676;26;187;-452;-1317;5471
48;3131;1039560;29;-2153;226;-92;677;52;211;-453;-1360;39664
48;3132;1040011;182;-2139;-109;-193;4;7;241;-463;-1374;54578
48;3133;1040452;203;-2231;-110;208;-113;-34;209;-466;-1354;43120
48;3134;1040769;212;-2057;18;98;-358;23;193;-464;-1337;43783
48;3135;1041111;193;-2036;-78;4;-439;73;169;-477;-1321;807
48;3136;1041449;173;-2077;-79;96;-746;-151;144;-478;-1298;36002
48;3137;1041767;312;-1820;-28;-48;-386;139;77;-478;-1255;35878
48;3138;1042125;182;-2037;-16;2;-154;87;12;-485;-1213;38118
48;3139;1042448;317;-2100;-235;-108;142;-141;-6;-489;-1235;37480
48;3140;1042770;223;-1827;-150;-130;278;202;42;-487;-1255;64873
48;3141;1043103;276;-2114;-186;65;-414;-286;21;-485;-1243;26197
48;3142;1043451;181;-1880;71;-96;-173;213;12;-480;-1245;3807
48;3143;1043769;302;-1977;68;96;56;-37;-9;-495;-1266;30796
48;3144;1043997;242;-2370;-5;-104;71;320;-5;-495;-1262;24854
48;3145;1044446;136;-2157;93;122;-49;92;38;-508;-1320;19680
48;3146;1044779;356;-2417;153;39;-103;236;64;-511;-1333;30414
48;3147;1045097;-34;-2011;66;-149;682;-122;73;-507;-1326;7025
48;3148;1045444;372;-2081;194;-204;324;-118;111;-522;-1380;29448
48;3149;1045675;313;-2236;75;-126;688;295;152;-500;-1363;60814
48;3150;1045994;426;-1856;140;292;347;226;192;-496;-1426;20879
48;3151;1046313;139;-2420;336;-383;-82;-178;215;-480;-1456;5065
48;3152;1046565;-12;-1640;152;273;-444;106;215;-487;-1400;43926
48;3153;1046882;211;-2002;66;73;-346;-91;161;-503;-1397;55855
48;3154;1047437;-6;-1844;58;-54;-419;-11;140;-513;-1407;43155
48;3155;1047676;-240;-2686;280;-463;329;174;136;-519;-1403;49755
48;3156;1047994;250;-1899;112;200;-159;-173;85;-525;-1368;30742
48;3157;1048439;222;-1928;78;25;34;-327;140;-495;-1313;21021
48;3158;1048780;218;-1982;-28;123;-428;188;152;-509;-1342;2742
48;3159;1049098;362;-2268;-59;-613;-206;735;124;-504;-1271;26933
48;3160;1049433;101;-1983;166;169;-110;-97;65;-504;-1292;28992
48;3161;1049751;366;-2199;-146;-103;-46;-245;80;-512;-1270;52743
48;3162;1049988;-244;-2126;255;369;-91;-81;123;-491;-1266;60895
48;3163;1050326;305;-2065;-60;36;-293;-25;131;-502;-1266;35469
48;3164;1050648;-153;-2484;102;266;-317;-14;126;-497;-1190;39678
48;3165;1051116;345;-2012;-69;56;46;57;33;-528;-1236;35879
48;3166;1051436;183;-2245;-6;126;80;133;67;-527;-1247;4699
48;3167;1051754;306;-1805;-18;-151;415;139;99;-510;-1292;8899
48;3168;1051982;236;-1985;32;-39;23;12;77;-530;-1336;44920
48;3169;1052329;417;-1771;226;303;-876;-415;65;-529;-1295;32753
48;3170;1052647;136;-1959;273;697;-1116;-263;-48;-564;-1354;31067
48;3171;1052878;354;-1864;139;-217;460;128;-56;-558;-1353;867
48;3172;1053433;-170;-1943;132;-4;-541;-651;-86;-557;-1304;15140
48;3173;1053770;92;-2355;-86;-282;-31;94;-121;-522;-1234;56334
48;3174;1054088;248;-1992;123;517;272;167;-115;-519;-1238;36542
48;3175;1054435;307;-1967;118;220;272;105;-105;-549;-1320;11594
48;3176;1054663;205;-2014;50;-200;168;-7;-85;-543;-1328;64593
48;3177;1054981;-145;-2062;134;-37;234;3;-64;-535;-1275;62009
48;3178;1055447;172;-2060;261;-25;-594;-10;-57;-550;-1343;7942
48;3179;1055764;165;-1980;209;-101;-104;-67;-122;-549;-1310;48262
48;3180;1056083;377;-2083;188;-2;125;-91;-124;-544;-1303;56197
48;3181;1056422;123;-2070;55;115;-77;76;-81;-538;-1285;12721
48;3182;1056658;287;-2033;32;12;25;-36;-80;-549;-1283;30697
48;3183;1056975;266;-1997;31;81;77;11;-91;-535;-1292;64905
48;3184;1057420;216;-2065;24;-50;-41;-30;-87;-529;-1283;6911
48;3185;1057760;178;-2059;-22;33;8;39;-94;-535;-1293;19815
48;3186;1058094;202;-2041;15;3;15;71;-97;-531;-1277;21831
48;3187;1058421;109;-2021;49;46;6;40;-104;-527;-1263;38092
48;3188;1058763;194;-2041;18;-3;-104;-9;-116;-527;-1267;4983
48;3189;1058991;90;-2068;-24;-66;-109;44;-116;-527;-1267;13090
48;3190;1059315;27;-2062;12;-11;-141;-116;-148;-534;-1246;2420
48;3191;1059633;8;-2039;-63;-124;-98;7;-149;-527;-1248;1436
48;3192;1059884;18;-2049;-56;59;30;-50;-160;-510;-1249;22774
48;3193;1060415;55;-2032;-46;-42;55;-41;-161;-512;-1231;64119
48;3194;1060752;37;-2084;-43;53;13;47;-151;-525;-1232;30564
48;3195;1060988;77;-2025;-29;25;-172;-139;-149;-518;-1237;5723
48;3196;1061308;52;-2060;-90;-45;-87;-2;-163;-519;-1234;33135
48;3197;1061751;69;-2059;-71;6;-3;-53;-163;-514;-1244;32691
48;3198;1062096;82;-2036;-62;14;-17;32;-153;-525;-1226;23100
48;3199;1062416;92;-2047;-11;26;-45;3;-166;-518;-1236;59271
48;3200;1062644;65;-2066;-74;-12;-89;3;-164;-518;-1236;38336
48;3201;1062962;57;-2040;-10;80;-279;-37;-157;-515;-1258;54551
48;3202;1063432;25;-2029;-56;183;28;-90;-200;-510;-1250;45275
48;3203;1063749;46;-2142;-210;-241;-319;-33;-213;-502;-1210;6032
48;3204;1064068;-147;-2022;-290;104;-89;77;-227;-500;-1210;49869
48;3205;1064427;176;-1895;-170;-163;-43;-269;-220;-501;-1210;26742
48;3206;1064748;-74;-2091;-14;76;-94;-136;-244;-511;-1253;11180
48;3207;1065066;14;-2049;-137;78;-120;11;-262;-509;-1250;45550
48;3208;1065425;-90;-2066;-62;24;-62;110;-273;-521;-1272;20320
48;3209;1065747;-115;-2062;-21;-59;114;-3;-305;-509;-1253;10079
48;3210;1066297;-139;-2078;-69;-61;127;-16;-276;-505;-1245;347
48;3211;1066533;-235;-2010;-58;36;73;161;-260;-505;-1250;25176
48;3212;1066852;-159;-1998;-69;-93;23;-85;-275;-504;-1240;60576
48;3213;1067080;-207;-2027;-8;15;-77;-6;-269;-500;-1267;48600
48;3214;1067406;-278;-2113;-81;-57;49;2;-299;-514;-1266;41896
48;3215;1067756;-320;-2038;-49;-67;5;25;-300;-511;-1263;61510
48;3216;1067984;-274;-2048;7;-44;-38;-80;-295;-505;-1257;31698
48;3217;1068413;-96;-2064;65;-126;1000;-86;-285;-516;-1252;25318
48;3218;1068773;162;-2314;-333;461;129;45;-142;-512;-1250;61943
48;3219;1069091;-336;-2178;25;-16;-94;184;-113;-536;-1272;47865
48;3220;1069411;-174;-2241;59;108;116;-204;-147;-523;-1296;22344
48;3221;1069748;-179;-1843;-180;-51;317;-117;-47;-534;-1288;50030
48;3222;1069987;148;-1972;-88;0;25;-151;-41;-532;-1284;53831
48;3223;1070411;166;-2086;-70;55;-163;-91;34;-519;-1249;29640
48;3224;1070639;76;-2125;-156;156;-138;-50;53;-511;-1253;63446
48;3225;1070981;230;-2041;-14;194;-354;-227;44;-531;-1282;20144
48;3226;1071304;201;-2141;16;93;-246;33;36;-524;-1283;3436
48;3227;1071532;278;-2016;-32;-178;-233;-8;-7;-521;-1261;53261
48;3228;1071849;291;-2011;87;173;-110;-72;-38;-533;-1309;48094
48;3229;1072420;273;-2038;-8;-80;-7;-57;-36;-531;-1276;33684
48;3230;1072741;258;-2111;-20;-123;54;103;-32;-527;-1280;25569
48;3231;1073059;167;-2077;-30;-6;34;-21;-14;-529;-1271;1017
48;3232;1073423;272;-1927;35;-49;86;-84;-12;-526;-1286;36317
48;3233;1073741;295;-2034;-36;-16;250;-2;9;-529;-1274;53331
48;3234;1074078;310;-2057;-7;11;-39;-94;11;-523;-1264;8232
48;3235;1074423;352;-1978;-27;-8;-72;-1;1;-524;-1272;32952
48;3236;1074741;349;-2051;-19;-77;99;18;-13;-521;-1250;39876
48;3237;1075075;228;-2072;-94;-69;358;-49;0;-519;-1243;43998
48;3238;1075418;23;-2124;-94;419;-21;-20;38;-523;-1274;6965
48;3239;1075740;285;-1983;81;-148;57;43;50;-537;-1282;57368
48;3240;1075968;344;-2023;34;-56;75;-17;42;-524;-1283;20365
48;3241;1076393;250;-2056;-28;-64;-80;140;50;-525;-1283;50748
48;3242;1076631;289;-2109;-28;11;-40;-48;26;-524;-1277;52107
48;3243;1076859;251;-1995;-14;40;74;54;24;-529;-1298;50850
48;3244;1077288;264;-2084;17;36;-1;-70;45;-536;-1315;25584
48;3245;1077751;369;-1965;78;140;-176;-64;44;-521;-1288;49104
48;3246;1078069;348;-1997;147;73;50;30;31;-530;-1289;33795
48;3247;1078392;372;-2036;266;95;-133;-101;10;-563;-1372;65094
48;3248;1078620;354;-2000;144;-69;188;50;-5;-563;-1387;11743
48;3249;1078856;135;-2089;109;-153;646;59;20;-550;-1352;63168
48;3250;1079410;84;-1946;251;81;756;688;97;-556;-1399;13095
48;3251;1079728;-531;-2466;42;1501;2671;-530;-5;-574;-1721;62042
48;3252;1079965;-964;-1814;561;-200;173;714;-11;-550;-1785;40351
48;3253;1080406;-398;-2007;356;105;-117;-164;-17;-575;-1662;31965
48;3254;1080727;-396;-2083;107;-36;125;370;59;-570;-1646;49365
48;3255;1081073;-270;-2068;15;-75;-213;4;-12;-586;-1570;10786
48;3256;1081408;-450;-1919;-61;-237;-446;-151;32;-565;-1491;46444
48;3257;1081726;-360;-2028;-183;3;-380;8;10;-547;-1382;62752
48;3258;1082087;-410;-2047;-53;243;-120;102;-19;-550;-1405;30248
48;3259;1082406;-647;-1926;73;157;-103;221;-86;-576;-1480;57192
48;3260;1082724;-474;-2079;144;-394;320;-1052;-116;-558;-1487;46748
48;3261;1083057;-229;-1886;102;-240;118;-26;-6;-539;-1478;29717
48;3262;1083401;291;-2018;-196;-75;181;-627;158;-477;-1387;47224
48;3263;1083723;111;-2100;-74;126;-284;438;268;-503;-1434;27045
48;3264;1083950;20;-2048;-100;-130;-98;-193;194;-536;-1423;19608
48;3265;1084399;49;-2029;-78;11;-111;-63;155;-531;-1416;26411
48;3266;1084740;-130;-2044;-39;-40;-203;54;125;-540;-1410;6359
48;3267;1085058;-273;-1943;-71;-157;-366;479;28;-547;-1382;44378
48;3268;1085405;-577;-1895;-176;-671;-402;-216;-168;-511;-1247;50568
48;3269;1085633;-717;-1945;-340;-6;-282;-62;-194;-497;-1177;59240
48;3270;1085951;-760;-1828;-309;105;117;-142;-249;-487;-1172;33071
48;3271;1086274;-802;-1903;-338;-282;168;-392;-266;-488;-1141;30065
48;3272;1086526;-979;-1470;-492;-10;174;-505;-257;-464;-1131;36115
48;3273;1086843;-1361;-1958;-367;560;-266;342;-343;-495;-1259;35766
48;3274;1087394;-1243;-1330;637;-35;-984;-1537;-415;-527;-1592;4937
48;3275;1087631;93;-2307;558;-374;502;295;-143;-568;-1502;9170
48;3276;1087949;98;-2229;-154;-1170;643;-587;78;-482;-1203;54536
48;3277;1088393;1094;-1009;-1558;-889;-1313;-1277;229;43;-741;27440
48;3278;1088735;713;-305;-1536;823;-600;-1017;46;-41;-706;58381
48;3279;1089057;32;-816;-1859;-921;-735;83;-160;212;-629;59670
48;3280;1089391;-445;-941;-2038;1236;-485;-518;-339;169;-501;6568
48;3281;1089713;-66;-1217;-1070;376;-470;-1100;-460;-341;-673;60771
48;3282;1089949;110;-1932;-1159;1150;93;-1071;-702;-28;-1116;40686
48;3283;1090288;807;-1970;-162;205;58;129;-198;137;-1400;21533
48;3284;1090606;855;-1763;-195;-34;151;-30;-159;149;-1394;41017
48;3285;1091069;951;-1875;-243;-177;49;-116;-122;180;-1365;36834
48;3286;1091388;878;-1734;-347;-139;-263;220;-95;214;-1296;983
48;3287;1091710;939;-1805;-337;246;233;-93;-179;234;-1285;30859
48;3288;1091942;376;-1725;-58;729;-181;768;-144;104;-1344;58634
48;3289;1092289;96;-2247;531;-116;288;1327;-41;157;-1470;56063
48;3290;1092607;876;-2030;-99;30;170;-170;-61;198;-1434;27177
48;3291;1092834;869;-1735;-78;53;-826;-148;-22;205;-1431;45798
48;3292;1093389;963;-1625;-176;-93;499;232;-196;248;-1228;24642
48;3293;1093723;1118;-2150;-331;-341;1357;33;-179;261;-1245;25828
48;3294;1094041;852;-1633;-202;356;1026;182;51;224;-1456;41220
48;3295;1094388;878;-1807;-95;-195;-465;-518;96;230;-1497;29202
48;3296;1094615;1094;-1988;-141;-677;-806;222;150;281;-1334;33116
48;3297;1094937;893;-1784;-147;-54;-46;-311;56;360;-1200;49699
48;3298;1095402;805;-1535;-161;353;311;-72;75;298;-1270;58203
48;3299;1095724;888;-2091;-137;-120;-248;87;96;268;-1349;17617
48;3300;1096042;883;-1620;-84;85;177;-19;77;287;-1316;56109
48;3301;1096381;821;-2388;-393;149;-36;192;123;336;-1302;31520
48;3302;1096617;963;-1980;-140;245;-165;-46;124;309;-1324;19383
48;3303;1096938;1119;-2167;-260;2;-287;166;86;302;-1287;42753
48;3304;1097379;714;-1546;32;200;159;-279;26;274;-1305;50718
48;3305;1097724;654;-1324;-19;-79;-66;15;91;310;-1232;46562
48;3306;1098057;644;-1628;-103;421;70;381;110;252;-1344;58497
48;3307;1098377;1117;-2123;-212;-67;-312;204;79;248;-1348;60287
48;3308;1098720;615;-1237;-67;-81;270;-224;-31;242;-1228;45664
48;3309;1098948;1030;-2000;-127;-314;22;-175;43;292;-1223;46109
48;3310;1099268;925;-1963;-493;-409;985;-234;131;388;-1176;20318
48;3311;1099488;614;-1711;-45;691;375;196;157;265;-1351;52495
48;3312;1099845;701;-1658;-167;264;-824;-108;135;196;-1361;5432
48;3313;1100380;1390;-3008;-502;-470;-657;-44;46;288;-1160;47368
48;3314;1100713;923;-1789;-276;1159;294;355;37;244;-1282;58225
48;3315;1100949;1089;-2163;-377;-20;-470;170;53;172;-1353;3862
48;3316;1101272;724;-1340;-146;278;-112;-320;-92;139;-1415;40269
48;3317;1101712;150;-362;-258;-1915;402;751;-78;251;-1184;56055
48;3318;1102054;428;-1917;-303;-847;1084;396;-21;650;-953;65086
48;3319;1102377;1007;-2297;-577;1397;219;956;163;650;-1076;30607
48;3320;1102605;583;-1286;-136;1123;-181;-282;87;461;-1359;58684
48;3321;1102927;591;-1807;7;-942;-341;-590;135;494;-1417;18515
48;3322;1103395;921;-2516;-456;243;-1437;233;151;615;-1093;24036
48;3323;1103712;675;-1319;-62;1053;-693;-172;-86;483;-1261;62371
48;3324;1104030;1150;-2271;-382;-487;-581;-396;-83;520;-1243;47695
48;3325;1104389;1037;-1838;-164;662;418;-144;-71;497;-1278;1461
48;3326;1104706;796;-2608;-136;-372;-54;287;-110;506;-1317;40125
48;3327;1105028;688;-1844;-180;213;860;798;-123;515;-1240;5094
48;3328;1105389;695;-1863;-263;116;1007;-347;-137;553;-1191;58900
48;3329;1105707;479;-1513;-199;560;479;-314;68;486;-1420;59289
48;3330;1106253;587;-1525;-231;-537;-1448;312;-160;519;-1243;38584
48;3331;1106489;1243;-2846;-411;-740;-542;-1299;-337;594;-1152;2220
48;3332;1106807;837;-1523;-316;466;271;-54;-118;602;-1108;15639
48;3333;1107039;904;-2112;-267;671;293;947;-90;521;-1274;65195
48;3334;1107362;864;-1505;-402;640;485;-69;-139;471;-1372;65185
48;3335;1107707;923;-2376;-324;-735;23;-777;-154;458;-1422;50936
48;3336;1107935;680;-1719;-287;-495;-227;31;-34;498;-1274;54186
48;3337;1108365;657;-1805;-197;-837;-815;-584;-145;532;-1211;36815
48;3338;1108721;596;-1944;-268;1060;123;504;-127;490;-1298;60599
48;3339;1109039;466;-1344;-688;-379;465;736;-94;479;-1297;15743
48;3340;1109358;668;-2556;-417;-518;-106;606;-137;489;-1316;32156
48;3341;1109692;577;-1438;-301;486;8;-147;-180;513;-1228;38459
48;3342;1109929;1043;-2290;-350;-258;-335;-682;-80;513;-1303;13095
48;3343;1110358;677;-1765;-225;505;131;646;-73;493;-1319;23311
48;3344;1110586;879;-2424;-430;-248;-283;75;-158;507;-1320;19047
48;3345;1110806;779;-1627;-318;106;105;-449;-173;511;-1287;11048
48;3346;1111253;764;-2057;-283;-285;104;-5;-75;529;-1261;15478
48;3347;1111481;734;-1693;-224;443;467;140;-89;508;-1306;13016
48;3348;1111798;958;-2443;-424;-431;-123;-18;-123;532;-1247;44781
48;3349;1112373;995;-2765;-532;-241;-210;-47;-93;530;-1260;4522
48;3350;1112690;749;-1670;-184;454;104;-64;-58;504;-1337;14334
48;3351;1113012;615;-1788;-223;104;-545;83;-150;500;-1340;28734
48;3352;1113374;850;-1643;-156;-518;-329;-412;-113;477;-1404;56960
48;3353;1113692;739;-1624;-302;-31;-62;88;-69;507;-1255;58752
48;3354;1114025;944;-2538;-456;119;-194;857;-81;497;-1330;39259
48;3355;1114368;649;-1237;-258;581;249;-165;-172;460;-1354;10124
48;3356;1114690;1064;-2498;-525;-366;-293;-245;-72;491;-1328;31958
48;3357;1115023;610;-1782;-261;225;600;572;-97;501;-1282;21021
48;3358;1115366;781;-1630;-407;-273;-461;-424;-185;524;-1208;3753
48;3359;1115688;883;-1921;-214;8;-4;-393;-116;501;-1316;25797
48;3360;1115916;694;-1575;-275;163;-396;69;-53;499;-1292;46575
48;3361;1116345;808;-2301;-367;-463;-205;-129;-199;470;-1413;57782
48;3362;1116581;621;-1567;-353;-42;-3;-164;-206;486;-1303;5450
48;3363;1116808;734;-1837;-84;-149;722;-291;-179;472;-1349;60839
48;3364;1117234;684;-1495;-248;548;600;281;-61;483;-1331;22534
48;3365;1117698;697;-1752;-476;6;-362;-396;-171;477;-1299;1998
48;3366;1118016;987;-2303;-331;-463;-475;-263;-87;477;-1388;50343
48;3367;1118343;797;-1459;-557;-204;582;473;-56;492;-1265;25438
48;3368;1118599;583;-2093;-254;-358;473;394;-91;493;-1280;21408
48;3369;1118917;757;-1504;-423;496;627;435;-102;530;-1203;11968
48;3370;1119236;812;-2447;-464;15;385;-522;-144;516;-1318;34280
48;3371;1119464;351;-1038;-74;-90;-257;-380;-54;487;-1325;4552
48;3372;1119805;817;-1829;-336;-147;-777;-89;-9;540;-1252;64135
48;3373;1120353;540;-1227;-30;369;-477;-72;-136;481;-1335;11448
48;3374;1120670;571;-1396;-158;79;-150;-548;-143;502;-1297;7845
48;3375;1120908;687;-1503;-411;-298;1623;1333;-94;505;-1331;55839
48;3376;1121353;788;-1789;-435;216;-206;-8;-141;575;-1168;42892
48;3377;1121671;807;-1831;-260;379;-1186;-1088;-161;487;-1364;39507
48;3378;1122027;615;-1888;-551;-1008;2229;194;-45;505;-1323;25143
48;3379;1122351;672;-2238;-463;-107;-198;347;-31;588;-1169;17056
48;3380;1122669;720;-1408;-296;675;-1013;-552;-142;549;-1205;51997
48;3381;1123026;1020;-2426;-450;253;-37;11;-132;538;-1307;55870
48;3382;1123349;621;-1632;-261;355;627;138;-97;475;-1445;8494
48;3383;1123671;743;-1839;-312;-560;-722;182;-160;488;-1398;21813
48;3384;1123903;537;-1399;-135;-102;-34;-387;-220;488;-1362;10085
48;3385;1124352;821;-1934;-444;196;265;18;-114;519;-1273;62290
48;3386;1124686;777;-2364;-306;65;-242;648;-92;509;-1370;22000
48;3387;1125004;619;-1102;-218;333;235;-360;-220;501;-1315;51338
48;3388;1125347;943;-2573;-426;-209;-4;-521;-160;534;-1325;8498
48;3389;1125681;703;-1523;-66;545;162;441;-50;493;-1474;37360
48;3390;1125998;878;-1952;-465;-656;-158;-122;-211;509;-1360;12402
48;3391;1126347;957;-2393;-366;-314;90;-431;-191;545;-1278;31258
48;3392;1126579;892;-1901;-484;25;254;119;-135;571;-1217;23326
48;3393;1126897;714;-1860;-181;32;-13;491;-109;507;-1390;4126
48;3394;1127337;526;-1580;-185;295;94;-49;-175;529;-1323;16343
48;3395;1127574;1121;-2381;-343;-440;-166;-522;-122;584;-1298;14707
48;3396;1127892;541;-1606;-675;-1210;1793;948;-71;698;-1013;49564
48;3397;1128336;835;-2087;-732;772;-828;-335;82;791;-996;2623
48;3398;1128677;955;-1986;-418;1059;-993;-554;-43;575;-1300;29852
48;3399;1128999;522;-1389;-221;422;-559;-138;-17;502;-1479;64359
48;3400;1129338;962;-2695;-228;-924;-932;1696;-52;525;-1514;26235
48;3401;1129681;654;-1575;-231;-222;4;-499;-292;583;-1235;20166
48;3402;1130232;553;-1276;-217;652;1044;-117;-192;500;-1432;49454
48;3403;1130550;613;-2139;-245;-564;-313;-52;-175;512;-1492;38037
48;3404;1130785;548;-1149;-140;-74;-263;-7;-185;497;-1431;50336
48;3405;1131013;845;-2363;-236;-344;-158;-722;-181;554;-1379;37470
48;3406;1131337;536;-1361;-254;337;66;56;-107;522;-1368;27285
48;3407;1131655;740;-2416;-280;-645;-619;195;-197;529;-1436;20727
48;3408;1131910;638;-1332;-180;335;145;-74;-238;501;-1383;16838
48;3409;1132229;1203;-2566;-485;-173;-51;-131;-164;547;-1331;14590
48;3410;1132547;699;-1620;-270;452;581;-69;-127;499;-1402;345
48;3411;1132775;802;-1897;-125;-156;-174;576;-101;492;-1473;8725
48;3412;1133223;755;-2068;-229;-307;-112;183;-137;524;-1335;45224
48;3413;1133667;646;-1315;-257;326;173;323;-95;497;-1312;56754
48;3414;1133988;859;-2298;-325;-426;-457;-196;-167;508;-1347;7722
48;3415;1134335;531;-1482;117;-49;-147;-206;-105;463;-1451;11317
48;3416;1134567;1055;-2264;-384;-398;-8;65;-84;527;-1316;45852
48;3417;1134885;761;-1909;-292;207;210;155;-110;492;-1385;7467
48;3418;1135349;588;-1107;-180;339;94;-51;-189;486;-1305;38627
48;3419;1135666;1020;-2872;-583;-104;113;-266;-152;538;-1301;4252
48;3420;1135984;762;-1476;-300;473;304;244;-68;466;-1389;19745
48;3421;1136343;709;-1637;-437;-159;155;-550;-203;499;-1298;56154
48;3422;1136664;890;-2489;-365;-484;-197;-441;-149;519;-1310;38759
48;3423;1136983;524;-1248;-190;428;144;383;-65;487;-1303;35231
48;3424;1137321;801;-2264;-388;-588;-366;66;-145;498;-1333;18528
48;3425;1137558;583;-1111;-211;456;35;-118;-158;482;-1319;29084
48;3426;1137879;1205;-2559;-537;-539;-219;-468;-118;511;-1313;17173
48;3427;1138214;684;-1595;-293;278;323;285;-59;488;-1351;1890
48;3428;1138662;612;-1404;-353;245;11;-456;-224;496;-1307;22595
48;3429;1138995;971;-2140;-324;-346;-158;-600;-148;495;-1354;8645
48;3430;1139323;619;-1467;-356;52;761;269;-121;479;-1353;42318
48;3431;1139665;730;-2217;-474;-615;-238;-117;-199;508;-1270;31715
48;3432;1139897;529;-1332;-222;493;-32;-211;-214;496;-1300;45327
48;3433;1140322;789;-1969;-322;237;-362;365;-79;493;-1329;32769
48;3434;1140655;953;-2357;-330;108;-93;444;-154;489;-1415;14444
48;3435;1140891;731;-1983;-492;-152;-50;-112;-239;493;-1336;43326
48;3436;1141316;1203;-2451;-535;-416;54;-262;-157;524;-1327;29370
48;3437;1141653;669;-1618;-273;368;315;68;-101;490;-1369;44863
48;3438;1141998;788;-2003;-440;-547;-297;-118;-193;509;-1292;1363
48;3439;1142318;686;-1995;-210;-51;-153;48;-145;506;-1334;24644
48;3440;1142550;1001;-2098;-491;-141;-47;-200;-139;545;-1250;44427
48;3441;1142868;798;-2057;-284;133;327;507;-165;555;-1186;16852
48;3442;1143211;636;-1367;-341;699;-56;-639;-230;526;-1208;25870
48;3443;1143439;854;-2302;-260;206;-59;-730;-151;487;-1366;3339
48;3444;1143756;580;-1711;-252;-11;-16;816;26;456;-1369;26191
48;3445;1144327;592;-1373;-277;-140;-184;-509;-222;502;-1267;60955
48;3446;1144648;889;-2162;-270;-277;119;-724;-185;523;-1236;43771
48;3447;1144966;501;-1399;-102;414;394;381;-56;461;-1334;24548
48;3448;1145333;763;-2071;-354;-606;-270;75;-128;474;-1337;479
48;3449;1145651;827;-1911;-63;-125;-50;-279;-115;487;-1362;42628
48;3450;1145984;477;-1356;-104;143;218;-145;-86;485;-1300;11731
48;3451;1146328;797;-2267;-222;-272;-338;489;-53;497;-1295;31046
48;3452;1146646;604;-1308;-162;338;22;-83;-145;503;-1230;8685
48;3453;1146874;870;-2210;-203;71;-41;-490;-114;507;-1300;58478
48;3454;1147197;692;-1464;-223;322;184;81;-38;472;-1365;40704
48;3455;1147433;938;-2219;-143;-309;-102;493;-51;478;-1402;56627
48;3456;1147877;917;-2189;-228;-303;-56;-59;-110;520;-1279;32949
48;3457;1148302;581;-1444;-193;179;22;-56;-49;484;-1302;47715
48;3458;1148658;856;-2133;-363;-410;-270;24;-105;513;-1298;25953
48;3459;1148980;994;-1991;-175;-143;95;-55;-42;505;-1301;53530
48;3460;1149300;620;-1481;-196;-16;136;-86;-33;510;-1239;40562
48;3461;1149656;1082;-2469;-296;-303;-392;726;4;511;-1299;14254
48;3462;1149978;699;-1382;-169;28;-110;-340;-158;524;-1197;7526
48;3463;1150305;1067;-2367;-436;834;-25;-644;-74;539;-1327;39338
48;3464;1150533;418;-1676;-109;-337;1227;222;59;508;-1392;47423
48;3465;1150874;1049;-2498;-522;269;-1527;248;98;550;-1266;39255
48;3466;1151315;1307;-2669;-491;-403;-595;-761;-261;500;-1369;37220
48;3467;1151633;631;-1729;-194;-130;53;-322;-144;481;-1350;4953
48;3468;1151868;846;-2432;-213;155;7;735;-71;509;-1369;29436
48;3469;1152309;797;-2037;-147;-115;139;-181;-179;462;-1493;42189
48;3470;1152635;520;-1153;-74;-305;75;-283;-80;466;-1400;9820
48;3471;1152976;753;-2343;-210;-204;-275;794;-71;513;-1347;43188
48;3472;1153315;727;-1735;-218;141;145;-112;-149;515;-1269;8490
48;3473;1153633;869;-2124;-283;275;25;-7;-86;514;-1339;34293
48;3474;1153966;926;-2001;-71;168;211;611;-17;479;-1470;12458
48;3475;1154310;543;-1429;-88;-123;218;-259;-147;465;-1381;14531
48;3476;1154629;1045;-2438;-141;-76;-48;232;-32;516;-1336;40574
48;3477;1154962;759;-1703;-189;36;-111;16;-93;490;-1320;56409
48;3478;1155309;767;-1811;-271;325;-82;-455;-174;497;-1315;760
48;3479;1155627;1046;-2490;-280;-324;-183;-324;-84;513;-1352;44487
48;3480;1155858;772;-1796;-225;89;66;368;-28;494;-1308;34282
48;3481;1156311;712;-2070;-224;-417;-636;-98;-90;502;-1316;43556
48;3482;1156755;1084;-2282;-275;-396;-195;-276;-70;531;-1259;1614
48;3483;1157179;749;-1819;-246;366;110;282;-82;457;-1392;934
48;3484;1157816;908;-2499;-283;-466;-21;-316;-123;527;-1313;17014
48;3485;1158241;814;-1704;-253;432;254;18;-58;495;-1350;28796
48;3486;1158578;783;-2086;-380;-236;-123;-135;-133;497;-1338;63810
48;3487;1158818;696;-1932;-174;52;-122;39;-126;493;-1327;43200
48;3488;1159137;710;-1574;-177;156;-70;-105;-104;490;-1331;25823
48;3489;1159577;748;-2141;-161;-715;8;137;-136;496;-1348;6730
48;3490;1159919;545;-1774;-62;128;253;-94;-100;499;-1307;49495
48;3491;1160239;577;-1497;-286;408;-7;143;-19;519;-1264;37069
48;3492;1160470;927;-1959;-248;322;-275;258;-41;505;-1360;48064
48;3493;1160788;584;-1639;-271;-2;-181;-421;-177;488;-1343;22820
48;3494;1161263;985;-2093;-398;-101;-37;42;-69;515;-1300;63857
48;3495;1161580;886;-1990;-237;138;65;374;-87;490;-1375;34011
48;3496;1161898;644;-1606;-339;-8;224;-409;-179;490;-1293;37684
48;3497;1162257;1151;-2411;-413;-254;-70;-215;-64;535;-1300;57890
48;3498;1162575;597;-1545;-213;212;57;125;-72;482;-1346;62065
48;3499;1162892;643;-2160;-132;-441;-363;226;-136;504;-1372;52912
48;3500;1163251;615;-1720;-77;-103;-85;-422;-128;500;-1334;56964
48;3501;1163570;779;-1778;-292;303;52;194;-31;519;-1292;51720
48;3502;1164123;786;-1955;-412;-446;-180;-59;-156;508;-1297;44421
48;3503;1164362;568;-1535;-74;115;37;-141;-125;494;-1326;63928
48;3504;1164680;1042;-2099;-456;89;-136;-2;-58;526;-1282;6996
48;3505;1164908;722;-1534;-229;274;150;166;-28;495;-1324;43444
48;3506;1165228;705;-1668;-252;-616;-137;-276;-157;501;-1286;13507
48;3507;1165570;606;-1748;-141;-111;-60;-250;-100;480;-1347;10111
48;3508;1165798;973;-2072;-398;-101;-206;-100;-70;513;-1291;23809
48;3509;1166223;742;-2198;-254;54;-254;431;-55;496;-1366;18410
48;3510;1166586;620;-1431;-254;381;164;13;-168;473;-1339;8112
48;3511;1166904;864;-2355;-288;-121;10;-490;-91;532;-1307;23672
48;3512;1167227;773;-1667;-250;432;168;397;-25;493;-1378;54485
48;3513;1167561;853;-1988;-506;-481;-203;-131;-172;497;-1316;39799
48;3514;1167797;545;-1431;-49;194;57;-3;-131;483;-1346;55261
48;3515;1168225;600;-1467;-160;314;111;116;-68;495;-1309;57566
48;3516;1168453;916;-1943;-272;234;85;581;-76;494;-1390;25265
48;3517;1168795;615;-1635;-310;-99;73;-591;-225;487;-1315;40913
48;3518;1169122;960;-2303;-328;-205;-137;-425;-90;536;-1294;62789
48;3519;1169350;667;-1740;-309;352;18;188;-25;513;-1319;24140
48;3520;1169668;790;-2283;-271;50;-264;624;-82;486;-1441;22273
48;3521;1170239;985;-2366;-395;-549;-299;-548;-117;519;-1293;11287
48;3522;1170556;439;-1386;-144;637;87;420;-71;451;-1367;3075
48;3523;1170874;886;-2105;-293;-197;-162;283;-122;472;-1418;8942
48;3524;1171232;537;-1521;-173;96;184;-59;-142;488;-1319;57742
48;3525;1171551;1147;-2473;-536;269;10;318;-47;543;-1266;60351
48;3526;1171891;803;-1808;-271;245;188;46;-113;492;-1384;590
48;3527;1172238;619;-1529;-241;-26;-16;-378;-164;488;-1305;33853
48;3528;1172556;892;-2227;-318;-184;-187;-106;-55;515;-1328;12274
48;3529;1172889;615;-1304;-210;37;321;-214;-88;472;-1321;4972
48;3530;1173232;590;-2006;-182;-503;-361;79;-111;476;-1369;49014
48;3531;1173551;587;-1600;-119;48;50;67;-154;481;-1297;19367
48;3532;1173778;1026;-2918;-509;-87;202;-706;-145;531;-1260;61915
48;3533;1174203;862;-2371;-320;314;-129;936;2;501;-1373;9946
48;3534;1174445;802;-2193;-566;-324;-18;-421;-172;509;-1291;52282
48;3535;1174673;509;-1415;-81;284;116;-234;-87;485;-1341;47696
48;3536;1175098;470;-1284;-135;280;-214;-41;-45;481;-1332;51803
48;3537;1175561;814;-2295;-492;-221;-493;-211;-172;504;-1392;43450
48;3538;1175882;966;-2491;-302;-155;-281;-518;-90;501;-1412;15659
48;3539;1176202;487;-1354;-178;637;-88;271;-18;465;-1411;29691
48;3540;1176430;966;-2011;-304;322;81;291;-76;481;-1543;59636
48;3541;1176666;847;-2264;-521;-474;-143;184;-158;478;-1495;60595
48;3542;1177223;1032;-2111;-505;253;193;-131;-137;493;-1359;49574
48;3543;1177540;970;-2183;-272;252;241;479;-88;456;-1544;8739
48;3544;1177783;815;-2164;-536;-600;9;-37;-168;467;-1429;52061
48;3545;1178228;1130;-3088;-668;-211;71;-346;-150;524;-1353;30111
48;3546;1178546;704;-1474;-243;575;53;-120;-34;477;-1413;46674
48;3547;1178887;905;-2419;-624;-397;-338;-194;-149;491;-1401;26564
48;3548;1179222;818;-2101;-252;-112;-506;-320;-80;472;-1488;62260
48;3549;1179544;608;-1243;-216;132;28;-84;-32;464;-1492;58105
48;3550;1180121;583;-1294;-368;475;178;-534;-194;452;-1445;37171
48;3551;1180439;780;-2377;-496;-133;-1018;-448;-88;473;-1607;3383
48;3552;1180879;777;-1806;-394;299;-1029;901;68;462;-1620;61019
48;3553;1181222;603;-1994;-421;5;-434;-620;-160;467;-1586;21202
48;3554;1181540;888;-1632;-307;-293;-167;-412;93;517;-1523;46013
48;3555;1181768;1314;-2384;-677;242;992;2039;129;524;-1504;26877
48;3556;1182216;497;-1816;-299;503;1878;226;-568;639;-1640;18257
48;3557;1182554;562;-1938;-348;251;1504;-1019;-592;570;-1436;64680
48;3558;1182875;916;-2203;-386;-137;755;-1307;-18;569;-1375;11144
48;3559;1183224;432;-1597;-381;-703;1297;789;317;582;-1469;53439
48;3560;1183452;450;-2300;-465;-801;-756;-281;246;599;-1329;1210
48;3561;1183770;637;-1282;-549;851;-2814;-381;126;678;-993;2242
48;3562;1184090;1123;-2228;-524;222;-1526;-1767;-256;554;-1248;15466
48;3563;1184341;914;-1665;-385;369;-534;-524;-90;544;-1249;55032
48;3564;1184659;919;-2276;-316;7;-671;744;-29;505;-1376;55388
48;3565;1185209;879;-2506;-310;-299;-216;-271;-132;483;-1546;11429
48;3566;1185449;725;-1438;-316;29;-84;-12;-68;488;-1444;61963
48;3567;1185767;833;-2077;-277;-42;-134;641;-108;484;-1559;40118
48;3568;1186208;525;-1383;-198;386;76;-398;-171;488;-1443;39018
48;3569;1186553;1052;-2314;-425;178;-321;21;-59;519;-1503;55923
48;3570;1186871;617;-1788;-277;-84;820;569;-89;508;-1550;54746
48;3571;1187206;675;-1568;-433;-4;-307;-623;-221;505;-1407;57264
48;3572;1187524;763;-2714;-291;-285;-227;-411;-144;544;-1481;22249
48;3573;1187762;655;-1626;-268;441;70;272;-54;524;-1501;48101
48;3574;1188214;867;-2599;-377;-678;-529;239;-169;548;-1591;11662
48;3575;1188532;629;-1708;-133;169;149;-101;-154;524;-1520;46544
48;3576;1188899;682;-1776;-399;358;-170;108;-91;547;-1427;15519
48;3577;1189218;754;-2190;-218;232;-53;550;-133;542;-1610;26847
48;3578;1189536;622;-1257;-270;362;289;-358;-180;512;-1545;15441
48;3579;1189764;816;-2149;-108;-123;-115;-123;-121;534;-1612;21881
48;3580;1190111;578;-1386;-211;187;65;363;-61;522;-1508;24531
48;3581;1190433;904;-2330;-369;-219;-376;453;-164;550;-1610;8531
48;3582;1190665;652;-1667;-377;58;-8;-585;-243;529;-1525;58464
48;3583;1191219;720;-1642;-296;162;-92;125;-51;532;-1520;7437
48;3584;1191553;775;-2242;-258;99;-59;626;-90;542;-1670;19405
48;3585;1191870;680;-1344;-289;261;110;-288;-203;505;-1575;51860
48;3586;1192213;1120;-2483;-471;-724;-64;-432;-185;535;-1555;1067
48;3587;1192441;531;-1440;-203;338;540;-102;-112;514;-1542;36375
48;3588;1192763;790;-2234;-343;-101;-362;579;-100;537;-1626;29277
48;3589;1193227;594;-1478;56;-14;-383;-280;-154;516;-1652;22352
48;3590;1193549;697;-1832;-349;104;335;256;-120;530;-1500;64378
48;3591;1193867;733;-2270;-245;255;191;515;-128;546;-1633;63858
48;3592;1194209;568;-1217;-265;407;196;-303;-152;512;-1545;23848
48;3593;1194447;803;-2313;-268;-321;-298;-62;-98;532;-1597;18093
48;3594;1194764;398;-1100;-123;252;-35;11;-65;507;-1551;50124
48;3595;1195205;772;-1917;-402;-651;-355;-243;-191;524;-1576;26395
48;3596;1195550;689;-1933;-135;-121;10;-98;-127;535;-1632;12341
48;3597;1195883;706;-1650;-317;293;22;-126;-65;522;-1591;1183
48;3598;1196206;465;-2434;-303;-542;429;537;-142;541;-1498;21884
48;3599;1196548;484;-1278;-202;680;-200;-200;-200;504;-1472;19619
48;3600;1196776;969;-2297;-360;-46;-587;-274;-141;519;-1544;15254
48;3601;1197095;542;-1267;-230;95;92;-126;-117;509;-1545;14310
48;3602;1197414;875;-2308;-258;-148;-244;468;-131;539;-1602;26044
48;3603;1197665;587;-1351;-259;142;279;-544;-199;523;-1526;21064
48;3604;1198203;611;-1262;-84;-33;689;42;-122;525;-1673;59900
48;3605;1198537;750;-2440;-278;-209;242;346;-163;564;-1603;9624
48;3606;1198776;674;-1494;-285;153;112;-646;-199;533;-1550;15582
48;3607;1199100;1019;-2211;-429;-334;149;455;-55;556;-1537;65338
48;3608;1199540;750;-1887;-389;247;151;-579;-212;543;-1567;20914
48;3609;1199881;625;-1484;-231;-530;-531;63;-133;517;-1556;18168
48;3610;1200200;801;-1763;-237;-240;-72;-268;-137;535;-1521;49936
48;3611;1200428;851;-2122;-365;-106;38;-8;-105;551;-1502;31608
48;3612;1200750;682;-1660;-237;480;54;129;-101;524;-1609;37145
48;3613;1201215;564;-1229;-123;195;-29;-321;-169;493;-1586;57158
48;3614;1201435;955;-2271;-367;-392;-72;92;-117;526;-1562;39861
48;3615;1201753;475;-1379;-220;9;202;143;-135;504;-1513;48379
48;3616;1202217;729;-1682;-251;-345;-350;-95;-168;500;-1573;16948
48;3617;1202535;501;-1476;-96;-129;-104;-353;-152;494;-1599;21342
48;3618;1202853;901;-2192;-431;60;-137;126;-100;511;-1516;35304
48;3619;1203212;894;-2350;-403;218;-153;639;-82;501;-1572;17477
48;3620;1203534;544;-1167;-185;438;189;-554;-179;478;-1592;15681
48;3621;1204080;472;-1398;-156;202;124;-245;-81;485;-1568;14221
48;3622;1204321;968;-1780;-256;320;-299;454;-53;497;-1652;16025
48;3623;1204638;500;-1135;-195;-3;-179;-440;-162;474;-1637;52105
48;3624;1204866;813;-1915;-231;-265;8;119;-108;502;-1641;23589
48;3625;1205189;377;-1373;-184;-20;589;-254;-112;485;-1583;1199
48;3626;1205536;703;-2182;-153;-305;-363;781;-86;512;-1653;48886
48;3627;1205763;577;-1145;-245;-136;656;-379;-216;474;-1550;1943
48;3628;1206192;737;-1851;-296;144;-63;161;-90;503;-1529;21588
48;3629;1206553;776;-2325;-314;114;-304;425;-86;510;-1541;7347
48;3630;1206871;606;-1232;-201;163;-208;-214;-161;488;-1558;24937
48;3631;1207190;1039;-2223;-440;77;-89;-53;-81;500;-1542;65231
48;3632;1207524;904;-2088;-410;77;155;159;-110;514;-1592;44614
48;3633;1207760;720;-1972;-374;-453;120;29;-159;519;-1570;8068
48;3634;1208184;878;-2269;-472;93;-223;-354;-81;534;-1501;6847
48;3635;1208412;540;-1491;-258;366;-380;32;-59;504;-1548;37928
48;3636;1208759;1002;-2177;-358;17;-508;494;-51;528;-1629;53329
48;3637;1209079;638;-1405;-229;192;228;-48;-131;496;-1601;36061
48;3638;1209314;1046;-2209;-332;-399;438;-47;-96;519;-1546;5409
48;3639;1209632;583;-1496;-331;62;475;34;-125;491;-1527;12109
48;3640;1210206;537;-1318;-290;114;166;-73;-169;489;-1474;39182
48;3641;1210524;1043;-2182;-508;27;-334;-68;-65;513;-1464;7110
48;3642;1210841;777;-1787;-315;383;-155;41;-86;493;-1563;16771
48;3643;1211204;575;-1331;-290;-5;-185;-384;-155;481;-1531;26836
48;3644;1211522;915;-2162;-352;-283;-188;-530;-91;515;-1547;14919
48;3645;1211855;480;-1280;-203;313;252;69;-58;491;-1619;51217
48;3646;1212202;758;-2150;-396;-448;-359;205;-135;519;-1603;29394
48;3647;1212521;524;-1656;-101;-23;-140;-195;-160;504;-1615;56466
48;3648;1212854;758;-1934;-388;422;-61;450;-7;517;-1560;1646
48;3649;1213199;627;-2208;-150;12;-107;461;-68;516;-1683;29021
48;3650;1213518;496;-1163;-152;124;213;-332;-180;477;-1593;22806
48;3651;1213745;932;-2669;-477;-716;-68;-293;-91;514;-1522;50897
48;3652;1214174;680;-1684;-201;274;360;375;-56;482;-1592;12825
48;3653;1214410;842;-2443;-209;-422;106;219;-161;513;-1560;2272
48;3654;1214642;679;-1601;-114;83;569;-135;-191;483;-1500;30168
48;3655;1215067;733;-1913;-116;-243;852;257;-129;494;-1566;56389
48;3656;1215530;871;-2234;-145;-379;716;154;-124;541;-1355;4732
48;3657;1215848;698;-1884;-42;345;-410;285;-105;522;-1346;30486
48;3658;1216171;533;-1817;-102;-398;428;485;-93;522;-1305;23282
48;3659;1216399;-2;-1630;-199;-249;295;-464;-138;547;-1262;6071
48;3660;1216643;533;-1937;-680;7;143;-78;-110;709;-1239;59848
48;3661;1217068;-15;-2660;18;992;1297;616;-319;-712;-1143;31364
48;3662;1217300;315;-1678;643;145;526;-338;-408;-851;-1430;10576
48;3663;1217641;-446;-1952;1018;-424;-134;448;-251;-608;-1652;62714
48;3664;1218188;-421;-1604;268;-509;-322;313;-323;-559;-1515;59995
48;3665;1218505;-130;-2006;436;54;-285;-184;-312;-599;-1458;61906
48;3666;1218846;-161;-2079;326;-539;-152;-353;-226;-577;-1348;42465
48;3667;1219185;-98;-1997;-79;532;-425;503;-194;-566;-1274;50997
48;3668;1219503;-455;-2269;77;333;284;555;-312;-538;-1367;28322
48;3669;1219865;-180;-2048;125;-167;-284;422;-233;-560;-1355;33226
48;3670;1220185;-277;-2309;74;321;425;-673;-388;-527;-1321;6990
48;3671;1220504;-265;-1677;71;571;447;110;-286;-554;-1330;28705
48;3672;1220840;298;-2611;233;-1105;607;-512;-242;-587;-1359;54507
48;3673;1221187;-274;-1973;333;-36;140;333;-172;-576;-1343;56244
48;3674;1221506;-57;-1884;141;251;177;-185;-190;-583;-1319;59735
48;3675;1221733;-320;-2009;139;148;246;-21;-162;-582;-1347;56347
48;3676;1222186;-347;-1455;336;-59;-59;209;-140;-592;-1359;42762
48;3677;1222523;-214;-2346;217;-508;41;-127;-161;-568;-1319;23877
48;3678;1222841;-130;-1787;226;-5;-113;72;-138;-567;-1297;13942
48;3679;1223185;108;-2428;141;-269;144;-16;-128;-587;-1327;313
48;3680;1223413;-152;-1904;202;-112;-105;174;-122;-578;-1335;65367
48;3681;1223732;374;-2708;121;-738;361;-690;-161;-594;-1309;27968
48;3682;1224051;-151;-1578;263;194;-83;145;-131;-582;-1345;53571
48;3683;1224303;-5;-2301;299;-30;93;-142;-159;-585;-1350;30460
48;3684;1224523;-76;-1653;386;-279;28;-97;-99;-582;-1371;60995
48;3685;1224845;-68;-2382;451;16;149;72;-105;-592;-1372;48953
48;3686;1225180;-5;-1639;231;321;-124;68;-94;-584;-1356;17675
48;3687;1225416;2;-2322;219;-103;-97;-106;-114;-585;-1362;40752
48;3688;1225734;-12;-1755;262;71;-152;317;-90;-593;-1366;15992
48;3689;1226175;66;-2458;151;78;-103;12;-162;-587;-1337;52761
48;3690;1226517;-130;-1888;331;27;42;-3;-141;-591;-1414;39644
48;3691;1226835;334;-2305;553;140;-13;-136;-135;-594;-1403;58186
48;3692;1227177;-45;-2065;556;-63;77;-73;-141;-606;-1423;26488
48;3693;1227500;31;-2032;240;-229;62;-98;-107;-599;-1374;52133
48;3694;1227735;-102;-2067;224;-107;0;100;-121;-587;-1378;21294
48;3695;1228074;140;-1860;453;441;32;13;-121;-598;-1375;4499
48;3696;1228393;-207;-2073;377;41;-85;17;-126;-594;-1375;24568
48;3697;1228855;-25;-1865;212;176;-154;113;-111;-591;-1363;7522
48;3698;1229175;-9;-2253;330;144;-253;-190;-150;-594;-1393;25711
48;3699;1229497;-88;-2068;428;-527;-539;188;-148;-595;-1406;59754
48;3700;1229724;405;-2321;409;-270;-199;-511;-180;-589;-1372;46398
48;3701;1230070;57;-1894;188;-49;96;-35;-176;-582;-1377;41846
48;3702;1230388;301;-2360;413;281;197;-74;-147;-589;-1386;7264
48;3703;1230615;-192;-1565;333;-326;187;283;-137;-587;-1414;30015
48;3704;1231171;-199;-1862;227;342;-244;27;-171;-574;-1352;41995
48;3705;1231508;359;-2402;382;1;73;-574;-222;-586;-1365;63684
48;3706;1231825;-181;-1580;383;-106;-10;34;-146;-581;-1372;27573
48;3707;1232068;-28;-2367;306;-255;-56;-425;-177;-580;-1317;65080
48;3708;1232296;180;-2202;54;-142;-169;95;-147;-579;-1316;31582
48;3709;1232618;3;-2265;262;-42;-6;-248;-184;-589;-1367;4116
48;3710;1233187;1;-2008;434;-21;-99;119;-130;-598;-1407;26799
48;3711;1233505;78;-2071;188;-192;-150;184;-141;-574;-1311;42250
48;3712;1233822;51;-2472;223;-337;-80;-375;-167;-594;-1332;35295
48;3713;1234157;-72;-1427;327;-144;-172;262;-115;-608;-1383;32146
48;3714;1234393;218;-2500;349;-526;-93;216;-175;-598;-1355;65411
48;3715;1234714;67;-1759;228;46;-93;281;-189;-592;-1342;59968
48;3716;1235159;254;-2416;285;202;70;-63;-196;-585;-1326;14736
48;3717;1235398;-47;-1725;355;120;245;-81;-151;-599;-1363;44053
48;3718;1235715;-24;-2436;135;-338;312;29;-185;-588;-1299;9180
48;3719;1236050;-304;-1849;216;-55;191;132;-231;-577;-1287;9526
48;3720;1236368;-257;-2375;138;-95;-245;86;-225;-554;-1263;39060
48;3721;1236604;-298;-1779;320;99;-231;108;-242;-559;-1275;52171
48;3722;1236831;-196;-2116;265;-201;-34;123;-249;-551;-1273;26952
48;3723;1237154;-319;-1773;196;501;-276;46;-261;-542;-1263;65470
48;3724;1237473;-144;-2197;212;-9;37;-99;-259;-566;-1301;46461
48;3725;1237737;-139;-1694;312;23;-176;135;-206;-574;-1304;29073
48;3726;1238165;-214;-2217;79;-58;-10;-85;-251;-562;-1269;39063
48;3727;1238499;-244;-1615;199;43;-56;-10;-263;-571;-1319;20365
48;3728;1238747;-6;-2333;187;160;79;-416;-250;-576;-1326;44706
48;3729;1239066;-176;-1640;323;130;-96;-32;-191;-585;-1341;33993
48;3730;1239506;14;-2131;135;114;20;-34;-220;-576;-1308;59526
48;3731;1239849;-13;-2061;262;136;154;50;-196;-580;-1332;10637
48;3732;1240168;0;-1951;286;238;210;-99;-180;-568;-1323;20127
48;3733;1240400;-72;-2055;261;-248;-133;33;-156;-576;-1312;14812
48;3734;1240717;-34;-2094;128;112;-54;51;-161;-557;-1267;50561
48;3735;1241181;29;-2217;118;-42;175;9;-147;-558;-1293;42181
48;3736;1241498;-58;-1855;238;200;-258;54;-103;-556;-1299;54074
48;3737;1241816;-347;-2347;160;-138;-477;-135;-144;-543;-1277;10683
48;3738;1242175;36;-2139;-2;-404;-971;-319;-202;-527;-1292;5980
48;3739;1242496;293;-2170;236;288;-46;310;-223;-553;-1351;50896
48;3740;1242816;124;-2054;319;-113;-82;83;-284;-542;-1317;45903
48;3741;1243181;232;-2171;-13;-16;513;-540;-273;-564;-1312;10594
48;3742;1243500;237;-1903;236;100;276;-483;-121;-571;-1350;56681
48;3743;1243832;1291;-2002;5;-239;-28;-760;215;-491;-1351;25147
48;3744;1244175;2134;-897;1189;550;-208;-127;584;-130;-1596;718
48;3745;1244493;1816;464;979;-363;-51;-2287;705;706;-1587;50929
48;3746;1244721;1326;1567;606;-107;-158;-639;405;980;-1581;1493
48;3747;1245045;2029;26;226;-113;-806;2293;581;338;-1462;26501
48;3748;1245281;1984;-916;401;-557;391;93;786;41;-1437;38832
48;3749;1245725;1240;-6;1268;1898;948;147;754;123;-2185;39390
48;3750;1246149;1725;31;401;600;-2133;-922;570;427;-1708;42188
48;3751;1246510;1512;1084;333;-684;-1404;-126;628;815;-1373;5074
48;3752;1246827;640;949;-36;-16;59;-6056;490;1400;-1152;49265
48;3753;1247147;-1590;-1979;-403;-421;139;165;-268;-1598;-1038;27562
48;3754;1247504;-1790;-1237;-446;-171;-296;115;677;-1533;-948;43312
48;3755;1247825;-2029;-379;-55;112;-622;147;624;-1527;-1015;39917
48;3756;1248148;-1494;-1330;-132;-275;-169;-321;548;-1517;-1044;48123
48;3757;1248380;-1776;-1403;-133;-243;126;8;574;-1518;-974;28907
48;3758;1248721;-1748;-1194;-192;153;-17;109;572;-1517;-1006;58880
48;3759;1249161;-1698;-1068;-185;157;272;-65;572;-1546;-1032;40206
48;3760;1249479;-1695;-1100;-233;-353;-224;-31;574;-1507;-987;52625
48;3761;1249715;-1721;-1083;-189;-180;-67;-42;563;-1475;-979;15054
48;3762;1250161;-1874;-1066;-307;254;-83;97;564;-1499;-972;17168
48;3763;1250483;-1787;-1109;-309;-261;-139;-4;562;-1474;-969;10443
48;3764;1251159;-1768;-918;-280;-83;-117;12;561;-1462;-963;23599
48;3765;1251480;-1685;-1009;-274;-46;35;40;526;-1437;-947;17929
48;3766;1251813;-1755;-994;-281;-2;-29;22;554;-1456;-970;42876
48;3767;1252158;-1730;-1031;-288;9;-25;-13;554;-1459;-949;17383
48;3768;1252475;-1733;-1068;-318;55;2;-10;558;-1473;-951;17152
48;3769;1252808;-1765;-1041;-315;11;-36;-2;559;-1468;-948;25588
48;3770;1253154;-1765;-1052;-291;-65;-61;-11;558;-1465;-950;62149
48;3771;1253471;-1777;-1019;-277;-5;-45;7;555;-1464;-943;15626
48;3772;1253699;-1764;-1028;-278;20;-15;-9;553;-1458;-958;50919
48;3773;1254158;-1766;-1023;-294;53;-5;1;565;-1468;-955;33102
48;3774;1254597;-1756;-1040;-291;-32;-35;-10;548;-1462;-953;59591
48;3775;1255021;-1751;-1035;-282;34;-23;0;552;-1475;-945;16358
48;3776;1255257;-1759;-1009;-280;7;-30;-2;553;-1468;-962;40431
48;3777;1255485;-1769;-1029;-281;-26;-51;-6;555;-1462;-958;22215
48;3778;1255806;-1755;-1021;-269;-5;-36;-6;557;-1464;-979;24437
48;3779;1256126;-1770;-1043;-276;36;-11;-1;562;-1462;-961;45492
48;3780;1256377;-1753;-1035;-277;36;-12;1;564;-1475;-966;15646
48;3781;1256699;-1782;-1033;-290;26;-25;0;556;-1465;-975;24266
48;3782;1257018;-1782;-1031;-273;-58;-66;-4;550;-1473;-958;34499
48;3783;1257246;-1733;-1058;-269;-43;-56;-19;547;-1468;-968;48150
48;3784;1257591;-1777;-1040;-270;80;3;2;552;-1469;-966;19110
48;3785;1258141;-1767;-1020;-281;-2;-38;-3;553;-1470;-963;45209
48;3786;1258459;-1766;-1028;-276;30;-18;-3;549;-1475;-972;64554
48;3787;1258694;-1754;-1024;-282;20;-27;-3;570;-1476;-964;15951
48;3788;1259138;-1775;-1042;-282;9;-23;-7;562;-1465;-966;57157
48;3789;1259460;-1773;-1031;-291;8;-30;5;558;-1474;-977;20324
48;3790;1259817;-1766;-1039;-287;-47;-59;-6;561;-1465;-957;7288
48;3791;1260136;-1811;-1055;-297;-7;-26;5;554;-1460;-965;65341
48;3792;1260454;-1760;-1013;-292;-27;-50;9;552;-1457;-960;64946
48;3793;1260810;-1808;-1035;-275;-32;-39;3;546;-1453;-950;33754
48;3794;1261133;-1791;-985;-301;163;12;26;547;-1456;-950;14493
48;3795;1261455;-1762;-1025;-290;-86;-64;-15;550;-1461;-960;51346
48;3796;1261683;-1730;-1013;-277;2;-57;2;564;-1457;-955;40347
48;3797;1262135;-1774;-996;-290;-86;-42;-21;552;-1453;-961;45664
48;3798;1262468;-1755;-1021;-285;51;9;-4;551;-1451;-945;35467
48;3799;1262785;-1768;-1000;-300;14;-27;-8;558;-1456;-948;35566
48;3800;1263128;-1815;-1037;-315;68;-35;19;565;-1470;-956;31331
48;3801;1263462;-1778;-992;-289;-88;-92;-15;552;-1464;-965;28566
48;3802;1263783;-1764;-1014;-255;-64;-63;4;550;-1436;-934;47558
48;3803;1264126;-1841;-970;-272;74;-4;12;536;-1449;-955;11724
48;3804;1264354;-1812;-990;-290;-21;-32;-5;540;-1441;-963;35085
48;3805;1264675;-1796;-1000;-264;-62;-57;-11;542;-1441;-946;11035
48;3806;1265119;-1792;-974;-297;125;30;13;545;-1458;-948;6164
48;3807;1265359;-1784;-997;-313;11;-39;0;546;-1460;-965;22786
48;3808;1265677;-1781;-997;-289;-208;-142;-27;555;-1452;-946;54326
48;3809;1266117;-1789;-1029;-259;10;-42;10;528;-1430;-948;41687
48;3810;1266463;-1786;-983;-272;105;8;8;536;-1439;-952;46112
48;3811;1266780;-1805;-956;-273;-26;-36;0;532;-1449;-960;63625
48;3812;1267115;-1761;-977;-233;-74;-29;-32;536;-1422;-953;40454
48;3813;1267460;-1783;-1014;-281;138;34;15;543;-1430;-950;56379
48;3814;1268006;-1780;-978;-296;-78;-75;-22;548;-1449;-949;28054
48;3815;1268324;-1781;-1036;-257;-7;-25;-6;549;-1443;-948;56105
48;3816;1268560;-1776;-1014;-278;97;7;12;547;-1435;-950;41580
48;3817;1268787;-1794;-1006;-303;36;-10;4;548;-1446;-957;3345
48;3818;1269114;-1766;-999;-281;-50;-51;-13;556;-1445;-952;42161
48;3819;1269432;-1777;-1014;-282;27;-30;-2;539;-1434;-953;10214
48;3820;1269684;-1779;-1020;-293;19;-25;2;550;-1436;-959;40835
48;3821;1270010;-1793;-1010;-287;-12;-32;-4;540;-1436;-963;53464
48;3822;1270329;-1782;-1010;-287;4;-27;-4;538;-1435;-929;8980
48;3823;1270556;-1769;-1002;-288;20;-18;-4;543;-1443;-947;26835
48;3824;1271004;-1870;-1085;-405;-7;115;-35;560;-1431;-925;26985
48;3825;1271444;-1781;-966;-444;-334;-223;328;568;-1354;-917;31638
48;3826;1271764;-1507;-655;-294;167;125;-337;482;-1304;-900;3414
48;3827;1272107;-1682;-943;-325;-8;21;105;510;-1374;-946;38240
48;3828;1272335;-1610;-969;-316;188;152;-222;513;-1397;-900;53502
48;3829;1272657;-1589;-957;-403;188;-143;149;575;-1468;-951;43901
48;3830;1273124;-2517;-553;-277;-683;-158;-17;549;-1411;-949;16269
48;3831;1273441;-1752;-627;-284;-853;-450;-94;514;-1252;-908;46342
48;3832;1273759;-1719;-912;-274;-369;-386;-235;459;-1169;-931;62185
48;3833;1274121;-1776;-1006;-168;476;-28;-192;451;-1174;-995;34297
48;3834;1274439;-1671;-958;-245;433;132;-31;481;-1239;-991;11793
48;3835;1274756;-1776;-1081;-269;560;-37;-163;509;-1316;-1035;8227
48;3836;1275091;-1582;-1271;-343;-114;659;-180;551;-1359;-960;21478
48;3837;1275330;-1817;-1054;-646;161;487;414;634;-1326;-883;5718
48;3838;1275647;-1606;-898;-571;138;-101;24;645;-1307;-876;42399
48;3839;1275985;-1664;-1190;-523;84;-199;23;619;-1369;-934;42993
48;3840;1276433;-1798;-929;-477;301;235;-46;603;-1380;-955;19833
48;3841;1276769;-1848;-1136;-570;41;-222;82;648;-1428;-984;19962
48;3842;1277092;-1814;-1114;-468;-248;-17;81;609;-1383;-985;55616
48;3843;1277697;-1479;-888;-438;-65;-5;-79;612;-1325;-955;14389
48;3844;1278122;-1815;-1212;-451;-35;-28;78;603;-1341;-991;16291
48;3845;1278486;-1818;-1132;-448;34;112;-10;602;-1350;-994;43164
48;3846;1278722;-1823;-1025;-411;323;47;21;614;-1365;-993;22995
48;3847;1279147;-1672;-990;-419;273;87;17;630;-1414;-1029;51284
48;3848;1279480;-1766;-1052;-474;45;-14;24;647;-1430;-1024;5888
48;3849;1279824;-1659;-1049;-427;-135;-68;-45;648;-1420;-1021;20581
48;3850;1280144;-1729;-1047;-416;0;-64;-5;642;-1423;-1019;42306
48;3851;1280372;-1737;-1014;-405;29;-23;5;636;-1416;-1017;60441
48;3852;1280697;-1745;-1049;-425;30;-15;0;645;-1428;-1029;36014
48;3853;1281044;-1744;-1013;-416;2;-36;3;643;-1426;-1039;1794
48;3854;1281272;-1737;-1040;-418;-37;-49;-7;644;-1409;-1015;31517
48;3855;1281589;-1723;-1035;-409;-56;-37;-20;634;-1418;-1021;37083
48;3856;1282159;-1730;-1030;-436;54;-11;10;630;-1422;-1019;48007
48;3857;1282480;-1716;-1035;-415;-65;-68;-13;631;-1426;-1029;64893
48;3858;1282797;-1767;-1014;-400;-54;-66;-14;634;-1411;-1009;4189
48;3859;1283156;-1747;-1043;-406;12;-18;-5;639;-1420;-1021;54523
48;3860;1283478;-1734;-1027;-410;52;-6;11;626;-1411;-1024;31989
48;3861;1283810;-1744;-1019;-418;-7;-51;-3;628;-1423;-1019;34436
48;3862;1284153;-1752;-1036;-401;-62;-61;-12;630;-1423;-1030;15260
48;3863;1284475;-1747;-1039;-400;20;-26;-2;629;-1414;-1008;26013
48;3864;1284703;-1735;-1027;-399;47;-14;4;633;-1413;-1025;2508
48;3865;1285026;-1731;-1023;-406;7;-31;1;628;-1414;-1018;26270
48;3866;1285263;-1742;-1032;-399;-23;-41;-6;635;-1406;-1032;34423
48;3867;1285703;-1726;-1025;-402;29;-25;0;638;-1411;-1023;28070
48;3868;1286131;-1740;-1012;-391;-26;-45;-13;628;-1408;-1021;9200
48;3869;1286488;-1740;-1027;-393;-12;-38;-11;623;-1410;-1014;42840
48;3870;1286805;-1739;-1023;-397;13;-30;-3;640;-1409;-1018;26031
48;3871;1287129;-1736;-1031;-394;-17;-33;-7;616;-1399;-1021;6588
48;3872;1287486;-1735;-1034;-402;15;-25;-1;622;-1405;-1018;17693
48;3873;1287807;-1748;-1028;-395;19;-25;-1;623;-1397;-1012;43417
48;3874;1288126;-1734;-1034;-404;1;-26;-5;632;-1400;-1023;48288
48;3875;1288358;-1748;-1030;-392;2;-29;-7;639;-1412;-1015;43699
48;3876;1288598;-1731;-1035;-390;12;-23;-2;639;-1410;-1021;57693
48;3877;1289144;-1750;-1022;-402;13;-25;1;631;-1407;-1017;27841
48;3878;1289462;-1739;-1014;-392;-34;-48;-13;623;-1402;-1026;20823
48;3879;1289698;-1734;-1035;-395;-15;-33;-13;633;-1396;-1016;14534
48;3880;1290142;-1760;-1031;-409;42;-15;8;628;-1402;-1026;12694
48;3881;1290461;-1738;-1014;-420;23;-80;21;621;-1399;-1028;18806
48;3882;1290802;-1763;-1014;-427;-208;-222;-7;614;-1386;-1028;52290
48;3883;1291137;-1850;-964;-352;-547;-402;-63;587;-1333;-1027;28868
48;3884;1291459;-1805;-997;-293;-654;-525;-106;532;-1222;-1030;12639
48;3885;1291795;-1723;-999;-239;-75;35;-6;476;-1182;-1058;38861
48;3886;1292142;-1856;-893;-234;-297;-209;-34;494;-1174;-1028;17345
48;3887;1292460;-1813;-1004;-267;39;101;23;491;-1151;-1017;56343
48;3888;1292796;-1782;-1005;-361;715;384;127;517;-1206;-994;26298
48;3889;1293141;-1762;-976;-470;816;437;164;581;-1342;-1012;50139
48;3890;1293459;-1727;-1000;-499;360;229;17;625;-1426;-1041;9418
48;3891;1293686;-1696;-1013;-449;4;36;-51;636;-1441;-1059;7139
48;3892;1294138;-1686;-1052;-464;59;5;19;662;-1437;-1040;24475
48;3893;1294578;-1715;-1015;-477;-35;-53;-15;672;-1445;-1064;40064
48;3894;1295002;-1712;-1058;-453;-41;-52;-5;658;-1439;-1044;49094
48;3895;1295238;-1755;-1015;-446;37;-22;12;656;-1431;-1032;34810
48;3896;1295474;-1712;-1041;-467;10;-21;6;661;-1445;-1054;64056
48;3897;1295792;-1715;-1029;-466;-94;-100;-21;656;-1440;-1042;37792
48;3898;1296111;-1731;-1033;-441;-106;-115;-25;661;-1417;-1036;37865
48;3899;1296366;-1752;-1039;-437;-41;-65;-1;648;-1408;-1032;26968
48;3900;1296684;-1730;-1025;-427;19;-25;0;631;-1409;-1037;54225
48;3901;1297004;-1745;-1014;-433;43;-19;11;646;-1418;-1021;29566
48;3902;1297231;-1732;-1028;-437;-14;-36;-4;654;-1413;-1037;11956
48;3903;1297573;-1731;-1020;-424;3;-36;5;640;-1405;-1032;49211
48;3904;1298123;-1717;-1032;-411;-114;-99;-34;640;-1391;-1027;36685
48;3905;1298440;-1735;-1021;-402;22;-8;-1;631;-1390;-1030;10032
48;3906;1298676;-1739;-1011;-426;162;52;26;640;-1398;-1037;48201
48;3907;1299124;-1736;-993;-453;-71;-56;-20;634;-1413;-1028;59980
48;3908;1299442;-1771;-1002;-431;-153;-84;-23;646;-1396;-1012;52452
48;3909;1299798;-1771;-982;-437;19;-65;24;636;-1377;-1019;59579
48;3910;1300117;-1846;-921;-452;-241;-304;13;626;-1361;-1032;60999
48;3911;1300435;-1827;-992;-385;-327;-139;-253;574;-1301;-1027;12511
48;3912;1300795;-1729;-993;-404;-215;-90;-164;580;-1310;-1003;14076
48;3913;1301114;-1745;-1112;-434;-369;-327;-227;615;-1332;-982;51189
48;3914;1301432;-1583;-1216;-463;-620;-571;-498;609;-1290;-989;22477
48;3915;1301664;-1631;-1214;-479;-881;-887;-29;587;-1241;-1019;5906
48;3916;1302111;-1673;-1227;-341;-1176;-642;-310;433;-1087;-1173;38811
48;3917;1302445;-1593;-1411;-194;-761;-1080;-346;387;-1105;-1344;46139
48;3918;1302762;-1796;-1340;-120;-327;-122;-320;396;-1189;-1481;603
48;3919;1303107;-1681;-1364;-153;523;151;33;389;-1195;-1505;50645
48;3920;1303448;-1938;-1529;-343;27;68;188;403;-1174;-1451;63090
48;3921;1303765;-1534;-1231;-262;219;-339;-60;427;-1112;-1453;35774
48;3922;1304112;-2159;-1898;-487;-469;-364;1;432;-1205;-1482;56704
48;3923;1304340;-1641;-1383;-164;185;-420;-32;425;-1208;-1542;54717
48;3924;1304658;-1923;-1503;-269;-112;152;88;405;-1196;-1555;54966
48;3925;1305098;-1426;-1063;-162;517;-251;-244;386;-1211;-1500;49024
48;3926;1305334;-2147;-1663;-383;-93;85;100;395;-1250;-1506;48144
48;3927;1305652;-1428;-1149;-173;356;-114;-4;366;-1234;-1524;18784
48;3928;1306095;-1650;-1090;-155;-286;195;6;355;-1170;-1489;52110
48;3929;1306437;-1325;-988;35;20;78;-138;342;-1233;-1497;11489
48;3930;1306759;-1353;-1153;-203;126;-162;76;357;-1241;-1417;12188
48;3931;1307093;-1310;-1057;-98;183;-300;-24;351;-1277;-1587;55460
48;3932;1307438;-1514;-1098;-373;-411;17;-363;327;-1205;-1517;39879
48;3933;1307989;-1100;-884;-211;-65;-332;177;384;-1282;-1457;29574
48;3934;1308306;-1298;-991;-138;-121;-241;139;371;-1276;-1621;24841
48;3935;1308542;-1309;-867;-70;-599;493;-189;369;-1241;-1560;7991
48;3936;1308774;-1404;-1080;-253;218;-338;-431;371;-1334;-1533;27200
48;3937;1309093;-2187;-1536;-276;208;-217;210;410;-1309;-1567;13366
48;3938;1309415;-1339;-1086;-122;308;-77;180;383;-1305;-1637;17587
48;3939;1309669;-2448;-1835;-391;-189;136;430;371;-1233;-1600;62275
48;3940;1309988;-1427;-1050;-69;273;-275;-321;366;-1292;-1597;62156
48;3941;1310306;-1594;-1345;-275;-91;-89;96;396;-1354;-1529;49888
48;3942;1310534;-1404;-1210;-209;231;-343;12;383;-1357;-1600;61631
48;3943;1310985;-1765;-1278;-523;-246;283;-372;325;-1260;-1563;65146
48;3944;1311429;-1519;-1209;-205;-156;-65;85;442;-1382;-1505;21748
48;3945;1311750;-1277;-833;-24;533;-16;539;400;-1260;-1637;36416
48;3946;1312093;-1764;-1268;-676;-49;-97;-445;317;-1229;-1506;15059
48;3947;1312321;-1810;34;-126;-673;-850;-286;399;-1340;-1686;40157
48;3948;1312639;-1359;-1241;-255;-555;-408;386;484;-1427;-1625;53796
48;3949;1313103;-1837;-1510;-155;-584;-12;954;511;-1401;-1688;38577
48;3950;1313420;-1526;-1306;-341;545;-338;-244;430;-1350;-1590;42776
48;3951;1313738;-2455;-1706;-475;185;385;-298;444;-1413;-1545;57946
48;3952;1314103;-1331;-1082;-79;372;-213;493;513;-1396;-1731;56260
48;3953;1314424;-1597;-1135;-376;-25;-12;-278;426;-1332;-1691;31731
48;3954;1314746;-1904;-1461;-269;-463;484;-365;463;-1406;-1678;55283
48;3955;1315080;-1337;-1095;-308;147;-426;12;487;-1439;-1561;41009
48;3956;1315318;-1875;-1398;-247;-429;-96;628;505;-1376;-1666;35796
48;3957;1315635;-1253;-1032;-420;633;-35;-374;432;-1355;-1523;63810
48;3958;1315970;-2011;-1425;-296;-110;426;-431;455;-1404;-1649;59863
48;3959;1316418;-1283;-967;-12;-100;-333;431;525;-1395;-1704;45419
48;3960;1316756;-1022;-876;-362;223;-464;-161;440;-1348;-1619;27104
48;3961;1317076;-2119;-1435;-314;-353;949;-592;427;-1356;-1640;10968
48;3962;1317417;-1358;-1221;-495;765;-396;-137;533;-1457;-1568;9638
48;3963;1317645;-1533;-1027;-89;-578;371;419;558;-1386;-1669;47825
48;3964;1318069;-1155;-817;-7;-57;17;8;476;-1306;-1684;52751
48;3965;1318403;-1319;-1161;-429;-280;82;-223;482;-1396;-1493;60524
48;3966;1318639;-1228;-1111;-331;158;-899;19;532;-1431;-1608;9808
48;3967;1319067;-775;-821;-150;-823;-2184;-1047;542;-1470;-1829;37332
48;3968;1319406;-2633;-2151;-684;-372;221;425;820;-1631;-1699;51386
48;3969;1319747;-1376;-1236;-325;490;1014;196;691;-1553;-1528;36144
48;3970;1320066;-2291;-1397;-535;-382;-1472;474;601;-1423;-1609;23573
48;3971;1320294;-970;-904;-8;-505;-371;-580;571;-1509;-1695;47139
48;3972;1320612;-1602;-1653;-449;307;680;34;691;-1573;-1495;31897
48;3973;1320955;-1674;-1277;-590;1601;1263;817;563;-1300;-1652;26076
48;3974;1321183;-1964;-1332;-678;315;714;-80;420;-1190;-1504;52291
48;3975;1321500;-1648;-1243;-408;74;-414;-542;463;-1288;-1600;4931
48;3976;1322076;-1700;-1474;-353;-675;-513;83;488;-1336;-1794;9391
48;3977;1322398;-1051;-903;-185;-381;-87;-869;519;-1431;-1665;33584
48;3978;1322716;-1797;-1771;-339;187;0;289;646;-1498;-1646;43752
48;3979;1323074;-1402;-1198;-227;727;-117;-157;547;-1414;-1761;61006
48;3980;1323392;-1682;-1231;-113;-138;340;148;530;-1345;-1763;42866
48;3981;1323724;-1577;-1370;-220;204;193;-232;520;-1401;-1719;49803
48;3982;1324067;-1461;-1215;-314;-26;-259;173;566;-1410;-1710;54147
48;3983;1324389;-2011;-1668;-346;-493;-143;265;555;-1399;-1744;14220
48;3984;1324620;-1644;-1309;-307;-505;-60;-34;528;-1396;-1692;50100
48;3985;1324943;-2061;-1848;-584;-422;608;-442;560;-1499;-1610;54337
48;3986;1325179;-1570;-1446;-523;722;-537;1108;637;-1409;-1639;37026
48;3987;1325619;-2189;-1753;-526;-242;-64;265;457;-1343;-1706;56554
48;3988;1326047;-1593;-1280;-207;-227;185;-454;483;-1406;-1704;38727
48;3989;1326403;-1197;-748;-160;349;-195;45;561;-1425;-1731;45837
48;3990;1326721;-1637;-1375;-226;-503;154;643;588;-1376;-1810;1544
48;3991;1327048;-1143;-927;-209;142;-84;-398;470;-1359;-1702;48220
48;3992;1327404;-1802;-1558;-530;119;-318;352;553;-1426;-1643;17784
48;3993;1327722;-1516;-1321;-232;211;-129;151;531;-1371;-1787;22891
48;3994;1328041;-1626;-1208;-444;-91;121;-329;492;-1351;-1669;1484
48;3995;1328269;-1467;-1109;-104;184;-90;-276;533;-1404;-1710;11523
48;3996;1328610;-1534;-1141;-232;302;-321;333;547;-1394;-1683;14522
48;3997;1329050;-2210;-1493;-244;-741;158;339;513;-1331;-1788;4502
48;3998;1329372;-1466;-1180;21;-52;9;-262;541;-1409;-1752;22588
48;3999;1329609;-2012;-1762;-414;-99;81;44;546;-1468;-1657;35947
48;4000;1330061;-1973;-1283;-272;28;202;948;547;-1319;-1721;14485
48;4001;1330379;-760;-831;-255;15;-528;-541;491;-1333;-1618;27909
48;4002;1330720;-2215;-1802;-529;-772;184;-12;535;-1438;-1649;31350
48;4003;1331054;-1835;-1428;-517;1440;485;878;538;-1299;-1714;4019
48;4004;1331373;-1621;-1287;-629;70;5;-394;405;-1208;-1548;9027
48;4005;1331705;-2106;-1505;-266;-100;-13;-774;457;-1282;-1741;32163
48;4006;1332050;-1128;-958;-308;16;-922;206;555;-1359;-1737;43870
48;4007;1332372;-2236;-1774;-370;-812;326;531;562;-1326;-1783;38110
48;4008;1332705;-1259;-1206;-349;53;-432;133;526;-1315;-1722;59224
48;4009;1333048;-2118;-1878;-606;284;215;-175;526;-1383;-1618;22593
48;4010;1333366;-1723;-1333;-369;1410;415;667;543;-1282;-1816;28549
48;4011;1333594;-2074;-1458;-493;-21;927;-102;438;-1177;-1688;57206
48;4012;1334044;-1954;-1599;-330;-746;-311;-940;483;-1344;-1722;57819
48;4013;1334488;-1332;-1138;-173;273;-423;-50;558;-1381;-1839;40440
48;4014;1334912;-974;-892;-173;185;84;-497;498;-1318;-1674;14800
48;4015;1335152;-1790;-1531;-325;-169;181;84;556;-1368;-1671;3060
48;4016;1335379;-1716;-1455;-342;375;-266;-54;571;-1393;-1687;32777
48;4017;1335697;-1869;-1473;-415;613;-501;724;568;-1309;-1877;63902
48;4018;1336020;-923;-862;-165;-5;325;-387;459;-1253;-1737;39785
48;4019;1336272;-2213;-1805;-443;-87;505;-562;493;-1338;-1666;8677
48;4020;1336590;-858;-575;-50;554;-218;20;508;-1298;-1772;24080
48;4021;1336913;-1897;-1422;-236;-349;390;504;514;-1218;-1852;48048
48;4022;1337140;-909;-792;-201;41;134;-446;449;-1244;-1729;9227
48;4023;1337487;-2332;-1893;-600;-309;-55;-363;530;-1378;-1624;34163
48;4024;1338037;-1705;-1388;-261;-578;264;456;571;-1293;-1873;4079
48;4025;1338354;-1150;-936;-150;60;21;-261;514;-1336;-1767;4637
48;4026;1338591;-1869;-1813;-511;-252;291;-235;555;-1432;-1664;23681
48;4027;1339031;-1849;-1588;-269;258;-279;187;493;-1291;-1818;52338
48;4028;1339348;-1046;-940;-261;292;-43;-723;474;-1314;-1717;56015
48;4029;1339709;-2225;-1861;-564;-317;336;-59;571;-1411;-1747;17311
48;4030;1340028;-1425;-1239;-301;247;-402;174;566;-1375;-1771;402
48;4031;1340350;-1860;-1354;-477;-238;425;-112;499;-1277;-1730;28634
48;4032;1340708;-1837;-1434;-211;-122;413;-501;540;-1382;-1722;56755
48;4033;1341031;-1042;-761;-168;358;-300;51;524;-1309;-1742;17837
48;4034;1341353;-1882;-1302;-241;-265;431;184;503;-1238;-1781;29001
48;4035;1341581;-864;-804;-227;188;108;-370;455;-1286;-1673;1468
48;4036;1342032;-1639;-1325;-349;155;-361;248;544;-1333;-1706;181
48;4037;1342366;-1927;-1580;-336;125;-88;669;515;-1272;-1848;65144
48;4038;1342683;-933;-897;-234;387;175;-204;432;-1206;-1679;29145
48;4039;1343028;-2049;-1670;-541;-114;-136;-235;487;-1309;-1619;51660
48;4040;1343362;-1404;-1275;-270;-73;-450;252;500;-1313;-1761;48801
48;4041;1343679;-1526;-1182;-447;-67;182;-466;465;-1243;-1708;32802
48;4042;1344022;-2250;-1764;-433;-388;348;-434;517;-1336;-1709;26702
48;4043;1344250;-1456;-1247;-343;13;-329;211;537;-1373;-1651;22288
48;4044;1344573;-2014;-1485;-261;74;-246;391;530;-1277;-1786;53750
48;4045;1345012;-1025;-924;-147;247;-194;-364;523;-1326;-1705;48997
48;4046;1345252;-1856;-1439;-269;-107;-33;106;561;-1334;-1735;54782
48;4047;1345570;-1505;-1282;-207;103;55;-94;528;-1308;-1776;41054
48;4048;1345790;-2068;-1702;-351;21;-86;501;526;-1273;-1762;42554
48;4049;1346017;-1247;-990;-144;35;-195;-99;479;-1257;-1742;12581
48;4050;1346366;-2282;-1823;-355;188;-35;88;526;-1353;-1747;17797
48;4051;1346684;-1301;-1039;-137;118;26;-195;518;-1332;-1793;3157
48;4052;1347026;-1631;-1355;-350;-61;215;-106;534;-1321;-1760;48750
48;4053;1347367;-1736;-1529;-315;850;1012;346;515;-1277;-1783;62191
48;4054;1347914;-1632;-1358;-510;1483;1657;495;424;-1110;-1254;36856
48;4055;1348235;-1300;-1169;-476;592;537;658;577;-1192;-1128;55404
48;4056;1348471;-1766;-1272;-486;679;97;375;570;-1142;-1150;59526
48;4057;1348699;-1741;-1429;-321;397;33;-214;574;-1261;-1247;62277
48;4058;1349022;-1765;-1154;-371;247;355;49;633;-1326;-1236;47333
48;4059;1349344;-1460;-1227;-286;-1141;-495;-29;658;-1267;-1153;57983
48;4060;1349595;-1460;-1132;-351;355;-19;255;641;-1201;-1141;51486
48;4061;1349914;-1630;-911;-161;265;-97;2;598;-1181;-1173;26169
48;4062;1350232;-1570;-1252;-141;-478;-721;57;592;-1185;-1252;2960
48;4063;1350459;-1606;-1236;99;-66;-15;-23;536;-1194;-1300;692
48;4064;1350912;-1808;-1520;28;279;10;-11;566;-1185;-1294;60440
48;4065;1351351;-1748;-1334;-13;412;155;61;593;-1228;-1329;6102
48;4066;1351668;-1372;-981;-94;-199;-110;-49;593;-1214;-1291;8019
48;4067;1352019;-1828;-1602;15;-105;-105;5;598;-1188;-1286;39225
48;4068;1352247;-1335;-1010;-261;-315;-139;153;591;-1164;-1287;19152
48;4069;1352565;-1551;-1410;121;-839;-749;-226;548;-1131;-1338;34765
48;4070;1353032;-1767;-1685;-289;-1131;-803;-348;465;-960;-1403;21043
48;4071;1353350;-1440;-1241;-193;-965;-802;-620;424;-989;-1571;54308
48;4072;1353672;-1730;-1666;-272;-976;-503;282;468;-1062;-1611;5781
48;4073;1354030;-1537;-1722;-300;-603;-932;-802;457;-1210;-1710;36646
48;4074;1354348;-925;-886;-46;-291;-274;38;537;-1219;-1771;34215
48;4075;1354669;-1954;-1685;-164;-266;186;388;541;-1237;-1794;13225
48;4076;1355004;-1155;-958;-110;511;-330;-752;570;-1354;-1757;64894
48;4077;1355240;-2019;-1962;-453;-342;-389;444;708;-1415;-1786;15132
48;4078;1355558;-1276;-1117;-248;-82;-235;-239;610;-1322;-1820;23234
48;4079;1355896;-1770;-1391;-259;-521;123;455;621;-1285;-1791;4138
48;4080;1356344;-1929;-1765;-544;-649;350;36;648;-1374;-1588;47015
48;4081;1356681;-1374;-1158;-310;574;-349;18;606;-1323;-1768;39943
48;4082;1357004;-2082;-1708;-400;-382;542;-472;588;-1308;-1835;1121
48;4083;1357346;-1784;-1357;-40;-75;142;182;659;-1362;-1805;16085
48;4084;1357574;-2134;-1860;-607;191;-380;700;595;-1329;-1738;13390
48;4085;1358001;-1750;-1589;-304;-431;14;381;592;-1325;-1825;39865
48;4086;1358335;-1131;-990;-157;-48;-86;-413;557;-1325;-1754;37880
48;4087;1358572;-2474;-1958;-537;166;266;150;627;-1375;-1708;61418
48;4088;1359000;-1677;-1418;-211;273;-257;709;613;-1277;-1935;45503
48;4089;1359334;-942;-848;-186;-38;177;-726;506;-1248;-1797;62022
48;4090;1359678;-2047;-1747;-502;-554;206;-152;567;-1337;-1682;42089
48;4091;1359997;-1349;-1218;-241;619;-413;64;591;-1348;-1859;49709
48;4092;1360225;-1773;-1377;-234;-215;386;263;595;-1277;-1871;23386
48;4093;1360547;-997;-787;-161;236;12;-286;502;-1260;-1746;42306
48;4094;1360889;-1489;-1514;-375;-332;-230;576;609;-1384;-1695;46094
48;4095;1361117;-1123;-687;47;257;-276;-229;554;-1272;-1830;65492
48;4096;1361439;-1873;-1353;-291;-281;-179;440;563;-1295;-1768;55319
48;4097;1362012;-2134;-1837;-347;180;15;571;633;-1377;-1762;2303
48;4098;1362330;-1466;-1279;-413;265;-275;-469;543;-1317;-1775;54829
48;4099;1362647;-1886;-1346;-488;-641;608;-343;542;-1332;-1753;3000
48;4100;1363007;-2059;-1642;-292;-243;99;474;653;-1390;-1820;15511
48;4101;1363325;-1052;-828;-131;135;29;55;601;-1366;-1765;22056
48;4102;1363658;-1971;-1592;-298;-265;-54;433;571;-1288;-1794;29489
48;4103;1364003;-1300;-1030;-160;240;-335;-101;537;-1318;-1740;56004
48;4104;1364325;-1798;-1659;-480;205;-244;-147;604;-1400;-1747;18686
48;4105;1364556;-1215;-1103;-268;340;-145;152;630;-1390;-1833;44096
48;4106;1364875;-1640;-1320;-295;-655;615;129;576;-1285;-1782;895
48;4107;1365111;-1243;-986;-244;136;27;-281;528;-1322;-1699;64320
48;4108;1365551;-1558;-1219;-307;190;-416;-2;624;-1360;-1768;12592
48;4109;1365975;-2007;-1333;-290;-415;-173;607;644;-1339;-1872;53522
48;4110;1366333;-1249;-1206;-350;-223;-692;-73;619;-1384;-1854;33761
48;4111;1366655;-1280;-1115;-309;-1584;-38;29;679;-1452;-1710;20698
48;4112;1366974;-1555;-1578;-445;-810;420;-108;684;-1323;-1201;7276
48;4113;1367334;-1330;-1093;-446;2284;-361;1070;671;-1176;-1402;62657
48;4114;1367652;-1985;-1531;-611;2288;289;1162;414;-993;-1770;61604
48;4115;1367971;-1505;-1060;-458;1522;-211;-1207;344;-850;-1751;318
48;4116;1368203;-1461;-1175;-173;537;-360;-1409;402;-1126;-1923;34193
48;4117;1368544;-1100;-974;-172;-1420;-547;358;572;-1308;-1862;6181
48;4118;1368988;-2583;-2144;-743;-500;189;-208;492;-1229;-1672;541
48;4119;1369309;-1561;-1625;-568;231;-647;168;554;-1306;-1545;28881
48;4120;1369549;-1889;-1261;-327;-418;-186;29;524;-1199;-1680;42254
48;4121;1369990;-2246;-1817;-569;293;354;26;553;-1296;-1741;48369
48;4122;1370308;-1260;-1109;-415;1075;358;89;599;-1328;-1901;50387
48;4123;1370649;-1753;-1325;-470;-1208;653;157;520;-1166;-1819;18965
48;4124;1370983;-1701;-1361;-359;-648;147;-331;468;-1225;-1647;49849
48;4125;1371302;-1041;-872;-256;201;-389;-564;548;-1317;-1594;7864
48;4126;1371635;-2103;-1462;-414;590;61;1301;606;-1240;-1778;60692
48;4127;1371987;-1069;-976;-276;472;-208;-96;477;-1228;-1750;61641
48;4128;1372309;-1878;-1634;-531;-297;-51;-193;532;-1285;-1763;16630
48;4129;1372537;-1116;-1039;-338;-149;-296;-129;553;-1313;-1764;53336
48;4130;1372986;-1118;-990;-403;-41;108;-569;487;-1258;-1612;1813
48;4131;1373303;-1946;-1551;-404;-85;177;-428;534;-1320;-1673;13132
48;4132;1373531;-1654;-1254;-386;391;-580;485;596;-1315;-1723;61954
48;4133;1373981;-1572;-1089;-201;-490;689;-55;549;-1230;-1822;57632
48;4134;1374424;-1725;-1501;-376;-416;346;-105;550;-1313;-1689;6831
48;4135;1374962;-1623;-1417;-311;253;-577;294;569;-1314;-1838;29286
48;4136;1375218;-1487;-1306;-387;-655;566;116;567;-1275;-1788;38747
48;4137;1375535;-1410;-1055;-116;-91;361;-134;530;-1275;-1749;13374
48;4138;1375854;-1629;-1249;-360;228;-51;-4;548;-1298;-1656;37257
48;4139;1376082;-1437;-1259;-402;714;-376;-38;540;-1308;-1760;44412
48;4140;1376318;-1690;-1231;-260;-339;196;480;553;-1210;-1830;20972
48;4141;1376636;-1091;-932;-224;-112;-226;52;493;-1250;-1724;25461
48;4142;1376974;-2170;-1896;-592;33;36;-213;531;-1323;-1600;23299
48;4143;1377426;-1677;-1267;-249;-493;-159;558;587;-1315;-1888;42481
48;4144;1377972;-1739;-1379;-237;-130;434;-22;535;-1260;-1783;61593
48;4145;1378290;-925;-694;-159;568;307;-473;583;-1358;-1671;62406
48;4146;1378530;-1898;-1494;-465;1130;721;1378;614;-1247;-1732;50798
48;4147;1378970;-1116;-951;-241;-171;-615;548;448;-1110;-1661;51746
48;4148;1379288;-1797;-1657;-605;-455;-219;-925;419;-1208;-1615;14701
48;4149;1379644;-1314;-1322;-323;155;-831;324;573;-1323;-1786;46004
48;4150;1379974;-1106;-1011;-345;97;206;-468;495;-1241;-1701;56652
48;4151;1380292;-1862;-1347;-294;-87;249;-474;524;-1274;-1753;63130
48;4152;1380650;-1174;-919;-364;135;-334;-63;549;-1255;-1711;45814
48;4153;1380969;-1850;-1388;-413;-663;369;27;522;-1227;-1705;26872
48;4154;1381287;-1179;-989;-66;152;-283;-2;549;-1287;-1765;16623
48;4155;1381515;-2109;-1701;-609;-83;343;-318;552;-1350;-1645;43376
48;4156;1381963;-1738;-1396;-286;-153;-202;571;608;-1292;-1858;29666
48;4157;1382296;-891;-826;-222;83;-29;-349;518;-1254;-1736;38977
48;4158;1382620;-2521;-2002;-841;-262;115;7;559;-1328;-1626;57032
48;4159;1382966;-1245;-1142;-229;254;-422;24;570;-1305;-1848;10074
48;4160;1383300;-1820;-1360;-512;-263;424;58;559;-1252;-1752;346
48;4161;1383618;-1602;-1358;-254;77;28;-52;586;-1317;-1783;31018
48;4162;1383960;-857;-705;-61;122;26;-272;559;-1307;-1775;63480
48;4163;1384188;-1854;-1581;-416;284;79;661;594;-1266;-1789;56010
48;4164;1384507;-1068;-999;-266;154;-403;-466;507;-1255;-1743;36688
48;4165;1384946;-1908;-1748;-512;76;-273;389;611;-1313;-1786;14909
48;4166;1385187;-1304;-1150;-278;339;111;-28;567;-1236;-1835;37361
48;4167;1385505;-1744;-1289;-256;-173;154;-12;529;-1209;-1818;15588
48;4168;1385949;-1963;-1543;-425;-155;419;55;538;-1252;-1671;38585
48;4169;1386290;-1142;-920;-196;228;-114;-294;569;-1320;-1701;34053
48;4170;1386608;-1797;-1601;-335;-59;-332;937;589;-1236;-1839;53771
48;4171;1386946;-1150;-894;-169;-107;-38;-236;486;-1185;-1779;14942
48;4172;1387288;-1935;-1810;-576;-39;-84;-154;524;-1286;-1641;65287
48;4173;1387841;-1581;-1159;-199;-234;191;642;566;-1208;-1827;9985
48;4174;1388159;-1171;-934;-89;35;140;-317;467;-1186;-1783;40788
48;4175;1388396;-2209;-1826;-543;-97;250;-386;510;-1262;-1678;28444
48;4176;1388624;-944;-783;-153;-62;-176;11;541;-1275;-1682;55618
48;4177;1388943;-1526;-1271;-294;-365;222;138;515;-1196;-1739;61701
48;4178;1389261;-1182;-945;-173;230;-518;-232;495;-1224;-1778;61274
48;4179;1389513;-2244;-1946;-663;-324;421;-136;543;-1318;-1682;7895
48;4180;1389832;-1374;-1262;-353;759;-292;41;544;-1256;-1787;5381
48;4181;1390154;-1405;-1134;-300;-427;552;-27;512;-1170;-1781;64160
48;4182;1390389;-1124;-949;-240;96;-281;-271;487;-1232;-1771;64854
48;4183;1390841;-946;-940;-311;-133;-464;-65;597;-1346;-1629;65306
48;4184;1391281;-1500;-1234;-383;-459;734;-398;502;-1210;-1747;40177
48;4185;1391598;-1250;-978;-49;234;107;105;550;-1259;-1787;6998
48;4186;1391941;-1686;-1421;-450;612;-182;263;562;-1265;-1753;46687
48;4187;1392169;-1336;-1086;-261;426;-61;161;517;-1201;-1838;65237
48;4188;1392487;-1858;-1568;-663;-489;623;-92;474;-1151;-1711;25863
48;4189;1392958;-1645;-1460;-343;-195;231;-867;506;-1275;-1692;50577
48;4190;1393276;-1166;-989;-401;-4;-729;208;564;-1272;-1667;62351
48;4191;1393594;-1583;-1287;-286;-678;229;-48;531;-1220;-1786;11462
48;4192;1393952;-1139;-858;103;23;194;-330;562;-1297;-1862;18879
48;4193;1394273;-1581;-1197;-379;159;-195;309;626;-1333;-1673;41070
48;4194;1394592;-1586;-1450;-183;-147;-98;655;625;-1332;-1854;58715
48;4195;1394926;-889;-831;-273;232;-72;-74;484;-1184;-1680;20356
48;4196;1395165;-2032;-1576;-386;-188;232;-227;496;-1231;-1728;55030
48;4197;1395482;-989;-821;-186;178;-256;-339;546;-1314;-1712;14353
48;4198;1395820;-1978;-1173;-508;644;1178;266;471;-1097;-1647;37813
48;4199;1396270;-1829;-1612;-411;-620;-660;-319;464;-1187;-1705;23440
48;4200;1396603;-988;-853;-119;-443;-262;-152;522;-1241;-1728;35588
48;4201;1396926;-1656;-1514;-356;-283;-302;487;537;-1225;-1764;39978
48;4202;1397268;-1209;-987;-175;-16;-256;-387;486;-1247;-1736;30434
48;4203;1397496;-2081;-1883;-556;-208;-136;-132;564;-1325;-1719;63243
48;4204;1397924;-1698;-1728;-473;410;-274;338;629;-1356;-1834;31661
48;4205;1398264;-1101;-898;-273;37;388;-523;531;-1241;-1763;4631
48;4206;1398501;-2000;-1766;-486;-105;285;-383;573;-1336;-1690;31808
48;4207;1398925;-1311;-1093;-287;208;-252;-16;599;-1301;-1801;55167
48;4208;1399259;-1617;-1352;-416;-596;437;-65;586;-1258;-1767;10665
48;4209;1399918;-1039;-937;-153;331;-423;275;597;-1265;-1754;13919
48;4210;1400146;-1684;-1502;-363;407;141;-168;553;-1248;-1834;57221
48;4211;1400468;-1342;-1015;-313;86;155;-255;538;-1216;-1778;55387
48;4212;1400931;-1896;-1673;-434;-177;166;-104;620;-1342;-1705;54963
48;4213;1401253;-1531;-1320;-401;132;-148;144;564;-1261;-1755;53151
48;4214;1401571;-1650;-1271;-450;-82;115;-257;549;-1245;-1737;39625
48;4215;1401933;-1731;-1619;-433;-898;-37;343;625;-1375;-1723;59963
48;4216;1402251;-808;-557;-65;468;143;-533;534;-1241;-1758;25171
48;4217;1402573;-1925;-1367;-356;-338;-33;530;557;-1228;-1759;37891
48;4218;1402908;-1281;-1060;-211;360;-13;-501;534;-1294;-1739;34862
48;4219;1403156;-1938;-1586;-481;-128;-191;272;637;-1340;-1700;43730
48;4220;1403474;-1444;-1296;-346;396;-121;254;582;-1263;-1801;12222
48;4221;1403812;-1501;-1326;-477;-194;664;-39;521;-1197;-1678;65138
48;4222;1404260;-2035;-1947;-599;-257;300;-152;546;-1289;-1692;11584
48;4223;1404593;-1288;-1134;-322;237;-476;48;542;-1240;-1749;53554
48;4224;1404912;-1619;-1400;-335;-320;472;-148;506;-1188;-1726;29265
48;4225;1405254;-1288;-1006;-130;161;82;-208;539;-1258;-1766;52810
48;4226;1405485;-1676;-1621;-519;-306;-123;350;573;-1278;-1685;15063
48;4227;1405910;-1845;-1545;-375;-273;119;40;515;-1220;-1787;32053
48;4228;1406247;-940;-901;-188;149;-387;-275;525;-1279;-1751;56790
48;4229;1406488;-1985;-1789;-426;-364;358;-354;583;-1335;-1723;17042
48;4230;1406912;-1564;-1209;-282;251;-367;19;531;-1245;-1803;32512
48;4231;1407246;-1768;-1331;-519;-335;44;-11;534;-1218;-1733;32699
48;4232;1407587;-2011;-1677;-399;-256;335;-321;573;-1323;-1708;31650
48;4233;1407910;-1090;-855;-256;514;-404;78;594;-1291;-1716;20418
48;4234;1408142;-1771;-1578;-343;122;-1;259;579;-1294;-1832;38109
48;4235;1408460;-1128;-921;-385;336;13;-518;519;-1237;-1677;29754
48;4236;1408802;-2213;-1974;-696;-352;64;637;601;-1292;-1711;40023
48;4237;1409034;-1039;-802;-183;182;-224;1;528;-1221;-1735;19165
48;4238;1409352;-1899;-1582;-333;-161;99;273;549;-1212;-1804;9402
48;4239;1409925;-1862;-1547;-425;-440;477;-228;564;-1293;-1735;6747
48;4240;1410243;-1051;-918;-252;452;-318;9;571;-1279;-1766;58460
48;4241;1410560;-2001;-1513;-400;-435;441;164;551;-1198;-1740;64123
48;4242;1410922;-1340;-1121;-244;243;-196;8;523;-1227;-1727;29937
48;4243;1411240;-1565;-1255;-426;255;-207;-5;573;-1290;-1671;63432
48;4244;1411573;-2033;-1660;-369;-118;-302;784;593;-1255;-1824;19108
48;4245;1411920;-936;-876;-217;307;-275;-230;515;-1237;-1759;34417
48;4246;1412238;-2164;-1770;-574;-108;66;89;574;-1303;-1708;15182
48;4247;1412466;-1117;-865;-207;447;-234;-21;556;-1247;-1775;10739
48;4248;1412788;-1748;-1474;-363;-103;256;317;539;-1197;-1796;60720
48;4249;1413029;-972;-934;-246;57;104;-132;480;-1189;-1691;60568
48;4250;1413468;-1787;-1681;-569;-15;-209;-196;515;-1267;-1671;39555
48;4251;1413896;-1499;-1240;-181;-289;86;287;554;-1224;-1858;29589
48;4252;1414258;-1096;-1009;-260;212;-198;47;520;-1235;-1763;832
48;4253;1414580;-2436;-1825;-590;-66;137;-226;541;-1257;-1676;39390
48;4254;1414899;-1411;-1253;-342;536;-458;89;555;-1245;-1790;34585
48;4255;1415256;-1599;-1219;-513;-36;32;-197;515;-1194;-1695;46440
48;4256;1415574;-1720;-1586;-306;-708;14;26;534;-1241;-1782;6141
48;4257;1415897;-1015;-898;-224;392;-97;-154;567;-1299;-1697;21800
48;4258;1416125;-1636;-1496;-280;371;-304;538;587;-1285;-1838;30825
48;4259;1416467;-1061;-995;-295;252;-72;-89;516;-1210;-1760;26123
48;4260;1416907;-1965;-1795;-536;-345;-54;-80;544;-1286;-1635;11439
48;4261;1417228;-1528;-1399;-343;528;-360;257;543;-1273;-1763;65407
48;4262;1417464;-2096;-1594;-460;-183;324;-151;521;-1211;-1794;54761
48;4263;1417909;-1927;-1622;-331;-558;503;-26;581;-1282;-1836;9829
48;4264;1418230;-1108;-851;-216;243;98;424;595;-1272;-1719;47248
48;4265;1418571;-1979;-1495;-424;-365;152;342;495;-1150;-1702;19406
48;4266;1418909;-1263;-1061;-177;124;-432;-454;501;-1240;-1701;8870
48;4267;1419227;-1562;-1472;-371;47;-210;-70;608;-1322;-1724;52546
48;4268;1419560;-1516;-1321;-229;605;-459;387;579;-1221;-1871;14871
48;4269;1419902;-1053;-879;-333;209;44;-516;478;-1175;-1723;38275
48;4270;1420220;-1888;-1560;-481;-659;661;-344;534;-1271;-1681;31205
48;4271;1420552;-1102;-983;-203;514;-391;-133;566;-1280;-1726;46875
48;4272;1420898;-2182;-1473;-433;14;622;232;516;-1159;-1735;18881
48;4273;1421216;-1329;-983;-46;577;143;-205;460;-1115;-1767;13914
48;4274;1421447;-1628;-1639;-595;252;305;152;476;-1148;-1659;34250
48;4275;1421895;-1207;-1202;-271;-89;248;-201;439;-1108;-1734;9966
48;4276;1422339;-595;-558;-89;-515;-313;-186;525;-1260;-1661;50884
48;4277;1422762;-1720;-1676;-336;-116;-67;-581;536;-1232;-1730;48057
48;4278;1422998;-1105;-1171;-354;521;-9;94;587;-1263;-1749;38159
48;4279;1423225;-2137;-1700;-398;-109;275;359;593;-1202;-1819;15448
48;4280;1423547;-1196;-1079;-292;482;-14;-170;541;-1206;-1708;5053
48;4281;1423869;-2108;-1596;-402;-169;24;111;607;-1281;-1664;54379
48;4282;1424120;-1179;-1127;-229;238;-514;-90;582;-1265;-1736;14810
48;4283;1424438;-2117;-1573;-326;-160;41;208;563;-1177;-1750;19578
48;4284;1424761;-1192;-905;-82;286;-202;-379;562;-1244;-1767;64063
48;4285;1424992;-1857;-1855;-647;-409;78;-226;617;-1344;-1661;56401
48;4286;1425333;-1584;-1375;-395;254;-597;146;613;-1275;-1745;59429
48;4287;1425882;-1381;-1215;-377;470;-107;-226;547;-1241;-1674;7563
48;4288;1426199;-1759;-1518;-449;139;183;-65;615;-1252;-1643;59878
48;4289;1426435;-1211;-1190;-347;617;-235;-61;593;-1265;-1747;35247
48;4290;1426875;-1281;-1059;-431;326;188;-405;537;-1182;-1693;1510
48;4291;1427192;-2016;-1585;-397;-936;-163;-225;567;-1242;-1753;4529
48;4292;1427549;-970;-840;-143;135;-334;31;608;-1269;-1730;345
48;4293;1427871;-2124;-1380;-368;-52;307;356;553;-1142;-1672;46334
48;4294;1428189;-1263;-993;-184;238;-457;-153;563;-1206;-1753;27906
48;4295;1428550;-1348;-1285;-394;139;-137;-170;602;-1278;-1736;14984
48;4296;1428869;-1861;-1551;-353;171;425;728;570;-1136;-1722;49788
48;4297;1429190;-811;-796;-246;263;-369;-452;482;-1116;-1624;29748
48;4298;1429418;-1847;-1643;-321;-173;-33;-474;520;-1192;-1701;59188
48;4299;1429869;-1258;-1114;-240;317;-308;41;566;-1193;-1785;49477
48;4300;1430202;-2152;-1688;-463;-388;391;181;526;-1103;-1702;51945
48;4301;1430523;-1755;-1549;-338;-209;-8;-343;540;-1225;-1674;31814
48;4302;1430871;-1025;-886;-205;132;-701;-171;587;-1246;-1692;19432
48;4303;1431204;-1793;-1682;-378;-199;-86;574;611;-1222;-1847;50491
48;4304;1431522;-1191;-1156;-343;326;64;-178;545;-1222;-1757;58695
48;4305;1431864;-1667;-1592;-427;66;254;-354;583;-1273;-1664;34760
48;4306;1432091;-1102;-1044;-304;275;114;-27;618;-1272;-1687;58179
48;4307;1432409;-2009;-1265;-233;-63;374;393;535;-1113;-1722;35623
48;4308;1432852;-1700;-1396;-94;-1081;-955;-432;523;-1249;-1871;29650
48;4309;1433092;-1335;-1245;-320;-506;-258;206;647;-1320;-1688;20648
48;4310;1433413;-1736;-1532;-397;1141;1050;1049;598;-1168;-1690;23956
48;4311;1433853;-1353;-1048;-475;396;-719;15;522;-1165;-1605;33815
48;4312;1434194;-1675;-1587;-552;-949;-537;266;548;-1211;-1720;59894
48;4313;1434512;-1643;-1587;-442;-182;-487;-36;536;-1208;-1781;21185
48;4314;1434850;-1174;-1054;-334;-258;-24;-693;554;-1240;-1702;30289
48;4315;1435191;-1804;-1511;-401;-232;99;-16;652;-1323;-1680;5789
48;4316;1435740;-1690;-1396;-272;215;47;326;638;-1267;-1836;34044
48;4317;1436058;-1155;-1069;-418;265;-86;-266;561;-1220;-1723;63462
48;4318;1436298;-1252;-1013;-138;-169;579;-163;585;-1225;-1767;53486
48;4319;1436530;-1135;-1128;-350;201;178;-199;576;-1249;-1643;64415
48;4320;1436848;-1212;-1111;-201;290;156;161;572;-1215;-1751;48254
48;4321;1437166;-1585;-1373;-524;-51;254;97;523;-1147;-1667;3704
48;4322;1437418;-1258;-1025;-183;246;-389;-59;499;-1127;-1771;7197
48;4323;1437736;-1120;-1061;-376;-376;191;-320;553;-1202;-1636;43910
48;4324;1438058;-1016;-896;-48;370;169;99;612;-1228;-1853;14207
48;4325;1438289;-2070;-1564;-574;-524;245;514;565;-1151;-1670;15390
48;4326;1438737;-1677;-1553;-373;-372;-34;-209;513;-1187;-1745;28307
48;4327;1439176;-1274;-1195;-320;303;-306;-113;573;-1238;-1734;50732
48;4328;1439493;-1562;-1086;-180;-321;357;199;573;-1170;-1741;63868
48;4329;1439835;-1234;-905;-41;192;-227;10;531;-1160;-1794;58607
48;4330;1440067;-2048;-1608;-478;-211;103;-217;556;-1236;-1664;1705
48;4331;1440385;-1092;-1139;-104;100;-342;637;618;-1227;-1808;58060
48;4332;1440852;-1151;-1016;-433;276;2;-575;522;-1180;-1640;61186
48;4333;1441173;-1773;-1621;-468;-577;-18;68;595;-1268;-1703;3386
48;4334;1441491;-1021;-912;-172;69;-406;123;579;-1207;-1738;17406
48;4335;1441848;-1793;-1348;-294;-315;309;190;579;-1182;-1764;26249
48;4336;1442166;-1258;-1099;-234;381;-178;-273;557;-1224;-1730;59875
48;4337;1442484;-1633;-1632;-536;-40;13;-7;620;-1281;-1632;59598
48;4338;1442817;-1464;-1371;-263;331;-479;285;588;-1214;-1845;29613
48;4339;1443053;-1378;-1158;-267;-757;719;-14;574;-1175;-1780;55125
48;4340;1443379;-1360;-1147;-165;33;-8;-406;575;-1250;-1750;59338
48;4341;1443713;-1388;-1270;-390;96;-250;81;627;-1265;-1667;44784
48;4342;1444165;-2132;-1658;-436;-127;386;56;553;-1151;-1789;29149
48;4343;1444497;-1328;-1154;-237;265;-781;31;569;-1224;-1819;57039
48;4344;1444816;-1839;-1573;-435;-524;450;-179;632;-1296;-1646;4293
48;4345;1445157;-1495;-1347;-234;470;-427;296;608;-1247;-1780;12586
48;4346;1445385;-1770;-1492;-442;-341;435;168;570;-1205;-1738;39377
48;4347;1445812;-1778;-1460;-289;-331;436;-340;554;-1202;-1795;8000
48;4348;1446152;-1182;-1081;-384;206;-203;-267;604;-1253;-1673;62594
48;4349;1446388;-1629;-1306;-308;552;819;1005;603;-1131;-1739;26868
48;4350;1446811;-1149;-1054;-368;25;-793;27;489;-1115;-1626;18655
48;4351;1447145;-1929;-2099;-578;-695;-66;-253;524;-1252;-1722;60269
48;4352;1447486;-1152;-1211;-260;289;-700;-195;594;-1294;-1793;51349
48;4353;1447804;-1944;-1488;-378;-293;251;236;602;-1196;-1720;25843
48;4354;1448036;-1103;-1084;-328;440;-185;115;560;-1206;-1712;27885
48;4355;1448357;-1968;-2021;-688;-141;313;-157;569;-1232;-1665;14645
48;4356;1448703;-1763;-1596;-495;411;-396;174;595;-1217;-1776;12625
48;4357;1448931;-1665;-1218;-219;-376;279;121;591;-1150;-1774;50177
48;4358;1449248;-1307;-1143;-159;261;-405;147;565;-1178;-1761;50728
48;4359;1449817;-1348;-1289;-338;321;-91;119;609;-1236;-1724;3671
48;4360;1450134;-1257;-1113;-283;-253;538;-36;536;-1116;-1698;23186
48;4361;1450451;-1288;-896;-38;-183;-254;-334;531;-1191;-1792;15133
48;4362;1450810;-1373;-1206;-374;63;-376;-13;586;-1242;-1657;39531
48;4363;1451131;-1998;-1596;-386;-151;-6;478;592;-1204;-1743;3568
48;4364;1451468;-1040;-1024;-303;505;-343;-211;532;-1178;-1684;3880
48;4365;1451816;-1923;-1772;-561;-53;56;-71;587;-1266;-1711;60027
48;4366;1452134;-1402;-1219;-349;398;-306;-63;584;-1232;-1753;17731
48;4367;1452361;-1600;-1318;-293;-337;157;193;579;-1214;-1778;17981
48;4368;1452680;-1125;-1030;-276;125;-266;15;532;-1166;-1698;41546
48;4369;1452915;-1864;-1597;-379;-230;326;-452;537;-1218;-1693;11112
48;4370;1453355;-1272;-1296;-275;569;-524;193;625;-1288;-1745;33028
48;4371;1453786;-1194;-1056;-335;372;20;-344;540;-1181;-1733;11884
48;4372;1454142;-1991;-1773;-419;-213;144;-563;576;-1266;-1743;8600
48;4373;1454460;-1319;-1196;-298;-52;-413;328;631;-1267;-1707;4761
48;4374;1454778;-1928;-1551;-316;-244;19;183;594;-1222;-1763;33323
48;4375;1455134;-1176;-918;-99;188;-308;-176;601;-1238;-1791;63268
48;4376;1455456;-1554;-1390;-458;-197;-213;-94;649;-1299;-1710;36188
48;4377;1455774;-1540;-1504;-423;-48;-392;555;675;-1306;-1740;39456
48;4378;1456006;-1560;-1333;-482;-355;262;-394;628;-1272;-1744;48216
48;4379;1456347;-1623;-1379;-351;-300;-601;170;704;-1327;-1836;62291
48;4380;1456794;-1103;-1018;-312;-723;72;-143;730;-1366;-1533;41272
48;4381;1457111;-1719;-1686;-639;-455;-301;879;727;-1212;-1276;30198
48;4382;1457347;-1461;-1060;-405;1365;-452;3;595;-1095;-1450;53607
48;4383;1457787;-2233;-1525;-416;1516;312;-443;536;-1025;-1958;38953
48;4384;1458105;-1282;-1111;-387;820;135;-566;574;-1088;-1997;31131
48;4385;1458447;-1822;-1589;-498;-1386;726;539;626;-1164;-1819;51427
48;4386;1458785;-1475;-1187;-233;-412;654;-452;480;-1030;-1572;30334
48;4387;1459109;-1486;-1238;-397;769;-484;-267;572;-1196;-1474;25674
48;4388;1459441;-1988;-1488;-233;238;-581;726;587;-1143;-1844;15605
48;4389;1459784;-777;-777;-229;595;-451;-65;534;-1121;-1860;35839
48;4390;1460101;-2382;-2188;-708;-906;561;-9;548;-1160;-1756;48465
48;4391;1460434;-1269;-1307;-375;-90;-408;-177;568;-1246;-1676;10630
48;4392;1460776;-1463;-1214;-296;-619;526;-360;544;-1145;-1636;29474
48;4393;1461098;-1263;-1070;-126;878;-710;-10;591;-1214;-1774;12923
48;4394;1461326;-2148;-1610;-466;-287;364;-50;592;-1231;-1740;34207
48;4395;1461777;-1862;-1576;-357;-327;8;523;609;-1194;-1820;41683
48;4396;1462217;-1228;-1027;-158;188;-329;-45;551;-1195;-1777;53781
48;4397;1462644;-1343;-1174;-445;151;-275;33;611;-1257;-1616;61076
48;4398;1462880;-1461;-1278;-282;184;-390;390;596;-1216;-1752;2112
48;4399;1463111;-1796;-1463;-330;-261;360;-133;567;-1182;-1725;29440
48;4400;1463429;-1345;-1079;-113;336;-336;-10;558;-1192;-1797;52446
48;4401;1463751;-1482;-1502;-421;-95;147;-42;592;-1238;-1697;8738
48;4402;1464002;-1379;-1220;-289;365;-260;-124;585;-1243;-1764;11001
48;4403;1464320;-1645;-1106;-167;-400;423;-19;574;-1177;-1729;35594
48;4404;1464643;-1296;-1065;-144;288;-404;200;566;-1173;-1758;51701
48;4405;1464870;-2135;-2189;-724;-200;432;-415;561;-1237;-1660;52563
48;4406;1465212;-1331;-1323;-305;50;-213;122;614;-1255;-1724;26773
48;4407;1465758;-1214;-966;-220;398;-445;-349;531;-1194;-1779;43696
48;4408;1466078;-1589;-1328;-375;-438;22;171;641;-1263;-1687;25214
48;4409;1466314;-1375;-1275;-346;20;-190;0;607;-1245;-1712;54688
48;4410;1466758;-1622;-1438;-603;-180;345;-113;556;-1188;-1639;52911
48;4411;1467079;-1562;-1300;-124;225;21;-454;565;-1201;-1776;20158
48;4412;1467435;-1549;-1429;-507;679;-554;116;612;-1241;-1720;4142
48;4413;1467758;-1806;-1619;-452;-574;603;340;618;-1200;-1776;21154
48;4414;1468075;-1343;-1307;-343;242;-372;267;555;-1190;-1709;32200
48;4415;1468432;-1871;-1727;-530;-410;145;-404;555;-1250;-1602;7949
48;4416;1468754;-1616;-1463;-400;693;-664;-87;566;-1234;-1782;5565
48;4417;1469072;-1662;-1487;-544;-370;510;-81;598;-1210;-1766;36325
48;4418;1469300;-1200;-1050;-267;261;-694;80;596;-1231;-1830;38214
48;4419;1469751;-1098;-949;-288;44;-138;79;625;-1286;-1599;24290
48;4420;1470084;-1889;-1554;-387;-66;-218;434;589;-1219;-1676;29600
48;4421;1470401;-1006;-1015;-368;681;-479;-286;546;-1219;-1695;4407
48;4422;1470747;-2064;-1959;-641;-189;528;-33;609;-1269;-1786;18401
48;4423;1471081;-1380;-1211;-344;557;-45;108;592;-1228;-1802;55328
48;4424;1471402;-1698;-1246;-307;-620;700;68;547;-1152;-1746;60041
48;4425;1471744;-1407;-1131;-209;344;-171;-587;541;-1215;-1692;64132
48;4426;1471971;-2274;-2076;-723;-446;21;450;593;-1282;-1604;55777
48;4427;1472289;-1352;-1289;-239;601;-857;71;582;-1237;-1798;44062
48;4428;1472732;-1402;-1208;-441;55;51;-124;559;-1189;-1732;52403
48;4429;1472969;-1549;-1148;-154;-55;192;-147;561;-1215;-1777;49022
48;4430;1473287;-1168;-1078;-336;-214;53;-111;618;-1298;-1647;18429
48;4431;1473507;-1575;-1384;-296;371;-83;654;633;-1269;-1702;59841
48;4432;1473734;-1998;-1513;-471;-66;615;33;553;-1169;-1617;29457
48;4433;1474075;-1347;-973;-99;38;-952;73;522;-1161;-1796;20723
48;4434;1474393;-1243;-1094;-412;-274;281;-74;565;-1235;-1690;62184
48;4435;1474731;-1634;-1519;-344;-55;-200;436;582;-1233;-1760;20961
48;4436;1475181;-1154;-1204;-349;494;-721;-94;557;-1228;-1742;65339
48;4437;1475622;-1243;-989;-372;-100;17;-30;603;-1279;-1651;33198
48;4438;1475938;-2008;-1673;-303;-292;-213;874;611;-1211;-1815;23146
48;4439;1476178;-1554;-1354;-586;-117;292;-421;536;-1193;-1682;13131
48;4440;1476406;-1428;-1151;-177;567;-643;234;567;-1211;-1818;36909
48;4441;1476724;-1589;-1540;-609;-456;178;-125;603;-1261;-1626;9166
48;4442;1477042;-1515;-1402;-235;203;-441;583;596;-1179;-1804;50325
48;4443;1477293;-1443;-1385;-339;-201;562;-457;533;-1191;-1723;52630
48;4444;1477616;-1388;-1201;-4;281;5;30;587;-1220;-1821;21163
48;4445;1477934;-1654;-1241;-625;199;71;206;579;-1241;-1698;46493
48;4446;1478165;-1347;-1191;-248;170;-170;288;572;-1178;-1762;64723
48;4447;1478726;-1245;-1100;-135;307;-543;217;514;-1103;-1759;44320
48;4448;1479059;-1026;-1080;-288;111;502;-447;534;-1217;-1670;53705
48;4449;1479377;-1489;-1208;-379;1584;890;785;533;-870;-1542;30069
48;4450;1479719;-1655;-1549;-618;-772;-416;-40;513;-864;-1405;42149
48;4451;1479946;-894;-833;-203;-798;-1422;-414;504;-830;-1590;38945
48;4452;1480268;-1337;-1642;-344;-312;-285;-324;614;-1115;-1712;4724
48;4453;1480732;-1903;-1943;-535;-928;222;-407;611;-1072;-1726;17454
48;4454;1481053;-1099;-1096;-332;441;-797;-85;600;-1024;-1660;25541
48;4455;1481371;-1987;-1862;-400;-391;378;-565;654;-1125;-1766;24411
48;4456;1481728;-1521;-1497;-308;625;-641;183;719;-1141;-1826;61732
48;4457;1482045;-2008;-1871;-548;-434;190;538;689;-1109;-1758;59332
48;4458;1482370;-1016;-1075;-87;19;131;51;596;-1024;-1756;18823
48;4459;1482704;-1515;-1515;-289;-226;-312;-264;663;-1159;-1682;31508
48;4460;1482949;-1036;-2236;-311;813;-423;582;695;-1119;-1784;32465
48;4461;1483270;-1833;-1521;-434;72;945;-262;579;-1002;-1659;52613
48;4462;1483605;-1447;-1251;-293;-257;-1073;549;600;-975;-1755;980
48;4463;1484052;-1452;-1385;-533;-27;-466;148;680;-1105;-1674;12479
48;4464;1484384;-1935;-2091;-687;-516;323;-197;668;-1076;-1733;10233
48;4465;1484707;-1295;-1429;-407;660;-851;241;653;-1074;-1804;23881
48;4466;1485048;-1339;-1441;-403;-389;641;-546;674;-1122;-1726;39231
48;4467;1485276;-1218;-1318;-244;311;-198;32;721;-1152;-1717;61661
48;4468;1485703;-1236;-1207;-301;-217;84;-49;647;-1028;-1681;56278
48;4469;1485923;-1246;-1190;-266;481;-528;-190;642;-1068;-1762;8315
48;4470;1486280;-1190;-1310;-368;-249;87;-159;721;-1142;-1708;13825
48;4471;1486703;-1564;-1516;-283;-118;-25;529;737;-1089;-1808;60686
48;4472;1487037;-1107;-1178;-332;582;-243;-143;634;-1051;-1768;23026
48;4473;1487379;-1869;-1800;-394;-420;341;-339;693;-1140;-1746;18379
48;4474;1487698;-1473;-1435;-208;468;-656;25;663;-1067;-1763;7463
48;4475;1487925;-1817;-1680;-392;-600;57;311;670;-1047;-1742;61514
48;4476;1488247;-1367;-1450;-316;780;-668;-176;649;-1072;-1809;24390
48;4477;1488592;-2079;-2029;-451;45;488;-378;692;-1137;-1753;45444
48;4478;1488819;-1208;-1186;-512;2188;1995;1139;642;-966;-1657;39493
48;4479;1489136;-1951;-1713;-420;330;466;-171;561;-880;-1417;5755
48;4480;1489713;-1626;-1687;-319;-984;-672;-513;561;-917;-1741;49082
48;4481;1490031;-997;-1120;-252;-342;-753;-510;673;-1068;-1747;56030
48;4482;1490348;-1903;-2143;-588;-518;-566;619;775;-1100;-1772;63443
48;4483;1490709;-1197;-1268;-165;138;-313;-645;687;-1101;-1800;12771
48;4484;1491031;-1080;-1299;-300;41;215;464;840;-1145;-1697;51637
48;4485;1491364;-1503;-1507;-124;391;27;118;751;-1077;-1870;33559
48;4486;1491706;-1221;-1201;-376;-256;-79;-104;726;-1073;-1720;972
48;4487;1492024;-1577;-1768;-179;-107;238;-263;735;-1120;-1767;34205
48;4488;1492251;-1251;-1393;-375;-316;32;-10;773;-1108;-1645;13795
48;4489;1492570;-1159;-1245;-132;290;-424;434;744;-1026;-1842;40344
48;4490;1492807;-1374;-1394;-320;-270;364;-324;694;-1016;-1773;16886
48;4491;1493253;-1866;-2029;-508;-843;196;157;841;-1181;-1710;48186
48;4492;1493575;-1604;-1570;-381;546;-445;-208;798;-1135;-1812;34181
48;4493;1494037;-1703;-1607;-543;-474;507;171;758;-1039;-1716;37264
48;4494;1494355;-1529;-1734;-402;-88;301;-41;740;-1083;-1667;51268
48;4495;1494674;-1217;-1339;-409;717;-67;24;742;-1070;-1730;49990
48;4496;1495031;-1686;-1731;-407;173;373;179;731;-986;-1836;29617
48;4497;1495349;-980;-1019;-219;391;-35;-222;660;-993;-1779;19093
48;4498;1495671;-2187;-2229;-627;-441;-258;359;718;-1040;-1733;32103
48;4499;1495905;-1080;-1253;-284;-73;-248;-228;708;-1037;-1711;42636
48;4500;1496246;-1882;-1880;-448;31;66;375;700;-983;-1743;15060
48;4501;1496685;-1359;-1341;-171;-220;31;-270;709;-1042;-1847;46288
48;4502;1497002;-1262;-1269;-350;-193;-250;45;755;-1072;-1734;61873
48;4503;1497241;-1233;-1234;-214;490;481;511;724;-989;-1753;62298
48;4504;1497681;-947;-1017;-189;266;-288;-212;609;-940;-1656;50738
48;4505;1497998;-1632;-1821;-428;-267;-381;-230;689;-1060;-1725;54256
48;4506;1498339;-1344;-1518;-372;271;-490;43;731;-1083;-1784;48689
48;4507;1498681;-1600;-1640;-536;-363;278;-97;706;-1033;-1754;30785
48;4508;1498999;-1360;-1263;-98;129;0;204;730;-1013;-1821;21765
48;4509;1499331;-920;-1153;-335;-172;-183;195;784;-1122;-1721;37220
48;4510;1499674;-1719;-1875;-353;-449;279;42;711;-1030;-1795;60846
48;4511;1499992;-942;-1054;-272;449;-177;-212;659;-995;-1693;3707
48;4512;1500324;-1726;-2049;-500;-228;203;8;731;-1088;-1777;32870
48;4513;1500669;-1138;-1197;-129;479;-15;30;706;-1017;-1816;27045
48;4514;1500991;-1410;-1340;-294;-548;105;-119;682;-988;-1719;49182
48;4515;1501226;-960;-1081;-274;171;-520;-151;670;-1024;-1757;45643
48;4516;1501674;-1241;-1268;-389;121;-263;148;774;-1101;-1712;2686
48;4517;1502113;-1942;-1913;-473;-377;290;278;742;-1024;-1752;50941
48;4518;1502537;-1212;-1187;-92;-4;174;-243;700;-1023;-1794;54327
48;4519;1502773;-1381;-1429;-322;-495;126;-296;738;-1092;-1683;60661
48;4520;1503000;-1232;-1381;-399;313;-685;11;759;-1083;-1694;13094
48;4521;1503318;-1528;-1389;-343;-268;382;42;710;-1000;-1721;27998
48;4522;1503644;-1260;-1180;-23;91;-89;-60;710;-1024;-1802;49012
48;4523;1503895;-1763;-1810;-553;-249;-90;-215;731;-1088;-1692;42355
48;4524;1504213;-1276;-1280;-296;651;-22;210;751;-1056;-1800;53259
48;4525;1504536;-1288;-1245;-412;-465;301;-38;687;-991;-1705;5988
48;4526;1504763;-1186;-1079;-224;272;-419;-255;672;-1028;-1741;43363
48;4527;1505104;-1053;-1309;-387;91;-349;84;798;-1100;-1667;23310
48;4528;1505650;-1465;-1323;-247;-241;255;-58;720;-1005;-1789;22671
48;4529;1505967;-1139;-1066;-119;193;67;-185;703;-1031;-1759;564
48;4530;1506205;-1791;-2086;-562;-258;268;226;767;-1121;-1665;3908
48;4531;1506653;-1335;-1352;-247;83;225;159;685;-974;-1811;4205
48;4532;1506970;-1502;-1378;-532;215;-97;-171;631;-956;-1734;57330
48;4533;1507326;-1657;-1757;-398;-630;30;-793;699;-1109;-1723;31340
48;4534;1507645;-1226;-960;-345;646;-921;452;732;-1026;-1702;42994
48;4535;1507963;-1595;-1673;-383;-248;-446;198;703;-1054;-1792;20059
48;4536;1508321;-1132;-1227;-34;271;-16;-483;718;-1109;-1864;44049
48;4537;1508644;-1238;-1312;-300;146;352;249;781;-1061;-1760;46795
48;4538;1508962;-1338;-1477;-254;-50;-169;337;736;-1053;-1815;45861
48;4539;1509193;-1918;-1745;-711;-361;-32;-136;710;-992;-1750;2054
48;4540;1509642;-1523;-1764;-486;-1012;-557;476;857;-1132;-1945;29155
48;4541;1509975;-1351;-1458;-467;-1199;275;-627;741;-1100;-1514;34296
48;4542;1510292;-1665;-1764;-620;-189;-272;192;814;-966;-1208;9667
48;4543;1510634;-1403;-1770;-656;2497;-796;1268;744;-988;-1631;61295
48;4544;1510967;-1496;-1428;-442;2473;652;-736;549;-707;-1946;35362
48;4545;1511288;-1374;-1355;-394;609;423;-750;557;-833;-1838;6559
48;4546;1511635;-1695;-1595;-471;-1681;-381;-5;627;-962;-1785;27124
48;4547;1511866;-1166;-1169;-404;-1412;-829;546;657;-895;-1689;20916
48;4548;1512187;-1798;-2121;-509;-607;245;-202;667;-1103;-1578;62522
48;4549;1512627;-1155;-1327;-180;181;-710;313;823;-1142;-1767;17994
48;4550;1512862;-1617;-1543;-425;-188;2;-79;755;-1080;-1772;31480
48;4551;1513180;-1217;-1228;73;-68;262;279;786;-1089;-1870;10094
48;4552;1513619;-1320;-1445;-318;483;-223;120;741;-1100;-1731;13920
48;4553;1513964;-1272;-1166;-225;-98;-129;143;707;-1009;-1741;61486
48;4554;1514281;-1289;-1363;-262;430;-104;-174;660;-1013;-1737;7983
48;4555;1514622;-1011;-1222;-282;-186;48;-187;727;-1102;-1753;49029
48;4556;1514970;-1808;-1661;-305;69;183;440;705;-1000;-1825;64962
48;4557;1515516;-1565;-1588;-277;-84;114;-243;699;-1081;-1774;22679
48;4558;1515833;-1183;-1224;-414;-258;-237;95;736;-1073;-1704;16527
48;4559;1516070;-1354;-1433;-285;157;-433;179;730;-1065;-1805;3013
48;4560;1516305;-1504;-1269;-219;-436;210;62;706;-1025;-1773;5368
48;4561;1516624;-1327;-1289;-172;454;-185;-79;697;-1044;-1811;15357
48;4562;1516941;-1139;-1309;-301;-355;-103;-347;750;-1108;-1733;44293
48;4563;1517197;-1242;-1295;-193;356;-486;248;771;-1099;-1840;11452
48;4564;1517519;-1292;-1278;-157;-341;302;-141;721;-1057;-1757;7597
48;4565;1517837;-1059;-1102;-100;561;287;104;682;-1001;-1796;21838
48;4566;1518064;-1619;-1874;-604;316;475;43;659;-985;-1728;65096
48;4567;1518512;-1359;-1139;-272;364;274;-176;621;-923;-1743;50328
48;4568;1518955;-1216;-1390;-411;-617;-521;116;631;-950;-1742;53682
48;4569;1519272;-1340;-1253;-157;-385;274;-313;634;-969;-1770;8396
48;4570;1519955;-1851;-1904;-530;401;470;706;768;-1044;-1722;63509
48;4571;1520273;-1051;-1115;-377;474;-266;-55;632;-945;-1671;61661
48;4572;1520631;-2016;-2048;-645;-689;-45;-431;616;-969;-1732;15946
48;4573;1520948;-1182;-1405;-421;-136;-697;31;723;-1081;-1689;42578
48;4574;1521266;-1661;-1564;-300;-236;173;-5;708;-1039;-1739;12945
48;4575;1521628;-1229;-1309;-191;544;-501;79;701;-1043;-1856;2778
48;4576;1521945;-1355;-1628;-427;-475;447;-465;770;-1133;-1723;26673
48;4577;1522263;-1340;-1341;-269;540;-242;612;772;-1055;-1802;45048
48;4578;1522603;-1278;-1353;-555;-409;239;-391;661;-1008;-1668;63202
48;4579;1522839;-1161;-1116;-163;235;-493;4;700;-1035;-1768;54048
48;4580;1523156;-1635;-1796;-461;104;-209;-135;746;-1085;-1730;28771
48;4581;1523491;-1072;-1133;-140;172;-50;100;778;-1027;-1971;42712
48;4582;1523942;-1081;-1230;-317;-100;288;-132;697;-1000;-1775;14281
48;4583;1524278;-1800;-1774;-481;187;119;-484;710;-1039;-1743;30239
48;4584;1524597;-1376;-1452;-390;636;-414;28;772;-1028;-1824;51267
48;4585;1524938;-1886;-2068;-465;-417;351;193;786;-960;-1843;49056
48;4586;1525170;-1174;-1345;-223;460;33;236;741;-924;-1780;31211
48;4587;1525594;-1664;-1898;-160;397;141;58;708;-884;-1826;50520
48;4588;1525927;-1232;-1455;-152;967;1465;-21;681;-853;-1746;38522
48;4589;1526163;-1376;-1630;-661;1544;2084;500;645;-809;-1478;37589
48;4590;1526590;-1462;-1390;-456;811;857;-8;721;-840;-1194;60897
48;4591;1526923;-1670;-1757;-370;716;676;506;835;-959;-1200;18877
48;4592;1527266;-1431;-1252;-467;600;184;326;836;-994;-1210;59329
48;4593;1527588;-1145;-1433;-334;128;97;-30;863;-1065;-1234;4751
48;4594;1527819;-1173;-1299;-382;-635;-706;-153;851;-1064;-1236;11658
48;4595;1528137;-1278;-1269;-68;-948;-1319;-265;749;-966;-1294;19136
48;4596;1528484;-1566;-1343;-259;-674;-979;-330;672;-912;-1373;7639
48;4597;1528711;-1291;-1835;-143;-606;-1120;-39;642;-910;-1476;43038
48;4598;1529032;-1391;-1321;32;-27;-149;124;606;-891;-1625;26709
48;4599;1529602;-1382;-1146;-58;-245;-349;-48;597;-824;-1467;41588
48;4600;1529919;-1143;-1506;74;-567;-1203;197;579;-888;-1677;44593
48;4601;1530236;-1226;-1270;-141;-824;-420;-348;554;-834;-1726;47085
48;4602;1530598;-1410;-1472;-272;-708;-339;-457;632;-966;-1724;5376
48;4603;1530916;-1767;-2073;-471;428;-898;294;707;-1018;-1790;37325
48;4604;1531252;-1412;-622;-504;-1787;-1088;-58;677;-1066;-1771;24081
48;4605;1531595;-1264;-1545;-118;739;-456;242;820;-1123;-1767;41834
48;4606;1531916;-1455;-1688;-323;512;394;358;746;-1054;-1839;54385
48;4607;1532144;-1509;-1396;-103;-200;577;-131;683;-987;-1808;19663
48;4608;1532463;-1210;-1208;-149;414;-81;-426;729;-1092;-1744;38878
48;4609;1532699;-1606;-1846;-308;208;3;564;799;-1119;-1764;20198
48;4610;1533142;-1901;-1995;-280;-305;9;56;673;-987;-1908;4715
48;4611;1533570;-1014;-1143;-224;362;-488;-176;736;-1102;-1779;6005
48;4612;1533925;-1670;-1763;-369;-60;-562;280;818;-1117;-1740;65401
48;4613;1534247;-1135;-1276;-184;270;122;562;796;-1078;-1863;15625
48;4614;1534566;-1645;-1777;-490;-73;277;-363;681;-1041;-1728;65474
48;4615;1534923;-2087;-1995;-639;60;96;-73;760;-1080;-1692;56427
48;4616;1535245;-993;-904;-128;345;-101;242;765;-1013;-1867;41418
48;4617;1535567;-1791;-1913;-87;144;252;183;754;-966;-1967;14799
48;4618;1535795;-1340;-1384;-191;121;708;-236;713;-978;-1806;49248
48;4619;1536135;-1858;-2053;-325;394;365;442;696;-942;-1730;35654
48;4620;1536575;-1254;-1513;-251;198;-207;-18;631;-938;-1716;52831
48;4621;1536896;-1478;-1618;-448;-565;-344;-163;589;-888;-1724;57336
48;4622;1537132;-1160;-1313;-63;-270;-327;-588;596;-987;-1772;42870
48;4623;1537572;-844;-907;-75;145;-314;97;618;-981;-1802;1319
48;4624;1537890;-1579;-1790;-308;-620;-7;224;594;-961;-1835;46436
48;4625;1538231;-931;-1118;-203;382;13;-358;574;-1018;-1752;62785
48;4626;1538569;-1803;-2157;-564;27;-347;169;665;-1095;-1686;20687
48;4627;1538890;-1352;-1673;-388;625;-386;188;664;-990;-1877;9515
48;4628;1539223;-1152;-1365;-442;-282;681;-463;648;-956;-1778;20972
48;4629;1539574;-1941;-2289;-554;-519;228;-347;720;-1087;-1686;15168
48;4630;1539892;-997;-1226;-346;186;-846;431;740;-1024;-1706;58847
48;4631;1540224;-1844;-1988;-497;-1015;281;46;703;-1021;-1723;57992
48;4632;1540574;-1396;-1551;-111;110;171;-391;727;-1094;-1722;14948
48;4633;1540896;-1348;-1508;-387;431;54;340;778;-1116;-1646;32197
48;4634;1541123;-1260;-1552;-412;636;-167;226;722;-1107;-1733;40068
48;4635;1541572;-748;-891;-204;38;-84;-320;641;-1119;-1645;7189
48;4636;1542015;-963;-1122;-259;504;-137;-57;694;-1182;-1606;13594
48;4637;1542439;-1363;-1383;-252;-538;626;55;609;-1118;-1747;48181
48;4638;1542677;-888;-995;-282;312;-176;73;554;-1064;-1682;54743
48;4639;1542904;-1882;-1880;-402;-198;459;-722;550;-1132;-1694;15852
48;4640;1543222;-877;-936;-270;641;-499;101;675;-1160;-1728;48300
48;4641;1543545;-1519;-1641;-384;-574;132;424;664;-1113;-1818;59983
48;4642;1543796;-713;-896;-190;27;56;-118;591;-1097;-1716;60536
48;4643;1544113;-1615;-1562;-325;-180;640;-787;592;-1133;-1733;32246
48;4644;1544436;-1023;-1195;-430;650;-678;-285;749;-1236;-1645;8315
48;4645;1544663;-1323;-1223;-183;-423;-383;507;775;-1175;-1816;47968
48;4646;1545004;-863;-958;-143;-151;-226;353;693;-1114;-1869;52571
48;4647;1545554;-1214;-1208;-393;318;-325;-95;758;-1213;-1729;18824
48;4648;1545870;-2068;-2001;-572;-525;-172;701;806;-1196;-1784;35241
48;4649;1546112;-1392;-1578;-601;-586;84;-436;701;-1192;-1621;9715
48;4650;1546552;-1958;-2193;-513;-207;71;48;820;-1234;-1705;56824
48;4651;1546869;-882;-1123;-198;700;-187;-275;840;-1246;-1886;33156
48;4652;1547230;-1811;-1930;-333;-420;-106;693;856;-1196;-1826;3923
48;4653;1547548;-928;-1010;-218;103;142;-553;724;-1176;-1706;29515
48;4654;1547866;-1902;-2109;-557;133;-633;493;876;-1231;-1759;34453
48;4655;1548222;-1466;-1646;-352;159;136;-110;771;-1147;-1860;41084
48;4656;1548541;-1107;-1227;-330;140;454;336;748;-1057;-1825;59864
48;4657;1548863;-1308;-1407;-245;718;1105;275;621;-869;-1792;42988
48;4658;1549090;-1178;-1443;-409;1086;1135;242;524;-846;-1644;6315
48;4659;1549543;-1285;-1601;-426;1505;-34;288;482;-769;-1606;7526
48;4660;1549876;-1075;-1211;-326;128;152;-81;457;-635;-1609;19103
48;4661;1550193;-1670;-1612;-332;-302;705;-446;463;-636;-1545;33481
48;4662;1550544;-1230;-1309;-406;431;-265;-108;528;-727;-1436;36258
48;4663;1550877;-1598;-1655;-396;-211;161;200;510;-739;-1498;46730
48;4664;1551195;-966;-1174;-224;162;124;-365;488;-748;-1426;1651
48;4665;1551541;-1808;-2244;-520;443;116;652;566;-743;-1339;24540
48;4666;1551768;-1375;-1475;-303;1161;117;278;542;-690;-1391;25567
48;4667;1552090;-1230;-1303;-223;919;848;-15;582;-777;-1408;32279
48;4668;1552529;-1207;-1012;70;618;139;-619;634;-960;-1448;29882
48;4669;1552765;-1423;-3673;-227;-820;1090;644;755;-1075;-1348;51332
48;4670;1553083;-1270;-1445;-162;-84;320;343;678;-791;-1213;65410
48;4671;1553522;-1289;-1304;-189;775;251;164;739;-982;-1275;17879
48;4672;1553863;-1377;-1655;-108;92;164;-35;787;-1071;-1363;46081
48;4673;1554181;-1313;-1439;-187;-163;80;-307;804;-1038;-1286;62409
48;4674;1554523;-1588;-1767;-68;-47;-404;44;840;-1066;-1329;41282
48;4675;1554974;-1371;-1534;-116;-708;-483;171;733;-954;-1292;62874
48;4676;1555414;-1116;-1321;-300;-174;226;-118;678;-836;-1101;56712
48;4677;1555731;-1303;-1695;-210;134;-365;249;732;-894;-1187;14529
48;4678;1555966;-1442;-1628;-159;84;-118;-222;656;-891;-1235;40279
48;4679;1556194;-1723;-1867;0;613;-200;-103;668;-969;-1323;53952
48;4680;1556518;-946;-854;-88;402;-47;231;609;-863;-1315;830
48;4681;1556839;-1506;-1779;-207;-80;-151;-185;671;-1018;-1353;18307
48;4682;1557094;-1061;-1108;-130;-1617;86;121;700;-834;-1140;37763
48;4683;1557413;-1685;-2075;-462;653;-229;-116;684;-717;-1038;11330
48;4684;1557731;-1201;-1105;-274;589;-404;342;677;-798;-1169;51957
48;4685;1557962;-1994;-2199;-221;629;-243;-192;632;-932;-1311;44421
48;4686;1558410;-1597;-2019;-236;-1369;-582;164;637;-856;-1287;36694
48;4687;1558849;-910;-838;-99;-679;806;34;594;-775;-1101;36377
48;4688;1559166;-1947;-1846;-460;912;323;329;828;-822;-990;564
48;4689;1559512;-1159;-1198;-205;-107;-456;-180;840;-910;-1137;31883
48;4690;1559743;-1694;-2317;-265;359;-565;431;822;-935;-1228;62969
48;4691;1560061;-926;-1040;-113;-753;-323;-273;737;-892;-1271;61903
48;4692;1560524;-1100;-1302;-90;-87;184;-100;826;-831;-1204;57231
48;4693;1560841;-2022;-2227;-371;-169;114;124;874;-707;-1109;32561
48;4694;1561159;-746;-915;-130;382;401;-94;876;-764;-1174;6279
48;4695;1561521;-1784;-2030;-373;961;59;-286;944;-871;-1273;10232
48;4696;1561842;-1190;-1135;-149;74;-209;-77;988;-881;-1345;48525
48;4697;1562164;-1701;-1431;-313;86;278;403;1014;-848;-1342;43389
48;4698;1562502;-1853;-1846;-377;59;74;-289;1001;-857;-1288;54814
48;4699;1562737;-1449;-1587;-157;-348;-335;240;1049;-834;-1308;31405
48;4700;1563055;-1963;-2141;-351;-56;67;173;928;-773;-1284;49199
48;4701;1563389;-907;-950;91;337;2;-1;886;-883;-1425;20526
48;4702;1563837;-1483;-1672;-152;154;-62;-141;884;-915;-1410;13018
48;4703;1564170;-1660;-1951;-182;-735;-237;104;871;-871;-1321;19782
48;4704;1564489;-1136;-941;-1;573;285;-253;814;-883;-1353;49593
48;4705;1564710;-1490;-1702;-303;-17;320;-75;848;-942;-1325;33440
48;4706;1564969;-1730;-1885;-303;236;-329;-303;901;-979;-1379;1701
48;4707;1565503;-1712;-1892;-320;544;129;-61;798;-874;-1364;45966
48;4708;1565835;-1433;-1586;-300;-31;453;-238;826;-949;-1378;41155
48;4709;1566071;-1656;-1754;-256;8;-125;-26;912;-972;-1389;4138
48;4710;1566496;-2184;-2326;-376;-28;105;165;839;-923;-1332;11591
48;4711;1566828;-753;-885;-49;173;59;-252;801;-1013;-1421;19315
48;4712;1567169;-1760;-1921;-281;97;0;-173;847;-1066;-1437;31385
48;4713;1567498;-1143;-1315;-151;-842;-507;175;835;-1040;-1359;20370
48;4714;1567725;-1517;-1872;-301;382;-252;-28;792;-1027;-1327;6635
48;4715;1568043;-946;-952;-64;55;381;-5;730;-1055;-1413;17152
48;4716;1568386;-1682;-1939;-246;330;-8;-163;798;-1148;-1417;50510
48;4717;1568613;-737;-755;-117;-966;-553;367;820;-1131;-1321;35909
48;4718;1568930;-1335;-1608;-274;680;50;-12;730;-1047;-1260;64805
48;4719;1569503;-1526;-1638;-259;79;-353;53;822;-1176;-1381;18028
48;4720;1569823;-1323;-1571;-179;-654;-239;-13;768;-1093;-1267;42102
48;4721;1570145;-919;-893;-94;655;-179;-371;725;-1107;-1368;16903
48;4722;1570504;-1845;-1819;-398;479;629;-59;798;-1151;-1224;37231
48;4723;1570821;-945;-923;-103;-601;-259;525;851;-1188;-1331;33786
48;4724;1571154;-1759;-1806;-328;139;-331;-477;720;-1091;-1241;4386
48;4725;1571496;-1545;-1507;-317;-321;158;497;761;-1154;-1246;24019
48;4726;1571814;-1478;-1790;-362;157;-22;-251;771;-1211;-1272;59019
48;4727;1572041;-999;-985;-101;-528;244;226;803;-1173;-1201;41399
48;4728;1572367;-1782;-1998;-429;446;-520;204;810;-1083;-1080;431
48;4729;1572606;-913;-1128;-33;-277;44;68;738;-1117;-1219;38649
48;4730;1573049;-1336;-1519;-120;350;-191;295;790;-1141;-1253;21567
48;4731;1573473;-1868;-2116;-431;-11;-84;180;785;-1015;-1138;13560
48;4732;1573829;-1404;-1487;-260;-702;460;62;794;-1055;-1150;43174
48;4733;1574147;-1537;-1801;-333;328;-436;-80;865;-1006;-1143;31774
48;4734;1574466;-1369;-1601;-309;-231;27;38;802;-970;-1142;28394
48;4735;1574822;-876;-902;32;778;-187;-128;777;-1006;-1331;35295
48;4736;1575144;-1765;-1865;-386;61;134;-267;786;-1028;-1262;1453
48;4737;1575466;-747;-905;-1;-424;77;2;842;-1088;-1301;30929
48;4738;1575694;-1995;-2116;-578;-251;72;392;838;-971;-1148;27488
48;4739;1576034;-820;-899;137;-6;187;-337;783;-1065;-1277;62717
48;4740;1576474;-1536;-1725;-269;657;-646;-384;828;-1078;-1278;122
48;4741;1576795;-1360;-1628;-297;-615;-80;184;831;-1065;-1254;13740
48;4742;1577031;-1723;-1677;-229;96;-406;404;790;-961;-1255;34326
48;4743;1577471;-1706;-1711;-352;662;-78;-278;714;-942;-1210;23248
48;4744;1577795;-1056;-1078;-124;-378;393;-692;771;-1068;-1226;4390
48;4745;1578137;-1870;-2009;-326;30;-592;580;893;-1033;-1225;31158
48;4746;1578475;-1338;-1489;-432;715;1153;627;769;-1000;-1205;3248
48;4747;1578793;-1465;-1561;-395;928;109;19;822;-1109;-1330;65206
48;4748;1579125;-1315;-1485;-276;-517;-71;-265;844;-1152;-1355;6049
48;4749;1579468;-1166;-1227;93;-216;-856;-182;806;-1075;-1332;48039
48;4750;1579785;-1306;-1443;-332;-71;-199;-55;774;-957;-1149;1722
48;4751;1580118;-1284;-1342;-86;210;122;-288;776;-1086;-1310;39476
48;4752;1580471;-1783;-1996;-344;120;-236;470;860;-1100;-1288;1045
48;4753;1580788;-935;-1104;-34;-201;91;-243;761;-1084;-1335;28637
48;4754;1581016;-1456;-1581;-287;14;199;198;786;-1041;-1263;43437
48;4755;1581465;-994;-1094;-147;-343;67;54;807;-1080;-1274;56603
48;4756;1581904;-1244;-1199;-67;247;-398;-430;781;-1076;-1306;37587
48;4757;1582328;-2210;-2106;-621;800;1192;415;845;-1134;-1267;55042
48;4758;1582564;-187;-2754;-609;-1519;-2189;-235;881;-1136;-1021;2331
48;4759;1582795;-1419;-1947;-144;-741;-891;-109;865;-1138;-1057;5082
48;4760;1583117;-928;-1154;-16;142;28;-520;807;-1187;-1105;22998
48;4761;1583440;-2053;-2229;-393;-329;137;-27;860;-1135;-915;25917
48;4762;1583691;-1071;-1181;-115;-464;-36;-214;889;-1133;-886;26956
48;4763;1584012;-1704;-2028;-368;267;-145;424;919;-1079;-813;30170
48;4764;1584331;-914;-1116;-136;260;122;-116;843;-1163;-972;36990
48;4765;1584559;-1719;-1927;-231;740;169;-170;857;-1236;-1053;4803
48;4766;1584899;-1149;-1150;-110;-435;300;12;887;-1227;-1023;23498
48;4767;1585449;-1237;-1226;27;470;-204;-77;901;-1210;-967;51627
48;4768;1585769;-1508;-1688;-288;449;-452;-224;883;-1275;-1050;20641
48;4769;1586006;-1551;-1719;-59;-133;-421;-5;888;-1295;-1134;61096
48;4770;1586447;-1417;-1560;-228;-711;119;159;737;-1083;-911;2037
48;4771;1586763;-1057;-1153;-360;-380;668;-71;745;-936;-688;16019
48;4772;1587120;-1783;-1936;-1022;749;-471;-749;930;-1091;-690;50361
48;4773;1587439;-997;-1132;-416;-433;-90;299;959;-1102;-620;11598
48;4774;1587760;-1526;-1802;-462;249;-348;186;836;-1009;-645;52395
48;4775;1587991;-760;-1753;-866;714;504;389;749;-1008;-696;60029
48;4776;1588338;-1575;-1601;-492;592;360;178;854;-1146;-693;30372
48;4777;1588655;-1133;-1138;-499;-143;-389;-237;973;-1229;-715;3341
48;4778;1588883;-1527;-1654;-626;-416;-770;139;995;-1216;-742;50540
48;4779;1589440;-1298;-1679;-573;76;-165;-65;825;-1056;-650;41434
48;4780;1589773;-1173;-1319;-427;133;382;258;818;-1088;-639;1986
48;4781;1590090;-1586;-1485;-612;427;-250;42;849;-1110;-711;7236
48;4782;1590437;-1253;-1288;-504;-407;100;-162;840;-1106;-638;34508
48;4783;1590770;-1528;-1690;-504;-541;-675;-331;886;-1072;-626;65359
48;4784;1591091;-1255;-1348;-505;-503;-1061;-147;782;-964;-666;2308
48;4785;1591434;-1449;-1345;-554;-575;-740;-347;662;-1015;-850;17791
48;4786;1591665;-1376;-1530;-427;-1104;-757;622;602;-797;-816;40756
48;4787;1591983;-1391;-1415;-390;-3;164;-722;492;-782;-835;54479
48;4788;1592422;-1142;-1097;-321;807;356;524;643;-955;-776;21798
48;4789;1592659;-1684;-1778;-448;100;177;9;622;-966;-767;3670
48;4790;1592981;-1049;-1253;-320;-970;-552;-14;622;-866;-710;49720
48;4791;1593420;-1263;-1651;39;974;1116;-69;572;-948;-804;23961
48;4792;1593765;-1368;-1577;-461;1183;1062;309;669;-1046;-705;48107
48;4793;1594083;-1673;-1197;-552;500;1036;174;746;-1100;-594;19978
48;4794;1594421;-1300;-1441;-245;76;-49;-64;797;-1075;-525;47412
48;4795;1594761;-1528;-1658;-290;648;-239;-121;797;-1158;-620;45216
48;4796;1595308;-1126;-1141;3;40;372;233;744;-1259;-897;15637
48;4797;1595629;-1706;-2045;-268;246;234;-34;819;-1328;-753;36436
48;4798;1595868;-903;-998;-26;-196;277;-224;872;-1358;-751;51767
48;4799;1596096;-1645;-2025;-460;-823;-473;210;910;-1245;-511;46346
48;4800;1596418;-830;-1098;293;575;-301;-509;772;-1326;-741;51303
48;4801;1596736;-1580;-1810;-462;528;845;375;879;-1332;-594;56164
48;4802;1596987;-1478;-1527;-6;530;178;-96;909;-1415;-752;49337
48;4803;1597306;-1329;-1789;-257;-405;63;284;1055;-1388;-626;53831
48;4804;1597624;-905;-832;369;591;-898;-424;856;-1294;-714;16510
48;4805;1597851;-1214;-1470;-282;-774;74;27;883;-1257;-623;600
48;4806;1598303;-864;-1034;-44;-581;-71;-135;900;-1157;-550;53515
48;4807;1598745;-1002;-1026;-135;830;-481;-393;873;-1067;-599;45919
48;4808;1599067;-1446;-1482;-289;14;132;-137;838;-1100;-620;199
48;4809;1599409;-1257;-1410;-18;-36;-83;368;903;-1106;-663;55351
48;4810;1599637;-1351;-1464;-172;-632;353;-5;839;-1027;-553;50969
48;4811;1599954;-1124;-1269;-260;534;-530;-38;881;-1032;-613;59318
48;4812;1600421;-1706;-1861;-387;-82;-105;-165;854;-1025;-583;61388
48;4813;1600741;-977;-1041;20;-702;400;-31;857;-1078;-648;40493
48;4814;1601059;-1451;-1670;-412;466;-110;204;931;-977;-492;9990
48;4815;1601420;-1102;-1302;-199;490;23;13;849;-1068;-700;55986
48;4816;1601737;-2343;-842;-669;-780;-526;-366;841;-1055;-702;26987
48;4817;1602054;-1322;-1694;-368;-1536;-775;-160;775;-870;-604;18035
48;4818;1602389;-1090;-1338;-236;-226;-792;257;643;-734;-680;54829
48;4819;1602625;-1265;-1313;-123;-1340;-119;519;625;-742;-721;13662
48;4820;1602945;-1266;-1799;-389;743;828;-1567;596;-798;-563;56242
48;4821;1603283;-1835;-2105;-623;198;-306;842;853;-917;-558;64498
48;4822;1603731;-1332;-1644;-420;161;214;674;767;-1004;-797;30669
48;4823;1604063;-979;-1649;-406;46;1911;146;671;-834;-456;57551
48;4824;1604386;-1449;-1793;-535;1152;173;271;1002;-962;-391;21626
48;4825;1604727;-907;-1250;-8;376;62;723;934;-1149;-749;27404
48;4826;1604955;-1391;-1469;-214;-170;-648;320;808;-1031;-759;28145
48;4827;1605382;-1502;-2154;-555;-1422;915;166;859;-1074;-485;25650
48;4828;1605716;-1497;-2002;-407;139;289;-101;987;-947;-364;12990
48;4829;1605954;-998;-1291;-189;1241;-129;529;1057;-1098;-517;41029
48;4830;1606377;-1531;-1623;-323;386;10;241;851;-1086;-723;885
48;4831;1606714;-1252;-1671;-346;-612;400;-655;859;-1138;-591;51392
48;4832;1607059;-1604;-1889;-296;-360;-486;-42;1010;-1105;-518;36295
48;4833;1607378;-1245;-1823;-613;155;301;-794;950;-1079;-474;48478
48;4834;1607605;-1446;-1650;-392;323;-335;1003;1071;-1120;-581;45797
48;4835;1607923;-1344;-1672;-401;-576;485;10;872;-1082;-559;28790
48;4836;1608266;-1561;-1405;-263;-218;-396;-708;877;-951;-432;45249
48;4837;1608494;-1020;-1495;-272;461;-147;47;941;-1099;-536;16258
48;4838;1608811;-1630;-1550;-539;160;-704;345;839;-996;-615;10294
48;4839;1609385;-1395;-1630;-551;602;1478;187;775;-1019;-567;50540
48;4840;1609702;-1310;-1522;-78;84;303;393;961;-1134;-623;49136
48;4841;1610019;-1076;-1706;-531;401;167;286;927;-991;-471;24234
48;4842;1610377;-992;-1607;-376;148;564;-183;973;-1005;-418;35285
48;4843;1610698;-1880;-2255;-593;415;-518;-141;1067;-1063;-463;33251
48;4844;1611035;-254;-649;-260;-1233;-2003;-116;951;-988;-603;54495
48;4845;1611381;-1828;-2409;-520;-226;88;-210;728;-826;-548;32982
48;4846;1611699;-1257;-1471;-358;516;863;-18;803;-915;-445;43645
48;4847;1611926;-1369;-1909;-449;485;-10;110;906;-966;-468;10944
48;4848;1612249;-809;-1220;-103;-441;158;315;828;-962;-533;14896
48;4849;1612485;-1728;-2051;-473;-91;188;-31;813;-907;-468;41659
48;4850;1612924;-1176;-1520;-337;144;331;42;911;-990;-466;31548
48;4851;1613348;-653;-853;-113;-409;110;240;940;-975;-533;26637
48;4852;1613710;-1647;-1935;-415;298;-319;118;857;-898;-477;14830
48;4853;1614028;-1051;-1419;-251;-507;319;-309;860;-957;-445;19647
48;4854;1614351;-1307;-1687;-331;661;-632;110;942;-977;-498;29576
48;4855;1614582;-761;-863;-92;-518;152;302;883;-955;-499;64425
48;4856;1614819;-1523;-1879;-493;398;-607;522;853;-875;-510;37423
48;4857;1615244;-1270;-1797;-462;-617;538;-146;835;-958;-464;64100
48;4858;1615471;-1886;-2186;-664;733;-362;-17;927;-950;-478;54176
48;4859;1615918;-1156;-1808;-583;291;71;916;973;-951;-448;27954
48;4860;1616366;-1003;-1313;-253;-159;669;-210;863;-993;-547;13050
48;4861;1616683;-1576;-1752;-410;261;-196;293;969;-1041;-588;48798
48;4862;1616919;-620;-1095;-246;-1817;-1575;-496;911;-940;-498;54528
48;4863;1617363;-1036;-1421;-190;435;-470;-549;744;-773;-484;57341
48;4864;1617684;-1453;-1664;-643;993;1335;-395;723;-844;-419;6921
48;4865;1618025;-687;-761;56;-60;455;592;929;-988;-587;64173
48;4866;1618359;-1793;-2074;-453;242;-70;221;843;-906;-437;28364
48;4867;1618677;-730;-1072;-244;-313;143;-339;828;-902;-380;19974
48;4868;1619013;-1722;-2164;-600;722;-725;-210;918;-953;-425;30061
48;4869;1619356;-1307;-1654;-533;-591;7;138;809;-923;-450;8420
48;4870;1619674;-1352;-1313;-160;-56;-268;-386;755;-908;-486;14581
48;4871;1620010;-1540;-1988;-529;-273;76;-7;845;-914;-352;46324
48;4872;1620353;-912;-1237;-147;-63;101;271;866;-978;-469;29033
48;4873;1620670;-1794;-2100;-482;371;-169;327;808;-913;-450;49197
48;4874;1620898;-1339;-1623;-279;-55;413;-331;759;-934;-468;10297
48;4875;1621349;-1585;-2073;-604;678;-108;-103;931;-979;-399;14055
48;4876;1621792;-1393;-1871;-594;-17;-167;398;858;-938;-414;1571
48;4877;1622220;-841;-1094;-161;-163;237;-330;777;-979;-492;60268
48;4878;1622459;-1688;-2349;-638;111;-134;-447;866;-1002;-421;52030
48;4879;1622686;-1041;-1190;25;-111;-239;255;923;-1006;-508;52723
48;4880;1623004;-1451;-1730;-556;141;-395;365;851;-881;-335;52315
48;4881;1623323;-927;-1289;-243;-39;240;-188;806;-949;-430;43241
48;4882;1623574;-1339;-1635;-420;162;202;-264;842;-979;-401;29021
48;4883;1623896;-1020;-1193;6;-131;97;304;898;-1024;-507;63240
48;4884;1624215;-1432;-1723;-450;74;-273;386;863;-930;-385;35731
48;4885;1624442;-1311;-1716;-257;36;-161;-437;811;-957;-433;12836
48;4886;1624783;-1176;-1433;-329;-34;-87;-224;852;-954;-418;58831
48;4887;1625337;-1252;-1596;-498;-39;-238;558;829;-948;-463;62815
48;4888;1625654;-1550;-2082;-462;-571;633;-1227;728;-951;-420;33675
48;4889;1625889;-1374;-1446;-284;-454;301;401;919;-894;-307;11050
48;4890;1626329;-826;-1041;-152;192;-64;590;962;-996;-423;2371
48;4891;1626650;-1640;-1785;-373;325;-193;-287;765;-916;-471;30995
48;4892;1627006;-1219;-1653;-439;-365;295;31;876;-964;-368;25821
48;4893;1627329;-1166;-1531;-276;296;-354;112;940;-966;-393;1175
48;4894;1627650;-1185;-1830;-596;57;-248;593;904;-931;-357;31447
48;4895;1628006;-856;-1132;-192;134;2;-625;766;-948;-466;49526
48;4896;1628325;-1514;-2167;-613;236;-43;-165;875;-1006;-437;53584
48;4897;1628643;-697;-871;-133;-610;404;131;850;-980;-434;59286
48;4898;1628870;-1810;-2217;-655;256;-233;286;869;-898;-367;7364
48;4899;1629326;-1535;-1812;-512;-61;315;-263;859;-950;-367;19305
48;4900;1629659;-931;-1099;-143;49;-18;161;945;-1023;-481;54130
48;4901;1629976;-1813;-2297;-607;-63;-261;282;880;-967;-419;16913
48;4902;1630323;-828;-1169;-159;-310;220;-298;831;-990;-419;48807
48;4903;1630657;-1459;-1951;-494;547;-286;5;935;-995;-420;15489
48;4904;1630974;-1171;-1737;-555;-344;254;268;911;-972;-377;46470
48;4905;1631316;-1059;-1290;-318;178;-216;-382;837;-949;-422;57522
48;4906;1631544;-1252;-1540;-332;-410;101;-122;862;-969;-396;4979
48;4907;1631865;-1292;-1564;-194;371;-296;113;916;-1016;-450;60550
48;4908;1632305;-1488;-1899;-483;67;-461;199;862;-928;-352;38655
48;4909;1632540;-833;-1066;-194;-309;6;-442;781;-918;-346;57278
48;4910;1632858;-1515;-2124;-577;827;-361;-64;920;-927;-324;21897
48;4911;1633309;-1276;-1860;-557;-104;145;610;872;-953;-391;13971
48;4912;1633650;-889;-1240;-242;-255;458;-151;872;-932;-350;21044
48;4913;1633967;-1709;-2151;-506;534;-232;-397;935;-962;-346;24018
48;4914;1634306;-565;-880;-348;-881;-1216;149;940;-930;-420;25715
48;4915;1634647;-1753;-2226;-518;67;-462;-9;755;-812;-367;17513
48;4916;1635192;-1552;-2100;-633;846;71;-290;819;-891;-279;3858
48;4917;1635510;-1140;-1523;-395;-343;696;434;856;-888;-314;43292
48;4918;1635748;-1731;-1984;-423;491;-182;202;869;-867;-329;10086
48;4919;1635975;-791;-1043;-178;1;397;-342;815;-913;-382;19959
48;4920;1636294;-1543;-2004;-586;582;-238;280;990;-949;-361;21808
48;4921;1636612;-736;-1018;-43;-542;-172;195;895;-960;-455;63756
48;4922;1636870;-1414;-1862;-590;65;-425;306;861;-879;-337;42525
48;4923;1637189;-898;-1205;-110;-780;417;-83;778;-886;-361;50686
48;4924;1637507;-1684;-2142;-457;964;-697;-263;886;-912;-354;10213
48;4925;1637735;-622;-896;-84;-327;74;167;848;-919;-389;980
48;4926;1638189;-774;-1044;-98;2;161;-402;763;-865;-395;21589
48;4927;1638628;-1597;-1937;-580;977;-345;272;932;-905;-341;24403
48;4928;1638945;-1113;-1399;-423;-619;668;359;842;-879;-325;7996
48;4929;1639288;-1324;-1878;48;739;-114;-201;814;-908;-413;49865
48;4930;1639519;-1157;-1264;-232;112;674;-331;776;-940;-399;55976
48;4931;1639837;-1325;-1720;-332;240;-489;657;977;-998;-518;19309
48;4932;1640311;-1739;-2181;-633;-15;-609;114;848;-819;-316;55227
48;4933;1640763;-1211;-1273;-351;-37;149;-796;769;-839;-330;56351
48;4934;1641310;-1259;-1715;-496;-302;175;178;847;-919;-390;31736
48;4935;1641628;-1036;-1476;-188;-104;-26;-1;796;-893;-429;14143
48;4936;1641945;-1856;-2159;-595;-24;237;-857;758;-892;-339;45305
48;4937;1642280;-620;-815;-79;-271;193;294;867;-941;-425;9590
48;4938;1642518;-1691;-2099;-510;-77;-33;265;837;-899;-350;39564
48;4939;1642836;-658;-1025;-101;9;29;42;769;-903;-424;56273
48;4940;1643170;-1574;-2249;-632;612;-350;-353;837;-945;-369;13383
48;4941;1643621;-1630;-2201;-637;-126;-189;585;845;-928;-390;35943
48;4942;1643954;-815;-1155;-188;-110;220;-413;775;-917;-361;47865
48;4943;1644281;-1739;-2299;-691;738;-565;-616;879;-946;-327;10860
48;4944;1644622;-995;-1169;-219;-640;300;463;830;-932;-408;1467
48;4945;1644849;-1680;-1879;-590;223;-453;-76;757;-874;-350;41170
48;4946;1645277;-1428;-1620;-442;56;240;-479;807;-933;-334;7470
48;4947;1645610;-975;-1130;1;63;-64;460;912;-988;-443;12909
48;4948;1645845;-1595;-2204;-674;-515;150;457;811;-918;-321;34715
48;4949;1646274;-778;-1217;-266;-265;187;-557;742;-914;-339;48430
48;4950;1646607;-1460;-1893;-478;510;-473;-29;876;-945;-340;39781
48;4951;1646947;-1205;-1858;-346;-346;152;333;840;-942;-358;36971
48;4952;1647266;-1204;-1287;-179;32;-42;-359;755;-884;-385;42719
48;4953;1647494;-1178;-1450;-360;-193;177;-283;769;-899;-329;4769
48;4954;1647815;-1248;-1376;-222;-8;-319;-60;870;-899;-299;52563
48;4955;1648162;-1269;-1845;-470;-137;-718;309;902;-837;-221;58864
48;4956;1648390;-1385;-1833;-568;227;-1283;-349;782;-816;-316;44067
48;4957;1648707;-1113;-1449;-265;60;-1062;-107;626;-863;-643;47206
48;4958;1649284;-1127;-1878;-477;-810;1509;1334;938;-895;-263;6343
48;4959;1649601;-1682;-1964;-499;654;650;716;912;-770;-134;64071
48;4960;1649918;-1445;-1429;-486;309;227;200;860;-777;-127;35884
48;4961;1650276;-669;-983;-207;719;-768;-325;953;-1004;-416;15446
48;4962;1650598;-1837;-1953;-504;-445;-558;388;815;-914;-460;47984
48;4963;1650930;-894;-1179;-189;-882;16;192;715;-859;-356;61906
48;4964;1651273;-1447;-1783;-162;388;-50;324;810;-892;-313;33815
48;4965;1651595;-1758;-2328;-822;235;-34;218;801;-834;-237;15504
48;4966;1651825;-1402;-1606;-336;70;118;-14;806;-859;-290;25158
48;4967;1652144;-1957;-2062;-593;67;233;-662;780;-841;-260;61861
48;4968;1652380;-1144;-1557;-77;499;-414;485;904;-970;-394;18664
48;4969;1652823;-1553;-2199;-567;33;-268;67;762;-862;-346;13544
48;4970;1653247;-1925;-2440;-770;4;203;-756;773;-814;-191;48000
48;4971;1653604;-499;-595;-56;-120;90;348;827;-879;-314;63129
48;4972;1653921;-1642;-2136;-598;338;-532;498;791;-824;-296;3539
48;4973;1654244;-1180;-1428;-296;-431;394;-285;709;-852;-287;13946
48;4974;1654600;-1363;-1392;-314;196;-192;195;882;-902;-335;20413
48;4975;1654918;-1839;-2335;-663;-178;-415;550;802;-846;-298;60243
48;4976;1655240;-677;-1021;-208;-393;375;-195;727;-797;-239;14035
48;4977;1655476;-1774;-2117;-619;3;52;-459;774;-782;-175;7737
48;4978;1655817;-631;-805;-124;286;-11;584;851;-876;-338;46762
48;4979;1656258;-1241;-1374;-270;155;223;-618;695;-834;-344;26773
48;4980;1656575;-1522;-2055;-596;70;232;197;876;-893;-280;21931
48;4981;1656813;-1335;-1622;-309;378;-279;138;893;-922;-351;57916
48;4982;1657253;-1513;-1607;-352;159;-176;262;769;-791;-309;39167
48;4983;1657571;-932;-1366;-356;-152;199;-373;793;-883;-264;49333
48;4984;1657912;-1099;-1490;-316;541;-713;86;916;-906;-328;38580
48;4985;1658250;-1634;-2199;-699;-250;-163;515;793;-839;-284;36387
48;4986;1658568;-744;-1089;-197;-306;361;-495;687;-805;-294;32955
48;4987;1658900;-1329;-1916;-638;323;14;-532;812;-818;-202;12264
48;4988;1659247;-856;-1213;-268;-285;69;302;841;-864;-278;6264
48;4989;1659568;-1490;-1766;-418;-17;-154;-228;734;-802;-292;10430
48;4990;1659795;-830;-1299;-266;-133;72;-185;743;-830;-269;40317
48;4991;1660246;-1004;-1379;-165;118;-136;-67;835;-904;-361;29847
48;4992;1660564;-1547;-1833;-706;112;-536;556;760;-752;-260;16875
48;4993;1660794;-1200;-1641;-276;-157;411;-1107;683;-823;-293;41357
48;4994;1661243;-1398;-1918;-509;644;-188;-357;820;-881;-294;11279
48;4995;1661681;-1779;-2191;-649;52;-166;608;815;-812;-249;29777
48;4996;1662109;-931;-1261;-239;-157;177;-19;751;-840;-288;18042
48;4997;1662344;-1658;-2172;-677;507;-393;-244;803;-853;-277;52710
48;4998;1662572;-547;-665;-90;-384;-255;60;789;-875;-365;18704
48;4999;1662894;-1998;-2369;-758;-420;-172;71;732;-744;-238;8973
48;5000;1663213;-1048;-1177;-321;-471;43;-111;703;-717;-185;49824
48;5001;1663468;-1866;-2525;-676;598;-530;-329;754;-791;-228;13139
48;5002;1663786;-902;-1226;-255;-458;121;547;720;-780;-291;49190
48;5003;1664105;-1628;-1778;-240;100;122;-365;618;-758;-368;41757
48;5004;1664336;-1091;-1319;-311;-319;615;106;666;-774;-232;17868
48;5005;1664677;-1407;-1880;-428;696;-282;233;812;-842;-274;40506
48;5006;1665222;-1732;-2344;-670;-45;-360;-79;691;-692;-265;32956
48;5007;1665540;-1042;-1135;-313;-209;86;-78;637;-686;-259;29662
48;5008;1665775;-1600;-2462;-596;569;-380;-312;695;-782;-293;40007
48;5009;1666223;-1418;-1890;-686;-302;-837;-75;631;-574;-184;26861
48;5010;1666544;-833;-1264;-256;39;246;-434;561;-713;-311;53924
48;5011;1666900;-1587;-2235;-621;445;-10;-679;648;-764;-274;46761
48;5012;1667222;-767;-921;-142;-800;78;611;660;-679;-244;25362
48;5013;1667540;-1666;-1867;-726;829;-690;-289;620;-546;-210;49266
48;5014;1667896;-1460;-1572;-553;-479;572;-296;635;-660;-194;12541
48;5015;1668215;-1334;-1486;-121;124;-383;573;748;-740;-346;39612
48;5016;1668537;-1276;-1808;-459;-305;-231;238;623;-633;-270;15374
48;5017;1668764;-1498;-1708;-269;-23;-416;-101;592;-578;-347;37904
48;5018;1669211;-1753;-2409;-652;414;-1;-240;658;-728;-321;35222
48;5019;1669545;-723;-817;-160;-535;231;136;595;-695;-355;65530
48;5020;1669861;-1697;-1784;-494;-236;-659;317;556;-565;-308;2669
48;5021;1670209;-964;-1421;-306;-250;310;-544;529;-669;-298;58977
48;5022;1670546;-1126;-1329;-258;329;-637;467;608;-661;-398;60321
48;5023;1670863;-1514;-1951;-538;-479;-352;553;479;-553;-389;60545
48;5024;1671213;-744;-1241;-174;-148;149;-628;429;-604;-403;63679
48;5025;1671440;-1500;-1833;-513;-274;216;-139;484;-606;-331;25030
48;5026;1671758;-811;-1056;-28;101;-154;144;531;-687;-462;54467
48;5027;1672197;-1497;-1623;-337;340;-258;-272;424;-538;-409;48904
48;5028;1672439;-873;-1331;-239;-172;182;66;446;-624;-393;15640
48;5029;1672756;-1493;-2097;-535;483;-307;-211;500;-671;-402;27572
48;5030;1673196;-1751;-2243;-779;-528;-345;19;464;-586;-305;11232
48;5031;1673537;-1129;-1264;-311;-840;-370;-908;389;-554;-411;53810
48;5032;1673858;-1266;-1694;-548;271;-1233;-747;527;-771;-468;30701
48;5033;1674192;-995;-1584;-302;-784;-1714;22;646;-901;-774;38400
48;5034;1674536;-1304;-1605;-494;-637;-1435;-434;707;-946;-810;18312
48;5035;1675081;-1277;-1626;-470;-853;-1572;-410;1024;-1029;-833;62998
48;5036;1675402;-956;-1622;-634;-838;-2262;875;1164;-990;-473;13667
48;5037;1675638;-1333;-1728;-469;-1175;-1799;-250;855;-902;-425;61535
48;5038;1675865;-1290;-2077;-638;-327;-2306;381;715;-842;-463;14602
48;5039;1676188;-1073;-1506;-246;-1476;-648;-440;461;-744;-636;37897
48;5040;1676506;-1137;-1372;-241;-570;-300;102;429;-585;-501;46936
48;5041;1676757;-1603;-2153;-267;-10;4;116;409;-599;-487;63453
48;5042;1677080;-1379;-1514;-466;-211;7;317;369;-427;-391;47159
48;5043;1677397;-800;-1396;-127;224;-199;-648;416;-706;-524;43906
48;5044;1677625;-1414;-1676;-503;-408;221;49;454;-674;-468;12948
48;5045;1678077;-844;-1133;-216;-592;4;479;460;-656;-528;18816
48;5046;1678520;-1246;-1696;-260;-182;230;-617;382;-634;-552;49790
48;5047;1678841;-1610;-1905;-605;138;291;-148;458;-645;-398;58343
48;5048;1679184;-605;-827;-82;-20;185;507;490;-696;-509;11098
48;5049;1679411;-1839;-2057;-772;138;64;701;438;-550;-394;11315
48;5050;1679729;-743;-1412;-289;50;663;-61;424;-616;-344;40223
48;5051;1680192;-1564;-1523;-519;1067;200;509;554;-706;-329;47217
48;5052;1680513;-1525;-2082;-809;-1630;-1025;183;536;-636;-283;2632
48;5053;1680831;-838;-1345;-272;-668;-616;-582;426;-608;-476;36277
48;5054;1681189;-1632;-1967;-596;217;-3;-891;394;-596;-457;39944
48;5055;1681510;-789;-1210;-219;-144;142;555;493;-692;-544;40713
48;5056;1681827;-1484;-1907;-505;224;203;-180;396;-587;-524;36037
48;5057;1682169;-1182;-1607;-528;93;474;9;464;-647;-401;27866
48;5058;1682405;-1303;-1782;-518;730;525;-616;506;-713;-389;63926
48;5059;1682722;-999;-1663;-619;-26;1402;565;660;-755;-216;42643
48;5060;1683169;-1165;-1583;-601;535;2117;665;840;-742;-83;18022
48;5061;1683518;-1292;-1599;-606;787;1115;1626;1105;-932;-305;10926
48;5062;1683850;-1242;-1318;-370;-721;-1051;28;848;-875;-383;22029
48;5063;1684173;-1240;-1744;-625;-801;-1232;-1116;796;-845;-225;21452
48;5064;1684516;-980;-1544;-547;-273;-1245;-401;822;-796;-211;5220
48;5065;1684743;-1036;-1543;-304;73;-1189;291;745;-778;-309;41849
48;5066;1685167;-1026;-1460;-619;-1150;-2538;-1099;515;-713;-548;13231
48;5067;1685501;-1179;-1886;-608;-1595;-1756;516;500;-697;-661;4538
48;5068;1685742;-1256;-2029;-566;-537;24;-291;470;-732;-687;7141
48;5069;1686166;-1580;-1860;-664;1366;1255;40;409;-624;-381;41718
48;5070;1686503;-725;-843;-187;424;690;124;521;-707;-342;55822
48;5071;1686844;-1666;-1760;-479;99;-62;396;541;-616;-309;55959
48;5072;1687163;-1305;-1885;-450;-438;289;167;524;-661;-254;46925
48;5073;1687390;-1426;-1711;-512;972;-317;-446;571;-687;-282;43223
48;5074;1687708;-714;-1075;-282;-410;460;20;568;-756;-312;26394
48;5075;1688054;-1558;-1769;-534;-86;-7;140;540;-633;-286;1876
48;5076;1688286;-745;-1161;-281;-186;162;-38;512;-654;-256;28702
48;5077;1688603;-1706;-2019;-645;350;193;-508;539;-648;-212;5117
48;5078;1689176;-1699;-2047;-597;478;-216;-189;541;-650;-307;21104
48;5079;1689497;-1276;-1623;-422;-266;371;-86;598;-735;-245;18203
48;5080;1689814;-1293;-1612;-314;539;-425;257;671;-763;-283;57535
48;5081;1690172;-1640;-1908;-619;-442;-182;701;597;-640;-236;34242
48;5082;1690490;-1007;-1359;-318;-243;124;-252;553;-660;-222;4763
48;5083;1690822;-1734;-2273;-744;172;24;-459;605;-667;-153;26886
48;5084;1691168;-683;-920;-138;-153;47;273;621;-746;-310;50878
48;5085;1691486;-1627;-1822;-386;237;-274;53;531;-655;-352;17791
48;5086;1691717;-787;-1294;-256;-570;466;-146;510;-671;-285;40113
48;5087;1692036;-1627;-2072;-663;351;76;-415;617;-669;-143;1380
48;5088;1692273;-825;-1073;-232;166;-12;220;668;-742;-245;24394
48;5089;1692712;-1447;-1740;-491;-139;104;-170;549;-649;-264;48900
48;5090;1693140;-1800;-2277;-739;-97;279;-475;606;-696;-180;16691
48;5091;1693500;-718;-904;-139;-178;-7;356;652;-733;-259;6765
48;5092;1693821;-1526;-2004;-586;128;-176;-223;576;-649;-238;13718
48;5093;1694140;-1176;-1479;-322;-93;139;-139;585;-717;-223;34315
48;5094;1694500;-1081;-1324;-127;282;-266;142;666;-768;-289;10614
48;5095;1694818;-1584;-1895;-649;-102;-300;513;610;-674;-218;22857
48;5096;1695137;-810;-1305;-211;-214;220;-388;537;-689;-251;55639
48;5097;1695364;-1402;-1693;-561;-76;258;-89;590;-654;-160;57789
48;5098;1695705;-1057;-1231;-295;85;-153;215;651;-765;-296;16221
48;5099;1696145;-1631;-2028;-616;42;-150;-18;567;-655;-275;11619
48;5100;1696466;-1155;-1350;-376;-608;483;-124;537;-635;-185;42744
48;5101;1696702;-1573;-1939;-564;676;-176;-153;623;-684;-170;7991
48;5102;1697149;-1242;-1729;-553;146;-185;857;657;-708;-214;14051
48;5103;1697467;-824;-1281;-111;30;121;-506;547;-715;-295;32110
48;5104;1697808;-1420;-1823;-604;318;-39;143;657;-721;-169;9649
48;5105;1698142;-867;-1075;-60;-269;-49;-208;675;-781;-261;29962
48;5106;1698460;-1656;-1866;-707;432;-782;35;666;-664;-173;44046
48;5107;1698792;-945;-1274;-307;-326;-155;-47;596;-723;-261;55441
48;5108;1699142;-1667;-2119;-681;-68;-396;-279;596;-724;-241;42746
48;5109;1699460;-827;-1226;-171;-760;132;283;568;-728;-298;64588
48;5110;1699796;-1534;-1775;-380;432;-363;-455;512;-585;-258;10838
48;5111;1700139;-1218;-1452;-430;-273;215;80;548;-665;-244;11113
48;5112;1700457;-1323;-1853;-674;194;-55;-229;576;-705;-247;20848
48;5113;1700684;-629;-1075;-110;-171;53;146;587;-732;-310;41892
48;5114;1701134;-1372;-1610;-370;-259;185;-224;486;-648;-343;54882
48;5115;1701577;-1669;-2134;-646;161;158;-245;560;-672;-188;17383
48;5116;1702001;-846;-1063;-213;-586;371;576;589;-718;-310;48555
48;5117;1702241;-1567;-2064;-478;342;-255;517;546;-662;-295;4675
48;5118;1702468;-902;-1115;-229;-135;298;-380;496;-652;-288;15949
48;5119;1702786;-1627;-2033;-721;80;47;-326;613;-684;-132;33960
48;5120;1703105;-847;-1124;-221;-128;-49;166;642;-749;-255;7979
48;5121;1703358;-1453;-1899;-579;300;-436;344;599;-705;-261;32650
48;5122;1703676;-1258;-1562;-319;-281;272;-232;507;-653;-301;47092
48;5123;1704000;-1206;-1537;-552;112;121;-123;550;-609;-172;17993
48;5124;1704228;-1520;-2048;-703;696;-25;-564;584;-714;-233;30978
48;5125;1704576;-1155;-1550;-567;-139;97;356;625;-737;-220;32104
48;5126;1705122;-912;-1203;-243;-563;502;-50;535;-680;-234;54100
48;5127;1705439;-1718;-2087;-694;527;-281;-272;668;-719;-158;37525
48;5128;1705675;-790;-1017;-181;0;-153;106;664;-797;-293;63945
48;5129;1706115;-1468;-1675;-391;89;-182;-289;515;-678;-326;3647
48;5130;1706432;-1269;-1525;-434;-665;551;-3;536;-656;-177;5371
48;5131;1706789;-1276;-1599;-255;690;-361;224;674;-757;-223;19928
48;5132;1707112;-1611;-1936;-593;-2;-244;546;594;-683;-242;31911
48;5133;1707434;-992;-1292;-194;67;318;-517;539;-713;-269;43856
48;5134;1707790;-1688;-2046;-657;520;-21;-230;649;-736;-187;12110
48;5135;1708109;-713;-842;-104;-189;117;-99;653;-794;-296;11559
48;5136;1708430;-1755;-2089;-695;194;-509;476;671;-673;-212;64594
48;5137;1708658;-1262;-1622;-365;-280;287;-774;545;-701;-250;28223
48;5138;1709105;-1648;-1878;-508;470;-275;-100;662;-741;-202;31627
48;5139;1709442;-844;-1033;-208;-310;-105;597;633;-735;-278;26476
48;5140;1709759;-1633;-1964;-513;-132;56;-27;533;-654;-293;26020
48;5141;1710108;-1208;-1419;-456;-143;377;-493;594;-700;-175;41747
48;5142;1710441;-1345;-1734;-379;409;-258;544;742;-803;-252;33084
48;5143;1710758;-1111;-1788;-618;-175;-84;756;642;-696;-190;32502
48;5144;1711100;-1304;-1934;-380;-219;431;-1143;515;-732;-286;16164
48;5145;1711328;-1039;-1556;-472;-300;322;332;696;-738;-137;59641
48;5146;1711646;-1560;-2169;-845;947;-309;-509;732;-762;-163;46840
48;5147;1712089;-1255;-1712;-586;-152;-715;257;609;-666;-214;64173
48;5148;1712324;-1262;-1626;-346;251;-235;-692;506;-662;-360;3339
48;5149;1712650;-1449;-1741;-590;-112;150;175;608;-694;-199;53081
48;5150;1713089;-696;-794;-179;-753;295;496;625;-680;-206;62786
48;5151;1713430;-1414;-1865;-368;-19;-196;-302;577;-676;-223;994
48;5152;1713747;-1119;-1436;-393;42;169;-133;615;-686;-196;62403
48;5153;1714082;-1088;-1604;-498;694;-170;-62;657;-768;-272;24704
48;5154;1714423;-1237;-1659;-523;-239;161;501;621;-724;-252;55500
48;5155;1714975;-1123;-1366;-482;-219;299;-201;617;-663;-139;6051
48;5156;1715296;-1278;-1890;-573;600;-363;322;737;-789;-222;43661
48;5157;1715532;-726;-933;-60;-460;186;352;652;-747;-237;50639
48;5158;1715759;-1595;-1836;-618;170;-615;164;607;-620;-207;6186
48;5159;1716078;-697;-1161;-182;-588;169;-394;584;-760;-254;1016
48;5160;1716400;-1544;-1753;-481;463;-455;-131;634;-708;-220;13473
48;5161;1716651;-715;-894;-118;-316;111;92;617;-760;-314;46221
48;5162;1716970;-1674;-1943;-476;482;-356;123;589;-659;-246;21530
48;5163;1717291;-895;-1149;-331;-320;416;182;577;-665;-182;47907
48;5164;1717523;-1712;-2045;-671;344;213;-140;626;-683;-138;50369
48;5165;1717970;-1093;-1286;-366;-322;71;-59;608;-726;-224;35900
48;5166;1718410;-802;-1205;-154;-463;42;-663;553;-741;-235;30570
48;5167;1718727;-1440;-1584;-508;213;-168;-518;610;-688;-212;43809
48;5168;1719069;-981;-1028;-79;-168;51;210;629;-755;-274;29666
48;5169;1719297;-1906;-2147;-769;-202;-320;537;616;-699;-244;43140
48;5170;1719615;-883;-1041;-234;-505;-143;200;509;-622;-259;52581
48;5171;1720084;-1291;-1854;-502;409;-80;-233;564;-714;-228;10557
48;5172;1720405;-1350;-1856;-620;360;11;627;588;-676;-232;44922
48;5173;1720722;-1247;-1480;-320;146;454;-384;508;-645;-251;17712
48;5174;1721085;-1635;-1898;-660;426;-5;-50;603;-666;-152;5115
48;5175;1721402;-742;-847;-93;-148;193;-52;652;-774;-263;50358
48;5176;1721720;-1588;-2132;-685;299;-518;673;739;-761;-199;22392
48;5177;1722054;-854;-1236;-281;-369;421;286;593;-703;-209;56793
48;5178;1722290;-1461;-1742;-716;608;484;-539;621;-690;-146;13956
48;5179;1722607;-1014;-1189;-501;-668;-450;-258;809;-834;-246;22384
48;5180;1722947;-1662;-2101;-679;-347;-247;342;749;-687;-121;13705
48;5181;1723395;-1629;-1628;7;-127;-733;328;615;-616;-196;32009
48;5182;1723734;-1179;-1491;-635;-102;-641;-395;550;-695;-287;7599
48;5183;1724053;-1078;-1629;-441;329;-509;148;510;-625;-411;61166
48;5184;1724401;-1184;-1629;-367;63;1227;-549;487;-704;-281;44990
48;5185;1724629;-1345;-1487;-450;71;407;645;684;-667;-177;27161
48;5186;1725053;-817;-1089;-188;-409;123;503;635;-703;-245;56497
48;5187;1725390;-1559;-2010;-308;-252;-787;-601;532;-638;-341;3699
48;5188;1725628;-1136;-1495;-297;308;668;-234;516;-722;-294;58511
48;5189;1726052;-1508;-1832;-405;412;307;-2;636;-814;-311;57947
48;5190;1726385;-1239;-1219;-240;-330;-533;334;587;-634;-220;42888
48;5191;1726725;-1004;-1670;-468;-350;52;-287;571;-723;-199;30319
48;5192;1727048;-1591;-1888;-493;-234;-266;-1080;565;-707;-216;22792
48;5193;1727276;-813;-1066;-211;425;-916;179;644;-788;-354;26092
48;5194;1727594;-1837;-2232;-232;-367;-333;389;526;-728;-515;8466
48;5195;1728064;-1561;-1874;-445;-735;926;-782;396;-566;-254;3852
48;5196;1728386;-717;-880;-44;-22;28;233;583;-701;-273;48661
48;5197;1728703;-1637;-1800;-615;600;-685;399;492;-609;-359;7627
48;5198;1729062;-1213;-1488;-277;-639;298;504;422;-617;-303;17579
48;5199;1729380;-1578;-2304;-718;164;-185;-876;481;-659;-226;51552
48;5200;1729697;-1223;-1457;-487;293;-27;449;515;-672;-303;59246
48;5201;1730054;-1323;-1573;-346;-504;449;-174;436;-654;-318;54375
48;5202;1730372;-1378;-1647;-411;108;288;82;513;-613;-191;46387
48;5203;1730715;-833;-1085;-130;416;-277;209;564;-726;-307;12578
48;5204;1731065;-1615;-2012;-527;404;-661;296;504;-669;-323;22363
48;5205;1731383;-879;-1117;-96;-498;446;-28;419;-672;-373;30655
48;5206;1731614;-1820;-2444;-641;-78;147;-476;479;-669;-240;25285
48;5207;1731937;-675;-850;-59;-454;143;-70;516;-693;-279;1750
48;5208;1732173;-1331;-2068;-518;322;-365;528;536;-670;-233;58941
48;5209;1732612;-1091;-1452;-214;-462;373;168;422;-642;-343;23691
48;5210;1733036;-913;-1343;-75;189;-65;-225;526;-780;-381;14059
48;5211;1733400;-1586;-2117;-576;188;-20;912;584;-713;-243;51804
48;5212;1733718;-722;-1018;-161;-339;255;99;438;-592;-286;51544
48;5213;1734036;-1401;-1912;-556;811;52;-318;542;-685;-174;7530
48;5214;1734393;-982;-1393;-318;-346;197;-9;553;-743;-281;62303
48;5215;1734711;-1572;-1442;-187;-146;-155;169;485;-648;-358;41185
48;5216;1735029;-1698;-1882;-645;-632;530;-587;464;-587;-135;27806
48;5217;1735261;-1531;-1918;-523;866;-359;253;606;-706;-195;63273
48;5218;1735603;-1165;-1653;-412;148;-57;61;545;-749;-296;37293
48;5219;1736050;-584;-955;-157;-737;16;-267;423;-664;-390;1533
48;5220;1736368;-1461;-2074;-645;361;99;-338;499;-657;-203;57839
48;5221;1736604;-679;-748;-79;36;100;34;552;-701;-289;9063
48;5222;1737044;-1700;-1583;-222;-17;-515;509;545;-640;-352;32347
48;5223;1737361;-1494;-1625;-265;-862;134;-305;426;-589;-273;65060
48;5224;1737702;-1039;-1366;-173;386;71;-54;514;-742;-359;30001
48;5225;1738040;-1500;-1770;-334;192;-114;96;485;-676;-368;32937
48;5226;1738358;-761;-1231;-267;-126;445;-249;482;-703;-275;40232
48;5227;1738697;-1333;-1655;-403;431;-153;-418;520;-658;-233;21757
48;5228;1739043;-1114;-1402;-254;-234;230;251;554;-749;-310;47035
48;5229;1739361;-1431;-1317;-318;460;-438;133;520;-672;-317;53454
48;5230;1739694;-1496;-1699;-396;-544;154;-544;466;-637;-260;16894
48;5231;1740036;-942;-1130;-100;11;72;291;546;-710;-293;33187
48;5232;1740354;-2014;-2351;-688;332;-411;465;520;-637;-268;15399
48;5233;1740582;-1193;-1299;-152;-13;-55;-603;459;-654;-370;31535
48;5234;1741029;-1545;-1887;-402;-1;-158;-277;520;-696;-286;35477
48;5235;1741475;-1404;-1765;-526;374;-518;536;497;-632;-300;17446
48;5236;1741898;-911;-1384;-273;-200;221;0;452;-673;-270;35977
48;5237;1742134;-1747;-2085;-508;389;27;-383;508;-666;-238;1871
48;5238;1742362;-1155;-1503;-184;329;-125;156;547;-747;-311;32657
48;5239;1742683;-1523;-1602;-488;72;-476;296;484;-595;-273;28072
48;5240;1743006;-786;-1202;-248;-256;206;-127;446;-685;-337;41201
48;5241;1743258;-1818;-1848;-635;-94;445;-364;472;-619;-216;37469
48;5242;1743576;-829;-1044;-178;-106;74;353;602;-743;-266;38367
48;5243;1743796;-1323;-1707;-584;52;30;347;543;-664;-215;28982
48;5244;1744129;-852;-1063;-180;-243;231;86;491;-649;-313;2532
48;5245;1744469;-1681;-2039;-433;238;-181;-491;507;-656;-248;12631
48;5246;1745015;-1846;-2034;-548;-58;-523;-14;499;-637;-283;64254
48;5247;1745332;-725;-988;-164;-159;-203;-132;459;-644;-405;29747
48;5248;1745568;-1810;-2009;-595;731;1255;-318;431;-690;-300;1229
48;5249;1746008;-819;-889;-135;-653;187;83;538;-697;-292;60016
48;5250;1746331;-1451;-1603;-371;95;-567;291;529;-594;-285;9384
48;5251;1746571;-845;-1035;-162;-424;200;-445;455;-637;-254;30609
48;5252;1746905;-1614;-1961;-563;281;-300;-523;559;-684;-229;62701
48;5253;1747223;-1161;-1315;-357;-181;-171;430;553;-703;-305;62332
48;5254;1747685;-773;-1254;-253;-446;14;-370;436;-646;-328;3233
48;5255;1748004;-1473;-1816;-587;502;97;-487;480;-652;-275;56420
48;5256;1748322;-723;-944;-73;-349;110;396;522;-712;-357;8207
48;5257;1748550;-1773;-2301;-576;297;-232;283;497;-655;-324;40736
48;5258;1749003;-1447;-1582;-428;-619;617;-55;453;-617;-259;17023
48;5259;1749336;-1005;-1364;-179;549;-397;75;586;-733;-274;32865
48;5260;1749653;-1554;-1843;-610;343;-700;501;526;-653;-324;12792
48;5261;1749997;-792;-1136;-233;-367;420;-207;444;-662;-307;31603
48;5262;1750334;-2124;-2210;-649;394;-64;-165;517;-616;-191;40352
48;5263;1750651;-1042;-1127;-268;-346;129;99;498;-654;-261;17805
48;5264;1750993;-1496;-1669;-327;107;-33;36;473;-662;-367;49232
48;5265;1751221;-1047;-1123;-127;-362;373;-121;460;-663;-323;29148
48;5266;1751543;-1249;-1658;-491;381;-444;-183;576;-691;-218;11157
48;5267;1751986;-1766;-2141;-738;721;-660;287;529;-600;-249;13597
48;5268;1752221;-1267;-1493;-299;83;262;-281;444;-631;-340;13465
48;5269;1752539;-1431;-1610;-434;-118;283;-609;469;-624;-213;28980
48;5270;1752978;-717;-803;-107;-279;47;-44;519;-668;-296;38678
48;5271;1753319;-1097;-1297;-316;589;-728;727;495;-605;-397;31663
48;5272;1753637;-829;-1250;-426;5;-49;202;483;-630;-204;62521
48;5273;1753975;-1264;-1831;-595;758;-605;-534;543;-717;-250;62113
48;5274;1754324;-1268;-1530;-464;16;-595;107;456;-633;-409;62101
48;5275;1754869;-1257;-1516;-362;-77;773;315;508;-684;-227;52932
48;5276;1755187;-1469;-1839;-506;443;-21;193;622;-726;-176;52084
48;5277;1755422;-1122;-1209;-286;-242;35;424;589;-678;-213;312
48;5278;1755650;-1240;-1543;-392;345;-369;445;534;-620;-241;11377
48;5279;1755969;-1385;-1645;-279;-360;-75;-358;464;-659;-339;61706
48;5280;1756287;-1687;-1926;-401;-563;-248;-616;496;-650;-283;3292
48;5281;1756538;-1028;-1477;-206;-220;-390;123;559;-710;-301;35698
48;5282;1756864;-1469;-1824;-546;278;-673;333;483;-554;-298;12857
48;5283;1757182;-897;-1165;-225;114;367;77;430;-607;-383;40569
48;5284;1757409;-989;-1670;-262;140;600;-202;464;-610;-261;50212
48;5285;1757861;-1018;-1172;-149;-369;-35;337;580;-697;-302;20725
48;5286;1758301;-1772;-1878;-375;30;-442;78;485;-591;-333;40702
48;5287;1758618;-1152;-1340;-289;-620;-89;-101;471;-619;-335;6079
48;5288;1758960;-1215;-1656;-424;32;-411;-311;534;-701;-371;14842
48;5289;1759188;-965;-1272;-199;-575;-111;397;535;-652;-369;10465
48;5290;1759513;-1971;-2210;-473;287;-297;-252;478;-627;-443;55641
48;5291;1759978;-1282;-1486;-421;956;729;-185;470;-659;-367;63427
48;5292;1760296;-1143;-1235;-203;-244;14;87;563;-714;-417;60268
48;5293;1760614;-1746;-2050;-489;114;-258;311;532;-641;-366;42034
48;5294;1761294;-1476;-1807;-376;178;-381;-173;529;-675;-405;29304
48;5295;1761615;-995;-1301;-244;-400;61;387;538;-692;-461;39540
48;5296;1761949;-1391;-1596;-333;125;-57;24;459;-598;-506;46529
48;5297;1762290;-1310;-1516;-367;-147;575;259;457;-596;-360;1351
48;5298;1762842;-941;-1177;-241;-281;-289;207;487;-654;-424;13884
48;5299;1763160;-1610;-1893;-454;188;-531;148;423;-614;-509;1197
48;5300;1763396;-1103;-1554;-295;-261;-70;52;402;-631;-567;64205
48;5301;1763624;-953;-1989;-319;-178;498;323;372;-569;-448;54781
48;5302;1763943;-1119;-1440;-445;444;-181;239;458;-673;-400;2422
48;5303;1764260;-1234;-1714;-535;-394;84;-79;420;-607;-304;10839
48;5304;1764512;-1523;-1830;-553;549;-388;-161;443;-571;-423;52002
48;5305;1764840;-1262;-1592;-420;-269;361;-535;364;-617;-408;48087
48;5306;1765158;-1074;-1276;-314;135;-338;-142;439;-662;-420;49144
48;5307;1765390;-1130;-1443;-370;-716;-27;137;420;-617;-381;45124
48;5308;1765837;-1016;-1365;-199;272;167;-58;371;-586;-471;24823
48;5309;1766277;-1581;-1876;-494;242;-118;-205;409;-614;-363;24854
48;5310;1766594;-1069;-1304;-248;-691;39;-71;426;-637;-417;47057
48;5311;1766936;-1526;-1746;-412;454;-445;460;415;-562;-495;54769
48;5312;1767164;-1072;-1340;-203;-355;323;-72;345;-585;-504;36701
48;5313;1767490;-1681;-2005;-499;179;-273;-273;384;-581;-372;20134
48;5314;1767953;-1212;-1643;-462;-373;31;-86;431;-683;-442;54142
48;5315;1768270;-1043;-1251;-233;474;38;86;397;-628;-544;19697
48;5316;1768588;-1230;-1537;-402;-207;525;-217;352;-540;-358;3902
48;5317;1768947;-898;-1292;-399;607;-74;-263;427;-646;-337;56931
48;5318;1769268;-1147;-1466;-462;169;-564;83;443;-622;-336;23450
48;5319;1769586;-1183;-1203;-200;-145;-186;-221;377;-569;-477;22800
48;5320;1769920;-1275;-1590;-407;14;150;-114;407;-577;-378;28338
48;5321;1770162;-819;-1238;-357;457;-248;-312;437;-676;-395;25723
48;5322;1770479;-1081;-1478;-540;149;-290;234;435;-613;-381;20293
48;5323;1770817;-1037;-1292;-222;-79;274;-358;393;-619;-411;12820
48;5324;1771264;-1509;-1838;-435;312;-137;-257;455;-648;-357;32984
48;5325;1771597;-974;-1185;-193;-161;17;269;470;-677;-435;62096
48;5326;1771916;-1699;-1887;-546;118;-65;199;405;-545;-466;35739
48;5327;1772257;-1282;-1522;-440;-412;314;-603;377;-580;-320;21073
48;5328;1772485;-1599;-1951;-514;470;-52;-171;464;-673;-343;28523
48;5329;1772705;-832;-896;-164;-333;120;240;474;-660;-375;40305
48;5330;1773026;-1585;-1873;-565;427;-698;415;445;-548;-388;49908
48;5331;1773254;-1192;-1475;-273;-139;81;-366;369;-585;-460;28136
48;5332;1773490;-1362;-1538;-409;-311;246;-266;402;-590;-366;36946
48;5333;1773914;-1281;-1601;-347;-236;-99;182;477;-663;-463;15806
48;5334;1774247;-1576;-1792;-491;-148;15;147;411;-559;-394;33762
48;5335;1774588;-1158;-1412;-354;-339;-306;-323;389;-506;-385;49781
48;5336;1774906;-1553;-1762;-455;309;150;-436;415;-641;-446;16048
48;5337;1775138;-1007;-1159;-403;-144;-68;81;456;-648;-449;45268
48;5338;1775459;-1383;-1821;-643;147;-377;324;411;-596;-519;58860
48;5339;1775805;-1374;-1496;-491;-740;549;203;345;-503;-427;31864
48;5340;1776033;-1166;-1382;-526;-283;-149;-679;367;-520;-331;8928
48;5341;1776350;-1397;-1782;-307;356;-651;-122;439;-662;-492;41729
48;5342;1776924;-1591;-1557;-476;30;-871;535;454;-602;-759;32571
48;5343;1777241;-959;-1484;-324;-627;693;169;447;-710;-608;25973
48;5344;1777562;-1270;-1541;-524;807;-32;-69;417;-658;-500;24963
48;5345;1777924;-1001;-1214;-275;444;-86;46;448;-691;-683;18602
48;5346;1778242;-1383;-1529;-319;52;-349;613;422;-625;-739;52325
48;5347;1778574;-1197;-1947;-334;-178;1049;-229;403;-669;-599;5934
48;5348;1778917;-1276;-1232;-339;-386;403;-100;447;-541;-330;28833
48;5349;1779235;-1377;-1443;-370;300;-813;420;540;-622;-415;1885
48;5350;1779462;-1059;-1400;-473;95;-912;118;450;-613;-559;50900
48;5351;1779781;-843;-1246;-117;-178;-271;-26;423;-616;-818;53294
48;5352;1780021;-1354;-1637;-472;-549;130;-317;421;-636;-696;7375
48;5353;1780466;-1153;-1491;-281;-320;-85;385;481;-667;-660;54809
48;5354;1780890;-1399;-1576;-571;224;209;-36;417;-586;-636;49151
48;5355;1781246;-1425;-1660;-753;344;1390;411;435;-604;-484;16778
48;5356;1781564;-1251;-1252;-492;19;-179;590;493;-559;-367;25221
48;5357;1781887;-902;-1631;-94;-333;-977;-753;428;-547;-471;22525
48;5358;1782243;-1559;-1689;-735;-1353;-1258;213;459;-550;-629;64915
48;5359;1782561;-1504;-1876;-360;-468;-667;-622;492;-649;-845;51687
48;5360;1782883;-1150;-1273;-198;-281;73;-34;639;-706;-875;55633
48;5361;1783115;-1292;-1578;-406;-578;108;-26;672;-726;-761;65171
48;5362;1783457;-1407;-1500;-449;508;602;52;684;-694;-735;31785
48;5363;1783897;-1398;-1551;-246;108;-253;263;660;-587;-824;37473
48;5364;1784214;-1431;-1464;-366;21;174;-68;676;-504;-807;47333
48;5365;1784452;-1733;-1079;-926;-54;196;-227;643;-524;-783;58148
48;5366;1784892;-1446;-1473;-370;-129;-627;-502;573;-532;-761;34437
48;5367;1785210;-1288;-1890;-309;151;-351;-69;631;-605;-853;15315
48;5368;1785555;-1784;-1086;315;-298;-5;-348;714;-341;-852;54447
48;5369;1785893;-1208;-1654;4;-10;-32;-4;670;-277;-1017;20073
48;5370;1786211;-1266;-1641;31;5;-30;0;663;-277;-1014;41462
48;5371;1786543;340;-2259;121;119;390;106;663;-260;-1053;38187
48;5372;1786889;-1258;-1302;150;-18;-182;412;668;-190;-1073;22760
48;5373;1787207;-1272;-1629;8;5;-29;0;657;-166;-1086;24730
48;5374;1787540;-1289;-1618;4;5;-29;-4;654;-182;-1095;65480
48;5375;1787882;-1286;-1617;9;6;-28;1;655;-181;-1091;20865
48;5376;1788208;-1285;-1620;8;7;-28;0;650;-174;-1097;52675
48;5377;1788435;-1286;-1622;10;4;-31;-4;655;-178;-1092;31676
48;5378;1788886;-1287;-1619;3;3;-30;-6;659;-171;-1101;38736
48;5379;1789326;-1290;-1617;5;3;-31;-6;649;-161;-1096;39222
48;5380;1789749;-1290;-1616;5;3;-29;-4;656;-177;-1086;34885
48;5381;1789985;-1292;-1616;6;3;-30;-6;653;-169;-1090;63619
48;5382;1790213;-1290;-1620;10;6;-29;-3;653;-170;-1088;5714
48;5383;1790531;-1291;-1619;7;4;-28;-4;662;-164;-1097;24248
48;5384;1790853;-1287;-1619;10;5;-30;-2;657;-177;-1092;45707
48;5385;1791109;-1289;-1620;8;4;-29;-4;649;-169;-1085;20790
48;5386;1791427;-1289;-1618;9;4;-31;-5;659;-185;-1099;29482
48;5387;1791750;-1289;-1618;9;4;-29;-5;646;-175;-1100;53938
48;5388;1791977;-1290;-1619;6;7;-26;-1;651;-180;-1091;32826
48;5389;1792320;-1289;-1621;8;5;-28;-4;654;-165;-1111;16853
48;5390;1792870;-1287;-1616;8;5;-31;-3;650;-167;-1096;49184
48;5391;1793187;-1287;-1620;10;6;-29;-1;649;-161;-1098;33199
48;5392;1793423;-1286;-1620;6;2;-30;-6;651;-167;-1096;6448
48;5393;1793870;-1289;-1619;10;4;-29;-5;645;-167;-1091;33796
48;5394;1794188;-1287;-1617;7;4;-28;-4;659;-169;-1099;38855
48;5395;1794544;-1289;-1621;9;5;-28;-3;651;-176;-1094;3399
48;5396;1794863;-1289;-1623;7;7;-28;-2;652;-176;-1107;37599
48;5397;1795180;-1282;-1619;7;7;-25;1;654;-175;-1096;53089
48;5398;1795537;-1289;-1617;8;4;-28;-4;650;-169;-1095;30797
48;5399;1795859;-1288;-1619;12;4;-29;-4;644;-168;-1104;3749
48;5400;1796177;-1289;-1619;10;4;-30;-3;654;-156;-1091;23111
48;5401;1796412;-1287;-1620;7;6;-30;-2;652;-163;-1090;26733
48;5402;1796860;-1289;-1618;7;3;-30;-4;657;-163;-1084;45868
48;5403;1797193;-1287;-1623;10;3;-31;-6;656;-178;-1089;11129
48;5404;1797510;-1290;-1620;6;4;-31;-5;655;-171;-1095;23360
48;5405;1797855;-1287;-1620;8;4;-29;-3;658;-168;-1098;39831
48;5406;1798189;-1286;-1618;7;6;-28;-1;652;-166;-1090;36077
48;5407;1798506;-1285;-1619;8;6;-28;-2;655;-162;-1095;62255
48;5408;1798849;-1287;-1620;8;3;-28;-7;650;-168;-1096;36437
48;5409;1799081;-1289;-1621;7;3;-33;-5;650;-165;-1095;65241
48;5410;1799402;-1290;-1621;10;3;-31;-4;650;-173;-1091;19072
48;5411;1799845;-1288;-1623;8;5;-29;-1;648;-167;-1085;52930
48;5412;1800081;-1287;-1620;8;4;-30;-5;657;-167;-1090;31086
48;5413;1800399;-1287;-1619;11;4;-29;-3;660;-170;-1101;59759
48;5414;1800838;-1285;-1620;10;5;-29;-3;648;-161;-1091;3306
48;5415;1801179;-1286;-1622;10;5;-27;-4;657;-170;-1090;58013
48;5416;1801497;-1289;-1622;9;6;-27;-2;654;-166;-1083;5585
48;5417;1801835;-1286;-1621;7;3;-30;-5;651;-174;-1104;18354
48;5418;1802180;-1286;-1620;7;4;-31;-4;648;-178;-1099;10096
48;5419;1802725;-1289;-1620;7;2;-30;-7;649;-166;-1086;44132
48;5420;1803043;-1286;-1620;8;3;-31;-4;656;-173;-1096;22413
48;5421;1803278;-1286;-1620;9;3;-29;-4;658;-164;-1096;28124
48;5422;1803510;-1288;-1623;10;4;-29;-4;650;-171;-1090;49428
48;5423;1803832;-1286;-1620;9;4;-31;-5;654;-171;-1090;19042
48;5424;1804150;-1289;-1620;12;5;-29;-4;650;-174;-1111;42317
48;5425;1804404;-1283;-1620;9;5;-30;-3;658;-181;-1092;9190
48;5426;1804722;-1283;-1619;6;4;-28;-5;657;-173;-1095;53266
48;5427;1805044;-1284;-1622;7;2;-29;-6;659;-178;-1101;54771
48;5428;1805272;-1285;-1617;6;3;-30;-3;649;-181;-1100;42877
48;5429;1805951;-1286;-1620;8;4;-30;-5;662;-173;-1090;15866
48;5430;1806178;-1286;-1620;9;3;-29;-5;655;-178;-1092;37439
48;5431;1806496;-1286;-1618;7;3;-32;-5;658;-173;-1094;38034
48;5432;1806959;-1285;-1620;9;4;-31;-5;644;-171;-1085;5965
48;5433;1807280;-1287;-1620;10;3;-31;-6;657;-172;-1094;50995
48;5434;1807602;-1288;-1620;10;4;-29;-4;647;-180;-1090;64162
48;5435;1807963;-1286;-1617;10;3;-31;-6;656;-172;-1088;48348
48;5436;1808281;-1286;-1617;9;6;-27;-2;644;-175;-1088;55654
48;5437;1808598;-1286;-1625;11;5;-27;-2;658;-174;-1102;12825
48;5438;1808936;-1285;-1622;8;5;-32;-5;645;-170;-1105;59795
48;5439;1809172;-1287;-1620;13;3;-30;-5;656;-165;-1094;55906
48;5440;1809489;-1286;-1621;9;5;-28;-1;654;-173;-1100;61126
48;5441;1809827;-1286;-1620;11;4;-28;-5;650;-168;-1093;62818
48;5442;1810275;-1284;-1622;7;5;-26;-2;655;-169;-1091;1788
48;5443;1810607;-1285;-1621;9;3;-31;-7;658;-165;-1101;45705
48;5444;1810930;-1286;-1620;9;4;-31;-5;650;-174;-1107;50654
48;5445;1811271;-1288;-1622;8;6;-26;-2;657;-174;-1099;42044
48;5446;1811503;-1284;-1620;8;5;-29;-3;656;-167;-1110;25241
48;5447;1811927;-1286;-1621;10;2;-32;-6;656;-173;-1120;430
48;5448;1812260;-1286;-1619;9;4;-30;-4;651;-164;-1109;20554
48;5449;1812499;-1287;-1620;8;5;-29;-2;650;-169;-1095;26994
48;5450;1812923;-1287;-1619;5;6;-28;-2;648;-172;-1092;22685
48;5451;1813256;-1285;-1622;8;6;-27;-2;648;-166;-1120;28983
48;5452;1813598;-1286;-1620;8;6;-26;-1;656;-174;-1103;36226
48;5453;1813921;-1286;-1617;11;3;-31;-4;662;-169;-1101;28895
48;5454;1814149;-1283;-1619;10;5;-28;-2;657;-174;-1109;63974
48;5455;1814466;-1286;-1620;7;4;-30;-3;666;-166;-1103;63576
48;5456;1814812;-1283;-1623;8;6;-28;-2;658;-174;-1093;24841
48;5457;1815044;-1286;-1619;10;6;-27;-3;658;-171;-1102;4500
48;5458;1815365;-1286;-1621;6;4;-29;-4;650;-169;-1099;41519
48;5459;1815934;-1286;-1622;10;3;-29;-6;653;-171;-1099;25913
48;5460;1816251;-1286;-1625;9;5;-29;-4;642;-157;-1098;36696
48;5461;1816572;-1283;-1621;9;3;-30;-5;651;-178;-1104;34739
48;5462;1816930;-1286;-1624;12;4;-30;-7;652;-177;-1092;2590
48;5463;1817248;-1284;-1624;6;6;-29;-2;653;-185;-1082;29522
48;5464;1817581;-1282;-1624;8;3;-30;-6;654;-169;-1094;11329
48;5465;1817927;-1283;-1622;8;7;-28;1;655;-168;-1086;33410
48;5466;1818245;-1288;-1623;7;5;-30;-3;654;-168;-1089;50638
48;5467;1818472;-1287;-1616;9;5;-31;-4;645;-180;-1101;40304
48;5468;1818791;-1285;-1617;12;3;-31;-5;643;-177;-1091;45897
48;5469;1819029;-1285;-1625;10;6;-27;-1;642;-173;-1102;60151
48;5470;1819472;-1285;-1621;6;4;-31;-5;650;-174;-1097;2625
48;5471;1819899;-1283;-1620;9;3;-31;-5;661;-178;-1092;41092
48;5472;1820256;-1287;-1619;10;6;-30;-2;650;-173;-1067;30576
48;5473;1820578;-1285;-1619;9;3;-30;-5;659;-173;-1098;5658
48;5474;1820896;-1283;-1623;8;3;-29;-4;654;-175;-1090;58383
48;5475;1821254;-1283;-1620;11;4;-30;-5;648;-174;-1084;12516
48;5476;1821572;-1286;-1619;11;5;-31;-4;654;-167;-1094;16799
48;5477;1821891;-1285;-1619;7;5;-30;-4;647;-171;-1088;3101
48;5478;1822122;-1283;-1618;10;4;-29;-5;653;-171;-1098;1713
48;5479;1822463;-1281;-1623;11;6;-29;-1;659;-174;-1092;13303
48;5480;1822907;-1290;-1623;8;5;-28;-3;650;-167;-1097;31660
48;5481;1823228;-1282;-1619;8;5;-31;-4;652;-177;-1095;15332
48;5482;1823464;-1286;-1621;10;3;-29;-6;662;-168;-1091;40884
48;5483;1823904;-1284;-1621;9;3;-31;-6;654;-163;-1088;31091
48;5484;1824222;-1283;-1622;11;4;-30;-3;650;-171;-1097;52104
48;5485;1824565;-1285;-1620;8;3;-29;-5;648;-169;-1097;26366
48;5486;1824899;-1285;-1621;10;4;-29;-3;651;-176;-1104;63493
48;5487;1825220;-1285;-1619;11;4;-29;-5;650;-170;-1107;62084
48;5488;1825553;-1283;-1620;11;4;-28;-4;649;-173;-1095;61962
48;5489;1825902;-1287;-1619;11;5;-28;-3;651;-180;-1082;49657
48;5490;1826220;-1284;-1623;11;3;-32;-6;643;-162;-1103;29281
48;5491;1826552;-1286;-1621;10;3;-30;-6;647;-157;-1104;8605
48;5492;1826899;-1282;-1623;10;6;-29;-5;646;-168;-1091;39906
48;5493;1827217;-1283;-1624;7;4;-29;-3;648;-153;-1097;6623
48;5494;1827444;-1283;-1624;12;6;-30;-4;657;-164;-1095;59953
48;5495;1827897;-1286;-1620;7;6;-30;-2;650;-160;-1102;48970
48;5496;1828340;-1283;-1623;10;2;-32;-6;645;-169;-1086;25944
48;5497;1828763;-1284;-1622;9;6;-28;-2;656;-168;-1093;7186
48;5498;1828999;-1283;-1623;11;7;-27;-2;658;-165;-1105;39648
48;5499;1829227;-1284;-1624;9;4;-29;-4;652;-166;-1101;31049
48;5500;1829545;-1284;-1621;9;5;-31;-3;655;-173;-1110;53273
48;5501;1829864;-1285;-1625;9;6;-26;-1;663;-172;-1092;37393
48;5502;1830115;-1283;-1621;5;6;-28;-2;659;-171;-1096;34986
48;5503;1830335;-1283;-1624;13;4;-28;-4;651;-165;-1091;15266
48;5504;1830765;-1284;-1624;8;6;-28;-2;647;-170;-1088;58621
48;5505;1830993;-1283;-1625;6;5;-30;-5;649;-166;-1097;48170
48;5506;1831334;-1283;-1623;11;4;-31;-5;648;-169;-1086;7285
48;5507;1831879;-1284;-1621;8;3;-30;-6;647;-168;-1095;17526
48;5508;1832197;-1282;-1625;9;6;-28;-3;645;-171;-1098;44029
48;5509;1832433;-1286;-1623;9;4;-30;-4;643;-161;-1103;60505
48;5510;1832872;-1285;-1624;10;5;-29;-3;649;-168;-1105;23792
48;5511;1833189;-1282;-1620;10;6;-29;-3;658;-174;-1099;13451
48;5512;1833550;-1284;-1619;11;3;-34;-5;661;-184;-1105;17852
48;5513;1833872;-1288;-1624;11;2;-30;-6;652;-167;-1099;21069
48;5514;1834194;-1284;-1625;8;4;-30;-4;653;-173;-1100;40435
48;5515;1834550;-1283;-1624;10;5;-29;-3;658;-167;-1104;40188
48;5516;1834869;-1283;-1622;9;3;-30;-4;651;-174;-1102;27464
48;5517;1835187;-1283;-1618;9;5;-30;-4;670;-175;-1096;2312
48;5518;1835414;-1285;-1622;8;3;-31;-4;662;-168;-1087;10397
48;5519;1835863;-1281;-1621;14;4;-31;-6;657;-166;-1115;40935
48;5520;1836204;-1283;-1620;6;5;-29;-4;648;-170;-1093;47168
48;5521;1836521;-1285;-1623;10;5;-27;-2;657;-173;-1096;15555
48;5522;1836866;-1285;-1625;9;5;-29;-2;655;-159;-1098;45427
48;5523;1837199;-1284;-1622;12;4;-30;-4;656;-166;-1089;16494
48;5524;1837517;-1280;-1620;7;4;-31;-6;647;-166;-1099;48776
48;5525;1837859;-1285;-1622;7;5;-29;-2;649;-173;-1115;36263
48;5526;1838090;-1283;-1623;11;4;-29;-4;650;-181;-1112;53400
48;5527;1838408;-1280;-1625;10;3;-30;-5;652;-167;-1106;7677
48;5528;1838851;-1279;-1619;7;5;-28;-1;655;-162;-1116;32009
48;5529;1839089;-1284;-1621;7;4;-29;-5;655;-164;-1107;21644
48;5530;1839407;-1283;-1621;11;6;-28;-3;649;-169;-1107;36677
48;5531;1839846;-1285;-1623;13;4;-30;-6;653;-166;-1090;6761
48;5532;1840187;-1280;-1620;10;5;-29;-3;648;-173;-1098;13821
48;5533;1840505;-1283;-1622;6;4;-30;-4;653;-176;-1097;13603
48;5534;1840839;-1281;-1623;5;6;-27;-1;656;-168;-1099;48543
48;5535;1841180;-1286;-1620;9;5;-31;-4;660;-171;-1105;11824
48;5536;1841732;-1283;-1625;9;6;-28;-1;646;-179;-1118;12796
48;5537;1841952;-1285;-1620;7;2;-30;-6;649;-168;-1102;34264
48;5538;1842293;-1284;-1622;10;4;-28;-4;654;-170;-1096;22403
48;5539;1842520;-1283;-1626;11;4;-30;-5;655;-167;-1104;64934
48;5540;1842839;-1281;-1622;11;5;-27;-2;651;-171;-1102;12037
48;5541;1843157;-1280;-1626;10;7;-28;-1;649;-171;-1100;11342
48;5542;1843409;-1281;-1625;11;5;-31;-3;651;-169;-1106;36763
48;5543;1843728;-1281;-1623;8;5;-30;-4;664;-167;-1106;56829
48;5544;1844049;-1282;-1622;10;5;-30;-4;666;-174;-1113;23744
48;5545;1844277;-1281;-1625;9;6;-27;-3;662;-176;-1098;46699
48;5546;1844728;-1283;-1622;11;5;-29;-3;662;-161;-1102;37013
48;5547;1845167;-1280;-1622;6;5;-29;-3;653;-166;-1110;7619
48;5548;1845485;-1281;-1623;9;3;-31;-5;659;-166;-1094;58661
48;5549;1845830;-1280;-1622;12;6;-28;-2;654;-167;-1097;2113
48;5550;1846058;-1281;-1623;11;2;-29;-6;651;-165;-1089;27031
48;5551;1846376;-1281;-1624;8;4;-31;-3;661;-163;-1094;11422
48;5552;1846841;-1280;-1625;10;4;-32;-4;658;-156;-1092;61243
48;5553;1847158;-1282;-1624;7;3;-30;-5;652;-173;-1087;61789
48;5554;1847480;-1282;-1624;11;6;-28;-3;652;-164;-1082;2972
48;5555;1847841;-1280;-1624;9;5;-32;-4;648;-168;-1100;62179
48;5556;1848158;-1281;-1623;7;7;-27;-1;655;-163;-1089;2534
48;5557;1848476;-1283;-1624;7;2;-29;-5;660;-167;-1090;35304
48;5558;1848810;-1282;-1624;10;5;-29;-2;663;-164;-1085;23251
48;5559;1849046;-1282;-1626;9;5;-31;-5;662;-157;-1093;56092
48;5560;1849363;-1281;-1624;9;5;-26;-3;661;-164;-1097;36558
48;5561;1849705;-1282;-1623;10;5;-29;-3;661;-172;-1095;23187
48;5562;1850152;-1283;-1625;15;6;-28;-2;647;-161;-1097;10901
48;5563;1850490;-1279;-1622;11;4;-29;-5;656;-161;-1100;48350
48;5564;1850808;-1278;-1623;10;4;-27;-3;654;-156;-1095;59129
48;5565;1851150;-1280;-1622;9;4;-30;-3;651;-168;-1102;3791
48;5566;1851378;-1283;-1625;7;6;-29;-3;649;-163;-1106;11644
48;5567;1851801;-1283;-1623;7;4;-28;-4;652;-177;-1099;8441
48;5568;1852021;-1282;-1626;8;5;-28;-3;656;-175;-1098;5504
48;5569;1852384;-1285;-1626;6;5;-29;-3;666;-171;-1111;39393
48;5570;1852812;-1283;-1626;7;6;-29;-2;662;-168;-1111;56973
48;5571;1853149;-1279;-1622;6;5;-29;-3;669;-170;-1104;30516
48;5572;1853494;-1281;-1623;12;5;-30;-3;658;-176;-1100;17058
48;5573;1853812;-1280;-1625;12;5;-29;-4;654;-171;-1103;3898
48;5574;1854040;-1284;-1624;10;5;-31;-4;648;-167;-1103;53221
48;5575;1854358;-1281;-1627;8;5;-28;-4;652;-178;-1102;29766
48;5576;1854704;-1278;-1628;9;6;-29;-2;638;-170;-1098;25745
48;5577;1854931;-1282;-1623;7;5;-31;-5;655;-171;-1101;43722
48;5578;1855249;-1293;-1619;11;2;-29;-8;649;-172;-1101;32377
48;5579;1855820;-1279;-1624;9;6;-28;-1;640;-160;-1104;8251
48;5580;1856141;-1289;-1625;13;6;-30;0;660;-157;-1101;54828
48;5581;1856458;-1281;-1624;11;6;-31;-3;663;-155;-1115;15427
48;5582;1856816;-1281;-1624;7;5;-29;-3;661;-171;-1102;29841
48;5583;1857138;-1287;-1624;7;2;-32;-6;652;-158;-1123;25665
48;5584;1857475;-1277;-1626;10;4;-30;-2;655;-161;-1101;20018
48;5585;1857818;-1026;-1624;12;5;-28;-3;658;-162;-1112;65158
48;5586;1858136;-1285;-1624;9;2;-31;-7;658;-161;-1096;57715
48;5587;1858364;-1279;-1627;3;6;-28;-4;666;-155;-1102;5205
48;5588;1858690;-1283;-1627;8;5;-30;-4;656;-154;-1116;31129
48;5589;1858926;-1280;-1628;8;5;-28;-1;652;-167;-1108;61040
48;5590;1859366;-1281;-1625;9;6;-31;-2;654;-166;-1105;56166
48;5591;1859789;-1280;-1625;11;3;-28;-6;645;-167;-1117;26329
48;5592;1860149;-1282;-1625;11;5;-30;-3;649;-178;-1103;30603
48;5593;1860467;-1279;-1625;14;5;-30;-3;663;-163;-1114;12369
48;5594;1860790;-1277;-1626;9;4;-30;-6;660;-174;-1092;57144
48;5595;1861146;-1278;-1624;12;5;-31;-4;662;-166;-1105;46901
48;5596;1861464;-1280;-1623;7;4;-30;-4;663;-163;-1102;1175
48;5597;1861786;-1280;-1625;8;5;-30;-5;650;-161;-1095;43638
48;5598;1862014;-1279;-1628;8;3;-32;-6;658;-153;-1095;45137
48;5599;1862355;-1283;-1625;12;5;-28;-3;654;-167;-1083;506
48;5600;1862799;-1279;-1624;7;7;-26;-1;658;-155;-1094;35314
48;5601;1863116;-1278;-1626;10;5;-30;-4;650;-160;-1095;10668
48;5602;1863352;-1282;-1622;11;3;-29;-5;664;-159;-1111;7358
48;5603;1863796;-1279;-1624;10;5;-30;-3;657;-162;-1102;39537
48;5604;1864114;-1281;-1626;9;6;-28;-2;658;-156;-1117;31569
48;5605;1864458;-1281;-1626;9;6;-28;-2;659;-157;-1108;49393
48;5606;1864797;-1278;-1628;9;6;-29;-2;670;-164;-1105;44158
48;5607;1865115;-1279;-1623;10;5;-28;-3;656;-156;-1104;707
48;5608;1865452;-1277;-1623;10;3;-32;-5;650;-164;-1109;28406
48;5609;1865794;-1280;-1624;11;4;-29;-3;662;-159;-1094;26285
48;5610;1866112;-1282;-1626;10;4;-30;-4;658;-155;-1104;1466
48;5611;1866445;-1279;-1625;9;4;-32;-4;646;-158;-1092;58482
48;5612;1866787;-1281;-1626;12;4;-29;-4;662;-156;-1101;54008
48;5613;1867105;-1277;-1621;10;4;-27;-3;658;-162;-1095;40765
48;5614;1867336;-1279;-1627;10;8;-27;1;652;-165;-1094;19630
48;5615;1867784;-1281;-1623;11;5;-26;-1;653;-165;-1088;29693
48;5616;1868227;-1277;-1626;9;6;-28;-4;663;-156;-1073;44769
48;5617;1868655;-1280;-1623;7;6;-29;-2;663;-149;-1087;63020
48;5618;1868891;-1282;-1628;9;7;-29;-1;653;-155;-1081;9577
48;5619;1869118;-1277;-1626;6;8;-27;0;663;-158;-1084;23255
48;5620;1869436;-1282;-1625;10;5;-29;-2;656;-157;-1087;43525
48;5621;1869758;-1280;-1626;7;2;-30;-6;660;-168;-1101;61890
48;5622;1870014;-1277;-1626;9;5;-31;-3;664;-155;-1097;8859
48;5623;1870332;-1279;-1627;10;6;-27;-1;657;-153;-1087;31568
48;5624;1870654;-1278;-1625;10;6;-30;-3;662;-156;-1105;61741
48;5625;1870882;-1278;-1624;12;3;-29;-4;650;-153;-1096;53023
48;5626;1871223;-1280;-1625;11;5;-28;-2;655;-164;-1094;38849
48;5627;1871768;-1279;-1626;5;5;-28;-2;654;-160;-1106;50
48;5628;1872090;-1282;-1630;9;4;-30;-5;661;-158;-1105;24581
48;5629;1872326;-1279;-1624;12;3;-30;-6;664;-164;-1094;26730
48;5630;1872766;-1278;-1624;11;6;-31;-3;661;-168;-1109;1421
48;5631;1872986;-1278;-1625;8;4;-30;-4;658;-150;-1099;56081
48;5632;1873447;-1279;-1624;9;5;-29;-3;652;-159;-1107;41008
48;5633;1873765;-1282;-1627;9;5;-29;-3;658;-165;-1095;28278
48;5634;1874083;-1276;-1626;10;6;-27;-2;665;-157;-1097;31465
48;5635;1874440;-1279;-1626;10;5;-29;-3;657;-164;-1100;53249
48;5636;1874762;-1279;-1625;14;6;-29;-3;651;-161;-1085;18590
48;5637;1875080;-1276;-1625;10;4;-31;-5;664;-162;-1112;4858
48;5638;1875307;-1281;-1624;11;4;-31;-5;648;-156;-1095;48035
48;5639;1875762;-1280;-1624;10;3;-30;-6;654;-157;-1104;34192
48;5640;1876099;-1282;-1625;10;3;-29;-6;657;-156;-1099;28751
48;5641;1876417;-1277;-1623;8;6;-31;-3;651;-156;-1113;44979
48;5642;1876759;-1280;-1627;10;5;-30;-4;651;-154;-1104;235
48;5643;1877092;-1279;-1626;9;3;-29;-5;657;-163;-1103;8524
48;5644;1877409;-1279;-1624;9;3;-29;-5;661;-164;-1118;9198
48;5645;1877752;-1275;-1627;11;6;-29;-3;649;-153;-1116;6650
48;5646;1877979;-1277;-1626;6;3;-29;-5;657;-162;-1100;35211
48;5647;1878297;-1280;-1626;7;4;-30;-4;655;-157;-1107;62545
48;5648;1878742;-1280;-1625;11;7;-28;2;662;-153;-1101;53632
48;5649;1878978;-1278;-1627;6;7;-28;-2;651;-162;-1113;18770
48;5650;1879296;-1280;-1623;9;6;-30;-4;651;-158;-1097;7651
48;5651;1879735;-1280;-1628;7;3;-28;-5;647;-161;-1109;871
48;5652;1880077;-1280;-1627;11;3;-30;-6;650;-170;-1110;63309
48;5653;1880399;-1281;-1629;11;6;-28;-1;655;-164;-1088;11258
48;5654;1880737;-1278;-1627;10;4;-29;-4;649;-163;-1110;46916
48;5655;1881078;-1281;-1625;11;4;-30;-3;649;-164;-1094;45158
48;5656;1881630;-1274;-1626;9;3;-31;-6;648;-162;-1097;32808
48;5657;1881947;-1282;-1626;10;5;-30;-4;649;-158;-1097;5841
48;5658;1882184;-1279;-1628;11;3;-30;-5;646;-158;-1082;33201
48;5659;1882412;-1279;-1626;8;6;-28;-2;648;-148;-1106;9186
48;5660;1882730;-1283;-1626;11;5;-31;-3;646;-160;-1105;5480
48;5661;1883048;-1281;-1625;7;5;-32;-4;653;-153;-1102;49789
48;5662;1883309;-1278;-1624;12;5;-26;-4;655;-159;-1084;49297
48;5663;1883632;-1277;-1624;11;4;-29;-3;639;-157;-1107;5573
48;5664;1883954;-1282;-1626;11;5;-32;-5;648;-165;-1111;53845
48;5665;1884185;-1279;-1625;9;5;-29;-3;649;-157;-1108;20387
48;5666;1884633;-1280;-1624;9;5;-29;-4;649;-157;-1105;14132
48;5667;1885072;-1280;-1628;12;6;-30;-2;645;-159;-1103;27075
48;5668;1885389;-1277;-1626;11;5;-29;-3;655;-158;-1114;3300
48;5669;1885736;-1278;-1628;11;5;-29;-4;649;-155;-1106;60735
48;5670;1885963;-1275;-1625;11;5;-32;-3;658;-155;-1096;9086
48;5671;1886281;-1280;-1625;9;4;-27;-3;654;-160;-1099;12366
48;5672;1886748;-1279;-1628;7;6;-28;-4;650;-150;-1109;40012
48;5673;1887070;-1282;-1625;12;5;-30;-1;653;-157;-1111;5935
48;5674;1887388;-1280;-1627;7;3;-30;-6;651;-166;-1093;23379
48;5675;1887748;-1277;-1625;11;5;-32;-3;665;-155;-1098;54539
48;5676;1888065;-1278;-1627;8;5;-30;-4;655;-158;-1099;44430
48;5677;1888383;-1280;-1627;10;5;-30;-5;651;-155;-1108;2289
48;5678;1888717;-1278;-1624;10;5;-30;-4;661;-153;-1087;14045
48;5679;1888957;-1279;-1626;8;5;-29;-5;657;-160;-1090;44396
48;5680;1889274;-1281;-1624;9;2;-31;-5;654;-154;-1094;25351
48;5681;1889608;-1278;-1625;7;5;-30;-3;656;-160;-1107;17156
48;5682;1890059;-1278;-1625;8;4;-29;-3;654;-156;-1115;60636
48;5683;1890392;-1281;-1624;10;6;-29;0;659;-151;-1093;17265
48;5684;1890711;-1279;-1626;8;3;-29;-6;654;-150;-1103;47375
48;5685;1891052;-1280;-1626;8;3;-30;-3;652;-149;-1102;64134
48;5686;1891284;-1280;-1628;9;4;-32;-4;645;-143;-1106;10455
48;5687;1891716;-1278;-1622;10;4;-30;-3;652;-149;-1106;42455
48;5688;1892050;-1278;-1627;10;5;-31;-3;648;-149;-1107;27235
48;5689;1892293;-1279;-1629;11;4;-29;-5;652;-146;-1116;49689
48;5690;1892720;-1278;-1626;9;4;-31;-4;653;-157;-1101;36251
48;5691;1893054;-1280;-1627;14;3;-30;-6;647;-159;-1114;24469
48;5692;1893395;-1279;-1624;10;3;-32;-7;650;-149;-1103;56572
48;5693;1893713;-1275;-1625;10;4;-29;-4;653;-172;-1104;19219
48;5694;1893941;-1275;-1626;10;5;-28;-3;651;-161;-1094;59606
48;5695;1894259;-1275;-1626;7;3;-30;-6;655;-154;-1095;64978
48;5696;1894605;-1277;-1625;11;5;-29;-3;654;-157;-1087;60888
48;5697;1894832;-1279;-1630;8;4;-31;-4;654;-162;-1103;19370
48;5698;1895149;-1276;-1631;9;3;-31;-4;655;-153;-1100;32392
48;5699;1895725;-1276;-1626;10;7;-31;-3;658;-159;-1107;19018
48;5700;1896042;-1280;-1627;8;5;-31;-3;652;-159;-1099;40244
48;5701;1896359;-1277;-1623;8;3;-30;-7;649;-160;-1093;46647
48;5702;1896717;-1277;-1626;12;4;-30;-5;652;-167;-1096;60746
48;5703;1897038;-1279;-1628;11;4;-31;-3;655;-163;-1108;60878
48;5704;1897371;-1274;-1624;12;6;-30;-4;649;-159;-1112;52884
48;5705;1897717;-1276;-1628;8;4;-32;-5;649;-159;-1097;64822
48;5706;1898035;-1280;-1627;13;7;-28;-1;652;-160;-1107;44109
48;5707;1898267;-1279;-1628;8;5;-30;-3;659;-156;-1105;11648
48;5708;1898586;-1280;-1625;12;4;-29;-3;648;-155;-1100;12047
48;5709;1898821;-1274;-1627;9;6;-27;-1;653;-162;-1107;52112
48;5710;1899264;-1277;-1628;7;4;-30;-5;651;-147;-1098;36357
48;5711;1899692;-1277;-1628;10;5;-29;-2;653;-162;-1110;44215
48;5712;1900048;-1280;-1627;7;5;-31;-3;650;-166;-1101;34520
48;5713;1900366;-1279;-1627;14;3;-30;-5;646;-160;-1097;63239
48;5714;1900685;-1275;-1625;9;6;-28;-2;648;-159;-1089;41178
48;5715;1901041;-1277;-1627;9;6;-30;-2;641;-150;-1108;35475
48;5716;1901363;-1278;-1625;8;5;-30;-4;658;-162;-1100;63886
48;5717;1901682;-1278;-1624;12;5;-30;-3;644;-156;-1102;50530
48;5718;1901909;-1277;-1625;12;2;-29;-6;643;-161;-1104;34813
48;5719;1902255;-1276;-1625;6;5;-29;-4;649;-162;-1109;43313
48;5720;1902699;-1280;-1629;11;5;-31;-3;651;-155;-1104;48435
48;5721;1903020;-1276;-1624;7;6;-29;-1;649;-164;-1098;37962
48;5722;1903256;-1279;-1627;5;4;-28;-2;650;-163;-1096;55905
48;5723;1903696;-1273;-1627;10;5;-29;-4;651;-167;-1093;53722
48;5724;1904018;-1278;-1628;11;5;-29;-3;644;-162;-1091;40914
48;5725;1904358;-1277;-1625;11;5;-31;-4;645;-154;-1102;7819
48;5726;1904692;-1280;-1627;10;5;-29;-3;644;-159;-1100;53106
48;5727;1905014;-1281;-1623;10;6;-30;-4;655;-161;-1097;36233
48;5728;1905347;-1278;-1627;7;4;-30;-4;667;-159;-1113;14556
48;5729;1905689;-1277;-1630;10;3;-29;-4;646;-152;-1102;19722
48;5730;1906007;-1279;-1626;10;5;-29;-3;652;-158;-1107;63337
48;5731;1906339;-1277;-1625;7;6;-28;-1;654;-162;-1100;17231
48;5732;1906685;-1276;-1627;7;4;-31;-3;650;-157;-1115;33266
48;5733;1907010;-1277;-1627;11;3;-29;-6;658;-161;-1103;52077
48;5734;1907237;-1280;-1627;12;2;-32;-7;651;-151;-1102;21619
48;5735;1907696;-1281;-1625;11;5;-29;-3;651;-166;-1103;49294
48;5736;1908135;-1278;-1628;10;7;-28;0;654;-158;-1089;19654
48;5737;1908563;-1276;-1626;9;6;-27;-3;647;-150;-1099;57857
48;5738;1908800;-1278;-1628;10;6;-27;-2;658;-151;-1112;18311
48;5739;1909027;-1279;-1628;10;5;-30;-3;650;-156;-1103;59940
48;5740;1909345;-1278;-1626;10;5;-31;-4;641;-160;-1101;54986
48;5741;1909668;-1280;-1626;9;4;-29;-6;665;-160;-1099;3293
48;5742;1909919;-1275;-1627;8;7;-27;-2;653;-155;-1095;27778
48;5743;1910241;-1278;-1628;12;4;-31;-4;657;-151;-1099;14324
48;5744;1910563;-1276;-1627;10;5;-27;-2;646;-160;-1094;59112
48;5745;1910790;-1280;-1629;7;7;-31;-4;657;-153;-1100;28164
48;5746;1911132;-1282;-1628;8;4;-28;-5;648;-160;-1102;45017
48;5747;1911677;-1276;-1626;11;6;-29;-2;653;-153;-1109;6831
48;5748;1911995;-1279;-1627;13;6;-29;-1;646;-155;-1109;4029
48;5749;1912231;-1278;-1625;10;7;-27;-1;647;-157;-1098;65069
48;5750;1912678;-1280;-1626;9;5;-30;-4;650;-154;-1092;1182
48;5751;1912995;-1276;-1627;10;6;-30;-2;655;-162;-1077;47717
48;5752;1913352;-1277;-1629;7;4;-28;-4;644;-161;-1091;42160
48;5753;1913676;-1276;-1626;12;5;-29;-3;646;-152;-1093;36555
48;5754;1913994;-1277;-1626;8;3;-30;-6;638;-163;-1084;30550
48;5755;1914353;-1276;-1627;8;3;-31;-5;641;-165;-1107;21449
48;5756;1914671;-1277;-1627;6;5;-31;-5;652;-162;-1093;56802
48;5757;1914989;-1278;-1627;8;4;-30;-4;661;-160;-1107;12898
48;5758;1915221;-1277;-1627;5;7;-26;1;634;-166;-1109;7338
48;5759;1915673;-1277;-1625;5;4;-29;-4;656;-161;-1100;10224
48;5760;1916006;-1277;-1627;11;5;-28;-3;663;-165;-1101;56871
48;5761;1916323;-1280;-1626;8;4;-31;-3;644;-164;-1091;39771
48;5762;1916666;-1276;-1627;8;5;-30;-5;657;-163;-1102;58006
48;5763;1916999;-1277;-1625;12;4;-30;-3;658;-157;-1110;41983
48;5764;1917316;-1276;-1628;11;4;-29;-4;652;-148;-1099;14123
48;5765;1917658;-1276;-1629;11;5;-29;-2;657;-158;-1100;1469
48;5766;1917886;-1278;-1629;9;5;-29;-2;639;-152;-1106;59478
48;5767;1918214;-1279;-1627;12;7;-27;-1;653;-146;-1104;22892
48;5768;1918653;-1274;-1627;10;7;-28;-2;655;-160;-1097;64635
48;5769;1918889;-1275;-1626;8;4;-32;-4;647;-155;-1096;40001
48;5770;1919207;-1279;-1625;7;5;-30;-3;651;-151;-1099;40949
48;5771;1919650;-1276;-1627;12;6;-26;-3;654;-161;-1107;16590
48;5772;1919991;-1278;-1625;10;3;-32;-5;648;-151;-1092;45656
48;5773;1920309;-1276;-1629;11;6;-30;-1;654;-150;-1106;47727
48;5774;1920643;-1278;-1629;12;5;-30;-1;645;-159;-1096;40395
48;5775;1920990;-1278;-1624;8;4;-30;-3;650;-153;-1107;5562
48;5776;1921536;-1276;-1625;10;5;-29;-3;655;-163;-1109;13597
48;5777;1921853;-1279;-1629;10;4;-28;-4;657;-154;-1105;10292
48;5778;1922091;-1277;-1628;11;5;-29;-3;657;-152;-1092;63133
48;5779;1922319;-1275;-1628;5;1;-31;-8;654;-155;-1102;26498
48;5780;1922638;-1277;-1627;7;6;-30;-3;647;-158;-1092;41418
48;5781;1922955;-1276;-1625;10;3;-29;-5;648;-158;-1101;3944
48;5782;1923208;-1277;-1629;9;6;-29;-2;651;-167;-1101;24926
48;5783;1923531;-1276;-1627;10;4;-30;-3;647;-156;-1098;7671
48;5784;1923852;-1278;-1626;11;5;-31;-3;660;-165;-1095;59587
48;5785;1924080;-1274;-1642;-3;3;-30;-7;657;-158;-1099;24241
48;5786;1924531;-1265;-1643;3;4;-31;-6;656;-156;-1130;50069
48;5787;1924970;-1275;-1621;25;4;-29;-8;657;-160;-1114;6931
48;5788;1925288;-1268;-1635;15;7;-31;0;651;-157;-1098;12180
48;5789;1925634;-1232;-1638;9;0;-27;-1;648;-156;-1099;52671
48;5790;1925865;-1259;-1651;-6;4;-30;6;648;-157;-1102;4106
48;5791;1926183;-1298;-1607;22;5;-29;-5;657;-146;-1096;7628
48;5792;1926650;-1196;-1674;-134;-58;-61;1;657;-161;-1100;20086
48;5793;1926967;-1210;-1627;117;-55;43;-167;648;-171;-1097;40859
48;5794;1927285;-1238;-1633;-233;145;-340;-64;653;-301;-998;48062
48;5795;1927643;-947;-1449;-205;-824;-643;433;695;-324;-985;65464
48;5796;1927960;-1078;-1715;-228;-155;-434;-378;734;-383;-950;10602
48;5797;1928278;-1304;-1925;-130;-89;-237;-59;826;-419;-974;36134
48;5798;1928616;-1175;-1817;-222;-427;-213;319;853;-451;-895;33745
48;5799;1928852;-1156;-1715;-141;-279;-339;-15;801;-447;-849;23443
48;5800;1929173;-1108;-1568;-195;40;-98;-149;737;-459;-792;62043
48;5801;1929507;-1192;-1690;-291;271;338;-37;620;-488;-714;47859
48;5802;1929958;-1042;-1447;-307;42;2;111;274;-390;-905;58555
48;5803;1930291;-1316;-1864;-330;-5;122;89;235;-177;-1025;24311
48;5804;1930613;-1124;-1556;-404;310;35;-176;444;-12;-1221;29127
48;5805;1930956;-1251;-1696;-334;-402;-411;117;720;-46;-1242;50614
48;5806;1931183;-1060;-1568;-378;-557;-407;267;856;-166;-1113;60998
48;5807;1931611;-1072;-1693;-331;10;-188;-390;875;-334;-962;44737
48;5808;1931948;-1243;-1736;-347;-136;111;-151;905;-377;-871;41927
48;5809;1932184;-1102;-1653;-355;339;-58;-169;948;-407;-847;38142
48;5810;1932608;-1176;-1821;-333;58;815;201;1013;-372;-839;18353
48;5811;1932941;-1130;-1594;-326;709;544;196;1009;-325;-820;42301
48;5812;1933282;-1195;-1676;-336;231;166;-16;906;-289;-793;37686
48;5813;1933605;-1331;-1953;-311;-12;344;295;872;-283;-807;36372
48;5814;1933836;-1030;-1446;-323;341;413;217;813;-282;-819;2825
48;5815;1934154;-1283;-1690;-276;113;125;89;726;-215;-879;49278
48;5816;1934498;-1103;-1598;-311;-91;-148;-257;676;-183;-888;13905
48;5817;1934726;-1087;-1556;-293;27;-169;-184;645;-190;-992;28799
48;5818;1935043;-1264;-2076;-337;67;252;158;666;-274;-1143;63952
48;5819;1935616;-1156;-1588;-290;727;243;172;534;-297;-975;15120
48;5820;1935933;-1248;-1758;-268;93;185;-47;452;-311;-908;12350
48;5821;1936250;-1146;-1689;-156;155;-124;178;440;-329;-934;51951
48;5822;1936610;-931;-1437;-155;382;626;-452;394;-361;-828;44383
48;5823;1936932;-1227;-1528;-257;1016;643;173;392;-335;-716;4804
48;5824;1937268;-1072;-1542;-128;-381;-93;-79;345;-344;-580;46114
48;5825;1937611;-1203;-1680;-162;135;-357;162;360;-265;-588;31957
48;5826;1937929;-1063;-1528;-27;234;479;-232;319;-274;-610;32190
48;5827;1938157;-1119;-1555;-214;813;645;-48;357;-326;-545;12559
48;5828;1938476;-1456;-1921;-151;-198;101;258;406;-351;-581;23569
48;5829;1938711;-1181;-1634;-12;-573;-77;-94;384;-352;-538;51017
48;5830;1939154;-1218;-1837;-114;-10;-324;161;353;-228;-467;16835
48;5831;1939477;-1130;-1694;-155;-43;196;-498;321;-290;-496;57365
48;5832;1939938;-1137;-1634;-108;696;263;171;451;-426;-546;52352
48;5833;1940256;-1186;-1714;33;-476;3;24;407;-354;-489;29167
48;5834;1940579;-1214;-1647;-181;-220;-286;41;408;-251;-371;29356
48;5835;1940935;-1171;-1541;-67;357;-300;-356;411;-278;-475;5800
48;5836;1941253;-1175;-1640;-146;19;151;153;422;-313;-475;45301
48;5837;1941576;-1154;-1549;-138;266;-117;-58;426;-337;-502;57784
48;5838;1941807;-1360;-1818;-151;-303;-182;179;430;-324;-527;64577
48;5839;1942152;-1161;-1653;-117;-343;-151;-22;394;-289;-526;22162
48;5840;1942592;-1166;-1650;-121;-63;-363;-42;383;-304;-570;14277
48;5841;1942908;-1170;-1680;-119;266;-221;-202;374;-312;-628;17764
48;5842;1943145;-1143;-1608;-86;116;-146;-14;379;-338;-701;7599
48;5843;1943585;-1279;-1668;-230;-1039;-926;33;350;-293;-700;24785
48;5844;1943902;-1217;-1689;-182;-1657;-1461;21;346;-315;-775;23327
48;5845;1944246;-1109;-1689;-163;-994;-1313;-318;394;-420;-808;37763
48;5846;1944584;-1161;-1686;-139;-903;-639;-335;548;-514;-752;2678
48;5847;1944906;-1272;-1471;-235;-219;-306;21;661;-545;-669;19188
48;5848;1945238;-1630;-1429;-192;261;-223;11;650;-539;-744;40280
48;5849;1945584;-1256;-1638;-129;-737;-655;-158;669;-546;-724;34245
48;5850;1945902;-1231;-1688;-97;-396;-332;-72;705;-548;-612;34507
48;5851;1946234;-1196;-1695;-131;393;208;-16;716;-544;-618;39267
48;5852;1946580;-1230;-1630;-148;311;286;54;707;-559;-701;6281
48;5853;1946897;-1258;-1613;-149;-54;-23;-6;686;-537;-718;11301
48;5854;1947129;-1269;-1666;-146;-160;-56;-7;690;-544;-678;37822
48;5855;1947580;-1240;-1653;-135;152;185;46;695;-538;-672;57439
48;5856;1948019;-1280;-1631;-185;353;319;63;668;-533;-713;9965
48;5857;1948447;-1292;-1593;-178;33;16;-10;646;-529;-760;47165
48;5858;1948683;-1270;-1614;-173;-161;-192;-53;645;-518;-742;14809
48;5859;1948910;-1233;-1640;-149;-201;-280;-73;650;-537;-735;55340
48;5860;1949228;-1290;-1597;-157;-228;-362;5;672;-541;-700;39577
48;5861;1949551;-1177;-1646;-163;-7;-498;60;690;-546;-744;45050
48;5862;1949802;-1078;-1566;-110;-502;-605;108;690;-538;-733;49043
48;5863;1950123;-1171;-1614;-198;-894;-809;-138;638;-512;-569;8590
48;5864;1950442;-1260;-1967;-338;-889;-1406;-134;655;-482;-438;56177
48;5865;1950670;-1170;-1686;-214;-1157;-1522;-204;594;-422;-436;18958
48;5866;1951011;-1142;-1736;-162;-869;-908;-153;482;-322;-438;63058
48;5867;1951557;-1176;-1722;-201;339;461;-306;440;-362;-383;1226
48;5868;1951877;-1076;-1584;-284;398;876;134;561;-447;-351;2762
48;5869;1952113;-1135;-1571;-319;163;674;402;599;-445;-303;30674
48;5870;1952563;-1141;-1661;-257;156;166;145;595;-429;-278;14391
48;5871;1952880;-1257;-1692;-225;115;-146;125;590;-456;-343;4080
48;5872;1953238;-1236;-1735;-276;-143;-17;-102;542;-442;-349;52553
48;5873;1953557;-1217;-1633;-279;227;18;28;537;-434;-366;56329
48;5874;1953874;-1270;-1597;-46;193;-215;109;538;-419;-468;32314
48;5875;1954231;-1264;-1717;-43;1;-20;30;506;-377;-537;52572
48;5876;1954550;-1254;-1644;15;8;-29;-2;544;-379;-531;42507
48;5877;1954871;-1253;-1648;0;2;-25;-28;539;-377;-548;36794
48;5878;1955103;-1258;-1645;10;7;-27;2;532;-374;-540;50763
48;5879;1955550;-1253;-1644;7;4;-30;-6;539;-368;-549;9546
48;5880;1955887;-1253;-1646;9;3;-32;-7;531;-363;-536;4420
48;5881;1956204;-1248;-1648;7;6;-29;-4;535;-362;-556;60558
48;5882;1956547;-1248;-1648;8;5;-29;-5;542;-371;-555;25475
48;5883;1956880;-1244;-1645;7;5;-29;-7;548;-376;-546;10503
48;5884;1957197;-1247;-1648;9;4;-27;-5;544;-361;-559;43955
48;5885;1957546;-1249;-1649;7;5;-28;-1;540;-369;-555;49125
48;5886;1957773;-1248;-1645;7;5;-29;-4;539;-361;-561;37447
48;5887;1958095;-1248;-1648;9;4;-30;-5;547;-370;-563;57659
48;5888;1958534;-1247;-1645;8;3;-30;-3;540;-364;-557;21964
48;5889;1958769;-1247;-1651;8;5;-29;-3;535;-357;-552;17357
48;5890;1959087;-1246;-1652;7;5;-29;-3;538;-370;-556;31844
48;5891;1959527;-1248;-1651;9;3;-31;-5;542;-368;-546;31813
48;5892;1959872;-1244;-1648;5;6;-31;-3;548;-366;-552;29073
48;5893;1960190;-1247;-1650;8;5;-29;-3;546;-357;-557;37801
48;5894;1960528;-1247;-1648;8;4;-28;-4;548;-376;-559;17051
48;5895;1960869;-1245;-1651;5;5;-30;-2;537;-358;-559;15658
48;5896;1961419;-1248;-1646;7;5;-29;-4;546;-375;-560;17134
48;5897;1961736;-1238;-1650;9;5;-31;-3;542;-365;-558;60578
48;5898;1961972;-1247;-1650;8;6;-29;-3;542;-373;-557;2141
48;5899;1962199;-1247;-1651;8;5;-29;-3;537;-363;-556;44633
48;5900;1962518;-1244;-1650;7;5;-27;-1;551;-368;-558;42217
48;5901;1962840;-1241;-1655;6;6;-29;-2;545;-354;-539;8402
48;5902;1963091;-1246;-1651;10;4;-32;-5;550;-367;-550;63625
48;5903;1963414;-1243;-1652;7;3;-29;-5;542;-370;-570;39017
48;5904;1963739;-1245;-1649;7;3;-30;-5;554;-363;-548;40336
48;5905;1963967;-1247;-1652;4;3;-32;-5;546;-366;-557;24741
48;5906;1964414;-1247;-1650;7;6;-29;-3;536;-367;-551;1857
48;5907;1964853;-1243;-1651;5;5;-29;-2;546;-362;-563;41672
48;5908;1965170;-1244;-1654;8;5;-31;-5;552;-363;-566;3406
48;5909;1965517;-1245;-1649;7;6;-29;-3;547;-365;-561;52753
48;5910;1965744;-1244;-1650;6;2;-31;-8;541;-371;-554;30957
48;5911;1966062;-1245;-1653;8;5;-27;-3;542;-361;-550;64824
48;5912;1966525;-1240;-1650;6;5;-28;-2;551;-362;-553;5140
48;5913;1966846;-1244;-1651;6;3;-30;-5;552;-359;-557;10893
48;5914;1967164;-1244;-1653;6;5;-28;-3;546;-356;-565;37869
48;5915;1967536;-1242;-1652;8;4;-31;-6;538;-364;-552;48527
48;5916;1967853;-1241;-1654;7;4;-31;-7;553;-363;-552;24273
48;5917;1968170;-1243;-1652;7;3;-31;-5;551;-369;-563;48136
48;5918;1968512;-1244;-1652;8;4;-32;-8;552;-370;-556;43947
48;5919;1968748;-1243;-1653;8;5;-31;-4;553;-354;-555;39126
48;5920;1969065;-1244;-1652;5;3;-30;-6;548;-364;-556;57169
48;5921;1969400;-1243;-1653;10;6;-29;-2;545;-355;-560;62958
48;5922;1969851;-1246;-1653;9;4;-30;-4;534;-358;-550;46656
48;5923;1970183;-1243;-1651;6;5;-29;-4;545;-362;-560;2069
48;5924;1970502;-1241;-1649;8;6;-26;-2;540;-357;-563;54625
48;5925;1970847;-1241;-1653;6;5;-29;-1;537;-355;-564;56032
48;5926;1971078;-1244;-1653;8;5;-28;-3;540;-372;-550;11467
48;5927;1971502;-1242;-1652;7;5;-30;-2;548;-367;-553;34797
48;5928;1971835;-1240;-1650;10;4;-29;-5;536;-354;-552;32287
48;5929;1972071;-1246;-1652;5;7;-29;0;549;-361;-569;47199
48;5930;1972499;-1243;-1653;4;5;-29;-4;546;-354;-559;55747
48;5931;1972832;-1245;-1650;6;5;-29;-4;539;-367;-555;38326
48;5932;1973173;-1244;-1654;9;6;-28;-3;546;-360;-557;22074
48;5933;1973496;-1242;-1655;9;3;-30;-4;542;-368;-562;57241
48;5934;1973723;-1246;-1651;9;3;-30;-4;544;-371;-559;24985
48;5935;1974041;-1246;-1655;5;6;-28;-2;536;-361;-560;24447
48;5936;1974388;-1241;-1649;7;4;-30;-5;539;-355;-564;46848
48;5937;1974616;-1243;-1649;8;6;-31;-4;541;-362;-551;45777
48;5938;1974937;-1247;-1658;7;4;-30;-6;546;-357;-565;54373
48;5939;1975510;-1244;-1654;9;4;-29;-3;548;-363;-573;55874
48;5940;1975827;-1243;-1652;6;6;-29;-3;544;-365;-561;34952
48;5941;1976148;-1243;-1654;8;7;-28;-1;539;-357;-566;34952
48;5942;1976508;-1243;-1654;3;3;-30;-5;552;-365;-565;3306
48;5943;1976825;-1245;-1654;7;5;-30;-3;544;-372;-560;39658
48;5944;1977158;-1240;-1653;6;5;-28;-3;540;-366;-564;42120
48;5945;1977501;-1240;-1651;7;5;-31;-5;549;-371;-571;19351
48;5946;1977818;-1241;-1653;7;3;-31;-4;543;-368;-567;49394
48;5947;1978046;-1243;-1651;8;5;-29;-5;547;-362;-569;6332
48;5948;1978368;-1243;-1653;7;6;-29;-4;551;-374;-561;3480
48;5949;1978609;-1243;-1652;7;6;-28;-3;546;-366;-565;52592
48;5950;1979048;-1242;-1653;9;1;-30;-10;543;-368;-563;30564
48;5951;1979475;-1241;-1654;6;8;-26;1;542;-364;-576;27783
48;5952;1979831;-1243;-1650;5;3;-30;-5;548;-363;-573;23075
48;5953;1980149;-1244;-1652;7;4;-30;-5;550;-368;-568;43231
48;5954;1980468;-1241;-1648;5;3;-30;-5;540;-369;-559;29511
48;5955;1980824;-1243;-1651;7;4;-31;-4;544;-371;-559;4875
48;5956;1981142;-1243;-1654;9;3;-29;-7;551;-356;-562;44994
48;5957;1981468;-1242;-1655;6;4;-32;-4;545;-363;-572;48478
48;5958;1981695;-1239;-1653;5;4;-31;-5;555;-365;-563;10367
48;5959;1982037;-1243;-1650;7;5;-29;-5;559;-354;-580;63446
48;5960;1982477;-1240;-1655;7;5;-29;-3;553;-363;-568;10647
48;5961;1982798;-1238;-1651;7;4;-30;-4;550;-364;-570;25498
48;5962;1983034;-1242;-1655;6;4;-31;-6;561;-362;-554;1781
48;5963;1983474;-1242;-1653;7;3;-31;-6;552;-363;-570;11494
48;5964;1983792;-1240;-1655;9;4;-32;-6;550;-369;-567;5271
48;5965;1984139;-1240;-1657;11;4;-29;-4;550;-354;-566;59042
48;5966;1984473;-1241;-1654;4;5;-30;-4;555;-364;-554;30367
48;5967;1984791;-1241;-1653;8;4;-30;-2;546;-368;-549;55671
48;5968;1985123;-1241;-1653;8;3;-32;-5;546;-359;-560;52781
48;5969;1985470;-1242;-1656;4;4;-32;-4;564;-369;-549;56363
48;5970;1985787;-1239;-1652;7;5;-29;-2;548;-364;-540;43053
48;5971;1986120;-1240;-1655;7;4;-30;-3;553;-373;-544;52921
48;5972;1986467;-1240;-1654;7;6;-29;-2;552;-365;-557;45434
48;5973;1986788;-1240;-1651;7;4;-31;-5;549;-358;-559;10534
48;5974;1987019;-1239;-1653;4;7;-26;-1;558;-363;-548;19139
48;5975;1987467;-1242;-1652;8;6;-28;-1;559;-367;-566;38855
48;5976;1987906;-1239;-1654;7;4;-30;-4;550;-355;-562;5741
48;5977;1988330;-1241;-1655;8;5;-28;-3;546;-358;-558;26094
48;5978;1988566;-1241;-1653;8;5;-31;-5;559;-355;-553;9565
48;5979;1988793;-1239;-1651;6;4;-30;-3;556;-371;-548;52773
48;5980;1989111;-1242;-1653;8;5;-29;-4;550;-363;-559;3334
48;5981;1989434;-1243;-1654;6;4;-28;-5;547;-360;-561;45067
48;5982;1989686;-1242;-1653;6;3;-29;-5;554;-366;-561;34242
48;5983;1989906;-1241;-1655;8;5;-30;-5;551;-361;-560;32703
48;5984;1990334;-1241;-1654;7;6;-28;-2;547;-366;-558;17571
48;5985;1990562;-1238;-1655;8;6;-29;-2;558;-372;-572;8890
48;5986;1990903;-1241;-1652;7;5;-31;-4;552;-361;-573;39845
48;5987;1991449;-1242;-1655;7;5;-28;-2;545;-364;-560;62882
48;5988;1991769;-1241;-1654;3;4;-30;-5;554;-358;-561;873
48;5989;1992006;-1240;-1655;6;6;-29;-2;551;-361;-568;45856
48;5990;1992446;-1242;-1653;6;4;-30;-4;535;-359;-562;51032
48;5991;1992766;-1240;-1655;8;4;-32;-2;546;-369;-566;4129
48;5992;1993123;-1240;-1654;5;2;-32;-6;545;-352;-558;23845
48;5993;1993442;-1243;-1653;7;4;-28;-4;541;-360;-568;21693
48;5994;1993763;-1239;-1654;4;5;-28;-3;547;-366;-560;65134
48;5995;1994119;-1239;-1651;8;5;-31;-4;543;-359;-546;35183
48;5996;1994442;-1243;-1654;6;6;-27;-2;547;-365;-553;31542
48;5997;1994759;-1243;-1651;7;3;-30;-7;550;-356;-565;15681
48;5998;1994987;-1240;-1652;7;6;-29;-2;553;-360;-557;58061
48;5999;1995435;-1242;-1653;8;3;-32;-5;547;-364;-553;19204
48;6000;1995771;-1237;-1656;5;3;-30;-7;541;-366;-555;20590
48;6001;1996089;-1239;-1656;7;5;-31;-5;541;-371;-557;22877
48;6002;1996434;-1239;-1654;10;7;-29;0;542;-368;-553;48480
48;6003;1996766;-1240;-1654;9;6;-27;-2;541;-368;-551;58743
48;6004;1997084;-1240;-1656;5;3;-30;-5;543;-361;-557;65253
48;6005;1997431;-1240;-1651;9;5;-27;-3;552;-358;-568;22548
48;6006;1997658;-1239;-1656;7;5;-32;-4;552;-372;-571;56698
48;6007;1997980;-1239;-1656;7;7;-28;-1;550;-356;-562;54419
48;6008;1998419;-1240;-1654;5;5;-31;-5;548;-357;-571;59857
48;6009;1998657;-1240;-1657;4;5;-30;-2;548;-364;-566;4705
48;6010;1998975;-1238;-1654;9;4;-30;-3;555;-360;-559;60640
48;6011;1999414;-1241;-1654;7;6;-29;-1;544;-371;-564;24732
48;6012;1999754;-1241;-1658;7;7;-29;-1;542;-363;-556;36172
48;6013;2000076;-1238;-1654;10;5;-28;-3;535;-357;-570;3450
48;6014;2000411;-1250;-1661;-9;2;-31;-9;542;-353;-565;37524
48;6015;2000751;-1249;-1651;9;6;-30;-5;556;-356;-559;22673
48;6016;2001301;-1225;-1664;4;3;-30;-2;541;-353;-564;14968
48;6017;2001622;-1238;-1662;-1;6;-28;0;547;-356;-561;32129
48;6018;2001860;-1233;-1661;13;4;-28;-7;543;-351;-562;20189
48;6019;2002087;-1226;-1670;-13;7;-29;2;555;-365;-567;22144
48;6020;2002410;-1236;-1646;-5;6;-29;-8;547;-362;-557;43813
48;6021;2002727;-1218;-1664;13;3;-31;-4;558;-363;-571;10157
48;6022;2002979;-1244;-1660;6;-10;-26;15;546;-355;-568;55727
48;6023;2003298;-1014;-2106;-302;-450;-446;-334;612;-416;-414;33705
48;6024;2003616;-1005;-1807;-360;-703;-734;-443;619;-407;-321;46425
48;6025;2003843;-739;-1594;-420;-862;-813;-427;638;-334;-217;24595
48;6026;2004511;-1029;-1927;-434;1183;765;749;469;-246;-362;42394
48;6027;2004738;-930;-1699;-443;1710;1832;328;465;-309;-359;48961
48;6028;2005056;-1030;-1591;-398;2088;1884;216;666;-482;-569;21754
48;6029;2005523;-1230;-1951;-80;1032;1104;-230;628;-449;-828;44053
48;6030;2005844;-1199;-1672;-318;541;582;-280;631;-452;-883;61520
48;6031;2006162;-1354;-1975;-152;-778;44;126;676;-450;-899;37806
48;6032;2006521;-1063;-1651;-188;-460;-137;471;665;-445;-704;7345
48;6033;2006841;-1046;-1398;-20;637;-296;-486;593;-413;-782;8819
48;6034;2007159;-1165;-1640;-224;146;-171;-85;653;-435;-865;6638
48;6035;2007497;-1619;-2179;-176;-700;-163;124;690;-444;-859;24131
48;6036;2007733;-810;-1338;-72;-714;-166;153;688;-464;-718;43165
48;6037;2008054;-1445;-1706;-247;484;-237;-288;601;-419;-642;11533
48;6038;2008389;-1166;-1632;-328;669;-26;-203;722;-508;-755;37663
48;6039;2008836;-911;-1266;-156;-669;-93;41;739;-508;-805;38286
48;6040;2009169;-1385;-1876;-303;229;-153;80;685;-507;-612;1974
48;6041;2009495;-705;-1232;-145;739;218;-381;704;-560;-686;64494
48;6042;2009836;-1630;-2029;-423;-89;-43;175;785;-533;-842;2288
48;6043;2010064;-788;-1154;-91;-711;-57;11;761;-563;-767;48199
48;6044;2010492;-1313;-1752;-221;256;-195;-412;673;-514;-557;2241
48;6045;2010824;-1057;-1593;-253;674;20;-468;830;-566;-695;57175
48;6046;2011061;-1523;-2164;-276;-136;-33;486;952;-539;-800;59161
48;6047;2011485;-1131;-1726;-263;-651;128;765;824;-526;-657;14607
48;6048;2011817;-966;-1412;-107;261;510;-765;708;-518;-659;39885
48;6049;2012164;-1204;-1756;-243;815;66;89;859;-529;-898;54291
48;6050;2012486;-877;-1157;-132;-414;228;-167;771;-508;-843;62909
48;6051;2012713;-1248;-1855;-276;-612;171;819;759;-500;-725;22012
48;6052;2013031;-990;-1440;-138;34;267;-615;678;-503;-727;15310
48;6053;2013378;-1230;-1744;-215;719;-165;146;824;-477;-880;23482
48;6054;2013605;-1561;-2049;-213;-273;-81;312;784;-450;-940;6859
48;6055;2013922;-1104;-1697;-244;-617;-49;532;761;-477;-803;63857
48;6056;2014492;-918;-1471;-280;504;162;-173;805;-508;-818;32111
48;6057;2014813;-1451;-1890;-384;41;-291;411;836;-490;-942;64065
48;6058;2015130;-901;-1519;-175;-354;35;116;777;-502;-844;62085
48;6059;2015488;-1421;-1874;-275;345;565;167;726;-435;-741;43371
48;6060;2015809;-967;-1384;-296;678;403;-62;706;-408;-799;35356
48;6061;2016142;-1376;-1904;-298;161;134;119;676;-343;-864;59573
48;6062;2016484;-993;-1571;-287;-22;378;347;619;-245;-747;5226
48;6063;2016802;-1459;-2093;-355;-48;650;81;488;-105;-722;35106
48;6064;2017029;-910;-1322;-319;495;401;-150;469;-136;-733;62476
48;6065;2017356;-1545;-2182;-354;26;-267;416;508;-127;-852;62379
48;6066;2017591;-1102;-1835;-312;-512;-57;-78;521;-148;-875;33539
48;6067;2018031;-1740;-2433;-590;156;-380;161;611;-214;-879;4688
48;6068;2018461;-730;-1132;-296;-49;575;-207;637;-227;-767;20819
48;6069;2018817;-1528;-1904;-562;450;-749;316;675;-236;-819;52637
48;6070;2019135;-858;-1449;-213;-174;-124;1;665;-262;-818;27339
48;6071;2019454;-1574;-2143;-451;-3;-75;579;656;-272;-796;32165
48;6072;2019810;-803;-1236;-267;-140;516;-340;609;-262;-729;10215
48;6073;2020132;-1541;-2061;-707;285;-957;395;642;-277;-784;18989
48;6074;2020450;-951;-1555;-382;-604;-160;143;655;-293;-811;2255
48;6075;2020678;-789;-1193;-191;-137;-126;8;646;-303;-789;43120
48;6076;2021022;-1598;-2145;-446;618;-192;11;647;-295;-856;43684
48;6077;2021348;-948;-1319;-269;-417;392;-118;635;-315;-793;17010
48;6078;2021575;-914;-1339;-365;-123;-114;-24;631;-343;-735;8736
48;6079;2021893;-1496;-2112;-433;-607;-857;1;658;-354;-750;36441
48;6080;2022136;-905;-1362;-293;-305;-894;-222;648;-354;-755;59402
48;6081;2022474;-1178;-1804;-340;-194;-516;-150;701;-395;-785;63167
48;6082;2022791;-999;-1497;-243;-483;349;-307;766;-387;-763;28654
48;6083;2023132;-1201;-1650;-410;7;-246;-50;827;-399;-730;41434
48;6084;2023470;-1266;-1671;-383;-432;-635;-70;891;-430;-719;53427
48;6085;2023790;-1052;-1582;-266;-210;-379;92;895;-466;-730;7657
48;6086;2024124;-1163;-1602;-189;112;260;-385;899;-492;-713;22054
48;6087;2024467;-1028;-1560;-405;228;115;163;923;-509;-708;39799
48;6088;2024791;-1450;-2004;-355;-234;-355;161;931;-520;-723;45404
48;6089;2025124;-973;-1558;-221;-258;-218;28;847;-544;-655;62073
48;6090;2025467;-1268;-1831;-262;116;55;-132;813;-515;-626;7640
48;6091;2025783;-849;-1361;-269;206;193;-46;830;-482;-628;28981
48;6092;2026011;-1445;-2166;-389;131;-203;393;841;-480;-699;15730
48;6093;2026464;-1000;-1641;-175;-229;-280;199;778;-443;-703;15210
48;6094;2026903;-771;-1298;-246;107;244;-410;771;-444;-682;11695
48;6095;2027327;-1621;-2183;-446;-195;-216;143;847;-435;-691;59839
48;6096;2027566;-870;-1312;-247;-133;-332;-30;821;-444;-656;42955
48;6097;2027793;-1217;-1793;-288;-180;-234;308;811;-435;-637;41950
48;6098;2028111;-1198;-1668;-165;208;176;-288;768;-435;-680;62345
48;6099;2028434;-774;-1107;-247;94;63;-214;787;-458;-645;28335
48;6100;2028684;-1754;-2260;-487;157;-1012;185;824;-448;-642;20488
48;6101;2029006;-940;-1661;-159;-915;-445;344;792;-450;-562;45778
48;6102;2029329;-1053;-1601;-186;-219;-531;172;653;-374;-456;44567
48;6103;2029556;-1399;-2014;-75;-219;-634;-204;604;-358;-460;11036
48;6104;2029901;-994;-1595;-135;-465;-94;-258;627;-349;-396;13616
48;6105;2030447;-1268;-1843;-103;-653;-714;-164;649;-286;-358;13541
48;6106;2030763;-1198;-1760;-237;-386;-563;100;527;-212;-333;55508
48;6107;2030999;-1482;-2024;-372;-24;47;12;493;-233;-387;24797
48;6108;2031443;-1185;-1664;-228;529;-106;-82;535;-358;-449;60185
48;6109;2031760;-1269;-1763;-106;-671;-47;-68;520;-393;-468;11406
48;6110;2032116;-1444;-2120;-273;-653;-789;384;414;-232;-353;20693
48;6111;2032439;-784;-1225;-166;315;384;-767;277;-328;-334;63114
48;6112;2032760;-1286;-1942;-210;261;-227;-88;406;-459;-370;50253
48;6113;2032988;-1360;-1737;-244;-958;-275;266;356;-360;-300;25157
48;6114;2033331;-1469;-1966;-323;-404;-699;283;203;-39;-373;56068
48;6115;2033648;-680;-1212;-112;171;593;-888;152;-261;-377;61107
48;6116;2033876;-1238;-1960;-399;1111;255;-71;296;-401;-357;2532
48;6117;2034438;-1640;-2242;-359;-904;-84;1099;253;-121;-248;33054
48;6118;2034770;-739;-1138;-181;317;262;-783;205;-217;-247;59048
48;6119;2035091;-1334;-1772;-228;614;-304;-127;373;-417;-392;24151
48;6120;2035436;-724;-1212;-119;-972;-110;127;338;-363;-309;61242
48;6121;2035768;-1664;-1924;-310;598;-353;-270;303;-167;-265;38233
48;6122;2036090;-1002;-1726;-354;755;302;-337;350;-376;-284;6643
48;6123;2036432;-1331;-1782;-17;-198;117;-2;436;-415;-430;49555
48;6124;2036663;-790;-1546;-109;-1339;-243;744;392;-300;-291;63766
48;6125;2036981;-1354;-1700;-196;378;-223;-124;333;-124;-315;22334
48;6126;2037420;-1234;-1840;-242;888;20;-265;444;-377;-394;14053
48;6127;2037658;-1261;-1700;-73;-679;168;-30;469;-389;-450;3720
48;6128;2037976;-1368;-1944;-404;-857;-671;673;432;-125;-302;63585
48;6129;2038415;-731;-1287;-118;318;507;-740;315;-244;-428;14066
48;6130;2038755;-1639;-1986;-380;80;335;635;490;-316;-470;57722
48;6131;2039073;-811;-1067;-23;-1280;-972;347;444;-183;-430;12723
48;6132;2039411;-948;-1495;138;220;158;-763;327;-102;-516;39943
48;6133;2039751;-1167;-1727;-333;1018;296;-474;421;-316;-448;49003
48;6134;2040305;-1159;-1814;-229;-1192;-659;1204;422;-124;-461;19400
48;6135;2040626;-886;-1448;81;274;367;-576;304;-126;-568;39855
48;6136;2040862;-1170;-1750;-302;894;787;-498;342;-266;-494;38539
48;6137;2041090;-1335;-2259;-67;584;168;187;469;-347;-585;60982
48;6138;2041409;-918;-1787;-185;-1129;80;842;480;-271;-445;53893
48;6139;2041726;-1140;-1628;-168;562;-34;104;438;-122;-367;56681
48;6140;2041980;-935;-1517;-172;553;614;-583;416;-261;-360;39993
48;6141;2042298;-1076;-1551;-204;850;237;-76;521;-406;-412;53594
48;6142;2042616;-1371;-1877;-78;-328;267;-47;485;-360;-435;46089
48;6143;2042847;-1119;-1748;-302;-310;750;41;504;-345;-273;5003
48;6144;2043295;-1579;-1942;-460;5;-216;132;696;-408;-294;45514
48;6145;2043737;-1069;-1544;-370;22;4;315;741;-326;-113;64435
48;6146;2044055;-1174;-1780;-411;31;-46;-148;539;-349;-286;49201
48;6147;2044397;-1076;-1518;-375;-82;-282;-113;693;-400;-202;53483
48;6148;2044628;-1480;-2091;-384;-300;-409;158;645;-371;-211;2425
48;6149;2044946;-1014;-1462;-273;-368;-455;349;519;-324;-274;11224
48;6150;2045409;-1211;-1616;-364;-183;-121;-217;466;-352;-283;49688
48;6151;2045729;-1211;-1836;-388;-275;-511;-139;408;-323;-297;19292
48;6152;2046047;-1093;-1628;-361;-397;-247;-311;384;-318;-316;17319
48;6153;2046409;-1137;-1672;-377;-234;-436;-81;376;-271;-321;43327
48;6154;2046726;-1086;-1599;-249;-605;-1028;-203;299;-255;-513;48840
48;6155;2047044;-1012;-1745;-251;-250;181;-212;281;-251;-529;53395
48;6156;2047386;-1160;-1515;-210;373;534;-38;357;-235;-435;48076
48;6157;2047621;-1310;-1792;-468;328;42;259;430;-252;-373;20890
48;6158;2047943;-1068;-1661;-281;-25;-155;92;453;-257;-415;24512
48;6159;2048277;-1040;-1694;-280;593;145;168;469;-202;-473;27905
48;6160;2048724;-1257;-1658;19;-1;-30;-34;477;-109;-528;31679
48;6161;2049057;-1274;-1660;-2;5;-27;20;474;-99;-540;13789
48;6162;2049376;-1280;-1622;5;3;-30;-6;465;-102;-533;7297
48;6163;2049717;-1283;-1627;13;8;-28;-11;478;-105;-531;55050
48;6164;2049948;-1258;-1665;-53;-1;-27;6;480;-92;-529;60545
48;6165;2050372;-956;-1729;-8;-23;-23;46;498;-85;-572;46082
48;6166;2050705;-1243;-1572;-30;-37;-92;-112;453;-79;-532;55333
48;6167;2050943;-1796;-1551;-136;819;-1614;105;177;-54;-397;29276
48;6168;2051375;-1302;86;1882;-56;270;180;-887;501;-1893;58319
48;6169;2051708;-1779;-38;1600;-474;435;143;-798;552;-2008;9771
48;6170;2052049;-1728;252;1160;161;252;884;-744;709;-2117;32380
48;6171;2052367;-2143;751;115;-2018;339;831;-718;625;-1982;64021
48;6172;2052598;-1692;257;527;793;193;828;-830;902;-2084;29727
48;6173;2052916;-1837;1166;215;337;482;275;-1064;1297;-1792;31535
48;6174;2053259;-1666;1455;-17;-619;324;418;-930;1295;-1599;21669
48;6175;2053490;-1425;1472;-29;-387;205;-262;-1005;1296;-1705;53917
48;6176;2053807;-1714;1365;142;-494;155;-355;-1145;1208;-1744;62669
48;6177;2054377;-1914;884;55;138;198;-260;-1230;1129;-1788;52467
48;6178;2054693;-1919;943;44;-19;144;-132;-1273;1098;-1766;33911
48;6179;2055014;-1964;972;2;172;97;-192;-1259;1075;-1729;2459
48;6180;2055376;-1841;842;-238;-285;302;-123;-1274;1058;-1661;43570
48;6181;2055693;-1711;968;-343;257;-188;251;-1294;1090;-1628;40408
48;6182;2056030;-1826;960;72;401;-284;115;-1227;1150;-1675;13106
48;6183;2056372;-1825;920;-80;305;-64;5;-1211;1168;-1609;52989
48;6184;2056689;-1778;1167;-123;-675;153;212;-1175;1173;-1648;36497
48;6185;2056917;-1846;738;158;-290;452;-1145;-1177;992;-1832;11476
48;6186;2057240;-2113;496;43;-940;-113;-891;-932;537;-1865;62935
48;6187;2057475;-2054;113;-99;-142;429;-252;-930;436;-1872;49802
48;6188;2057918;-2044;-43;-468;-95;92;354;-976;374;-1661;60099
48;6189;2058342;-1978;83;-775;37;376;103;-978;402;-1477;10206
48;6190;2058705;-1859;-85;-1240;-8;-275;-52;-944;331;-1411;10823
48;6191;2059023;-1474;-689;-1186;-96;575;-973;-920;90;-1296;12618
48;6192;2059342;-858;-661;-1728;-779;1068;-84;-787;-27;-1084;34801
48;6193;2059697;64;89;-1755;-734;595;37;-540;183;-663;17246
48;6194;2060015;-43;-62;-1975;-385;440;747;-421;200;-647;65510
48;6195;2060334;86;91;-1919;200;-35;62;-358;212;-632;64936
48;6196;2060565;404;-72;-2011;789;1455;-171;-350;133;-644;22159
48;6197;2060905;358;-310;-2245;41;-758;19;-205;96;-642;18006
48;6198;2061349;1984;-410;-779;-8;3589;154;383;-139;-1172;54645
48;6199;2061666;113;-64;1791;267;2538;-1419;507;66;-2414;3957
48;6200;2061902;108;-258;2169;920;87;-402;179;177;-2491;19113
48;6201;2062349;-297;-117;2162;12;-60;91;182;182;-2491;65228
48;6202;2062667;-7;59;2045;-57;-143;92;192;183;-2483;63009
48;6203;2063008;-39;-66;2132;25;-22;163;189;136;-2487;14095
48;6204;2063347;-32;-91;2131;-30;-66;-8;180;142;-2482;39420
48;6205;2063664;-24;-160;2114;-29;-64;-7;179;134;-2496;34598
48;6206;2063997;18;-160;2108;-7;-47;-4;185;131;-2481;38856
48;6207;2064341;-34;-129;2114;26;3;-2;183;135;-2485;36654
48;6208;2064659;-71;-182;2192;7;-11;-2;188;140;-2467;45275
48;6209;2064991;-26;-108;2144;4;-28;-2;185;146;-2440;25014
48;6210;2065334;-20;-141;2123;-5;-47;-8;189;146;-2448;28532
48;6211;2065651;-14;-137;2104;-7;-34;-5;182;146;-2452;11556
48;6212;2065882;-35;-147;2085;22;-29;-6;187;132;-2440;26054
48;6213;2066334;0;-117;2105;-2;-40;-3;182;137;-2452;39804
48;6214;2066773;-34;-116;2119;1;-28;-5;189;139;-2456;17141
48;6215;2067197;-20;-146;2109;9;-30;-7;181;153;-2444;55069
48;6216;2067437;-5;-114;2105;7;-37;-3;181;154;-2452;10551
48;6217;2067664;-84;-238;2064;40;23;-15;185;144;-2427;17090
48;6218;2067982;-68;-193;2223;-32;-62;-8;197;159;-2454;4289
48;6219;2068308;-29;-139;2083;-12;-61;-10;176;144;-2466;23399
48;6220;2068559;-18;-123;2147;11;-37;-2;188;153;-2437;48544
48;6221;2068877;12;-103;2125;8;-33;-1;189;153;-2432;2043
48;6222;2069195;-39;-152;2113;-1;-22;-2;195;140;-2437;27924
48;6223;2069423;-30;-162;2121;-4;-27;-3;193;146;-2435;11492
48;6224;2069767;-17;-132;2122;9;-22;-3;198;137;-2439;42874
48;6225;2070318;-53;-138;2124;6;-22;-7;195;147;-2435;52694
48;6226;2070635;-69;-184;2122;0;-7;3;188;134;-2429;20042
48;6227;2070874;-27;-138;2121;6;-26;-6;200;143;-2439;58184
48;6228;2071314;-25;-120;2105;-4;-35;-7;199;149;-2433;61011
48;6229;2071631;-33;-147;2124;11;-34;-3;195;162;-2426;13710
48;6230;2071987;-34;-141;2117;4;-20;-1;213;150;-2450;28038
48;6231;2072306;-22;-124;2122;7;-28;-4;207;133;-2453;3495
48;6232;2072624;-19;-134;2115;-1;-35;-6;193;136;-2460;31183
48;6233;2072984;-17;-137;2129;5;-27;-4;191;145;-2456;26981
48;6234;2073302;-12;-118;2123;8;-28;-1;176;142;-2449;34879
48;6235;2073624;-24;-132;2120;12;-22;-5;173;156;-2459;1841
48;6236;2073855;-14;-116;2127;13;-32;-5;174;157;-2463;6085
48;6237;2074302;-20;-124;2117;12;-31;-6;167;149;-2455;17338
48;6238;2074635;159;-79;2093;207;-31;-106;167;148;-2450;7301
48;6239;2074953;724;730;1053;780;-3345;-2952;389;559;-2112;29130
48;6240;2075295;1098;2010;654;-67;-465;-526;353;888;-1635;11820
48;6241;2075632;1041;1786;672;-101;-71;127;343;491;-1916;35489
48;6242;2075949;1049;1724;740;6;-18;50;496;344;-1938;62891
48;6243;2076294;1109;1608;728;-183;-17;307;450;349;-2007;10713
48;6244;2076521;1102;1587;813;122;12;14;474;251;-2051;57077
48;6245;2076839;1417;1518;872;198;-85;-190;495;162;-2072;15387
48;6246;2077278;1412;1468;1161;-85;-56;120;484;96;-2043;34525
48;6247;2077515;994;1311;628;-194;92;-1379;530;154;-2076;60836
48;6248;2077836;672;2071;441;249;-39;-321;290;349;-1895;45908
48;6249;2078276;598;1597;441;-97;-89;4;200;256;-1895;36848
48;6250;2078620;652;1921;330;228;-54;-122;171;281;-1813;47105
48;6251;2078938;344;1872;104;-212;21;336;153;285;-1763;36747
48;6252;2079280;270;1799;151;-157;-2;161;99;295;-1715;47830
48;6253;2079620;382;2057;203;183;-6;-101;94;306;-1727;45827
48;6254;2080166;301;2099;195;0;-46;8;116;329;-1745;46030
48;6255;2080483;303;1966;196;-75;-32;39;118;325;-1738;53363
48;6256;2080718;338;2040;191;116;-11;-112;100;310;-1740;36515
48;6257;2080946;293;1938;166;-117;-52;68;111;343;-1738;51057
48;6258;2081272;307;2058;196;-98;-26;-4;126;328;-1750;36598
48;6259;2081595;380;2009;216;1;-39;-12;-8;760;-1478;43865
48;6260;2081854;349;2013;222;-12;-28;9;-62;1048;-1443;27880
48;6261;2082172;296;2038;225;31;-25;-37;-50;1057;-1434;7621
48;6262;2082490;327;2056;245;-72;-9;-19;-53;1061;-1444;9896
48;6263;2082717;367;2055;252;-40;0;51;-52;1059;-1447;22339
48;6264;2083165;245;2016;272;-104;-65;96;-48;1063;-1454;3887
48;6265;2083604;296;2041;299;-41;-62;12;-61;1061;-1447;11551
48;6266;2083921;320;2087;241;-53;-22;111;-52;1064;-1439;12587
48;6267;2084269;182;2134;174;66;19;-227;-48;1064;-1432;1628
48;6268;2084497;206;2006;327;-247;-137;-72;-89;1074;-1455;12955
48;6269;2084814;203;2074;319;-39;-52;40;-91;1067;-1463;22730
48;6270;2085281;138;2032;304;71;-42;-8;-98;1058;-1444;29887
48;6271;2085602;230;2000;266;24;-17;14;-88;1068;-1449;33828
48;6272;2085919;203;2048;274;21;-21;-27;-92;1051;-1431;36963
48;6273;2086277;175;2037;279;11;-40;-31;-81;1011;-1393;55270
48;6274;2086594;177;2051;266;3;-20;22;-70;1060;-1294;40309
48;6275;2086919;198;2029;262;17;-43;-9;-98;1073;-1299;59031
48;6276;2087253;181;2037;275;-8;-43;-5;-90;1057;-1287;54347
48;6277;2087489;190;2063;278;-3;33;4;-89;1066;-1301;5208
48;6278;2087806;213;2031;279;-37;26;101;-87;1068;-1309;52752
48;6279;2088140;424;2021;340;-93;414;290;6;1059;-1336;26860
48;6280;2088587;429;1598;508;-295;824;513;108;1048;-1492;40470
48;6281;2088920;-40;1737;385;919;859;-32;185;1027;-1609;20396
48;6282;2089242;86;2463;82;535;243;-88;146;929;-1395;47093
48;6283;2089711;150;2009;64;20;-3;-177;147;925;-1443;39392
48;6284;2090245;-10;2038;87;26;-22;-27;136;947;-1452;13523
48;6285;2090577;-31;2101;126;-1;-31;-118;136;944;-1455;64419
48;6286;2090813;167;2022;91;64;-35;-514;142;928;-1457;58540
48;6287;2091237;73;1998;195;-27;-29;11;154;960;-1479;27833
48;6288;2091570;-106;2396;133;226;-351;39;112;973;-1496;60405
48;6289;2091911;-637;1930;12;-308;-1180;-393;40;1047;-1450;54738
48;6290;2092234;-96;1663;595;31;-437;-78;-178;1106;-1479;3577
48;6291;2092461;98;2036;584;158;713;152;-176;1119;-1468;44296
48;6292;2092681;-190;2111;87;-282;904;258;-123;1117;-1477;10003
48;6293;2093129;-241;1471;180;308;-341;668;53;1063;-1581;1896
48;6294;2093356;-91;2163;85;205;620;-11;135;979;-1461;42393
48;6295;2093673;301;2267;163;-394;-130;-527;163;935;-1508;1750
48;6296;2094243;53;2230;113;-31;34;-284;138;976;-1530;24123
48;6297;2094560;45;2093;202;-95;22;71;103;966;-1531;17957
48;6298;2094880;75;2043;220;-10;14;-79;119;964;-1539;14714
48;6299;2095238;69;2073;254;-36;-84;108;115;961;-1518;37025
48;6300;2095560;81;2072;204;38;-29;91;121;958;-1535;22878
48;6301;2095892;42;2075;165;-53;-87;66;125;956;-1525;3657
48;6302;2096239;61;2049;240;71;39;-34;136;965;-1534;22025
48;6303;2096560;58;2078;213;27;-70;-44;135;962;-1527;51537
48;6304;2096787;49;2056;235;-3;48;-12;126;954;-1544;7517
48;6305;2097106;52;2067;217;-20;-56;52;125;962;-1526;7124
48;6306;2097348;125;2052;165;5;-15;49;143;961;-1525;32409
48;6307;2097786;93;2067;186;-33;-65;3;145;962;-1522;50889
48;6308;2098211;18;2087;253;111;49;-50;143;946;-1538;39058
48;6309;2098571;7;2177;166;-194;-332;76;165;934;-1497;14377
48;6310;2098888;249;2173;61;-48;-56;-566;219;976;-1525;32980
48;6311;2099207;-440;2151;272;115;-795;-672;83;1086;-1486;10775
48;6312;2099564;157;2060;513;521;214;-228;-79;1121;-1447;3190
48;6313;2099882;-125;2215;364;-48;159;123;-24;1100;-1437;40083
48;6314;2100208;-391;2054;255;-216;7;-107;34;1085;-1448;33587
48;6315;2100436;-76;1933;413;-1;-482;-58;13;1093;-1440;145
48;6316;2100776;-204;1873;504;36;-92;111;-83;1118;-1404;22308
48;6317;2101224;10;2090;230;280;-447;66;-34;1102;-1317;60755
48;6318;2101541;380;2155;207;-29;-813;-136;19;1127;-1268;44688
48;6319;2101777;531;2238;101;-33;-125;-6;55;1137;-1179;43301
48;6320;2102217;717;1821;222;-130;-273;73;0;1135;-1235;40232
48;6321;2102535;458;1917;12;91;-239;-99;16;1164;-1104;47983
48;6322;2102879;152;1861;241;-620;-571;279;99;1197;-837;28356
48;6323;2103213;250;1855;111;-24;-20;-45;-309;1006;-555;32142
48;6324;2103531;65;2112;54;-2;-39;-342;-388;980;-522;4799
48;6325;2103863;76;2053;95;5;-30;-47;-386;961;-519;64299
48;6326;2104212;88;2078;101;2;-31;-14;-377;959;-528;1779
48;6327;2104529;101;2060;105;2;-33;-8;-377;965;-528;35594
48;6328;2104862;91;2061;101;6;-30;-3;-378;973;-537;20414
48;6329;2105204;94;2086;110;5;-30;-4;-381;976;-530;55257
48;6330;2105525;95;2074;107;4;-31;-5;-373;969;-529;59638
48;6331;2105752;93;2080;99;4;-30;-2;-374;970;-521;30361
48;6332;2106200;91;2045;105;5;-30;-2;-366;966;-523;50894
48;6333;2106639;95;2064;108;5;-33;-5;-369;963;-536;30386
48;6334;2107066;89;2075;98;5;-28;4;-378;964;-529;6194
48;6335;2107307;91;2065;105;6;-29;-4;-375;962;-521;27197
48;6336;2107534;92;2036;115;7;-29;-6;-370;964;-525;52759
48;6337;2107855;95;2057;110;4;-33;-4;-376;968;-527;54188
48;6338;2108178;91;2065;109;5;-31;2;-371;968;-536;9025
48;6339;2108429;93;2062;105;5;-31;-6;-370;973;-514;25865
48;6340;2108747;92;2053;101;2;-30;-8;-370;977;-514;57821
48;6341;2109066;92;2055;104;6;-31;-9;-377;962;-522;46045
48;6342;2109293;91;2051;110;4;-31;-1;-371;961;-518;4230
48;6343;2109634;91;2066;108;7;-29;-1;-362;963;-522;10198
48;6344;2110184;88;2071;106;7;-29;1;-360;966;-508;29373
48;6345;2110505;97;2070;109;5;-29;-2;-367;977;-524;21405
48;6346;2110740;105;2067;100;4;-28;-2;-371;965;-533;6623
48;6347;2111180;87;2066;110;4;-31;-5;-368;971;-516;26972
48;6348;2111501;99;2061;107;5;-33;-7;-362;978;-519;21609
48;6349;2111857;96;2058;105;6;-28;0;-360;964;-523;51301
48;6350;2112176;98;2071;109;4;-30;-13;-372;965;-520;41922
48;6351;2112494;93;2062;106;5;-31;2;-373;965;-512;39057
48;6352;2112850;88;2059;101;6;-29;13;-376;970;-515;17202
48;6353;2113180;93;2057;100;3;-31;-17;-374;962;-521;1924
48;6354;2113498;108;2068;105;6;-30;17;-365;968;-526;44704
48;6355;2113725;97;2062;106;6;-29;-4;-369;959;-522;17829
48;6356;2114174;85;2055;103;6;-31;-15;-370;975;-524;26646
48;6357;2114507;82;2065;97;5;-31;-5;-365;966;-513;55982
48;6358;2114824;108;2059;106;6;-29;4;-368;963;-525;47388
48;6359;2115166;95;2062;105;6;-28;4;-371;970;-531;52728
48;6360;2115500;99;2074;108;5;-29;-5;-378;970;-500;36167
48;6361;2115820;98;2084;103;5;-31;-1;-372;966;-506;31789
48;6362;2116169;96;2069;101;5;-30;-5;-377;969;-527;23588
48;6363;2116396;87;2063;100;4;-30;-12;-375;985;-527;29822
48;6364;2116714;96;2070;103;5;-31;-8;-373;969;-519;3042
48;6365;2117153;92;2060;111;4;-30;-2;-361;967;-528;7692
48;6366;2117389;89;2066;105;5;-30;-10;-370;973;-525;35396
48;6367;2117706;100;2054;110;4;-32;-8;-368;971;-518;20672
48;6368;2118149;120;2059;101;6;-33;-46;-367;970;-528;64415
48;6369;2118490;81;2066;110;3;-29;-21;-373;968;-537;34437
48;6370;2118812;95;2064;108;5;-30;-45;-359;970;-530;30807
48;6371;2119150;-2;2095;101;6;-26;-62;-352;954;-539;22977
48;6372;2119491;50;2073;101;3;-29;-3;-364;942;-526;62731
48;6373;2120040;97;2089;118;1;-34;102;-357;959;-537;45057
48;6374;2120357;74;2077;104;2;-33;-94;-360;947;-539;38680
48;6375;2120593;66;2095;137;-2;-32;23;-362;939;-528;34223
48;6376;2120820;61;2065;92;11;-29;24;-352;950;-531;8166
48;6377;2121143;135;2027;103;3;-31;-23;-347;950;-525;7774
48;6378;2121461;-36;2086;90;7;-29;-14;-363;953;-537;22713
48;6379;2121713;125;2043;97;8;-30;-58;-365;984;-533;36530
48;6380;2122035;8;2079;107;4;-27;128;-376;965;-526;18559
48;6381;2122353;163;2054;98;12;-30;55;-369;964;-531;8318
48;6382;2122581;273;2027;106;1;-33;139;-369;986;-557;11100
48;6383;2123028;208;2063;104;8;-25;-162;-363;998;-562;49442
48;6384;2123471;183;2097;94;13;-27;285;-369;979;-520;45653
48;6385;2123788;126;2059;103;8;-30;42;-364;974;-529;59378
48;6386;2124137;108;2056;108;7;-30;5;-352;974;-533;50934
48;6387;2124364;105;2064;105;4;-29;4;-367;969;-531;14217
48;6388;2124682;93;2076;100;5;-29;-9;-364;970;-534;7553
48;6389;2125358;95;2059;108;2;-30;-5;-359;975;-520;24229
48;6390;2125676;102;2066;108;4;-31;-9;-364;978;-515;30904
48;6391;2126115;94;2057;106;5;-29;-4;-369;968;-515;52790
48;6392;2126351;89;2080;100;8;-27;-2;-361;972;-517;28575
48;6393;2126672;98;2065;100;6;-31;-8;-366;967;-512;3797
48;6394;2127116;93;2067;100;8;-27;-7;-368;986;-521;46479
48;6395;2127457;94;2060;104;5;-28;1;-374;982;-516;2290
48;6396;2127775;103;2068;101;6;-30;-1;-364;968;-516;47154
48;6397;2128109;110;2066;113;4;-31;-17;-366;970;-519;32668
48;6398;2128430;84;2066;115;4;-28;-42;-364;967;-518;34988
48;6399;2128666;-56;2035;111;-39;-1183;80;-377;967;-655;10701
48;6400;2129004;79;2472;-388;-45;8;216;-566;1001;-784;63181
48;6401;2129325;492;1937;136;-6;-38;270;-507;1020;-804;60058
48;6402;2129787;354;1990;106;-13;-38;270;-511;1015;-809;48214
48;6403;2130106;114;2022;140;-3;-33;-123;-534;992;-774;55192
48;6404;2130424;-49;2095;115;10;-27;-157;-519;991;-766;59799
48;6405;2130655;110;2050;116;2;-30;-19;-521;1009;-783;24268
48;6406;2131000;70;2038;116;4;-30;-42;-526;991;-772;52743
48;6407;2131318;11;2061;118;7;-28;-68;-529;983;-759;10230
48;6408;2131546;-17;2102;136;7;-27;-62;-543;993;-752;39352
48;6409;2132102;12;2071;115;14;-30;-116;-553;970;-738;19352
48;6410;2132435;235;2014;113;13;-29;-75;-552;1008;-785;11283
48;6411;2132752;-56;2070;110;11;-31;37;-555;954;-726;17910
48;6412;2133096;-148;2068;111;3;-34;137;-561;938;-690;31505
48;6413;2133323;-49;2047;117;5;-30;-81;-568;930;-701;52301
48;6414;2133641;17;1976;-151;321;-140;-85;-565;919;-719;6883
48;6415;2134108;267;1983;108;0;11;154;-454;1051;-1029;41899
48;6416;2134425;63;2137;128;17;-36;-191;-404;1028;-1040;65102
48;6417;2134750;350;2114;-12;189;-532;-311;-457;1011;-1056;54918
48;6418;2135088;95;2090;128;-15;-135;-37;-509;1057;-1103;4058
48;6419;2135324;138;2078;128;-7;-37;-10;-512;1073;-1092;58185
48;6420;2135641;173;2065;108;16;-8;39;-484;1077;-1105;62924
48;6421;2136081;220;2051;117;-2;-29;58;-465;1070;-1137;13578
48;6422;2136422;325;2030;124;3;-28;23;-453;1068;-1140;36128
48;6423;2136758;187;2093;138;3;-24;-12;-455;1067;-1141;23225
48;6424;2137081;260;2055;134;-3;-8;111;-456;1066;-1139;61885
48;6425;2137423;218;2093;127;-3;-30;79;-438;1072;-1153;5910
48;6426;2137650;298;2036;138;-2;-35;98;-433;1081;-1142;53767
48;6427;2137969;428;1977;125;-19;-37;188;-441;1085;-1157;22616
48;6428;2138287;314;2026;135;0;-28;0;-440;1076;-1134;30956
48;6429;2138540;323;2026;110;4;-37;16;-435;1068;-1147;11359
48;6430;2139070;262;2054;120;5;-30;43;-441;1064;-1136;14806
48;6431;2139407;253;2066;135;13;-30;-30;-464;1065;-1144;43556
48;6432;2139643;209;2062;119;-8;-35;137;-458;1068;-1137;3571
48;6433;2139969;319;2013;133;8;-32;20;-446;1051;-1136;43470
48;6434;2140408;265;2028;135;3;-28;57;-464;1073;-1154;26766
48;6435;2140750;211;2075;122;2;-30;17;-438;1063;-1127;62943
48;6436;2141069;211;2029;134;1;-29;33;-453;1066;-1138;48326
48;6437;2141297;267;2019;113;6;-35;56;-463;1070;-1131;8531
48;6438;2141614;211;2053;127;11;-29;-6;-453;1077;-1136;24278
48;6439;2142081;195;2065;118;11;-35;24;-452;1064;-1124;22430
48;6440;2142301;196;2078;135;4;-26;-39;-461;1061;-1129;16601
48;6441;2142619;207;2068;126;3;-30;-18;-457;1066;-1124;35871
48;6442;2143082;164;2058;119;10;-24;-105;-471;1047;-1122;43643
48;6443;2143399;153;2069;125;4;-31;15;-484;1050;-1122;50528
48;6444;2143716;182;2065;130;4;-29;27;-478;1066;-1121;25130
48;6445;2144075;210;2057;131;-6;-34;105;-463;1057;-1119;46904
48;6446;2144392;308;2049;132;1;-36;109;-471;1062;-1120;17574
48;6447;2144938;192;2050;127;5;-28;-3;-461;1067;-1125;55491
48;6448;2145180;221;2040;131;5;-30;28;-457;1071;-1132;11086
48;6449;2145497;198;2052;130;8;-26;-92;-468;1070;-1141;22874
48;6450;2145728;276;2027;132;-17;-37;240;-468;1072;-1130;39587
48;6451;2146051;99;2077;74;-5;-38;58;-453;1047;-1129;31194
48;6452;2146392;164;2068;127;9;-30;-8;-477;1057;-1136;30845
48;6453;2146619;165;2062;120;3;-29;-44;-473;1057;-1121;28545
48;6454;2147043;155;2060;137;4;-31;-27;-480;1057;-1121;8512
48;6455;2147400;129;2106;93;15;-29;17;-477;1058;-1131;32504
48;6456;2147722;142;2059;136;3;-38;79;-473;1063;-1122;28593
48;6457;2148045;116;2065;133;12;-37;-38;-466;1058;-1123;1943
48;6458;2148378;169;2025;115;4;-28;14;-471;1064;-1133;60836
48;6459;2148613;194;2054;112;6;-31;6;-468;1058;-1125;5029
48;6460;2149037;319;1999;129;7;-34;-15;-466;1057;-1134;53178
48;6461;2149265;217;2049;111;7;-33;-17;-475;1053;-1130;20981
48;6462;2149606;162;2056;123;5;-31;6;-477;1063;-1129;31215
48;6463;2149924;176;2072;113;-3;-36;94;-496;1073;-1126;43747
48;6464;2150156;195;2042;130;3;-29;7;-482;1064;-1131;43604
48;6465;2150476;168;2058;109;15;-28;-69;-477;1070;-1105;37512
48;6466;2151046;150;2045;127;6;-31;-3;-480;1066;-1125;60414
48;6467;2151363;202;2043;129;5;-30;-25;-475;1064;-1118;4306
48;6468;2151680;280;2072;83;10;-32;18;-473;1071;-1115;35107
48;6469;2152041;134;2061;159;0;-28;-11;-481;1073;-1117;23135
48;6470;2152359;281;2059;117;12;-23;-20;-483;1078;-1113;20422
48;6471;2152691;235;2059;130;10;-20;-94;-486;1070;-1115;19544
48;6472;2153036;351;2051;91;16;-24;32;-498;1056;-1123;41376
48;6473;2153354;217;2075;110;9;-33;54;-488;1077;-1130;34799
48;6474;2153694;163;2188;78;6;-22;-14;-465;1045;-1137;36770
48;6475;2154036;149;1984;127;-3;-30;23;-466;1051;-1134;10856
48;6476;2154354;127;2092;135;-1;-32;42;-457;1044;-1140;38201
48;6477;2154582;78;2083;134;8;-37;15;-466;1044;-1147;52570
48;6478;2155005;184;2032;129;-27;-40;337;-479;1050;-1144;64073
48;6479;2155242;-6;2132;161;-1;-18;-166;-469;1044;-1125;6696
48;6480;2155474;189;2022;124;6;-29;88;-479;1050;-1147;62284
48;6481;2155898;227;2065;127;-2;-33;85;-473;1061;-1150;18850
48;6482;2156364;245;2060;112;1;-31;31;-457;1041;-1146;13341
48;6483;2156681;114;2112;110;17;-32;-188;-452;1063;-1153;52692
48;6484;2157004;94;2256;142;-28;-30;85;-478;1047;-1146;15162
48;6485;2157235;234;1972;6;2;-40;18;-485;1041;-1061;3450
48;6486;2157473;312;1926;628;-1715;234;205;-485;1181;-1381;55781
48;6487;2157897;350;1572;1407;-363;683;127;-227;1125;-1935;5287
48;6488;2158128;265;1230;1629;-843;71;301;-222;1103;-2051;17401
