flag; num; time_ms; bme_temp; bme_press; photorez; ds_temp; status; find; crc
1;2;1146;3828;99929;0;378;0;0;59545
1;3;1466;3835;99931;0;378;0;0;30543
1;4;1781;3839;99932;0;378;0;0;1207
1;5;2006;3842;99933;0;378;0;0;15276
1;6;2352;3844;99932;0;378;0;0;6642
1;7;2667;3846;99932;0;378;0;0;30037
1;8;2893;3847;99933;0;379;0;0;7781
1;9;3335;3848;99933;0;379;0;0;8003
1;10;3650;3848;99932;0;379;0;0;30249
1;11;3883;3849;99933;0;379;0;0;20172
1;12;4303;3849;99932;0;379;0;0;268
1;13;4534;3850;99932;0;379;0;0;30055
1;14;4760;3850;99932;0;379;0;0;13940
1;15;5078;3850;99932;0;379;0;0;56599
1;16;5394;3850;99932;0;379;0;0;19540
1;17;5641;3850;99932;0;379;0;0;53809
1;18;5955;3850;99932;0;379;0;0;54981
1;19;6274;3850;99932;0;379;0;0;59694
1;20;6501;3851;99933;0;379;0;0;8351
1;21;6735;3851;99932;0;379;0;0;21586
1;22;7049;3851;99933;0;379;0;0;48255
1;23;7279;3851;99933;0;379;0;0;56509
1;24;7595;3851;99933;0;379;0;0;5436
1;25;7826;3851;99933;0;379;0;0;38559
1;26;8261;3851;99932;0;379;0;0;27733
1;27;8577;3851;99932;0;379;0;0;53738
1;28;8811;3851;99931;0;379;0;0;14559
1;29;9041;3851;99931;0;379;0;0;51763
1;30;9357;3852;99931;0;379;0;0;18481
1;31;9676;3852;99932;0;379;0;0;32593
1;32;9922;3852;99932;0;379;0;0;34950
1;33;10238;3852;99932;0;379;0;0;6182
1;34;10554;3852;99932;0;379;0;0;28828
1;35;10780;3852;99932;0;379;0;0;6272
1;36;11010;3852;99932;0;379;0;0;29158
1;37;11330;3852;99932;0;379;0;0;48994
1;38;11661;3852;99932;0;379;0;0;6388
1;39;11975;3852;99932;0;379;0;0;61558
1;40;12206;3852;99932;0;379;0;0;8583
1;41;12541;3852;99932;0;379;0;0;62123
1;42;12859;3852;99932;0;379;0;0;10882
1;43;13196;3852;99931;0;379;0;0;54689
1;44;13422;3852;99931;0;379;0;0;4843
1;45;13737;3852;99931;0;379;0;0;40562
1;46;14161;3852;99931;0;379;0;0;33028
1;47;14407;3852;99931;0;379;0;0;23116
1;48;14722;3852;99931;0;379;0;0;45938
1;49;15158;3852;99932;0;379;0;0;38202
1;50;15391;3852;99932;0;379;0;0;9301
1;51;15706;3852;99932;0;379;0;0;30976
1;52;16142;3852;99932;0;378;0;0;36010
1;53;16477;3852;99932;0;378;0;0;38330
1;54;16796;3852;99931;0;378;0;0;65229
1;55;17127;3852;99931;0;379;0;0;36607
1;56;17446;3852;99933;0;379;0;0;36223
1;57;17679;3852;99932;0;379;0;0;35069
1;58;17904;3852;99932;0;379;0;0;42316
1;59;18224;3852;99932;0;379;0;0;45878
1;60;18540;3853;99932;0;379;0;0;6093
1;61;18786;3853;99932;0;378;0;0;12027
1;62;19100;3852;99932;0;378;0;0;48774
1;63;19420;3852;99932;0;378;0;0;45241
1;64;19646;3852;99932;0;379;0;0;11271
1;65;19876;3853;99932;0;379;0;0;42890
1;66;20192;3853;99932;0;379;0;0;1611
1;67;20418;3853;99932;0;378;0;0;51175
1;68;20732;3853;99932;0;378;0;0;24759
1;69;21071;3853;99931;0;378;0;0;13393
1;70;21300;3853;99931;0;378;0;0;580
1;71;21616;3853;99932;0;378;0;0;42741
1;72;22060;3853;99933;0;378;0;0;13929
1;73;22286;3853;99932;0;378;0;0;34269
1;74;22600;3853;99932;0;378;0;0;38031
1;75;23056;3853;99932;0;378;0;0;60396
1;76;23371;3853;99932;0;378;0;0;43492
1;77;23686;3853;99932;0;378;0;0;17170
1;78;24021;3853;99932;0;378;0;0;52757
1;79;24255;3853;99932;0;378;0;0;6805
1;80;24575;3853;99933;0;378;0;0;34944
1;81;24799;3853;99933;0;378;0;0;30361
1;82;25115;3853;99933;0;378;0;0;36724
1;83;25350;3853;99933;0;378;0;0;13108
1;84;25681;3853;99932;0;378;0;0;44374
1;85;25996;3853;99933;0;378;0;0;16723
1;86;26331;3853;99933;0;378;0;0;53173
1;87;26557;3853;99933;0;378;0;0;40900
1;88;26982;3853;99932;0;378;0;0;7337
1;89;27300;3853;99932;0;378;0;0;33587
1;90;27547;3853;99932;0;378;0;0;36522
1;91;27966;3853;99932;0;378;0;0;3950
1;92;28297;3853;99932;0;378;0;0;32153
1;93;28528;3853;99932;0;378;0;0;13919
1;94;28948;3853;99932;0;378;0;0;45541
1;95;29174;3853;99932;0;378;0;0;64048
1;96;29493;3853;99932;0;378;0;0;63925
1;97;29728;3853;99932;0;378;0;0;606
1;98;30059;3853;99931;0;378;0;0;16373
1;99;30377;3853;99931;0;378;0;0;41071
1;100;30715;3853;99931;0;378;0;0;30101
1;101;30941;3853;99931;0;378;0;0;36062
1;102;31256;3853;99931;0;378;0;0;26065
1;103;31571;3853;99930;0;378;0;0;1425
1;104;31926;3853;99930;0;378;0;0;8267
1;105;32245;3853;99930;0;378;0;0;8018
1;106;32560;3853;99930;0;378;0;0;63069
1;107;32913;3853;99931;0;378;0;0;46270
1;108;33228;3853;99932;0;378;0;0;48455
1;109;33562;3853;99932;0;378;0;0;55152
1;110;33881;3853;99932;0;378;0;0;33997
1;111;34112;3853;99932;0;378;0;0;31493
1;112;34443;3853;99933;0;1018;0;0;8447
1;113;34867;3853;99933;0;1018;0;0;31429
1;114;35097;3853;99932;0;1018;0;0;57982
1;115;35323;3853;99932;0;378;0;0;26131
1;116;35639;3853;99932;0;378;0;0;20721
1;117;35954;3853;99932;0;378;0;0;52511
1;118;36200;3853;99932;0;378;0;0;45038
1;119;36518;3853;99932;0;378;0;0;62700
1;120;36834;3853;99932;0;378;0;0;52581
1;121;37060;3853;99932;0;378;0;0;5924
1;122;37291;3853;99932;0;378;0;0;31928
1;123;37612;3853;99932;0;378;0;0;16448
1;124;37943;3853;99932;0;378;0;0;39647
1;125;38258;3853;99932;0;378;0;0;51082
1;126;38489;3853;99932;0;378;0;0;55283
1;127;38820;3853;99932;0;378;0;0;57277
1;128;39134;3853;99932;0;378;0;0;62223
1;129;39479;3853;99932;0;378;0;0;20101
1;130;39814;3853;99933;0;378;0;0;36353
1;131;40133;3853;99933;0;378;0;0;29091
1;132;40448;3853;99932;0;378;0;0;2298
1;133;40799;3853;99932;0;378;0;0;60794
1;134;41114;3853;99931;0;378;0;0;29093
1;135;41445;3853;99930;0;378;0;0;28782
1;136;41785;3853;99929;0;378;0;0;45129
1;137;42100;3853;99929;0;378;0;0;43703
1;138;42329;3853;99928;0;378;0;0;16546
1;139;42773;3853;99929;0;378;0;0;47617
1;140;43087;3853;99928;0;378;0;0;57756
1;141;43313;3853;99929;0;378;0;0;61621
1;142;43734;3853;99929;0;378;0;0;44120
1;143;43964;3853;99929;0;378;0;0;14513
1;144;44190;3853;99929;0;378;0;0;55188
1;145;44506;3853;99929;0;378;0;0;39459
1;146;44821;3853;99930;0;378;0;0;44290
1;147;45071;3853;99930;0;378;0;0;37336
1;148;45390;3853;99930;0;378;0;0;27397
1;149;45709;3853;99930;0;378;0;0;58493
1;150;45935;3853;99930;0;378;0;0;43923
1;151;46165;3853;99930;0;378;0;0;39364
1;152;46480;3853;99929;0;378;0;0;14429
1;153;46706;3853;99929;0;377;0;0;29975
1;154;47021;3853;99929;0;377;0;0;52352
1;155;47254;3853;99929;0;377;0;0;65456
1;156;47690;3853;99929;0;378;0;0;14721
1;157;48008;3853;99930;0;378;0;0;40584
1;158;48241;3853;99929;0;378;0;0;49424
1;159;48467;3853;99929;0;398;0;0;7357
1;160;48787;3853;99929;0;398;0;0;34362
1;161;49102;3853;99929;0;398;0;0;17022
1;162;49351;3853;99929;0;5497;0;0;48756
1;163;49667;3853;99929;0;5497;0;0;60294
1;164;49982;3852;99928;0;5497;0;0;4846
1;165;50208;3853;99928;0;5498;0;0;62594
1;166;50443;3853;99928;0;5498;0;0;42130
1;167;50759;3852;99928;0;5498;0;0;27455
1;168;51093;3852;99928;0;377;0;0;57719
1;169;51408;3852;99928;0;377;0;0;27932
1;170;51639;3852;99928;0;377;0;0;33168
1;171;51970;3852;99928;0;377;0;0;40583
1;172;52284;3852;99928;0;377;0;0;2904
1;173;52621;3852;99927;0;377;0;0;13497
1;174;52850;3852;99927;0;377;0;0;61765
1;175;53169;3852;99927;0;377;0;0;15956
1;176;53590;3852;99928;0;377;0;0;7055
1;177;53836;3852;99928;0;377;0;0;38152
1;178;54150;3852;99928;0;377;0;0;25076
1;179;54591;3853;99928;0;377;0;0;32714
1;180;54823;3853;99928;0;377;0;0;13449
1;181;55137;3852;99928;0;377;0;0;7577
1;182;55578;3852;99928;0;397;0;0;58566
1;183;55913;3852;99929;0;397;0;0;25084
1;184;56227;3852;99928;0;397;0;0;38248
1;185;56563;3852;99927;0;377;0;0;30862
1;186;56878;3852;99927;0;377;0;0;2192
1;187;57108;3852;99928;0;377;0;0;29007
1;188;57342;3852;99928;0;377;0;0;22922
1;189;57658;3852;99928;0;377;0;0;63537
1;190;57973;3852;99928;0;377;0;0;61382
1;191;58222;3852;99927;0;5498;0;0;34173
1;192;58537;3852;99927;0;5498;0;0;11506
1;193;58852;3852;99928;0;5498;0;0;32132
1;194;59077;3852;99928;0;377;0;0;62637
1;195;59309;3852;99928;0;377;0;0;16768
1;196;59625;3852;99928;0;377;0;0;14601
1;197;59850;3852;99929;0;377;0;0;39519
1;198;60164;3852;99928;0;377;0;0;7471
1;199;60505;3852;99928;0;377;0;0;6608
1;200;60734;3852;99928;0;377;0;0;11645
1;201;61049;3852;99929;0;377;0;0;51660
1;202;61494;3852;99929;0;377;0;0;50242
1;203;61720;3852;99929;0;377;0;0;27431
1;204;62034;3852;99929;0;377;0;0;26533
1;205;62494;3852;99929;0;377;0;0;50589
1;206;62808;3852;99929;0;377;0;0;1521
1;207;63126;3852;99929;0;377;0;0;24307
1;208;63462;3852;99929;0;377;0;0;13996
1;209;63693;3852;99929;0;377;0;0;7069
1;210;64007;3852;99930;0;377;0;0;32726
1;211;64232;3852;99930;0;377;0;0;57465
1;212;64552;3852;99928;0;377;0;0;12898
1;213;64782;3852;99926;0;377;0;0;18797
1;214;65113;3852;99923;0;377;0;0;20101
1;215;65432;3852;99920;0;377;0;0;55466
1;216;65767;3852;99918;0;377;0;0;60884
1;217;65999;3852;99918;0;377;0;0;8445
1;218;66420;3852;99917;0;377;0;0;3667
1;219;66735;3853;99917;0;377;0;0;56715
1;220;66980;3852;99918;0;377;0;0;50207
1;221;67401;3853;99918;0;377;0;0;32638
1;222;67732;3853;99919;0;377;0;0;61018
1;223;67962;3853;99920;0;377;0;0;5949
1;224;68382;3853;99922;0;377;0;0;2735
1;225;68612;3853;99923;0;377;0;0;56499
1;226;68931;3853;99924;0;377;0;0;9600
1;227;69163;3853;99924;0;377;0;0;53444
1;228;69498;3853;99924;0;377;0;0;13336
1;229;69813;3853;99925;0;377;0;0;5612
1;230;70148;3853;99925;0;377;0;0;58732
1;231;70374;3853;99926;0;376;0;0;31762
1;232;70689;3853;99926;0;376;0;0;60458
1;233;71003;3853;99926;0;376;0;0;26306
1;234;71357;3853;99926;0;377;0;0;32924
1;235;71677;3853;99925;0;377;0;0;63065
1;236;71991;3853;99924;0;377;0;0;60393
1;237;72345;3853;99923;0;376;0;0;30465
1;238;72661;3853;99923;0;376;0;0;4537
1;239;72990;3853;99923;0;376;0;0;12583
1;240;73306;3853;99922;0;376;0;0;41171
1;241;73540;3853;99922;0;376;0;0;11701
1;242;73874;3853;99922;0;377;0;0;7585
1;243;74294;3853;99923;0;377;0;0;54300
1;244;74528;3853;99923;0;377;0;0;14954
1;245;74753;3853;99922;0;376;0;0;53778
1;246;75068;3853;99923;0;376;0;0;9734
1;247;75384;3854;99923;0;376;0;0;58493
1;248;75630;3854;99922;0;377;0;0;59437
1;249;75944;3854;99922;0;377;0;0;42344
1;250;76260;3854;99921;0;377;0;0;47914
1;251;76490;3854;99921;0;377;0;0;21542
1;252;76723;3854;99921;0;377;0;0;3048
1;253;77037;3854;99921;0;377;0;0;15921
1;254;77376;3853;99920;0;376;0;0;43413
1;255;77691;3854;99920;0;376;0;0;33854
1;256;77922;3854;99920;0;376;0;0;3735
1;257;78253;3854;99921;0;377;0;0;30470
1;258;78568;3854;99920;0;377;0;0;7788
1;259;78903;3854;99920;0;377;0;0;25467
1;260;79238;3854;99919;0;377;0;0;60839
1;261;79553;3854;99919;0;377;0;0;53599
1;262;79868;3854;99919;0;377;0;0;64770
1;263;80220;3854;99919;0;376;0;0;38008
1;264;80539;3854;99920;0;376;0;0;62136
1;265;80869;3854;99919;0;377;0;0;20359
1;266;81209;3854;99919;0;377;0;0;44969
1;267;81525;3854;99918;0;377;0;0;64814
1;268;81757;3854;99919;0;376;0;0;42527
1;269;82197;3854;99919;0;376;0;0;48924
1;270;82513;3855;99919;0;376;0;0;23486
1;271;82738;3855;99919;0;377;0;0;62196
1;272;83158;3855;99920;0;377;0;0;10655
1;273;83393;3855;99920;0;377;0;0;13067
1;274;83619;3854;99920;0;377;0;0;35303
1;275;83934;3855;99920;0;377;0;0;13506
1;276;84253;3855;99920;0;377;0;0;26313
1;277;84502;3855;99919;0;377;0;0;14499
1;278;84816;3855;99919;0;377;0;0;63695
1;279;85131;3855;99919;0;377;0;0;28276
1;280;85357;3855;99919;0;377;0;0;47667
1;281;85591;3855;99920;0;377;0;0;54968
1;282;85905;3855;99919;0;377;0;0;14546
1;283;86131;3855;99919;0;377;0;0;10519
1;284;86451;3855;99919;0;377;0;0;13088
1;285;86686;3855;99920;0;377;0;0;13060
1;286;87121;3855;99920;0;377;0;0;64525
1;287;87436;3856;99920;0;377;0;0;8103
1;288;88090;3856;99919;0;377;0;0;36441
1;289;88406;3856;99920;0;377;0;0;39664
1;290;88720;3856;99920;0;377;0;0;60157
1;291;89074;3856;99920;0;376;0;0;21333
1;292;89390;3856;99919;0;376;0;0;9578
1;293;89726;3857;99920;0;377;0;0;17409
1;294;90046;3857;99919;0;377;0;0;51239
1;295;90277;3857;99919;0;377;0;0;41483
1;296;90608;3857;99919;0;376;0;0;16176
1;297;91028;3857;99919;0;376;0;0;42696
1;298;91259;3857;99919;0;376;0;0;64999
1;299;91485;3857;99918;0;377;0;0;42890
1;300;91800;3857;99918;0;377;0;0;44734
1;301;92120;3857;99919;0;377;0;0;30920
1;302;92365;3857;99919;0;376;0;0;38120
1;303;92684;3857;99918;0;376;0;0;19001
1;304;92999;3857;99919;0;376;0;0;28186
1;305;93225;3857;99918;0;377;0;0;3032
1;306;93456;3858;99918;0;377;0;0;43944
1;307;93775;3857;99917;0;377;0;0;47390
1;308;94106;3858;99917;0;376;0;0;35766
1;309;94421;3858;99917;0;376;0;0;33283
1;310;94656;3858;99917;0;376;0;0;5452
1;311;94986;3857;99917;0;376;0;0;27207
1;312;95301;3857;99917;0;376;0;0;9539
1;313;95641;3857;99917;0;376;0;0;493
1;314;95972;3858;99918;0;376;0;0;41602
1;315;96287;3858;99918;0;376;0;0;45466
1;316;96602;3858;99918;0;376;0;0;2255
1;317;96957;3858;99918;0;376;0;0;63549
1;318;97272;3858;99918;0;376;0;0;2423
1;319;97606;3858;99918;0;377;0;0;35541
1;320;97946;3858;99918;0;377;0;0;3007
1;321;98261;3858;99917;0;377;0;0;35012
1;322;98493;3858;99917;0;10618;0;0;64976
1;323;98938;3858;99917;0;10618;0;0;39172
1;324;99257;3858;99917;0;10618;0;0;45589
1;325;99485;3858;99916;0;377;0;0;65289
1;326;99910;3859;99916;0;377;0;0;43064
1;327;100145;3859;99916;0;377;0;0;63146
1;328;100374;3859;99917;0;377;0;0;45940
1;329;100693;3859;99916;0;377;0;0;21540
1;330;101016;3859;99916;0;377;0;0;37407
1;331;101264;3859;99917;0;377;0;0;47997
1;332;101582;3859;99917;0;377;0;0;27300
1;333;101905;3859;99917;0;377;0;0;38753
1;334;102133;3859;99918;0;377;0;0;27165
1;335;102366;3859;99918;0;377;0;0;38418
1;336;102688;3859;99918;0;377;0;0;45321
1;337;102921;3859;99919;0;377;0;0;62690
1;338;103239;3859;99919;0;377;0;0;45982
1;339;103474;3859;99918;0;377;0;0;54330
1;340;103914;3860;99919;0;376;0;0;61196
1;341;104236;3860;99919;0;376;0;0;39738
1;342;104470;3860;99918;0;376;0;0;52414
1;343;104698;3860;99919;0;1017;0;0;57239
1;344;105021;3860;99919;0;1017;0;0;53117
1;345;105340;3860;99919;0;1017;0;0;53664
1;346;105591;3860;99919;0;377;0;0;45745
1;347;105911;3860;99919;0;377;0;0;19590
1;348;106229;3860;99920;0;377;0;0;6426
1;349;106458;3861;99920;0;377;0;0;58366
1;350;106691;3860;99920;0;377;0;0;16746
1;351;107014;3860;99920;0;377;0;0;1146
1;352;107348;3860;99920;0;2937;0;0;31218
1;353;107666;3860;99920;0;2937;0;0;9522
1;354;107902;3861;99920;0;2937;0;0;51939
1;355;108236;3861;99921;0;377;0;0;49052
1;356;108555;3861;99921;0;377;0;0;44575
1;357;108897;3861;99921;0;377;0;0;15094
1;358;109125;3861;99920;0;377;0;0;1912
1;359;109448;3861;99919;0;377;0;0;62267
1;360;109873;3861;99919;0;377;0;0;56408
1;361;110126;3861;99920;0;377;0;0;57275
1;362;110448;3862;99920;0;377;0;0;18787
1;363;110889;3862;99920;0;377;0;0;38079
1;364;111122;3862;99919;0;377;0;0;3286
1;365;111441;3862;99920;0;377;0;0;60865
1;366;111882;3862;99920;0;377;0;0;36681
1;367;112220;3862;99920;0;377;0;0;48466
1;368;112538;3862;99920;0;377;0;0;25930
1;369;112873;3863;99920;0;377;0;0;60429
1;370;113198;3863;99920;0;377;0;0;9414
1;371;113431;3863;99919;0;377;0;0;14594
1;372;113664;3863;99919;0;10617;0;0;46496
1;373;113983;3863;99919;0;10617;0;0;5158
1;374;114302;3863;99920;0;10617;0;0;14467
1;375;114550;3864;99920;0;377;0;0;47735
1;376;114873;3863;99920;0;377;0;0;15514
1;377;115191;3864;99920;0;377;0;0;5803
1;378;115419;3864;99920;0;377;0;0;29820
1;379;115657;3864;99920;0;377;0;0;15746
1;380;115980;3864;99920;0;377;0;0;7232
1;381;116207;3864;99920;0;377;0;0;18295
1;382;116526;3864;99920;0;377;0;0;60912
1;383;116866;3864;99920;0;377;0;0;16999
1;384;117097;3864;99920;0;377;0;0;16640
1;385;117416;3865;99920;0;377;0;0;43743
1;386;117863;3865;99921;0;377;0;0;48543
1;387;118091;3865;99921;0;377;0;0;13118
1;388;118413;3865;99921;0;377;0;0;2860
1;389;118874;3865;99921;0;377;0;0;50084
1;390;119192;3865;99921;0;377;0;0;45128
1;391;119514;3866;99922;0;377;0;0;26757
1;392;119849;3866;99921;0;377;0;0;57804
1;393;120084;3866;99921;0;377;0;0;24974
1;394;120402;3866;99921;0;377;0;0;57739
1;395;120630;3866;99921;0;537;0;0;4670
1;396;120957;3866;99920;0;537;0;0;18240
1;397;121192;3866;99920;0;537;0;0;31760
1;398;121526;3866;99919;0;377;0;0;51458
1;399;121846;3866;99919;0;377;0;0;51005
1;400;122184;3866;99921;0;377;0;0;44266
1;401;122416;3867;99921;0;377;0;0;716
1;402;122842;3867;99920;0;377;0;0;4731
1;403;123159;3867;99921;0;377;0;0;64635
1;404;123408;3867;99920;0;377;0;0;33998
1;405;123837;3867;99919;0;377;0;0;13451
1;406;124171;3866;99918;0;377;0;0;43869
1;407;124404;3867;99918;0;377;0;0;28560
1;408;124829;3867;99918;0;377;0;0;22060
1;409;125057;3867;99918;0;377;0;0;11184
1;410;125277;3867;99918;0;377;0;0;41729
1;411;125511;3867;99919;0;377;0;0;62927
1;412;125835;3867;99919;0;377;0;0;11104
1;413;126066;3867;99919;0;377;0;0;40989
1;414;126384;3868;99919;0;377;0;0;6649
1;415;126617;3868;99919;0;377;0;0;33883
1;416;126846;3868;99919;0;377;0;0;4121
1;417;127163;3868;99918;0;377;0;0;38713
1;418;127482;3868;99918;0;377;0;0;9723
1;419;127837;3868;99918;0;377;0;0;1321
1;420;128155;3868;99917;0;377;0;0;50451
1;421;128474;3868;99917;0;377;0;0;56270
1;422;128832;3868;99917;0;377;0;0;41338
1;423;129052;3868;99917;0;377;0;0;42210
1;424;129370;3868;99918;0;377;0;0;50261
1;425;129599;3868;99918;0;377;0;0;58731
1;426;129939;3868;99918;0;377;0;0;14301
1;427;130257;3868;99918;0;377;0;0;55453
1;428;130486;3868;99918;0;377;0;0;31758
1;429;130804;3868;99917;0;377;0;0;27494
1;430;131037;3868;99918;0;377;0;0;25160
1;431;131265;3868;99919;0;377;0;0;50687
1;432;131588;3868;99919;0;377;0;0;50316
1;433;131915;3868;99919;0;377;0;0;16141
1;434;132162;3868;99920;0;377;0;0;27758
1;435;132481;3868;99919;0;377;0;0;32113
1;436;132805;3869;99920;0;377;0;0;4034
1;437;133033;3869;99919;0;377;0;0;10089
1;438;133267;3869;99919;0;377;0;0;43172
1;439;133585;3869;99918;0;377;0;0;24342
1;440;133924;3869;99918;0;377;0;0;19515
1;441;134242;3869;99917;0;377;0;0;38921
1;442;134476;3869;99917;0;377;0;0;39795
1;443;134810;3869;99917;0;377;0;0;22880
1;444;135128;3869;99917;0;377;0;0;37531
1;445;135471;3869;99916;0;377;0;0;48728
1;446;135806;3869;99916;0;377;0;0;21234
1;447;136124;3869;99916;0;377;0;0;36097
1;448;136443;3869;99915;0;377;0;0;64827
1;449;136805;3869;99916;0;377;0;0;16805
1;450;137123;3869;99916;0;377;0;0;29121
1;451;137457;3869;99916;0;377;0;0;37125
1;452;137801;3870;99917;0;377;0;0;43396
1;453;138119;3870;99917;0;377;0;0;45807
1;454;138351;3870;99917;0;377;0;0;39790
1;455;138797;3870;99917;0;377;0;0;23768
1;456;139115;3870;99917;0;377;0;0;17557
1;457;139348;3870;99917;0;377;0;0;20787
1;458;139773;3870;99916;0;377;0;0;2214
1;459;140007;3870;99916;0;377;0;0;34337
1;460;140235;3870;99916;0;377;0;0;60544
1;461;140558;3870;99916;0;377;0;0;10562
1;462;140878;3871;99917;0;377;0;0;22049
1;463;141126;3870;99916;0;377;0;0;14880
1;464;141448;3871;99916;0;377;0;0;61813
1;465;141767;3871;99916;0;377;0;0;2804
1;466;141999;3871;99916;0;377;0;0;21423
1;467;142232;3871;99915;0;377;0;0;23684
1;468;142550;3871;99914;0;377;0;0;19221
1;469;142783;3871;99915;0;377;0;0;13971
1;470;143101;3871;99916;0;377;0;0;56483
1;471;143335;3871;99917;0;377;0;0;51716
1;472;143775;3871;99918;0;377;0;0;14332
1;473;144094;3871;99918;0;377;0;0;26952
1;474;144331;3872;99919;0;377;0;0;56512
1;475;144565;3872;99919;0;377;0;0;54555
1;476;144885;3872;99918;0;377;0;0;59245
1;477;145203;3872;99919;0;377;0;0;19218
1;478;145451;3872;99918;0;377;0;0;336
1;479;145771;3871;99918;0;377;0;0;62945
1;480;146089;3871;99918;0;377;0;0;20130
1;481;146317;3872;99918;0;377;0;0;48541
1;482;146550;3872;99918;0;377;0;0;47931
1;483;146874;3872;99917;0;377;0;0;63854
1;484;147208;3872;99917;0;377;0;0;28887
1;485;147526;3872;99917;0;377;0;0;41916
1;486;147761;3872;99917;0;377;0;0;20785
1;487;147981;3872;99917;0;377;0;0;33272
1;488;148209;3872;99917;0;377;0;0;17742
1;489;148528;3872;99918;0;377;0;0;48126
1;490;148764;3872;99918;0;377;0;0;39232
1;491;148992;3872;99918;0;377;0;0;30091
1;492;149310;3872;99918;0;377;0;0;8431
1;493;149740;3872;99918;0;377;0;0;12323
1;494;149988;3872;99918;0;377;0;0;27927
1;495;150306;3872;99918;0;377;0;0;6433
1;496;150747;3872;99919;0;377;0;0;3702
1;497;150985;3873;99919;0;377;0;0;747
1;498;151303;3872;99918;0;377;0;0;49400
1;499;151744;3872;99918;0;377;0;0;48725
1;500;152086;3873;99918;0;377;0;0;29953
1;501;152409;3873;99918;0;377;0;0;36480
1;502;152744;3873;99918;0;377;0;0;12018
1;503;153062;3873;99918;0;377;0;0;50577
1;504;153295;3873;99918;0;377;0;0;11277
1;505;153523;3873;99918;0;377;0;0;50345
1;506;153843;3873;99917;0;377;0;0;53069
1;507;154165;3872;99916;0;377;0;0;9809
1;508;154414;3873;99917;0;377;0;0;33143
1;509;154737;3872;99916;0;377;0;0;14694
1;510;155059;3873;99917;0;377;0;0;55200
1;511;155287;3873;99917;0;377;0;0;40568
1;512;155522;3873;99917;0;377;0;0;53822
1;513;155846;3873;99917;0;377;0;0;11177
1;514;156073;3873;99916;0;377;0;0;39036
1;515;156391;3873;99917;0;377;0;0;60223
1;516;156731;3874;99917;0;377;0;0;36011
1;517;156959;3873;99916;0;377;0;0;37622
1;518;157282;3873;99916;0;377;0;0;34502
1;519;157731;3873;99916;0;377;0;0;57601
1;520;157959;3874;99916;0;377;0;0;21291
1;521;158277;3874;99916;0;377;0;0;15545
1;522;158739;3874;99916;0;377;0;0;35403
1;523;159057;3874;99916;0;377;0;0;42416
1;524;159375;3874;99916;0;377;0;0;1203
1;525;159710;3874;99916;0;377;0;0;1135
1;526;159946;3874;99916;0;377;0;0;29174
1;527;160268;3874;99916;0;377;0;0;1472
1;528;160495;3874;99917;0;377;0;0;49885
1;529;160823;3874;99917;0;377;0;0;52580
1;530;161055;3874;99917;0;377;0;0;44114
1;531;161389;3874;99917;0;377;0;0;57795
1;532;161709;3874;99916;0;377;0;0;9149
1;533;162049;3874;99916;0;377;0;0;9230
1;534;162277;3874;99916;0;377;0;0;41352
1;535;162707;3875;99916;0;377;0;0;17110
1;536;163025;3875;99916;0;377;0;0;55720
1;537;163273;3875;99915;0;377;0;0;7999
1;538;163702;3875;99915;0;377;0;0;2787
1;539;164040;3875;99914;0;377;0;0;41919
1;540;164273;3875;99914;0;377;0;0;64625
1;541;164698;3875;99914;0;377;0;0;24639
1;542;164926;3875;99914;0;377;0;0;32046
1;543;165244;3875;99914;0;377;0;0;21205
1;544;165480;3875;99915;0;377;0;0;50590
1;545;165819;3875;99915;0;377;0;0;5262
1;546;166137;3875;99916;0;377;0;0;28649
1;547;166476;3875;99916;0;377;0;0;28926
1;548;166705;3875;99916;0;536;0;0;17641
1;549;167026;3875;99915;0;536;0;0;37622
1;550;167344;3875;99915;0;536;0;0;57626
1;551;167704;3875;99915;0;376;0;0;46710
1;552;168029;3875;99916;0;376;0;0;17556
1;553;168347;3875;99915;0;376;0;0;61778
1;554;168713;3876;99916;0;377;0;0;17682
1;555;169032;3876;99916;0;377;0;0;39796
1;556;169365;3876;99916;0;377;0;0;19256
1;557;169685;3876;99917;0;377;0;0;56615
1;558;169923;3876;99917;0;377;0;0;31566
1;559;170257;3876;99917;0;376;0;0;27127
1;560;170686;3876;99917;0;376;0;0;8818
1;561;170919;3876;99916;0;376;0;0;1523
1;562;171147;3876;99916;0;377;0;0;19879
1;563;171466;3876;99916;0;377;0;0;21370
1;564;171686;3876;99916;0;377;0;0;438
1;565;172040;3876;99917;0;377;0;0;39574
1;566;172358;3877;99917;0;377;0;0;39049
1;567;172678;3877;99916;0;377;0;0;65182
1;568;172906;3877;99916;0;376;0;0;9820
1;569;173144;3877;99915;0;376;0;0;47782
1;570;173463;3877;99916;0;376;0;0;13453
1;571;173798;3877;99916;0;377;0;0;57963
1;572;174116;3876;99916;0;377;0;0;58849
1;573;174349;3877;99915;0;377;0;0;21748
1;574;174684;3877;99916;0;376;0;0;15282
1;575;175002;3877;99916;0;376;0;0;42953
1;576;175341;3877;99916;0;376;0;0;56397
1;577;175680;3877;99916;0;376;0;0;23115
1;578;176002;3877;99916;0;376;0;0;10663
1;579;176324;3877;99915;0;376;0;0;40541
1;580;176680;3877;99915;0;376;0;0;38077
1;581;176999;3877;99914;0;376;0;0;46965
1;582;177332;3877;99914;0;376;0;0;2753
1;583;177678;3877;99914;0;376;0;0;57448
1;584;177996;3877;99914;0;376;0;0;48045
1;585;178224;3877;99915;0;20856;0;0;12101
1;586;178672;3877;99915;0;20856;0;0;32109
1;587;178991;3877;99914;0;20856;0;0;22753
1;588;179219;3877;99914;0;376;0;0;39361
1;589;179648;3877;99913;0;376;0;0;12331
1;590;179884;3877;99913;0;376;0;0;11000
1;591;180112;3877;99913;0;376;0;0;47704
1;592;180431;3877;99913;0;376;0;0;9139
1;593;180750;3877;99913;0;376;0;0;9515
1;594;181003;3877;99914;0;376;0;0;54431
1;595;181321;3877;99914;0;376;0;0;15327
1;596;181640;3877;99914;0;376;0;0;12554
1;597;181869;3877;99914;0;376;0;0;57404
1;598;182104;3877;99914;0;376;0;0;19313
1;599;182425;3877;99914;0;376;0;0;29850
1;600;182658;3877;99914;0;376;0;0;57000
1;601;182977;3877;99914;0;376;0;0;41432
1;602;183210;3877;99914;0;376;0;0;35276
1;603;183658;3877;99914;0;376;0;0;8036
1;604;183977;3877;99914;0;376;0;0;29724
1;605;184211;3877;99913;0;376;0;0;65034
1;606;184440;3877;99913;0;376;0;0;54306
1;607;184759;3877;99914;0;376;0;0;42833
1;608;185078;3877;99913;0;376;0;0;42438
1;609;185326;3877;99912;0;1656;0;0;50056
1;610;185645;3877;99912;0;1656;0;0;51225
1;611;185968;3877;99912;0;1656;0;0;19508
1;612;186196;3877;99913;0;1016;0;0;59225
1;613;186433;3877;99913;0;1016;0;0;3383
1;614;186753;3877;99913;0;1016;0;0;24351
1;615;187091;3877;99913;0;376;0;0;57652
1;616;187409;3877;99913;0;376;0;0;8806
1;617;187643;3877;99913;0;376;0;0;61091
1;618;187977;3877;99913;0;376;0;0;12037
1;619;188295;3877;99913;0;376;0;0;13422
1;620;188637;3877;99913;0;376;0;0;53924
1;621;188872;3877;99913;0;376;0;0;59892
1;622;189190;3877;99914;0;376;0;0;52791
1;623;189615;3877;99914;0;376;0;0;9039
1;624;189864;3877;99914;0;376;0;0;25529
1;625;190182;3877;99914;0;376;0;0;51379
1;626;190623;3877;99914;0;376;0;0;42616
1;627;190856;3877;99914;0;376;0;0;48364
1;628;191178;3877;99913;0;376;0;0;20356
1;629;191623;3877;99913;0;456;0;0;54112
1;630;191962;3877;99912;0;456;0;0;25458
1;631;192284;3877;99912;0;456;0;0;5956
1;632;192619;3877;99913;0;376;0;0;14763
1;633;192938;3877;99912;0;376;0;0;3895
1;634;193171;3877;99912;0;376;0;0;8331
1;635;193399;3877;99913;0;376;0;0;31103
1;636;193719;3877;99913;0;376;0;0;41971
1;637;194038;3878;99914;0;376;0;0;2673
1;638;194288;3878;99914;0;376;0;0;62064
1;639;194611;3878;99914;0;376;0;0;17531
1;640;194930;3878;99914;0;376;0;0;11714
1;641;195198;3878;99913;0;376;0;0;42994
1;642;195623;3877;99912;0;376;0;0;62290
1;643;195957;3877;99912;0;376;0;0;49832
1;644;196295;3877;99912;0;376;0;0;58165
1;645;196615;3877;99912;0;376;0;0;11171
1;646;196847;3877;99912;0;376;0;0;27325
1;647;197166;3877;99912;0;376;0;0;27685
1;648;197399;3877;99912;0;376;0;0;56273
1;649;197734;3877;99913;0;376;0;0;65533
1;650;198052;3877;99913;0;376;0;0;35857
1;651;198375;3877;99913;0;376;0;0;62305
1;652;198625;3877;99913;0;376;0;0;790
1;653;198944;3877;99912;0;376;0;0;19600
1;654;199265;3877;99912;0;376;0;0;48699
1;655;199626;3878;99913;0;376;0;0;42448
1;656;199945;3878;99913;0;376;0;0;17981
1;657;200262;3878;99913;0;376;0;0;64981
1;658;200598;3878;99912;0;376;0;0;27061
1;659;200831;3878;99912;0;376;0;0;52806
1;660;201150;3878;99912;0;376;0;0;50323
1;661;201382;3878;99913;0;376;0;0;45977
1;662;201702;3878;99913;0;376;0;0;4537
1;663;201939;3878;99913;0;376;0;0;54864
1;664;202166;3878;99913;0;376;0;0;49977
1;665;202591;3878;99913;0;376;0;0;32435
1;666;202930;3878;99914;0;376;0;0;27943
1;667;203162;3878;99914;0;376;0;0;40974
1;668;203588;3878;99913;0;376;0;0;53715
1;669;203922;3878;99913;0;376;0;0;37650
1;670;204155;3878;99913;0;376;0;0;27338
1;671;204581;3878;99914;0;376;0;0;3871
1;672;204816;3878;99914;0;376;0;0;39092
1;673;205155;3878;99913;0;376;0;0;64852
1;674;205585;3878;99913;0;376;0;0;46334
1;675;205813;3878;99913;0;376;0;0;40295
1;676;206131;3878;99913;0;376;0;0;36227
1;677;206365;3878;99913;0;376;0;0;25231
1;678;206594;3878;99913;0;376;0;0;21268
1;679;206913;3878;99913;0;376;0;0;48435
1;680;207234;3878;99913;0;376;0;0;1564
1;681;207594;3878;99912;0;376;0;0;11025
1;682;207917;3878;99913;0;376;0;0;47937
1;683;208235;3878;99913;0;376;0;0;55090
1;684;208591;3878;99913;0;376;0;0;35554
1;685;208910;3878;99912;0;376;0;0;58990
1;686;209243;3878;99913;0;376;0;0;53612
1;687;209594;3878;99913;0;376;0;0;17362
1;688;209913;3878;99912;0;376;0;0;57569
1;689;210144;3878;99912;0;376;0;0;57234
1;690;210569;3878;99912;0;376;0;0;15887
1;691;210802;3878;99912;0;376;0;0;21517
1;692;211034;3878;99913;0;376;0;0;29779
1;693;211356;3878;99913;0;376;0;0;59432
1;694;211679;3878;99913;0;376;0;0;15175
1;695;211928;3878;99913;0;376;0;0;16338
1;696;212247;3878;99913;0;376;0;0;10490
1;697;212570;3878;99913;0;376;0;0;45782
1;698;212799;3878;99913;0;376;0;0;32670
1;699;213032;3878;99913;0;376;0;0;23810
1;700;213350;3878;99913;0;376;0;0;21089
1;701;213686;3878;99912;0;376;0;0;10871
1;702;214029;3878;99912;0;376;0;0;64753
1;703;214348;3878;99912;0;376;0;0;57900
1;704;214577;3878;99912;0;376;0;0;49070
1;705;214899;3878;99912;0;376;0;0;36949
1;706;215132;3878;99912;0;376;0;0;21235
1;707;215577;3878;99913;0;376;0;0;16290
1;708;215895;3879;99913;0;376;0;0;30114
1;709;216233;3879;99913;0;376;0;0;35953
1;710;216572;3878;99912;0;376;0;0;65040
1;711;216891;3878;99912;0;376;0;0;39620
1;712;217224;3878;99912;0;376;0;0;35288
1;713;217569;3878;99912;0;376;0;0;11287
1;714;217888;3878;99913;0;376;0;0;24281
1;715;218120;3879;99913;0;376;0;0;5672
1;716;218565;3879;99913;0;376;0;0;55397
1;717;218884;3879;99913;0;376;0;0;57085
1;718;219116;3879;99913;0;376;0;0;40931
1;719;219562;3879;99914;0;376;0;0;62064
1;720;219896;3879;99914;0;376;0;0;51072
1;721;220214;3879;99914;0;376;0;0;46196
1;722;220541;3879;99914;0;376;0;0;41058
1;723;220790;3879;99914;0;376;0;0;8198
1;724;221108;3879;99914;0;376;0;0;7157
1;725;221533;3879;99914;0;376;0;0;21046
1;726;221783;3879;99915;0;376;0;0;46822
1;727;222102;3879;99915;0;376;0;0;22579
1;728;222546;3879;99915;0;376;0;0;63789
1;729;222885;3879;99915;0;376;0;0;6110
1;730;223203;3879;99915;0;376;0;0;55218
1;731;223546;3879;99916;0;376;0;0;61649
1;732;223868;3879;99916;0;376;0;0;14539
1;733;224101;3879;99915;0;376;0;0;61118
1;734;224329;3879;99914;0;376;0;0;54514
1;735;224649;3879;99914;0;376;0;0;10949
1;736;224967;3879;99914;0;376;0;0;42262
1;737;225215;3879;99914;0;376;0;0;3642
1;738;225535;3879;99914;0;376;0;0;24110
1;739;225854;3879;99914;0;376;0;0;22710
1;740;226086;3879;99914;0;376;0;0;21404
1;741;226319;3879;99914;0;376;0;0;20204
1;742;226643;3878;99914;0;376;0;0;29494
1;743;226977;3879;99914;0;376;0;0;35788
1;744;227319;3879;99914;0;376;0;0;36224
1;745;227639;3879;99914;0;376;0;0;2733
1;746;227867;3878;99913;0;376;0;0;21987
1;747;228185;3879;99914;0;376;0;0;18305
1;748;228532;3879;99913;0;376;0;0;3471
1;749;228761;3879;99914;0;376;0;0;60214
1;750;229079;3879;99913;0;376;0;0;38105
1;751;229525;3878;99912;0;376;0;0;48725
1;752;229757;3878;99912;0;376;0;0;48915
1;753;230075;3878;99912;0;376;0;0;25345
1;754;230516;3879;99912;0;5496;0;0;14397
1;755;230749;3879;99913;0;5496;0;0;15807
1;756;231067;3879;99913;0;5496;0;0;1453
1;757;231515;3879;99913;0;376;0;0;21462
1;758;231748;3879;99913;0;376;0;0;25165
1;759;232066;3879;99913;0;376;0;0;48735
1;760;232294;3879;99913;0;376;0;0;19420
1;761;232618;3879;99913;0;376;0;0;45512
1;762;232850;3879;99913;0;376;0;0;52991
1;763;233184;3879;99913;0;376;0;0;33646
1;764;233504;3880;99913;0;376;0;0;539
1;765;233826;3880;99913;0;376;0;0;11744
1;766;234075;3880;99913;0;376;0;0;604
1;767;234504;3880;99913;0;376;0;0;19419
1;768;234823;3880;99913;0;376;0;0;14095
1;769;235075;3880;99913;0;376;0;0;17109
1;770;235500;3880;99914;0;376;0;0;55743
1;771;235838;3880;99914;0;1016;0;0;44783
1;772;236178;3880;99913;0;1016;0;0;3285
1;773;236501;3880;99913;0;1016;0;0;28740
1;774;236730;3880;99912;0;376;0;0;52370
1;775;237048;3880;99913;0;376;0;0;15136
1;776;237281;3880;99913;0;376;0;0;61631
1;777;237617;3881;99913;0;376;0;0;18926
1;778;237935;3881;99914;0;376;0;0;26729
1;779;238253;3881;99914;0;376;0;0;63475
1;780;238503;3881;99914;0;376;0;0;49948
1;781;238825;3881;99914;0;376;0;0;59588
1;782;239045;3881;99914;0;376;0;0;51834
1;783;239509;3881;99913;0;376;0;0;19187
1;784;239828;3881;99914;0;376;0;0;47497
1;785;240146;3881;99914;0;376;0;0;52671
1;786;240481;3881;99914;0;376;0;0;31930
1;787;240714;3881;99914;0;376;0;0;16398
1;788;241033;3881;99914;0;376;0;0;27423
1;789;241261;3881;99913;0;376;0;0;53809
1;790;241589;3881;99913;0;376;0;0;6408
1;791;241822;3881;99913;0;376;0;0;5939
1;792;242050;3881;99912;0;376;0;0;6118
1;793;242475;3881;99913;0;376;0;0;2593
1;794;242814;3881;99915;0;376;0;0;34146
1;795;243046;3881;99915;0;376;0;0;27208
1;796;243471;3881;99914;0;376;0;0;7043
1;797;243805;3881;99914;0;376;0;0;64327
1;798;244039;3881;99914;0;376;0;0;39350
1;799;244469;3881;99913;0;376;0;0;9425
1;800;244701;3881;99913;0;376;0;0;52513
1;801;245039;3881;99913;0;376;0;0;22606
1;802;245469;3882;99913;0;376;0;0;34413
1;803;245697;3881;99913;0;376;0;0;58730
1;804;246015;3882;99913;0;376;0;0;18339
1;805;246248;3882;99913;0;376;0;0;23863
1;806;246477;3881;99913;0;20859;0;0;64606
1;807;246796;3881;99912;0;20859;0;0;41565
1;808;247016;3881;99912;0;20859;0;0;65530
1;809;247248;3881;99912;0;20859;0;0;11474
1;810;247477;3881;99912;0;376;0;0;14874
1;811;247796;3881;99913;0;376;0;0;64654
1;812;248114;3881;99912;0;376;0;0;9638
1;813;248472;3882;99912;0;376;0;0;46735
1;814;248791;3882;99912;0;376;0;0;57617
1;815;249124;3882;99912;0;376;0;0;25756
1;816;249464;3882;99913;0;376;0;0;27769
1;817;249787;3882;99913;0;376;0;0;41832
1;818;250015;3882;99913;0;376;0;0;62706
1;819;250440;3882;99913;0;376;0;0;36391
1;820;250674;3881;99912;0;376;0;0;63267
1;821;250906;3881;99912;0;376;0;0;64177
1;822;251224;3881;99912;0;376;0;0;31061
1;823;251552;3881;99912;0;376;0;0;25112
1;824;251800;3881;99911;0;2936;0;0;9878
1;825;252119;3881;99912;0;2936;0;0;34586
1;826;252442;3881;99912;0;2936;0;0;59653
1;827;252670;3881;99912;0;10616;0;0;6842
1;828;252903;3881;99912;0;10616;0;0;370
1;829;253222;3881;99912;0;10616;0;0;34616
1;830;253557;3881;99912;0;376;0;0;63707
1;831;253896;3881;99911;0;376;0;0;930
1;832;254214;3881;99912;0;376;0;0;27219
1;833;254449;3881;99911;0;376;0;0;59358
1;834;254772;3881;99911;0;376;0;0;3793
1;835;255019;3881;99911;0;376;0;0;21486
1;836;255460;3881;99911;0;376;0;0;48231
1;837;255778;3881;99910;0;376;0;0;4120
1;838;256116;3881;99910;0;376;0;0;8011
1;839;256455;3881;99911;0;376;0;0;21012
1;840;256774;3881;99911;0;376;0;0;8370
1;841;257108;3881;99910;0;376;0;0;2490
1;842;257447;3881;99911;0;376;0;0;37118
1;843;257668;3881;99910;0;376;0;0;29633
1;844;258002;3881;99911;0;376;0;0;15866
1;845;258449;3881;99911;0;376;0;0;22771
1;846;258771;3881;99910;0;376;0;0;17207
1;847;258999;3880;99910;0;376;0;0;30689
1;848;259445;3881;99910;0;376;0;0;49549
1;849;259779;3881;99910;0;456;0;0;27046
1;850;260096;3881;99911;0;456;0;0;44027
1;851;260420;3881;99912;0;456;0;0;28031
1;852;260669;3881;99912;0;376;0;0;23782
1;853;260991;3880;99911;0;376;0;0;48461
1;854;261416;3880;99912;0;376;0;0;36974
1;855;261665;3880;99912;0;376;0;0;12750
1;856;261984;3880;99912;0;376;0;0;23341
1;857;262428;3880;99912;0;10616;0;0;57806
1;858;262767;3880;99912;0;10616;0;0;4258
1;859;262987;3880;99912;0;10616;0;0;6419
1;860;263428;3880;99913;0;376;0;0;1225
1;861;263747;3880;99913;0;376;0;0;14385
1;862;263984;3880;99914;0;376;0;0;61902
1;863;264211;3880;99914;0;376;0;0;23535
1;864;264531;3880;99914;0;376;0;0;28937
1;865;264849;3880;99913;0;376;0;0;38505
1;866;265098;3880;99913;0;376;0;0;58490
1;867;265418;3880;99913;0;376;0;0;11006
1;868;265740;3880;99912;0;376;0;0;25217
1;869;265969;3880;99912;0;376;0;0;49899
1;870;266203;3880;99912;0;376;0;0;33305
1;871;266523;3880;99912;0;376;0;0;9790
1;872;266861;3880;99913;0;376;0;0;33872
1;873;267203;3879;99912;0;376;0;0;49702
1;874;267523;3879;99912;0;376;0;0;63633
1;875;267751;3879;99912;0;376;0;0;53512
1;876;268069;3879;99911;0;376;0;0;35205
1;877;268416;3879;99912;0;376;0;0;15059
1;878;268645;3880;99912;0;376;0;0;50881
1;879;268964;3879;99911;0;376;0;0;8732
1;880;269409;3879;99910;0;376;0;0;31732
1;881;269637;3879;99910;0;376;0;0;29253
1;882;269956;3879;99910;0;376;0;0;28902
1;883;270400;3879;99911;0;376;0;0;2324
1;884;270633;3879;99910;0;376;0;0;37010
1;885;270958;3879;99911;0;376;0;0;29731
1;886;271399;3879;99911;0;376;0;0;10606
1;887;271632;3879;99911;0;376;0;0;4088
1;888;271950;3879;99911;0;376;0;0;52941
1;889;272178;3878;99910;0;376;0;0;47939
1;890;272498;3878;99910;0;376;0;0;51293
1;891;272733;3878;99910;0;376;0;0;30682
1;892;273067;3878;99910;0;376;0;0;28107
1;893;273287;3878;99910;0;376;0;0;58218
1;894;273609;3878;99911;0;376;0;0;48356
1;895;273843;3878;99911;0;376;0;0;13836
1;896;274071;3878;99911;0;376;0;0;2224
1;897;274394;3878;99911;0;376;0;0;54005
1;898;274712;3878;99910;0;376;0;0;9024
1;899;274961;3878;99910;0;376;0;0;33504
1;900;275386;3878;99909;0;376;0;0;4637
1;901;275720;3878;99910;0;376;0;0;34700
1;902;276062;3878;99910;0;376;0;0;6536
1;903;276382;3878;99910;0;376;0;0;59327
1;904;276614;3878;99910;0;376;0;0;44437
1;905;276933;3878;99910;0;376;0;0;37516
1;906;277166;3878;99910;0;376;0;0;64241
1;907;277501;3878;99910;0;376;0;0;56297
1;908;277819;3878;99910;0;376;0;0;51981
1;909;278138;3878;99910;0;376;0;0;38329
1;910;278389;3877;99909;0;376;0;0;3452
1;911;278711;3878;99910;0;376;0;0;24024
1;912;279030;3878;99910;0;376;0;0;1894
1;913;279388;3878;99910;0;376;0;0;62414
1;914;279707;3877;99910;0;376;0;0;56406
1;915;280029;3877;99910;0;376;0;0;45093
1;916;280364;3877;99910;0;376;0;0;28862
1;917;280598;3877;99910;0;376;0;0;21356
1;918;280917;3877;99910;0;376;0;0;49258
1;919;281145;3877;99910;0;376;0;0;30374
1;920;281468;3877;99910;0;376;0;0;24525
1;921;281702;3877;99910;0;376;0;0;20888
1;922;281930;3877;99910;0;376;0;0;29478
1;923;282358;3877;99910;0;376;0;0;21479
1;924;282697;3877;99911;0;376;0;0;25648
1;925;282929;3877;99910;0;376;0;0;5973
1;926;283354;3877;99910;0;376;0;0;36640
1;927;283688;3877;99911;0;376;0;0;49670
1;928;283925;3877;99911;0;376;0;0;26269
1;929;284351;3877;99912;0;376;0;0;45346
1;930;284579;3877;99912;0;376;0;0;45471
1;931;284917;3877;99912;0;376;0;0;4819
1;932;285347;3877;99912;0;376;0;0;27884
1;933;285575;3877;99912;0;376;0;0;25949
1;934;285893;3877;99911;0;376;0;0;44337
1;935;286130;3877;99911;0;376;0;0;62371
1;936;286366;3877;99911;0;376;0;0;18773
1;937;286685;3877;99910;0;376;0;0;44549
1;938;287003;3877;99910;0;376;0;0;33381
1;939;287359;3877;99910;0;376;0;0;46009
1;940;287678;3876;99910;0;376;0;0;64527
1;941;287996;3876;99910;0;376;0;0;4943
1;942;288352;3876;99910;0;376;0;0;2999
1;943;288671;3876;99911;0;376;0;0;64116
1;944;289005;3876;99911;0;376;0;0;25297
1;945;289225;3876;99911;0;376;0;0;27488
1;946;289458;3876;99911;0;376;0;0;7452
1;947;289777;3876;99911;0;376;0;0;8709
1;948;290006;3876;99911;0;376;0;0;15913
1;949;290328;3876;99911;0;376;0;0;52495
1;950;290561;3876;99910;0;376;0;0;18065
1;951;290789;3876;99910;0;376;0;0;28424
1;952;291107;3876;99910;0;376;0;0;56669
1;953;291430;3876;99910;0;376;0;0;49249
1;954;291683;3876;99909;0;376;0;0;12757
1;955;292002;3876;99910;0;376;0;0;26433
1;956;292322;3876;99909;0;376;0;0;62852
1;957;292554;3876;99910;0;376;0;0;62
1;958;292787;3876;99909;0;376;0;0;28437
1;959;293106;3876;99910;0;376;0;0;55308
1;960;293441;3876;99910;0;376;0;0;16634
1;961;293779;3876;99910;0;376;0;0;33032
1;962;294102;3876;99910;0;376;0;0;45305
1;963;294334;3876;99910;0;376;0;0;1492
1;964;294652;3876;99910;0;376;0;0;36422
1;965;294887;3876;99910;0;376;0;0;20554
1;966;295328;3876;99909;0;376;0;0;24675
1;967;295650;3876;99909;0;376;0;0;4081
1;968;295988;3876;99909;0;376;0;0;37162
1;969;296327;3876;99909;0;20858;0;0;13700
1;970;296646;3876;99909;0;20858;0;0;50991
1;971;296983;3876;99910;0;376;0;0;1955
1;972;297323;3875;99909;0;376;0;0;47605
1;973;297642;3875;99910;0;376;0;0;28595
1;974;297870;3875;99910;0;376;0;0;51741
1;975;298319;3876;99909;0;376;0;0;65189
1;976;298642;3876;99910;0;376;0;0;46617
1;977;298870;3876;99910;0;376;0;0;14244
1;978;299316;3876;99910;0;376;0;0;61008
1;979;299654;3875;99910;0;10616;0;0;21320
1;980;299972;3875;99910;0;10616;0;0;39091
1;981;300291;3876;99910;0;10616;0;0;46781
1;982;300540;3875;99910;0;376;0;0;58249
1;983;300859;3875;99910;0;376;0;0;34653
1;984;301284;3875;99910;0;376;0;0;14293
1;985;301535;3875;99910;0;376;0;0;54747
1;986;301854;3875;99910;0;376;0;0;32604
1;987;302304;3875;99911;0;376;0;0;24262
1;988;302644;3875;99910;0;376;0;0;10620
1;989;302963;3875;99911;0;376;0;0;36260
1;990;303298;3875;99910;0;376;0;0;63744
1;991;303616;3875;99910;0;376;0;0;52926
1;992;303851;3875;99910;0;376;0;0;13888
1;993;304079;3875;99911;0;376;0;0;59320
1;994;304399;3875;99910;0;376;0;0;1350
1;995;304721;3875;99910;0;376;0;0;45133
1;996;304973;3875;99909;0;376;0;0;32789
1;997;305293;3875;99909;0;376;0;0;44828
1;998;305611;3875;99910;0;376;0;0;6026
1;999;305840;3875;99910;0;396;0;0;31673
1;1000;306075;3875;99909;0;396;0;0;35698
1;1001;306395;3875;99908;0;396;0;0;40383
1;1002;306729;3875;99909;0;376;0;0;18948
1;1003;307068;3875;99909;0;376;0;0;2384
1;1004;307393;3875;99909;0;376;0;0;28462
1;1005;307621;3875;99908;0;376;0;0;50898
1;1006;307940;3875;99908;0;376;0;0;13433
1;1007;308283;3875;99909;0;376;0;0;37159
1;1008;308511;3875;99909;0;376;0;0;56565
1;1009;308830;3875;99908;0;376;0;0;23048
1;1010;309276;3875;99907;0;376;0;0;35147
1;1011;309504;3875;99908;0;2936;0;0;25855
1;1012;309823;3875;99907;0;2936;0;0;18605
1;1013;310271;3875;99907;0;376;0;0;56881
1;1014;310510;3875;99907;0;376;0;0;51789
1;1015;310828;3875;99907;0;376;0;0;65011
1;1016;311269;3875;99906;0;376;0;0;14401
1;1017;311502;3875;99906;0;376;0;0;64582
1;1018;311820;3875;99906;0;376;0;0;26599
1;1019;312049;3875;99907;0;376;0;0;8132
1;1020;312368;3875;99907;0;376;0;0;32142
1;1021;312601;3875;99906;0;376;0;0;30732
1;1022;312939;3875;99907;0;376;0;0;16843
1;1023;313262;3875;99907;0;376;0;0;60566
1;1024;313585;3875;99908;0;376;0;0;30244
1;1025;313836;3875;99908;0;376;0;0;51812
1;1026;314261;3875;99908;0;376;0;0;13816
1;1027;314580;3875;99907;0;376;0;0;49699
1;1028;314828;3875;99907;0;376;0;0;51465
1;1029;315253;3875;99907;0;376;0;0;4742
1;1030;315591;3875;99907;0;376;0;0;51545
1;1031;315930;3875;99908;0;376;0;0;15589
1;1032;316249;3875;99907;0;376;0;0;24191
1;1033;316481;3875;99907;0;456;0;0;24528
1;1034;316800;3875;99907;0;456;0;0;7450
1;1035;317033;3875;99908;0;456;0;0;8457
1;1036;317368;3875;99907;0;376;0;0;12894
1;1037;317686;3875;99907;0;376;0;0;2051
1;1038;318010;3875;99908;0;376;0;0;24387
1;1039;318261;3875;99908;0;376;0;0;56518
1;1040;318579;3875;99907;0;376;0;0;7632
1;1041;318898;3874;99907;0;376;0;0;46694
1;1042;319255;3874;99907;0;376;0;0;7023
1;1043;319578;3874;99907;0;376;0;0;29962
1;1044;319896;3874;99906;0;376;0;0;38576
1;1045;320231;3874;99906;0;376;0;0;3931
1;1046;320464;3874;99906;0;376;0;0;34258
1;1047;320787;3875;99906;0;376;0;0;26431
1;1048;321015;3874;99906;0;376;0;0;32763
1;1049;321335;3874;99906;0;376;0;0;27009
1;1050;321570;3874;99906;0;376;0;0;12272
1;1051;321798;3875;99907;0;376;0;0;47979
1;1052;322223;3875;99908;0;376;0;0;7036
1;1053;322566;3875;99908;0;376;0;0;24096
1;1054;322794;3874;99908;0;376;0;0;6613
1;1055;323223;3874;99907;0;376;0;0;8291
1;1056;323557;3874;99908;0;376;0;0;8447
1;1057;323791;3874;99908;0;376;0;0;15910
1;1058;324216;3874;99907;0;376;0;0;34135
1;1059;324445;3874;99907;0;376;0;0;39940
1;1060;324785;3874;99907;0;376;0;0;48658
1;1061;325214;3874;99908;0;376;0;0;18537
1;1062;325446;3874;99907;0;376;0;0;8929
1;1063;325768;3874;99907;0;376;0;0;59572
1;1064;326005;3874;99907;0;376;0;0;38084
1;1065;326234;3874;99907;0;376;0;0;27434
1;1066;326553;3874;99907;0;376;0;0;2084
1;1067;326871;3874;99907;0;376;0;0;9212
1;1068;327226;3874;99907;0;376;0;0;14846
1;1069;327545;3874;99907;0;376;0;0;1767
1;1070;327864;3874;99908;0;376;0;0;62229
1;1071;328219;3874;99907;0;376;0;0;47602
1;1072;328542;3874;99907;0;376;0;0;41156
1;1073;328879;3874;99907;0;376;0;0;44201
1;1074;329219;3874;99907;0;376;0;0;38482
1;1075;329542;3874;99907;0;376;0;0;51975
1;1076;329771;3874;99908;0;376;0;0;12739
1;1077;330199;3874;99908;0;376;0;0;10607
1;1078;330433;3874;99908;0;376;0;0;53103
1;1079;330661;3874;99908;0;376;0;0;48858
1;1080;330979;3874;99908;0;376;0;0;26156
1;1081;331302;3874;99908;0;376;0;0;9020
1;1082;331566;3874;99908;0;376;0;0;32264
1;1083;331885;3874;99908;0;376;0;0;45861
1;1084;332204;3874;99908;0;376;0;0;47600
1;1085;332432;3874;99909;0;376;0;0;45424
1;1086;332667;3874;99909;0;376;0;0;26988
1;1087;332986;3874;99909;0;376;0;0;18178
1;1088;333325;3874;99909;0;376;0;0;40060
1;1089;333664;3874;99909;0;376;0;0;31291
1;1090;333986;3874;99909;0;376;0;0;55529
1;1091;334215;3874;99908;0;376;0;0;6643
1;1092;334537;3874;99908;0;376;0;0;22265
1;1093;334771;3874;99908;0;376;0;0;56337
1;1094;335212;3874;99908;0;376;0;0;3353
1;1095;335530;3874;99908;0;376;0;0;53515
1;1096;335869;3874;99908;0;376;0;0;51109
1;1097;336207;3874;99908;0;376;0;0;24149
1;1098;336427;3874;99908;0;376;0;0;50070
1;1099;336746;3874;99908;0;376;0;0;56651
1;1100;337009;3874;99908;0;376;0;0;10236
1;1101;337332;3874;99908;0;376;0;0;35489
1;1102;337651;3874;99908;0;376;0;0;6726
1;1103;337879;3874;99909;0;376;0;0;52158
1;1104;338218;3874;99909;0;376;0;0;65161
1;1105;338537;3874;99909;0;376;0;0;33273
1;1106;338765;3874;99909;0;376;0;0;9303
1;1107;339215;3874;99909;0;376;0;0;25395
1;1108;339550;3873;99908;0;1656;0;0;33095
1;1109;339868;3874;99908;0;1656;0;0;37137
1;1110;340188;3874;99908;0;1656;0;0;49413
1;1111;340440;3874;99909;0;376;0;0;32210
1;1112;340759;3873;99908;0;376;0;0;64964
1;1113;341188;3874;99908;0;376;0;0;9162
1;1114;341437;3874;99909;0;376;0;0;60498
1;1115;341760;3874;99908;0;376;0;0;44060
1;1116;342204;3874;99908;0;376;0;0;63882
1;1117;342543;3874;99908;0;376;0;0;34001
1;1118;342861;3874;99909;0;376;0;0;57212
1;1119;343196;3874;99909;0;376;0;0;61203
1;1120;343518;3874;99908;0;376;0;0;15480
1;1121;343751;3874;99908;0;376;0;0;33753
1;1122;343979;3874;99908;0;376;0;0;55651
1;1123;344299;3874;99908;0;376;0;0;61268
1;1124;344621;3874;99908;0;376;0;0;32610
1;1125;344872;3874;99908;0;1656;0;0;2846
1;1126;345191;3874;99909;0;1656;0;0;17522
1;1127;345510;3874;99909;0;1656;0;0;43687
1;1128;345738;3874;99909;0;376;0;0;16764
1;1129;345971;3874;99909;0;376;0;0;2746
1;1130;346295;3874;99908;0;376;0;0;4717
1;1131;346629;3874;99907;0;376;0;0;22121
1;1132;346969;3874;99908;0;376;0;0;20338
1;1133;347292;3874;99908;0;376;0;0;8852
1;1134;347520;3874;99908;0;376;0;0;8745
1;1135;347838;3874;99909;0;376;0;0;2925
1;1136;348181;3873;99908;0;376;0;0;3829
1;1137;348410;3873;99908;0;376;0;0;37210
1;1138;348732;3874;99909;0;376;0;0;24223
1;1139;349177;3874;99909;0;376;0;0;62402
1;1140;349410;3874;99909;0;376;0;0;2421
1;1141;349732;3874;99908;0;376;0;0;42250
1;1142;350173;3874;99908;0;376;0;0;17107
1;1143;350406;3874;99908;0;376;0;0;19937
1;1144;350724;3874;99908;0;376;0;0;3681
1;1145;351165;3874;99907;0;376;0;0;5150
1;1146;351398;3874;99908;0;376;0;0;36619
1;1147;351716;3874;99908;0;376;0;0;41200
1;1148;351945;3874;99908;0;376;0;0;39642
1;1149;352272;3874;99907;0;376;0;0;55463
1;1150;352504;3874;99907;0;376;0;0;39353
1;1151;352842;3874;99907;0;376;0;0;62464
1;1152;353165;3874;99907;0;376;0;0;4093
1;1153;353484;3874;99907;0;376;0;0;53659
1;1154;353733;3874;99907;0;376;0;0;40013
1;1155;354158;3874;99908;0;376;0;0;20922
1;1156;354477;3874;99908;0;376;0;0;43925
1;1157;354727;3874;99908;0;376;0;0;31610
1;1158;355156;3874;99908;0;376;0;0;53818
1;1159;355494;3874;99908;0;376;0;0;61297
1;1160;355832;3874;99908;0;376;0;0;28205
1;1161;356152;3874;99908;0;376;0;0;30807
1;1162;356380;3874;99908;0;376;0;0;12237
1;1163;356703;3874;99908;0;376;0;0;4308
1;1164;356936;3874;99908;0;376;0;0;44585
1;1165;357271;3874;99908;0;376;0;0;48033
1;1166;357593;3874;99908;0;376;0;0;15462
1;1167;357912;3874;99908;0;376;0;0;15102
1;1168;358161;3874;99909;0;376;0;0;18205
1;1169;358483;3874;99909;0;376;0;0;47576
1;1170;358801;3874;99908;0;376;0;0;4733
1;1171;359159;3874;99908;0;376;0;0;613
1;1172;359478;3874;99909;0;376;0;0;47206
1;1173;359796;3874;99908;0;376;0;0;20436
1;1174;360135;3874;99909;0;376;0;0;61181
1;1175;360368;3874;99909;0;376;0;0;45167
1;1176;360691;3874;99909;0;376;0;0;52017
1;1177;360919;3874;99909;0;376;0;0;49792
1;1178;361242;3873;99908;0;376;0;0;47987
1;1179;361477;3874;99908;0;376;0;0;10729
1;1180;361705;3873;99908;0;376;0;0;44229
1;1181;362130;3874;99909;0;376;0;0;51566
1;1182;362469;3874;99909;0;376;0;0;15331
1;1183;362697;3874;99909;0;1016;0;0;43972
1;1184;363127;3874;99909;0;1016;0;0;9788
1;1185;363460;3873;99908;0;376;0;0;27518
1;1186;363696;3873;99908;0;376;0;0;26734
1;1187;364121;3874;99908;0;376;0;0;6721
1;1188;364357;3874;99909;0;376;0;0;35498
1;1189;364696;3874;99908;0;376;0;0;38043
1;1190;365125;3873;99908;0;376;0;0;11040
1;1191;365354;3873;99907;0;376;0;0;50462
1;1192;365676;3873;99907;0;376;0;0;7656
1;1193;365909;3873;99906;0;376;0;0;1643
1;1194;366137;3873;99905;0;376;0;0;25666
1;1195;366456;3873;99904;0;376;0;0;41686
1;1196;366774;3873;99904;0;376;0;0;35971
1;1197;367134;3873;99903;0;376;0;0;26958
1;1198;367452;3874;99904;0;376;0;0;5550
1;1199;367771;3874;99904;0;376;0;0;22924
1;1200;368130;3874;99904;0;376;0;0;64098
1;1201;368453;3874;99903;0;376;0;0;46674
1;1202;368786;3874;99903;0;376;0;0;15605
1;1203;369127;3874;99903;0;376;0;0;17315
1;1204;369446;3874;99903;0;376;0;0;41275
1;1205;369675;3874;99903;0;376;0;0;65475
1;1206;370107;3874;99903;0;376;0;0;63468
1;1207;370341;3874;99903;0;376;0;0;15075
1;1208;370568;3874;99903;0;376;0;0;53406
1;1209;370890;3874;99903;0;376;0;0;11867
1;1210;371210;3874;99903;0;376;0;0;37950
1;1211;371459;3874;99903;0;376;0;0;30199
1;1212;371778;3874;99903;0;376;0;0;20369
1;1213;372101;3874;99902;0;376;0;0;6977
1;1214;372329;3874;99901;0;376;0;0;35168
1;1215;372563;3874;99901;0;376;0;0;31628
1;1216;372886;3874;99901;0;376;0;0;49480
1;1217;373224;3874;99902;0;1656;0;0;8703
1;1218;373563;3874;99902;0;1656;0;0;46269
1;1219;373882;3874;99902;0;1656;0;0;27355
1;1220;374111;3873;99901;0;376;0;0;29178
1;1221;374429;3873;99901;0;376;0;0;61024
1;1222;374662;3874;99901;0;376;0;0;21462
1;1223;375103;3874;99901;0;376;0;0;6414
1;1224;375421;3873;99901;0;376;0;0;52487
1;1225;375764;3873;99900;0;376;0;0;14477
1;1226;376112;3873;99900;0;376;0;0;32176
1;1227;376431;3874;99901;0;376;0;0;53173
1;1228;376764;3874;99900;0;396;0;0;38076
1;1229;377105;3874;99901;0;396;0;0;45714
1;1230;377423;3874;99901;0;396;0;0;43910
1;1231;377652;3874;99900;0;456;0;0;29099
1;1232;378097;3874;99900;0;456;0;0;22574
1;1233;378420;3874;99900;0;456;0;0;7486
1;1234;378652;3874;99901;0;376;0;0;35455
1;1235;379097;3874;99900;0;376;0;0;11861
1;1236;379431;3874;99900;0;396;0;0;44320
1;1237;379749;3874;99900;0;396;0;0;33499
1;1238;380073;3874;99900;0;396;0;0;54480
1;1239;380321;3874;99899;0;376;0;0;47638
1;1240;380640;3874;99900;0;376;0;0;47393
1;1241;381069;3874;99900;0;376;0;0;1398
1;1242;381320;3874;99900;0;376;0;0;35896
1;1243;381639;3874;99899;0;376;0;0;7789
1;1244;382083;3875;99900;0;376;0;0;45979
1;1245;382422;3875;99900;0;376;0;0;61647
1;1246;382741;3875;99900;0;376;0;0;31628
1;1247;383076;3875;99900;0;376;0;0;38508
1;1248;383394;3875;99900;0;376;0;0;11982
1;1249;383629;3875;99900;0;376;0;0;53536
1;1250;383856;3875;99900;0;377;0;0;57120
1;1251;384077;3875;99900;0;377;0;0;40921
1;1252;384399;3875;99900;0;377;0;0;42026
1;1253;384632;3875;99901;0;377;0;0;37520
1;1254;384861;3875;99901;0;377;0;0;10204
1;1255;385180;3875;99901;0;377;0;0;32041
1;1256;385499;3875;99901;0;377;0;0;30086
1;1257;385748;3875;99902;0;377;0;0;52880
1;1258;386068;3876;99903;0;377;0;0;58982
1;1259;386387;3876;99903;0;377;0;0;39671
1;1260;386619;3876;99904;0;377;0;0;47890
1;1261;386851;3876;99904;0;377;0;0;21560
1;1262;387178;3876;99903;0;377;0;0;32885
1;1263;387410;3876;99903;0;377;0;0;21341
1;1264;387729;3876;99904;0;377;0;0;43239
1;1265;388069;3876;99904;0;377;0;0;51027
1;1266;388297;3876;99904;0;377;0;0;9558
1;1267;388616;3876;99905;0;377;0;0;64391
1;1268;389064;3876;99905;0;377;0;0;57776
1;1269;389292;3876;99905;0;377;0;0;25137
1;1270;389617;3876;99906;0;377;0;0;29328
1;1271;390058;3876;99905;0;377;0;0;17455
1;1272;390301;3876;99905;0;377;0;0;54844
1;1273;390620;3876;99905;0;377;0;0;51425
1;1274;391061;3876;99906;0;377;0;0;28036
1;1275;391295;3876;99906;0;377;0;0;55387
1;1276;391618;3876;99906;0;377;0;0;19473
1;1277;391850;3876;99906;0;377;0;0;47445
1;1278;392170;3876;99906;0;377;0;0;7029
1;1279;392402;3876;99906;0;377;0;0;2278
1;1280;392740;3876;99906;0;20857;0;0;44221
1;1281;393066;3876;99906;0;20857;0;0;18398
1;1282;393384;3876;99906;0;20857;0;0;59246
1;1283;393645;3876;99906;0;377;0;0;46852
1;1284;394071;3876;99905;0;377;0;0;47443
1;1285;394389;3876;99906;0;377;0;0;57057
1;1286;394642;3876;99905;0;377;0;0;3729
1;1287;395068;3877;99906;0;377;0;0;33832
1;1288;395405;3877;99906;0;377;0;0;38394
1;1289;395747;3877;99906;0;377;0;0;17051
1;1290;396067;3877;99906;0;377;0;0;63742
1;1291;396295;3877;99906;0;5498;0;0;3696
1;1292;396614;3877;99905;0;5498;0;0;35927
1;1293;396847;3877;99906;0;5498;0;0;4363
1;1294;397186;3877;99906;0;378;0;0;521
1;1295;397504;3877;99906;0;378;0;0;57286
1;1296;397823;3876;99906;0;378;0;0;32576
1;1297;398074;3877;99907;0;378;0;0;34642
1;1298;398392;3877;99907;0;378;0;0;39969
1;1299;398714;3877;99907;0;378;0;0;46042
1;1300;399072;3877;99907;0;377;0;0;51079
1;1301;399395;3877;99907;0;377;0;0;29068
1;1302;399713;3877;99908;0;377;0;0;56277
1;1303;400052;3877;99908;0;378;0;0;50738
1;1304;400285;3877;99907;0;378;0;0;18042
1;1305;400604;3877;99907;0;378;0;0;38940
1;1306;400832;3877;99907;0;378;0;0;39073
1;1307;401152;3877;99907;0;378;0;0;36571
1;1308;401389;3877;99907;0;378;0;0;54448
1;1309;401617;3877;99907;0;378;0;0;61488
1;1310;402042;3877;99907;0;378;0;0;47205
1;1311;402384;3877;99907;0;378;0;0;42112
1;1312;402612;3877;99907;0;377;0;0;57221
1;1313;403042;3877;99906;0;377;0;0;28155
1;1314;403376;3877;99907;0;377;0;0;55391
1;1315;403609;3877;99906;0;377;0;0;3299
1;1316;404035;3877;99906;0;377;0;0;17996
1;1317;404263;3877;99906;0;378;0;0;55595
1;1318;404606;3877;99905;0;378;0;0;19129
1;1319;405038;3877;99905;0;378;0;0;45770
1;1320;405266;3877;99904;0;377;0;0;24783
1;1321;405584;3877;99904;0;377;0;0;48384
1;1322;405819;3877;99904;0;377;0;0;38164
1;1323;406048;3877;99904;0;378;0;0;58787
1;1324;406366;3877;99905;0;378;0;0;4234
1;1325;406684;3877;99905;0;378;0;0;4034
1;1326;407043;3877;99905;0;378;0;0;9756
1;1327;407361;3877;99906;0;378;0;0;28957
1;1328;407686;3877;99906;0;378;0;0;26841
1;1329;408041;3877;99906;0;378;0;0;44890
1;1330;408360;3877;99906;0;378;0;0;1501
1;1331;408694;3877;99906;0;378;0;0;12292
1;1332;409034;3878;99906;0;378;0;0;31497
1;1333;409353;3878;99906;0;378;0;0;23637
1;1334;409581;3877;99905;0;377;0;0;32862
1;1335;410010;3878;99906;0;377;0;0;63935
1;1336;410247;3878;99906;0;377;0;0;29096
1;1337;410475;3878;99906;0;378;0;0;39383
1;1338;410695;3878;99906;0;378;0;0;31698
1;1339;411014;3878;99906;0;378;0;0;38151
1;1340;411246;3878;99905;0;378;0;0;3249
1;1341;411475;3878;99904;0;378;0;0;21690
1;1342;411794;3878;99903;0;378;0;0;63471
1;1343;412114;3878;99902;0;378;0;0;8601
1;1344;412363;3878;99901;0;378;0;0;879
1;1345;412682;3878;99901;0;378;0;0;34085
1;1346;413006;3878;99902;0;378;0;0;7287
1;1347;413237;3879;99903;0;378;0;0;23358
1;1348;413469;3878;99902;0;378;0;0;61245
1;1349;413788;3878;99901;0;378;0;0;31534
1;1350;414017;3878;99902;0;378;0;0;5003
1;1351;414339;3878;99902;0;378;0;0;35857
1;1352;414572;3878;99901;0;378;0;0;46942
1;1353;415013;3878;99900;0;378;0;0;40517
1;1354;415331;3878;99899;0;378;0;0;14333
1;1355;415674;3878;99898;0;378;0;0;39024
1;1356;416013;3878;99897;0;378;0;0;43790
1;1357;416335;3878;99897;0;378;0;0;50332
1;1358;416669;3877;99897;0;378;0;0;26324
1;1359;417009;3877;99897;0;378;0;0;20682
1;1360;417328;3877;99898;0;378;0;0;27339
1;1361;417556;3878;99898;0;378;0;0;44255
1;1362;418002;3877;99898;0;378;0;0;59198
1;1363;418327;3878;99898;0;378;0;0;28043
1;1364;418555;3877;99898;0;378;0;0;59559
1;1365;419005;3878;99899;0;378;0;0;64423
1;1366;419339;3877;99899;0;378;0;0;46636
1;1367;419657;3878;99899;0;378;0;0;22130
1;1368;419977;3878;99899;0;378;0;0;3397
1;1369;420226;3877;99900;0;1658;0;0;31357
1;1370;420545;3877;99900;0;1658;0;0;43282
1;1371;420974;3878;99900;0;1658;0;0;16807
1;1372;421223;3877;99900;0;378;0;0;56038
1;1373;421545;3878;99901;0;378;0;0;38408
1;1374;421990;3878;99902;0;378;0;0;4980
1;1375;422328;3878;99903;0;378;0;0;52823
1;1376;422651;3878;99903;0;378;0;0;38398
1;1377;422987;3878;99903;0;378;0;0;22865
1;1378;423305;3878;99903;0;378;0;0;10941
1;1379;423541;3878;99903;0;378;0;0;29304
1;1380;423769;3879;99904;0;378;0;0;27931
1;1381;424089;3878;99903;0;378;0;0;14288
1;1382;424407;3879;99904;0;378;0;0;1390
1;1383;424660;3879;99904;0;378;0;0;538
1;1384;424979;3879;99903;0;378;0;0;41603
1;1385;425298;3879;99903;0;378;0;0;48222
1;1386;425526;3879;99904;0;378;0;0;4412
1;1387;425762;3880;99904;0;378;0;0;64476
1;1388;425983;3880;99904;0;378;0;0;33716
1;1389;426301;3880;99904;0;378;0;0;50202
1;1390;426530;3880;99904;0;378;0;0;46568
1;1391;426762;3880;99904;0;378;0;0;30913
1;1392;427085;3880;99904;0;378;0;0;32904
1;1393;427313;3881;99904;0;378;0;0;11599
1;1394;427635;3881;99903;0;378;0;0;56931
1;1395;427977;3881;99903;0;378;0;0;56455
1;1396;428205;3881;99903;0;378;0;0;38924
1;1397;428524;3881;99904;0;378;0;0;46704
1;1398;428973;3881;99903;0;378;0;0;56414
1;1399;429201;3881;99904;0;378;0;0;48356
1;1400;429519;3882;99905;0;378;0;0;10836
1;1401;429965;3882;99905;0;378;0;0;60898
1;1402;430201;3882;99906;0;378;0;0;21647
1;1403;430520;3882;99907;0;378;0;0;25107
1;1404;430961;3882;99908;0;378;0;0;11814
1;1405;431194;3882;99908;0;378;0;0;4754
1;1406;431516;3882;99908;0;378;0;0;8950
1;1407;431745;3882;99907;0;378;0;0;63330
1;1408;432064;3882;99905;0;378;0;0;15976
1;1409;432297;3882;99905;0;378;0;0;19097
1;1410;432631;3882;99905;0;378;0;0;5092
1;1411;432958;3882;99906;0;378;0;0;60054
1;1412;433277;3882;99907;0;378;0;0;10621
1;1413;433528;3882;99906;0;378;0;0;54373
1;1414;433953;3883;99907;0;378;0;0;35537
1;1415;434275;3883;99907;0;378;0;0;4362
1;1416;434525;3882;99906;0;378;0;0;18810
1;1417;434950;3883;99904;0;378;0;0;58095
1;1418;435284;3882;99904;0;378;0;0;64210
1;1419;435623;3882;99903;0;378;0;0;10081
1;1420;435947;3882;99902;0;378;0;0;37350
1;1421;436174;3882;99902;0;378;0;0;34997
1;1422;436493;3882;99902;0;378;0;0;37537
1;1423;436729;3882;99902;0;378;0;0;42297
1;1424;437064;3882;99902;0;378;0;0;48581
1;1425;437382;3882;99902;0;378;0;0;26133
1;1426;437705;3882;99902;0;378;0;0;12683
1;1427;437954;3882;99901;0;378;0;0;51477
1;1428;438272;3881;99902;0;378;0;0;8105
1;1429;438590;3881;99903;0;378;0;0;30340
1;1430;438951;3881;99904;0;378;0;0;42387
1;1431;439270;3880;99904;0;378;0;0;65069
1;1432;439592;3880;99905;0;378;0;0;8622
1;1433;439927;3880;99903;0;2938;0;0;1028
1;1434;440160;3880;99903;0;2938;0;0;45711
1;1435;440479;3880;99902;0;2938;0;0;37490
1;1436;440707;3880;99902;0;378;0;0;45691
1;1437;441027;3880;99902;0;378;0;0;64557
1;1438;441266;3880;99903;0;378;0;0;46245
1;1439;441494;3880;99902;0;378;0;0;42470
1;1440;441923;3880;99902;0;378;0;0;55854
1;1441;442262;3880;99902;0;378;0;0;26994
1;1442;442490;3880;99902;0;378;0;0;64456
1;1443;442916;3880;99902;0;378;0;0;59111
1;1444;443250;3881;99902;0;378;0;0;13814
1;1445;443483;3881;99902;0;378;0;0;10374
1;1446;443912;3881;99902;0;378;0;0;19916
1;1447;444140;3881;99902;0;378;0;0;25685
1;1448;444483;3881;99900;0;378;0;0;34381
1;1449;444912;3881;99901;0;378;0;0;51986
1;1450;445140;3881;99901;0;378;0;0;11989
1;1451;445462;3881;99901;0;378;0;0;39353
1;1452;445696;3882;99902;0;378;0;0;49296
1;1453;445924;3882;99902;0;378;0;0;59657
1;1454;446243;3882;99903;0;378;0;0;63883
1;1455;446561;3882;99903;0;378;0;0;9284
1;1456;446917;3882;99902;0;378;0;0;16855
1;1457;447242;3882;99902;0;378;0;0;41491
1;1458;447560;3882;99902;0;378;0;0;57676
1;1459;447916;3882;99901;0;378;0;0;6155
1;1460;448234;3883;99902;0;378;0;0;60808
1;1461;448568;3883;99902;0;379;0;0;65329
1;1462;448909;3883;99902;0;379;0;0;42100
1;1463;449231;3883;99901;0;379;0;0;45852
1;1464;449459;3883;99902;0;379;0;0;22396
1;1465;449895;3883;99902;0;379;0;0;40029
1;1466;450133;3884;99902;0;379;0;0;53215
1;1467;450361;3884;99902;0;379;0;0;14714
1;1468;450679;3884;99902;0;379;0;0;33337
1;1469;450999;3884;99901;0;379;0;0;1268
1;1470;451247;3884;99901;0;379;0;0;1960
1;1471;451566;3884;99902;0;379;0;0;24975
1;1472;451886;3884;99901;0;379;0;0;27248
1;1473;452114;3884;99901;0;379;0;0;47801
1;1474;452348;3884;99902;0;379;0;0;57617
1;1475;452675;3884;99901;0;379;0;0;45439
1;1476;453014;3884;99901;0;379;0;0;58915
1;1477;453645;3884;99902;0;379;0;0;12303
1;1478;453875;3885;99902;0;379;0;0;18495
1;1479;454193;3885;99903;0;379;0;0;42952
1;1480;454512;3885;99903;0;379;0;0;52523
1;1481;454868;3885;99903;0;379;0;0;50854
1;1482;455186;3885;99903;0;379;0;0;7823
1;1483;455509;3885;99904;0;379;0;0;21183
1;1484;455871;3886;99905;0;379;0;0;1289
1;1485;456190;3886;99904;0;379;0;0;50077
1;1486;456524;3886;99904;0;380;0;0;26095
1;1487;456843;3887;99904;0;380;0;0;32043
1;1488;457077;3887;99905;0;380;0;0;55401
1;1489;457415;3887;99905;0;380;0;0;7668
1;1490;457840;3887;99904;0;380;0;0;55203
1;1491;458077;3887;99904;0;380;0;0;18912
1;1492;458309;3887;99904;0;380;0;0;675
1;1493;458628;3888;99904;0;380;0;0;15248
1;1494;458948;3888;99904;0;380;0;0;1845
1;1495;459195;3888;99903;0;380;0;0;60950
1;1496;459514;3888;99903;0;380;0;0;50332
1;1497;459834;3888;99902;0;380;0;0;35453
1;1498;460062;3888;99903;0;380;0;0;63386
1;1499;460295;3888;99904;0;380;0;0;30874
1;1500;460618;3888;99903;0;380;0;0;30334
1;1501;460957;3888;99903;0;380;0;0;13784
1;1502;461278;3888;99904;0;380;0;0;38527
1;1503;461513;3888;99904;0;380;0;0;52354
1;1504;461852;3889;99904;0;380;0;0;30459
1;1505;462169;3889;99903;0;380;0;0;6927
1;1506;462508;3889;99904;0;380;0;0;18566
1;1507;462844;3889;99905;0;380;0;0;33009
1;1508;463162;3889;99905;0;380;0;0;41626
1;1509;463484;3889;99905;0;380;0;0;36480
1;1510;463840;3889;99904;0;380;0;0;42620
1;1511;464163;3889;99903;0;380;0;0;12627
1;1512;464496;3889;99903;0;380;0;0;9244
1;1513;464837;3889;99903;0;380;0;0;54086
1;1514;465159;3889;99903;0;380;0;0;55728
1;1515;465387;3890;99903;0;380;0;0;47260
1;1516;465836;3890;99904;0;380;0;0;63713
1;1517;466154;3890;99903;0;380;0;0;25736
1;1518;466383;3890;99903;0;380;0;0;53700
1;1519;466816;3890;99902;0;380;0;0;6721
1;1520;467049;3890;99902;0;380;0;0;49093
1;1521;467277;3890;99903;0;381;0;0;50284
1;1522;467596;3890;99904;0;381;0;0;63086
1;1523;467916;3890;99904;0;381;0;0;63569
1;1524;468166;3890;99904;0;380;0;0;42580
1;1525;468488;3891;99905;0;380;0;0;51288
1;1526;468812;3891;99905;0;380;0;0;10736
1;1527;469063;3891;99906;0;380;0;0;16441
1;1528;469381;3891;99906;0;380;0;0;60404
1;1529;469822;3891;99906;0;380;0;0;4543
1;1530;470161;3891;99906;0;380;0;0;12948
1;1531;470480;3891;99907;0;380;0;0;62464
1;1532;470815;3891;99908;0;380;0;0;55929
1;1533;471137;3891;99908;0;380;0;0;57645
1;1534;471370;3891;99908;0;380;0;0;45373
1;1535;471598;3891;99907;0;380;0;0;43356
1;1536;471922;3892;99908;0;380;0;0;59737
1;1537;472240;3892;99908;0;380;0;0;62993
1;1538;472489;3892;99908;0;380;0;0;42438
1;1539;472816;3892;99909;0;380;0;0;47658
1;1540;473135;3892;99909;0;380;0;0;12984
1;1541;473363;3892;99909;0;385;0;0;48180
1;1542;473600;3893;99909;0;385;0;0;19517
1;1543;473920;3893;99909;0;385;0;0;16898
1;1544;474258;3893;99908;0;380;0;0;61712
1;1545;474597;3893;99908;0;380;0;0;44930
1;1546;474917;3893;99907;0;380;0;0;15450
1;1547;475144;3894;99907;0;380;0;0;21940
1;1548;475463;3894;99907;0;380;0;0;18997
1;1549;475804;3894;99907;0;380;0;0;23644
1;1550;476032;3894;99908;0;380;0;0;30044
1;1551;476357;3894;99907;0;380;0;0;49423
1;1552;476803;3895;99908;0;380;0;0;28044
1;1553;477031;3895;99908;0;380;0;0;60465
1;1554;477353;3895;99908;0;380;0;0;35451
1;1555;477794;3895;99909;0;380;0;0;62078
1;1556;478028;3896;99910;0;380;0;0;179
1;1557;478346;3896;99910;0;380;0;0;23667
1;1558;478791;3896;99910;0;380;0;0;12908
1;1559;479028;3897;99910;0;380;0;0;27157
1;1560;479346;3897;99910;0;380;0;0;32876
1;1561;479574;3897;99910;0;381;0;0;9100
1;1562;479898;3897;99910;0;381;0;0;62805
1;1563;480130;3898;99910;0;381;0;0;54746
1;1564;480468;3898;99910;0;381;0;0;33555
1;1565;480788;3898;99909;0;381;0;0;60819
1;1566;481107;3898;99909;0;381;0;0;15645
1;1567;481355;3899;99909;0;381;0;0;18026
1;1568;481784;3899;99909;0;381;0;0;63397
1;1569;482103;3899;99909;0;381;0;0;5217
1;1570;482351;3900;99909;0;380;0;0;63414
1;1571;482780;3900;99910;0;380;0;0;25182
1;1572;483115;3900;99909;0;381;0;0;4642
1;1573;483454;3900;99907;0;381;0;0;5282
1;1574;483778;3900;99905;0;381;0;0;30886
1;1575;484006;3901;99904;0;381;0;0;54352
1;1576;484331;3901;99904;0;381;0;0;31275
1;1577;484566;3901;99904;0;381;0;0;15058
1;1578;484901;3901;99905;0;381;0;0;19419
1;1579;485223;3901;99906;0;381;0;0;7386
1;1580;485542;3902;99909;0;381;0;0;8489
1;1581;485791;3902;99910;0;381;0;0;39449
1;1582;486109;3902;99912;0;381;0;0;2798
1;1583;486427;3903;99913;0;381;0;0;25376
1;1584;486785;3903;99913;0;381;0;0;6565
1;1585;487104;3903;99914;0;381;0;0;16363
1;1586;487422;3903;99914;0;381;0;0;8848
1;1587;487758;3903;99913;0;1661;0;0;62823
1;1588;487995;3903;99914;0;1661;0;0;22178
1;1589;488317;3904;99913;0;1661;0;0;57973
1;1590;488546;3904;99913;0;381;0;0;17016
1;1591;488865;3905;99913;0;381;0;0;51210
1;1592;489099;3905;99913;0;381;0;0;4272
1;1593;489330;3905;99913;0;381;0;0;23414
1;1594;489759;3905;99913;0;381;0;0;26676
1;1595;490099;3906;99913;0;381;0;0;4445
1;1596;490328;3906;99913;0;381;0;0;2386
1;1597;490757;3906;99913;0;381;0;0;42377
1;1598;491091;3907;99913;0;381;0;0;32494
1;1599;491324;3907;99913;0;381;0;0;47469
1;1600;491750;3907;99913;0;381;0;0;10843
1;1601;491986;3907;99913;0;381;0;0;15851
1;1602;492325;3908;99913;0;381;0;0;7467
1;1603;492751;3908;99913;0;381;0;0;47473
1;1604;492979;3908;99913;0;381;0;0;46549
1;1605;493297;3908;99913;0;381;0;0;55879
1;1606;493534;3909;99914;0;381;0;0;62534
1;1607;493763;3909;99914;0;381;0;0;39224
1;1608;494082;3909;99914;0;381;0;0;60318
1;1609;494400;3910;99914;0;381;0;0;3008
1;1610;494760;3910;99914;0;381;0;0;8769
1;1611;495079;3910;99914;0;381;0;0;55744
1;1612;495397;3910;99914;0;381;0;0;2686
1;1613;495756;3911;99915;0;382;0;0;42609
1;1614;496079;3911;99915;0;382;0;0;13687
1;1615;496416;3912;99915;0;382;0;0;11235
1;1616;496757;3912;99915;0;382;0;0;60527
1;1617;497076;3912;99915;0;382;0;0;698
1;1618;497304;3912;99914;0;381;0;0;22262
1;1619;497733;3912;99914;0;381;0;0;7072
1;1620;497968;3913;99913;0;381;0;0;48495
1;1621;498195;3913;99914;0;382;0;0;4145
1;1622;498513;3913;99914;0;382;0;0;37845
1;1623;498833;3913;99913;0;382;0;0;54691
1;1624;499086;3914;99914;0;382;0;0;35654
1;1625;499405;3914;99915;0;382;0;0;11391
1;1626;499725;3914;99915;0;382;0;0;25171
1;1627;499960;3915;99914;0;382;0;0;55299
1;1628;500193;3915;99915;0;382;0;0;7042
1;1629;500512;3915;99914;0;382;0;0;50515
1;1630;500851;3916;99915;0;382;0;0;39598
1;1631;501190;3916;99916;0;382;0;0;17481
1;1632;501513;3916;99916;0;382;0;0;33620
1;1633;501741;3916;99915;0;382;0;0;33648
1;1634;502060;3917;99915;0;382;0;0;64963
1;1635;502292;3917;99914;0;382;0;0;46795
1;1636;502738;3918;99915;0;382;0;0;55644
1;1637;503056;3918;99915;0;382;0;0;28208
1;1638;503394;3919;99914;0;382;0;0;4756
1;1639;503736;3919;99915;0;382;0;0;35903
1;1640;504055;3920;99915;0;382;0;0;9810
1;1641;504392;3920;99915;0;383;0;0;13760
1;1642;504745;3920;99914;0;383;0;0;37697
1;1643;505063;3921;99913;0;383;0;0;34048
1;1644;505298;3921;99913;0;383;0;0;26194
1;1645;505755;3921;99912;0;383;0;0;53147
1;1646;506073;3922;99913;0;383;0;0;35501
1;1647;506301;3922;99913;0;383;0;0;64280
1;1648;506750;3922;99913;0;383;0;0;38951
1;1649;507088;3923;99913;0;383;0;0;17042
1;1650;507406;3923;99913;0;383;0;0;938
1;1651;507726;3924;99913;0;383;0;0;51101
1;1652;507981;3924;99912;0;383;0;0;33985
1;1653;508299;3924;99913;0;383;0;0;49395
1;1654;508724;3925;99913;0;383;0;0;36940
1;1655;508973;3925;99913;0;383;0;0;44863
1;1656;509292;3926;99912;0;383;0;0;53808
1;1657;509737;3926;99912;0;2943;0;0;3971
1;1658;510076;3926;99912;0;2943;0;0;12790
1;1659;510394;3927;99912;0;2943;0;0;59630
1;1660;510733;3927;99911;0;388;0;0;524
1;1661;511052;3927;99910;0;388;0;0;1059
1;1662;511285;3927;99909;0;388;0;0;27400
1;1663;511513;3928;99908;0;383;0;0;28530
1;1664;511836;3928;99906;0;383;0;0;46263
1;1665;512154;3928;99906;0;383;0;0;56056
1;1666;512408;3929;99907;0;383;0;0;48178
1;1667;512732;3929;99907;0;383;0;0;45548
1;1668;513051;3929;99907;0;383;0;0;45546
1;1669;513282;3929;99908;0;383;0;0;26527
1;1670;513516;3930;99908;0;383;0;0;35688
1;1671;513836;3930;99909;0;383;0;0;17755
1;1672;514170;3931;99909;0;383;0;0;55114
1;1673;514509;3931;99909;0;383;0;0;468
1;1674;514829;3931;99909;0;383;0;0;48049
1;1675;515057;3931;99909;0;383;0;0;2873
1;1676;515379;3932;99910;0;383;0;0;60071
1;1677;515725;3933;99910;0;383;0;0;44737
1;1678;515957;3933;99911;0;383;0;0;33203
1;1679;516275;3933;99910;0;383;0;0;29089
1;1680;516721;3934;99909;0;383;0;0;46371
1;1681;516950;3934;99909;0;383;0;0;36276
1;1682;517268;3934;99909;0;383;0;0;16099
1;1683;517713;3934;99909;0;383;0;0;31731
1;1684;517951;3935;99909;0;383;0;0;3569
1;1685;518268;3935;99909;0;383;0;0;58326
1;1686;518714;3935;99908;0;383;0;0;5054
1;1687;518949;3936;99908;0;383;0;0;29876
1;1688;519266;3936;99907;0;383;0;0;38173
1;1689;519499;3937;99907;0;384;0;0;22298
1;1690;519819;3937;99907;0;384;0;0;17755
1;1691;520052;3937;99906;0;384;0;0;46232
1;1692;520385;3938;99907;0;384;0;0;16922
1;1693;520709;3938;99907;0;384;0;0;6120
1;1694;521028;3939;99907;0;384;0;0;57417
1;1695;521278;3939;99907;0;384;0;0;43546
1;1696;521704;3939;99906;0;384;0;0;54512
1;1697;522023;3940;99906;0;384;0;0;64828
1;1698;522271;3940;99905;0;385;0;0;33182
1;1699;522697;3941;99905;0;385;0;0;18055
1;1700;523031;3941;99904;0;385;0;0;38889
1;1701;523370;3941;99904;0;385;0;0;44820
1;1702;523701;3942;99904;0;385;0;0;55590
1;1703;523933;3942;99903;0;385;0;0;25799
1;1704;524251;3942;99904;0;385;0;0;19499
1;1705;524485;3942;99904;0;385;0;0;44774
1;1706;524820;3943;99905;0;385;0;0;34634
1;1707;525138;3943;99906;0;385;0;0;37827
1;1708;525457;3943;99908;0;385;0;0;35229
1;1709;525706;3944;99909;0;385;0;0;20106
1;1710;526024;3944;99909;0;385;0;0;36103
1;1711;526346;3944;99909;0;385;0;0;11246
1;1712;526707;3944;99906;0;1025;0;0;25451
1;1713;527025;3944;99906;0;1025;0;0;64753
1;1714;527347;3945;99905;0;1025;0;0;17036
1;1715;527682;3945;99905;0;385;0;0;84
1;1716;527915;3945;99905;0;385;0;0;498
1;1717;528234;3945;99906;0;385;0;0;26581
1;1718;528462;3945;99906;0;385;0;0;12367
1;1719;528786;3946;99906;0;385;0;0;56132
1;1720;529022;3946;99906;0;385;0;0;59838
1;1721;529249;3946;99906;0;385;0;0;29754
1;1722;529678;3947;99906;0;385;0;0;12890
1;1723;530017;3947;99907;0;385;0;0;28153
1;1724;530245;3948;99906;0;385;0;0;37385
1;1725;530670;3948;99906;0;385;0;0;20272
1;1726;531004;3949;99907;0;385;0;0;22458
1;1727;531240;3949;99907;0;385;0;0;31752
1;1728;531670;3950;99908;0;385;0;0;34414
1;1729;531902;3950;99907;0;386;0;0;62508
1;1730;532341;3950;99908;0;386;0;0;53698
1;1731;532770;3951;99908;0;386;0;0;59957
1;1732;533183;3951;99907;0;386;0;0;11177
1;1733;533415;3952;99908;0;386;0;0;15064
1;1734;533641;3952;99907;0;386;0;0;53412
1;1735;533958;3952;99906;0;386;0;0;62316
1;1736;534273;3953;99907;0;386;0;0;32428
1;1737;534632;3954;99908;0;386;0;0;60485
1;1738;534951;3954;99908;0;386;0;0;19411
1;1739;535272;3954;99908;0;386;0;0;61499
1;1740;535634;3954;99908;0;386;0;0;32320
1;1741;535952;3955;99909;0;386;0;0;15513
1;1742;536285;3955;99909;0;386;0;0;2730
1;1743;536625;3955;99909;0;386;0;0;22039
1;1744;536944;3955;99909;0;386;0;0;3241
1;1745;537172;3956;99909;0;386;0;0;36729
1;1746;537600;3956;99910;0;386;0;0;24757
1;1747;537833;3956;99910;0;386;0;0;40278
1;1748;538061;3957;99911;0;386;0;0;60877
1;1749;538382;3957;99911;0;386;0;0;51857
1;1750;538702;3957;99911;0;386;0;0;47503
1;1751;538950;3957;99912;0;386;0;0;50071
1;1752;539272;3958;99913;0;386;0;0;64327
1;1753;539592;3958;99913;0;386;0;0;62840
1;1754;539824;3958;99913;0;386;0;0;13040
1;1755;540057;3958;99913;0;386;0;0;61243
1;1756;540375;3958;99913;0;386;0;0;41009
1;1757;540714;3958;99913;0;386;0;0;14419
1;1758;541057;3958;99913;0;386;0;0;38987
1;1759;541376;3958;99913;0;386;0;0;50943
1;1760;541604;3959;99913;0;386;0;0;55024
1;1761;541922;3959;99913;0;386;0;0;31288
1;1762;542155;3959;99913;0;386;0;0;3052
1;1763;542600;3959;99912;0;386;0;0;1265
1;1764;542921;3959;99912;0;386;0;0;12050
1;1765;543260;3959;99910;0;386;0;0;10105
1;1766;543595;3960;99911;0;386;0;0;52463
1;1767;543917;3960;99910;0;386;0;0;18534
1;1768;544250;3960;99911;0;386;0;0;34433
1;1769;544590;3960;99911;0;386;0;0;35188
1;1770;544908;3961;99911;0;386;0;0;19919
1;1771;545136;3961;99911;0;386;0;0;21859
1;1772;545585;3961;99910;0;386;0;0;40890
1;1773;545903;3961;99910;0;386;0;0;43619
1;1774;546131;3961;99911;0;386;0;0;20117
1;1775;546584;3961;99912;0;386;0;0;38370
1;1776;546918;3961;99912;0;386;0;0;51679
1;1777;547240;3962;99912;0;386;0;0;7441
1;1778;547559;3962;99913;0;386;0;0;53935
1;1779;547811;3962;99913;0;10626;0;0;21905
1;1780;548129;3962;99914;0;10626;0;0;32263
1;1781;548554;3962;99914;0;10626;0;0;19053
1;1782;548803;3962;99914;0;386;0;0;46390
1;1783;549125;3962;99914;0;386;0;0;13641
1;1784;549565;3962;99914;0;386;0;0;8766
1;1785;549904;3962;99913;0;386;0;0;23568
1;1786;550222;3962;99913;0;386;0;0;1389
1;1787;550560;3962;99912;0;386;0;0;47652
1;1788;550878;3962;99911;0;386;0;0;7287
1;1789;551114;3962;99911;0;386;0;0;59131
1;1790;551341;3962;99911;0;386;0;0;2679
1;1791;551664;3962;99911;0;386;0;0;36442
1;1792;551986;3962;99911;0;386;0;0;48739
1;1793;552234;3962;99911;0;386;0;0;20809
1;1794;552554;3962;99911;0;386;0;0;45824
1;1795;552873;3962;99911;0;386;0;0;31761
1;1796;553100;3962;99911;0;386;0;0;29558
1;1797;553336;3962;99911;0;386;0;0;60618
1;1798;553656;3962;99911;0;386;0;0;65163
1;1799;553989;3963;99912;0;386;0;0;10254
1;1800;554331;3963;99911;0;386;0;0;8801
1;1801;554651;3963;99911;0;386;0;0;39999
1;1802;554882;3963;99911;0;386;0;0;53224
1;1803;555200;3963;99910;0;386;0;0;59748
1;1804;555540;3963;99910;0;386;0;0;18071
1;1805;555772;3963;99909;0;386;0;0;54124
1;1806;556090;3963;99909;0;386;0;0;35735
1;1807;556537;3963;99909;0;386;0;0;17542
1;1808;556765;3963;99909;0;386;0;0;18749
1;1809;557082;3963;99908;0;386;0;0;34224
1;1810;557531;3963;99908;0;1026;0;0;23023
1;1811;557764;3963;99908;0;1026;0;0;33794
1;1812;558082;3963;99908;0;1026;0;0;38118
1;1813;558526;3963;99908;0;386;0;0;27355
1;1814;558763;3963;99908;0;386;0;0;48637
1;1815;559081;3964;99908;0;386;0;0;22542
1;1816;559309;3964;99907;0;386;0;0;56578
1;1817;559628;3964;99908;0;386;0;0;61991
1;1818;559861;3964;99908;0;386;0;0;48602
1;1819;560198;3964;99908;0;386;0;0;16467
1;1820;560517;3964;99909;0;386;0;0;45835
1;1821;560836;3964;99909;0;386;0;0;60863
1;1822;561088;3964;99909;0;386;0;0;29715
1;1823;561513;3964;99909;0;386;0;0;960
1;1824;561831;3964;99909;0;386;0;0;31771
1;1825;562080;3964;99909;0;386;0;0;30862
1;1826;562504;3964;99909;0;386;0;0;63787
1;1827;562725;3965;99909;0;386;0;0;6758
1;1828;562953;3965;99908;0;386;0;0;43150
1;1829;563185;3965;99909;0;386;0;0;33735
1;1830;563509;3965;99909;0;386;0;0;60285
1;1831;563741;3965;99909;0;386;0;0;26173
1;1832;564059;3965;99910;0;386;0;0;1674
1;1833;564292;3965;99910;0;386;0;0;23477
1;1834;564627;3965;99910;0;386;0;0;25906
1;1835;564945;3965;99911;0;386;0;0;53993
1;1836;565263;3965;99911;0;386;0;0;12167
1;1837;565512;3965;99912;0;385;0;0;20211
1;1838;565834;3965;99912;0;385;0;0;36222
1;1839;566155;3965;99912;0;385;0;0;25515
1;1840;566515;3965;99911;0;386;0;0;10686
1;1841;566832;3965;99910;0;386;0;0;54955
1;1842;567151;3965;99910;0;386;0;0;40756
1;1843;567486;3965;99910;0;385;0;0;20492
1;1844;567718;3965;99911;0;385;0;0;33647
1;1845;568036;3965;99911;0;385;0;0;60669
1;1846;568271;3965;99912;0;386;0;0;55564
1;1847;568594;3965;99912;0;386;0;0;34271
1;1848;568840;3965;99913;0;386;0;0;42799
1;1849;569067;3965;99914;0;386;0;0;34018
1;1850;569492;3966;99917;0;386;0;0;19831
1;1851;569830;3966;99918;0;386;0;0;14453
1;1852;570061;3966;99918;0;385;0;0;36545
1;1853;570487;3967;99918;0;385;0;0;41433
1;1854;570820;3967;99918;0;386;0;0;30210
1;1855;571058;3967;99918;0;386;0;0;30747
1;1856;571486;3967;99919;0;386;0;0;14920
1;1857;571714;3967;99919;0;386;0;0;38634
1;1858;572053;3967;99919;0;386;0;0;59396
1;1859;572478;3967;99919;0;386;0;0;35996
1;1860;572706;3967;99920;0;386;0;0;6704
1;1861;573024;3967;99921;0;386;0;0;44523
1;1862;573257;3967;99921;0;386;0;0;56383
1;1863;573486;3967;99920;0;386;0;0;31981
1;1864;573808;3968;99920;0;386;0;0;59471
1;1865;574132;3968;99920;0;386;0;0;5529
1;1866;574541;3968;99919;0;386;0;0;17617
1;1867;574859;3968;99919;0;386;0;0;55466
1;1868;575177;3968;99919;0;386;0;0;21304
1;1869;575532;3968;99919;0;5506;0;0;27179
1;1870;575851;3969;99919;0;5506;0;0;65478
1;1871;576183;3969;99919;0;386;0;0;19031
1;1872;576503;3969;99919;0;386;0;0;11
1;1873;576737;3969;99918;0;386;0;0;4751
1;1874;577075;3969;99918;0;386;0;0;38703
1;1875;577499;3970;99918;0;386;0;0;7599
1;1876;577735;3969;99918;0;386;0;0;26780
1;1877;577966;3970;99919;0;386;0;0;55999
1;1878;578285;3970;99919;0;386;0;0;2512
1;1879;578604;3970;99919;0;386;0;0;36762
1;1880;578852;3970;99919;0;386;0;0;2703
1;1881;579169;3970;99920;0;386;0;0;51645
1;1882;579495;3970;99920;0;386;0;0;63961
1;1883;579723;3970;99918;0;386;0;0;40961
1;1884;579957;3970;99918;0;386;0;0;32105
1;1885;580275;3971;99919;0;386;0;0;15441
1;1886;580614;3971;99919;0;386;0;0;3979
1;1887;580931;3971;99919;0;386;0;0;21214
1;1888;581164;3971;99918;0;386;0;0;10660
1;1889;581503;3972;99919;0;386;0;0;6909
1;1890;581821;3972;99919;0;386;0;0;56625
1;1891;582160;3972;99919;0;386;0;0;23351
1;1892;582499;3972;99918;0;386;0;0;31332
1;1893;582817;3972;99918;0;386;0;0;25900
1;1894;583135;3972;99918;0;386;0;0;83
1;1895;583490;3973;99918;0;386;0;0;57653
1;1896;583813;3973;99917;0;386;0;0;45142
1;1897;584146;3973;99917;0;546;0;0;25470
1;1898;584486;3973;99916;0;546;0;0;24793
1;1899;584808;3973;99915;0;546;0;0;25276
1;1900;585036;3973;99915;0;386;0;0;16053
1;1901;585484;3973;99914;0;386;0;0;142
1;1902;585806;3973;99913;0;386;0;0;2468
1;1903;586034;3973;99913;0;386;0;0;57600
1;1904;586462;3973;99912;0;386;0;0;15342
1;1905;586696;3973;99912;0;386;0;0;12696
1;1906;586924;3973;99911;0;387;0;0;3563
1;1907;587242;3973;99911;0;387;0;0;24984
1;1908;587565;3973;99912;0;387;0;0;27263
1;1909;587814;3973;99912;0;386;0;0;53533
1;1910;588132;3973;99913;0;386;0;0;35504
1;1911;588451;3973;99913;0;386;0;0;17984
1;1912;588679;3973;99912;0;386;0;0;58246
1;1913;588916;3973;99912;0;386;0;0;52783
1;1914;589233;3973;99912;0;386;0;0;53101
1;1915;589467;3973;99912;0;386;0;0;25577
1;1916;589785;3973;99912;0;386;0;0;43026
1;1917;590022;3973;99912;0;386;0;0;43795
1;1918;590466;3973;99912;0;386;0;0;41718
1;1919;590784;3973;99912;0;386;0;0;36109
1;1920;591017;3973;99912;0;386;0;0;40733
1;1921;591245;3973;99912;0;386;0;0;38572
1;1922;591565;3973;99912;0;386;0;0;29925
1;1923;591887;3972;99912;0;386;0;0;38767
1;1924;592134;3972;99911;0;386;0;0;6549
1;1925;592454;3972;99912;0;386;0;0;56560
1;1926;592776;3972;99912;0;386;0;0;27524
1;1927;593008;3972;99912;0;386;0;0;61467
1;1928;593240;3972;99912;0;386;0;0;18700
1;1929;593560;3973;99912;0;386;0;0;45617
1;1930;593894;3972;99911;0;386;0;0;6430
1;1931;594211;3973;99912;0;386;0;0;8195
1;1932;594445;3973;99912;0;386;0;0;11023
1;1933;594782;3972;99911;0;466;0;0;53621
1;1934;595100;3972;99911;0;466;0;0;25122
1;1935;595444;3972;99911;0;466;0;0;55055
1;1936;595671;3972;99911;0;386;0;0;48424
1;1937;595990;3972;99911;0;386;0;0;10983
1;1938;596418;3973;99911;0;386;0;0;24613
1;1939;596668;3973;99911;0;386;0;0;59692
1;1940;596989;3973;99911;0;386;0;0;5105
1;1941;597430;3973;99911;0;10626;0;0;29162
1;1942;597665;3972;99909;0;10626;0;0;25304
1;1943;597987;3972;99909;0;10626;0;0;19747
1;1944;598428;3972;99910;0;386;0;0;14060
1;1945;598766;3972;99909;0;386;0;0;903
1;1946;599084;3971;99909;0;386;0;0;54012
1;1947;599418;3970;99909;0;386;0;0;58861
1;1948;599737;3970;99909;0;386;0;0;36501
1;1949;599970;3970;99909;0;386;0;0;20633
1;1950;600201;3969;99909;0;386;0;0;7698
1;1951;600525;3969;99908;0;386;0;0;35820
1;1952;600847;3969;99908;0;386;0;0;39051
1;1953;601096;3968;99908;0;386;0;0;6598
1;1954;601414;3968;99908;0;386;0;0;24250
1;1955;601732;3968;99908;0;386;0;0;49440
1;1956;601960;3968;99908;0;386;0;0;9101
1;1957;602193;3968;99908;0;386;0;0;4723
1;1958;602516;3968;99907;0;386;0;0;14988
1;1959;602744;3968;99908;0;386;0;0;22005
1;1960;603062;3968;99908;0;386;0;0;15008
1;1961;603408;3968;99907;0;386;0;0;41983
1;1962;603636;3968;99907;0;386;0;0;9849
1;1963;603955;3968;99907;0;386;0;0;17069
1;1964;604401;3968;99907;0;386;0;0;43104
1;1965;604633;3968;99907;0;386;0;0;25929
1;1966;604951;3968;99908;0;386;0;0;5069
1;1967;605414;3968;99909;0;386;0;0;51177
1;1968;605735;3968;99909;0;386;0;0;34066
1;1969;606057;3969;99910;0;386;0;0;21480
1;1970;606392;3969;99910;0;386;0;0;14123
1;1971;606625;3969;99911;0;386;0;0;4266
1;1972;606943;3969;99911;0;386;0;0;32163
1;1973;607170;3969;99910;0;386;0;0;6570
1;1974;607493;3969;99911;0;386;0;0;35322
1;1975;607727;3969;99911;0;386;0;0;17727
1;1976;608061;3969;99911;0;386;0;0;6334
1;1977;608388;3969;99911;0;386;0;0;64066
1;1978;608726;3970;99911;0;386;0;0;43010
1;1979;608958;3970;99911;0;386;0;0;23878
1;1980;609383;3970;99910;0;386;0;0;32340
1;1981;609701;3970;99910;0;386;0;0;41383
1;1982;609949;3970;99910;0;386;0;0;40697
1;1983;610374;3970;99909;0;386;0;0;59923
1;1984;610708;3970;99908;0;386;0;0;5637
1;1985;610941;3970;99909;0;386;0;0;56290
1;1986;611369;3970;99909;0;386;0;0;19668
1;1987;611597;3970;99910;0;387;0;0;38862
1;1988;611921;3970;99910;0;387;0;0;59137
1;1989;612153;3971;99910;0;387;0;0;5967
1;1990;612492;3971;99910;0;387;0;0;40244
1;1991;612810;3971;99911;0;387;0;0;10510
1;1992;613149;3971;99912;0;387;0;0;44246
1;1993;613381;3972;99912;0;387;0;0;18767
1;1994;613703;3972;99912;0;387;0;0;51883
1;1995;614021;3972;99913;0;387;0;0;36216
1;1996;614376;3972;99912;0;387;0;0;22390
1;1997;614694;3972;99912;0;387;0;0;20505
1;1998;615016;3973;99912;0;387;0;0;4719
1;1999;615371;3973;99912;0;387;0;0;39288
1;2000;615689;3973;99912;0;387;0;0;27255
1;2001;616023;3973;99912;0;388;0;0;47272
1;2002;616349;3973;99912;0;388;0;0;19540
1;2003;616582;3973;99912;0;388;0;0;17254
1;2004;616916;3973;99912;0;10628;0;0;9233
1;2005;617341;3972;99912;0;10628;0;0;42236
1;2006;617576;3972;99911;0;10628;0;0;30779
1;2007;617804;3972;99911;0;388;0;0;49927
1;2008;618122;3972;99911;0;388;0;0;27435
1;2009;618445;3972;99910;0;388;0;0;53235
1;2010;618694;3972;99910;0;388;0;0;20949
1;2011;619015;3972;99910;0;388;0;0;22349
1;2012;619335;3972;99909;0;388;0;0;50568
1;2013;619562;3972;99909;0;388;0;0;58228
1;2014;619795;3972;99909;0;388;0;0;36001
1;2015;620117;3972;99908;0;388;0;0;30962
1;2016;620456;3972;99909;0;388;0;0;35884
1;2017;620774;3973;99909;0;388;0;0;62226
1;2018;621007;3973;99909;0;388;0;0;33478
1;2019;621341;3973;99909;0;388;0;0;43897
1;2020;621663;3973;99909;0;388;0;0;41017
1;2021;622001;3974;99909;0;388;0;0;18677
1;2022;622336;3974;99909;0;388;0;0;47221
1;2023;622654;3974;99910;0;388;0;0;16786
1;2024;622972;3974;99910;0;388;0;0;6743
1;2025;623331;3975;99911;0;388;0;0;43672
1;2026;623649;3975;99911;0;388;0;0;45547
1;2027;623987;3975;99911;0;388;0;0;32785
1;2028;624332;3975;99910;0;388;0;0;44479
1;2029;624651;3976;99910;0;388;0;0;39278
1;2030;624879;3976;99910;0;388;0;0;7400
1;2031;625324;3976;99910;0;388;0;0;52156
1;2032;625643;3977;99910;0;388;0;0;46637
1;2033;625871;3977;99909;0;388;0;0;2013
1;2034;626299;3977;99910;0;388;0;0;56525
1;2035;626533;3977;99910;0;388;0;0;20907
1;2036;626765;3977;99911;0;389;0;0;63662
1;2037;627083;3978;99911;0;389;0;0;43888
1;2038;627403;3978;99910;0;389;0;0;37232
1;2039;627651;3978;99910;0;389;0;0;24667
1;2040;627973;3978;99909;0;389;0;0;39035
1;2041;628291;3978;99909;0;389;0;0;46177
1;2042;628519;3978;99909;0;389;0;0;27083
1;2043;628756;3979;99910;0;389;0;0;57458
1;2044;629074;3979;99909;0;389;0;0;4347
1;2045;629306;3979;99910;0;389;0;0;40261
1;2046;629625;3979;99909;0;389;0;0;30393
1;2047;629858;3979;99909;0;389;0;0;26638
1;2048;630298;3980;99909;0;389;0;0;38841
1;2049;630616;3980;99909;0;389;0;0;47170
1;2050;630849;3980;99910;0;389;0;0;10063
1;2051;631077;3980;99910;0;389;0;0;22266
1;2052;631400;3980;99910;0;389;0;0;10454
1;2053;631722;3980;99910;0;389;0;0;63269
1;2054;631974;3981;99910;0;389;0;0;27713
1;2055;632293;3981;99911;0;389;0;0;35601
1;2056;632612;3981;99911;0;389;0;0;63927
1;2057;632840;3982;99911;0;390;0;0;34655
1;2058;633073;3982;99911;0;390;0;0;51362
1;2059;633392;3982;99911;0;390;0;0;52794
1;2060;633726;3982;99911;0;390;0;0;49497
1;2061;634048;3982;99910;0;390;0;0;39111
1;2062;634285;3982;99910;0;390;0;0;53919
1;2063;634620;3982;99910;0;395;0;0;45904
1;2064;634937;3983;99910;0;395;0;0;17693
1;2065;635283;3983;99912;0;395;0;0;2690
1;2066;635511;3983;99911;0;390;0;0;52480
1;2067;635830;3984;99912;0;390;0;0;32512
1;2068;636254;3984;99911;0;390;0;0;15753
1;2069;636502;3984;99911;0;390;0;0;36043
1;2070;636820;3984;99911;0;390;0;0;65319
1;2071;637266;3985;99911;0;390;0;0;24357
1;2072;637501;3985;99912;0;390;0;0;10178
1;2073;637819;3985;99912;0;390;0;0;19377
1;2074;638259;3985;99912;0;390;0;0;1566
1;2075;638597;3985;99912;0;390;0;0;32779
1;2076;638915;3986;99913;0;390;0;0;8084
1;2077;639253;3986;99913;0;390;0;0;3522
1;2078;639571;3986;99913;0;390;0;0;36295
1;2079;639806;3986;99913;0;390;0;0;27520
1;2080;640038;3986;99912;0;5510;0;0;27095
1;2081;640357;3987;99912;0;5510;0;0;5037
1;2082;640675;3987;99912;0;5510;0;0;25504
1;2083;640925;3987;99911;0;390;0;0;34977
1;2084;641246;3987;99912;0;390;0;0;2485
1;2085;641565;3987;99912;0;390;0;0;12009
1;2086;641793;3987;99912;0;391;0;0;33797
1;2087;642026;3988;99912;0;391;0;0;37418
1;2088;642349;3988;99910;0;391;0;0;20840
1;2089;642576;3988;99910;0;391;0;0;37187
1;2090;642796;3988;99911;0;391;0;0;21917
1;2091;643028;3988;99913;0;391;0;0;54735
1;2092;643347;3989;99915;0;391;0;0;662
1;2093;643575;3989;99916;0;391;0;0;690
1;2094;643893;3989;99917;0;391;0;0;16730
1;2095;644231;3989;99917;0;391;0;0;1045
1;2096;644459;3989;99917;0;391;0;0;18139
1;2097;644777;3989;99917;0;391;0;0;55617
1;2098;645242;3990;99917;0;391;0;0;4849
1;2099;645559;3990;99916;0;391;0;0;57589
1;2100;645881;3990;99915;0;391;0;0;34370
1;2101;646219;3990;99915;0;391;0;0;27433
1;2102;646455;3990;99915;0;391;0;0;12178
1;2103;646774;3990;99915;0;391;0;0;28966
1;2104;647001;3990;99915;0;391;0;0;47775
1;2105;647320;3990;99915;0;391;0;0;57450
1;2106;647557;3990;99915;0;391;0;0;61493
1;2107;647891;3990;99914;0;391;0;0;6759
1;2108;648210;3990;99915;0;391;0;0;41060
1;2109;648554;3991;99915;0;391;0;0;20011
1;2110;648782;3991;99914;0;391;0;0;29605
1;2111;649207;3991;99914;0;391;0;0;16487
1;2112;649525;3991;99915;0;391;0;0;56170
1;2113;649773;3991;99915;0;391;0;0;29737
1;2114;650202;3991;99915;0;391;0;0;30380
1;2115;650540;3991;99915;0;391;0;0;41035
1;2116;650773;3991;99916;0;391;0;0;61013
1;2117;651201;3991;99916;0;391;0;0;19947
1;2118;651429;3991;99915;0;391;0;0;19400
1;2119;651748;3991;99915;0;391;0;0;21781
1;2120;651981;3991;99915;0;391;0;0;48265
1;2121;652319;3991;99915;0;391;0;0;5604
1;2122;652637;3991;99914;0;391;0;0;20041
1;2123;652980;3991;99915;0;391;0;0;33710
1;2124;653208;3991;99915;0;1031;0;0;30618
1;2125;653526;3991;99915;0;1031;0;0;19911
1;2126;653844;3991;99916;0;1031;0;0;65499
1;2127;654205;3991;99915;0;391;0;0;60732
1;2128;654524;3991;99915;0;391;0;0;34609
1;2129;654841;3991;99915;0;391;0;0;55908
1;2130;655197;3991;99914;0;391;0;0;49094
1;2131;655519;3991;99914;0;391;0;0;45929
1;2132;655852;3991;99914;0;391;0;0;19059
1;2133;656171;3992;99915;0;391;0;0;14268
1;2134;656406;3991;99915;0;391;0;0;6664
1;2135;656743;3992;99915;0;391;0;0;59268
1;2136;657172;3992;99916;0;391;0;0;20304
1;2137;657405;3992;99915;0;391;0;0;39694
1;2138;657633;3992;99914;0;1670;0;0;27064
1;2139;657951;3992;99912;0;1670;0;0;6190
1;2140;658172;3992;99912;0;1670;0;0;42777
1;2141;658525;3992;99912;0;390;0;0;13432
1;2142;658843;3992;99912;0;390;0;0;1052
1;2143;659162;3992;99913;0;390;0;0;33505
1;2144;659394;3992;99913;0;391;0;0;58179
1;2145;659627;3992;99913;0;391;0;0;46264
1;2146;659945;3992;99912;0;391;0;0;61205
1;2147;660280;3992;99912;0;390;0;0;24029
1;2148;660601;3991;99912;0;390;0;0;42729
1;2149;660834;3991;99913;0;390;0;0;41132
1;2150;661168;3991;99913;0;390;0;0;36136
1;2151;661486;3991;99913;0;390;0;0;30794
1;2152;661828;3991;99913;0;390;0;0;27019
1;2153;662166;3991;99912;0;390;0;0;12377
1;2154;662485;3991;99913;0;390;0;0;31510
1;2155;662802;3991;99913;0;390;0;0;40720
1;2156;663163;3991;99913;0;390;0;0;40630
1;2157;663485;3991;99912;0;390;0;0;55940
1;2158;663818;3991;99913;0;390;0;0;25672
1;2159;664158;3991;99912;0;390;0;0;45022
1;2160;664476;3991;99912;0;390;0;0;13390
1;2161;664708;3991;99911;0;390;0;0;37100
1;2162;665153;3991;99912;0;390;0;0;62160
1;2163;665472;3991;99911;0;390;0;0;38710
1;2164;665700;3991;99911;0;390;0;0;9141
1;2165;666132;3991;99912;0;390;0;0;27895
1;2166;666365;3991;99912;0;390;0;0;15627
1;2167;666593;3991;99912;0;390;0;0;37289
1;2168;666911;3991;99912;0;390;0;0;46176
1;2169;667230;3991;99912;0;390;0;0;60116
1;2170;667483;3991;99912;0;390;0;0;25498
1;2171;667801;3991;99912;0;390;0;0;20061
1;2172;668123;3991;99912;0;390;0;0;34214
1;2173;668351;3990;99912;0;390;0;0;61721
1;2174;668590;3990;99912;0;390;0;0;9694
1;2175;668908;3990;99912;0;390;0;0;51870
1;2176;669136;3990;99913;0;390;0;0;62739
1;2177;669459;3990;99913;0;390;0;0;53839
1;2178;669692;3990;99912;0;390;0;0;14774
1;2179;670132;3990;99912;0;390;0;0;51587
1;2180;670454;3990;99913;0;390;0;0;39512
1;2181;670688;3990;99913;0;390;0;0;36910
1;2182;670916;3990;99912;0;390;0;0;11634
1;2183;671239;3990;99912;0;390;0;0;2606
1;2184;671558;3989;99912;0;390;0;0;44904
1;2185;671805;3989;99913;0;390;0;0;54563
1;2186;672125;3989;99912;0;390;0;0;44874
1;2187;672443;3989;99912;0;390;0;0;29528
1;2188;672671;3989;99912;0;390;0;0;40681
1;2189;672907;3989;99912;0;390;0;0;30176
1;2190;673229;3989;99912;0;390;0;0;46476
1;2191;673563;3989;99912;0;390;0;0;57275
1;2192;673783;3989;99912;0;390;0;0;13649
1;2193;674136;3989;99911;0;390;0;0;35063
1;2194;674470;3989;99911;0;390;0;0;24041
1;2195;674788;3988;99911;0;390;0;0;14193
1;2196;675128;3988;99911;0;390;0;0;40768
1;2197;675355;3988;99911;0;390;0;0;42038
1;2198;675678;3988;99911;0;390;0;0;21884
1;2199;676102;3988;99912;0;390;0;0;4977
1;2200;676354;3988;99911;0;390;0;0;39334
1;2201;676672;3988;99912;0;390;0;0;15726
1;2202;677117;3988;99912;0;390;0;0;8576
1;2203;677351;3988;99913;0;390;0;0;14119
1;2204;677669;3988;99912;0;390;0;0;15568
1;2205;678110;3988;99912;0;390;0;0;34796
1;2206;678452;3988;99912;0;390;0;0;42847
1;2207;678769;3988;99912;0;390;0;0;64010
1;2208;679108;3988;99912;0;1670;0;0;47135
1;2209;679426;3988;99911;0;1670;0;0;18202
1;2210;679660;3988;99911;0;1670;0;0;25672
1;2211;679888;3988;99911;0;390;0;0;42437
1;2212;680210;3988;99912;0;390;0;0;2305
1;2213;680529;3987;99913;0;390;0;0;25648
1;2214;680781;3988;99913;0;390;0;0;44677
1;2215;681105;3987;99912;0;390;0;0;22737
1;2216;681423;3987;99912;0;390;0;0;55693
1;2217;681655;3987;99912;0;390;0;0;13000
1;2218;681888;3987;99913;0;390;0;0;23562
1;2219;682207;3987;99912;0;390;0;0;36095
1;2220;682435;3987;99912;0;390;0;0;50269
1;2221;682752;3987;99912;0;390;0;0;58113
1;2222;683096;3987;99913;0;390;0;0;49346
1;2223;683324;3987;99913;0;390;0;0;45431
1;2224;683642;3987;99913;0;390;0;0;55566
1;2225;684091;3987;99913;0;390;0;0;40387
1;2226;684319;3987;99912;0;390;0;0;57380
1;2227;684641;3987;99912;0;390;0;0;26925
1;2228;685106;3987;99912;0;390;0;0;50346
1;2229;685423;3987;99913;0;390;0;0;55463
1;2230;685745;3987;99914;0;390;0;0;18753
1;2231;686080;3987;99914;0;390;0;0;33929
1;2232;686313;3987;99914;0;390;0;0;3412
1;2233;686631;3987;99914;0;390;0;0;65138
1;2234;686862;3987;99914;0;390;0;0;36774
1;2235;687181;3987;99915;0;390;0;0;43085
1;2236;687414;3987;99915;0;390;0;0;54855
1;2237;687748;3987;99915;0;390;0;0;5082
1;2238;688067;3986;99914;0;390;0;0;24190
1;2239;688409;3986;99914;0;390;0;0;32961
1;2240;688641;3986;99914;0;390;0;0;51759
1;2241;689066;3986;99914;0;390;0;0;50728
1;2242;689388;3986;99913;0;390;0;0;48645
1;2243;689636;3986;99913;0;390;0;0;20270
1;2244;690061;3986;99914;0;390;0;0;40534
1;2245;690395;3985;99913;0;390;0;0;35397
1;2246;690628;3985;99913;0;390;0;0;48094
1;2247;691060;3985;99913;0;390;0;0;63395
1;2248;691288;3985;99913;0;1670;0;0;40106
1;2249;691606;3985;99913;0;1670;0;0;34753
1;2250;691840;3985;99913;0;1670;0;0;25025
1;2251;692178;3985;99914;0;390;0;0;31212
1;2252;692501;3985;99914;0;390;0;0;19301
1;2253;692840;3985;99913;0;390;0;0;35760
1;2254;693068;3985;99913;0;390;0;0;11806
1;2255;693386;3985;99913;0;390;0;0;29406
1;2256;693707;3985;99912;0;390;0;0;61481
1;2257;694063;3984;99911;0;389;0;0;47451
1;2258;694381;3984;99911;0;389;0;0;60289
1;2259;694703;3984;99912;0;389;0;0;48961
1;2260;695059;3984;99911;0;1029;0;0;50690
1;2261;695377;3984;99911;0;1029;0;0;10562
1;2262;695710;3984;99912;0;389;0;0;39794
1;2263;696034;3984;99911;0;389;0;0;47244
1;2264;696320;3984;99912;0;389;0;0;47220
1;2265;696556;3984;99911;0;389;0;0;40398
1;2266;696981;3983;99911;0;389;0;0;46516
1;2267;697298;3984;99912;0;389;0;0;38384
1;2268;697550;3983;99912;0;389;0;0;51727
1;2269;697974;3983;99912;0;389;0;0;354
1;2270;698308;3983;99912;0;389;0;0;10377
1;2271;698542;3983;99912;0;389;0;0;27998
1;2272;698966;3983;99912;0;389;0;0;64238
1;2273;699198;3983;99913;0;389;0;0;38794
1;2274;699516;3983;99912;0;389;0;0;3228
1;2275;699750;3983;99912;0;389;0;0;49778
1;2276;700088;3983;99912;0;389;0;0;25457
1;2277;700410;3983;99913;0;389;0;0;38083
1;2278;700749;3982;99913;0;389;0;0;61745
1;2279;700977;3982;99913;0;389;0;0;23036
1;2280;701295;3982;99913;0;389;0;0;55456
1;2281;701613;3982;99913;0;389;0;0;51176
1;2282;701974;3982;99912;0;389;0;0;18933
1;2283;702292;3982;99913;0;389;0;0;48711
1;2284;702610;3982;99912;0;389;0;0;53067
1;2285;702971;3982;99912;0;389;0;0;27268
1;2286;703289;3982;99912;0;389;0;0;61733
1;2287;703622;3982;99912;0;389;0;0;24592
1;2288;703942;3982;99912;0;389;0;0;10828
1;2289;704174;3982;99912;0;389;0;0;57096
1;2290;704516;3981;99912;0;389;0;0;12411
1;2291;704940;3981;99913;0;389;0;0;54547
1;2292;705173;3981;99913;0;389;0;0;45744
1;2293;705405;3981;99912;0;389;0;0;12252
1;2294;705724;3981;99913;0;389;0;0;30180
1;2295;706043;3981;99913;0;389;0;0;2421
1;2296;706290;3981;99912;0;389;0;0;1186
1;2297;706608;3981;99912;0;389;0;0;41547
1;2298;706927;3981;99913;0;389;0;0;13213
1;2299;707159;3981;99912;0;389;0;0;30869
1;2300;707392;3981;99913;0;389;0;0;24136
1;2301;707711;3981;99912;0;389;0;0;59196
1;2302;707933;3981;99912;0;389;0;0;8414
1;2303;708161;3981;99911;0;388;0;0;60791
1;2304;708499;3980;99912;0;388;0;0;25984
1;2305;708940;3980;99911;0;388;0;0;41259
1;2306;709258;3980;99911;0;388;0;0;53542
1;2307;709596;3980;99911;0;388;0;0;41812
1;2308;709935;3980;99912;0;388;0;0;18922
1;2309;710253;3980;99912;0;388;0;0;9848
1;2310;710571;3980;99912;0;388;0;0;5660
1;2311;710930;3980;99911;0;388;0;0;55287
1;2312;711248;3980;99912;0;388;0;0;18280
1;2313;711581;3980;99913;0;388;0;0;46444
1;2314;711921;3980;99913;0;388;0;0;12141
1;2315;712141;3980;99913;0;388;0;0;49101
1;2316;712475;3980;99914;0;1028;0;0;55189
1;2317;712923;3980;99915;0;1028;0;0;17867
1;2318;713240;3980;99915;0;1028;0;0;52872
1;2319;713472;3980;99916;0;388;0;0;38538
1;2320;713898;3980;99916;0;388;0;0;3767
1;2321;714131;3980;99916;0;388;0;0;52605
1;2322;714359;3980;99916;0;388;0;0;41142
1;2323;714680;3980;99916;0;388;0;0;43839
1;2324;715000;3980;99916;0;388;0;0;36926
1;2325;715248;3980;99915;0;388;0;0;18600
1;2326;715566;3980;99915;0;388;0;0;2448
1;2327;715892;3980;99914;0;388;0;0;42888
1;2328;716120;3980;99914;0;388;0;0;23831
1;2329;716353;3980;99915;0;388;0;0;15103
1;2330;716671;3980;99915;0;388;0;0;10116
1;2331;716900;3980;99915;0;388;0;0;3004
1;2332;717217;3980;99915;0;388;0;0;17121
1;2333;717454;3980;99915;0;388;0;0;48399
1;2334;717895;3980;99914;0;388;0;0;51203
1;2335;718213;3980;99914;0;388;0;0;6128
1;2336;718449;3980;99914;0;388;0;0;60668
1;2337;718677;3980;99914;0;388;0;0;58701
1;2338;719001;3980;99912;0;388;0;0;624
1;2339;719319;3980;99913;0;388;0;0;12634
1;2340;719570;3980;99912;0;388;0;0;26667
1;2341;719889;3980;99913;0;388;0;0;6124
1;2342;720211;3980;99913;0;388;0;0;37896
1;2343;720439;3980;99913;0;388;0;0;42452
1;2344;720672;3980;99913;0;388;0;0;52094
1;2345;720996;3980;99913;0;388;0;0;6220
1;2346;721329;3980;99913;0;388;0;0;1807
1;2347;721647;3981;99913;0;388;0;0;63335
1;2348;721881;3981;99914;0;388;0;0;24041
1;2349;722214;3981;99913;0;388;0;0;25606
1;2350;722532;3981;99913;0;388;0;0;42891
1;2351;722876;3981;99913;0;388;0;0;49325
1;2352;723104;3981;99913;0;388;0;0;63826
1;2353;723426;3981;99913;0;388;0;0;54953
1;2354;723858;3981;99914;0;388;0;0;50749
1;2355;724107;3981;99914;0;388;0;0;63822
1;2356;724424;3981;99914;0;388;0;0;8791
1;2357;724865;3981;99914;0;1668;0;0;762
1;2358;725099;3981;99914;0;1668;0;0;14384
1;2359;725417;3981;99915;0;1668;0;0;16266
1;2360;725861;3981;99915;0;388;0;0;51323
1;2361;726200;3981;99914;0;388;0;0;58565
1;2362;726521;3982;99914;0;388;0;0;39330
1;2363;726856;3982;99915;0;388;0;0;7540
1;2364;727174;3982;99914;0;388;0;0;60264
1;2365;727412;3982;99914;0;388;0;0;5784
1;2366;727640;3982;99915;0;388;0;0;44038
1;2367;727959;3982;99915;0;388;0;0;42895
1;2368;728281;3982;99915;0;388;0;0;27130
1;2369;728530;3982;99915;0;388;0;0;43511
1;2370;728852;3983;99915;0;388;0;0;13501
1;2371;729170;3983;99915;0;388;0;0;60654
1;2372;729398;3983;99915;0;388;0;0;31067
1;2373;729632;3983;99916;0;388;0;0;6905
1;2374;729955;3983;99916;0;388;0;0;35327
1;2375;730182;3983;99916;0;388;0;0;20503
1;2376;730500;3983;99915;0;388;0;0;53863
1;2377;730840;3983;99915;0;388;0;0;18088
1;2378;731076;3983;99915;0;388;0;0;17941
1;2379;731394;3983;99915;0;388;0;0;41844
1;2380;731844;3983;99916;0;388;0;0;45787
1;2381;732072;3983;99916;0;388;0;0;17534
1;2382;732389;3984;99915;0;388;0;0;3268
1;2383;732852;3984;99915;0;388;0;0;58453
1;2384;733169;3984;99914;0;388;0;0;9514
1;2385;733487;3984;99914;0;388;0;0;31312
1;2386;733826;3984;99914;0;388;0;0;63597
1;2387;734063;3984;99913;0;388;0;0;38616
1;2388;734381;3984;99913;0;388;0;0;28048
1;2389;734608;3984;99913;0;388;0;0;60882
1;2390;734828;3984;99913;0;388;0;0;6408
1;2391;735062;3984;99913;0;388;0;0;60388
1;2392;735380;3985;99914;0;388;0;0;44174
1;2393;735608;3985;99914;0;388;0;0;43555
1;2394;735927;3985;99914;0;388;0;0;19932
1;2395;736159;3985;99915;0;388;0;0;22716
1;2396;736387;3985;99915;0;388;0;0;53413
1;2397;736820;3985;99916;0;388;0;0;51147
1;2398;737138;3985;99915;0;388;0;0;11802
1;2399;737386;3985;99915;0;388;0;0;63800
1;2400;737811;3986;99915;0;388;0;0;16839
1;2401;738145;3986;99914;0;388;0;0;38006
1;2402;738378;3986;99914;0;388;0;0;1245
1;2403;738806;3986;99913;0;388;0;0;7311
1;2404;739034;3986;99914;0;388;0;0;20157
1;2405;739356;3986;99914;0;388;0;0;43996
1;2406;739592;3986;99914;0;388;0;0;11377
1;2407;739927;3986;99914;0;388;0;0;35224
1;2408;740244;3986;99915;0;388;0;0;60158
1;2409;740585;3986;99915;0;388;0;0;53763
1;2410;740817;3987;99915;0;388;0;0;59479
1;2411;741135;3987;99916;0;388;0;0;11469
1;2412;741452;3987;99916;0;388;0;0;1504
1;2413;741808;3987;99916;0;388;0;0;7500
1;2414;742133;3987;99916;0;388;0;0;44143
1;2415;742454;3987;99916;0;388;0;0;3041
1;2416;742810;3987;99916;0;388;0;0;12587
1;2417;743128;3988;99916;0;388;0;0;38065
1;2418;743461;3988;99916;0;388;0;0;18938
1;2419;743781;3988;99915;0;388;0;0;28280
1;2420;744014;3988;99915;0;388;0;0;13854
1;2421;744348;3988;99915;0;388;0;0;63468
1;2422;744783;3989;99916;0;388;0;0;36514
1;2423;745026;3989;99916;0;388;0;0;27786
1;2424;745254;3989;99916;0;388;0;0;26881
1;2425;745573;3989;99917;0;388;0;0;14961
1;2426;745892;3989;99916;0;388;0;0;41202
1;2427;746140;3989;99916;0;388;0;0;13235
1;2428;746461;3989;99916;0;388;0;0;51566
1;2429;746784;3989;99916;0;388;0;0;43455
1;2430;747012;3989;99916;0;388;0;0;19576
1;2431;747251;3989;99917;0;388;0;0;37519
1;2432;747569;3989;99918;0;388;0;0;15352
1;2433;747904;3990;99918;0;388;0;0;16527
1;2434;748222;3990;99918;0;388;0;0;7581
1;2435;748455;3990;99918;0;388;0;0;57941
1;2436;748789;3990;99916;0;20868;0;0;8860
1;2437;749107;3990;99915;0;20868;0;0;32535
1;2438;749445;3990;99915;0;20868;0;0;5492
1;2439;749780;3990;99915;0;388;0;0;37543
1;2440;750006;3990;99915;0;388;0;0;62816
1;2441;750324;3990;99915;0;388;0;0;39666
1;2442;750582;3990;99914;0;388;0;0;47451
1;2443;750901;3990;99915;0;388;0;0;50844
1;2444;751219;3990;99916;0;388;0;0;10043
1;2445;751446;3990;99916;0;388;0;0;15976
1;2446;751793;3990;99915;0;388;0;0;55919
1;2447;752110;3990;99915;0;388;0;0;16367
1;2448;752338;3990;99916;0;388;0;0;33528
1;2449;752797;3990;99916;0;388;0;0;4582
1;2450;753119;3990;99917;0;388;0;0;19019
1;2451;753346;3991;99917;0;388;0;0;62209
1;2452;753771;3991;99919;0;388;0;0;556
1;2453;754008;3991;99919;0;388;0;0;26418
1;2454;754235;3992;99919;0;388;0;0;18701
1;2455;754554;3992;99919;0;388;0;0;22480
1;2456;754873;3992;99919;0;388;0;0;11332
1;2457;755126;3992;99919;0;388;0;0;44993
1;2458;755447;3991;99918;0;388;0;0;17521
1;2459;755766;3991;99918;0;388;0;0;54206
1;2460;755994;3991;99918;0;388;0;0;47391
1;2461;756227;3991;99917;0;388;0;0;32324
1;2462;756545;3991;99917;0;388;0;0;64928
1;2463;756773;3991;99917;0;388;0;0;19630
1;2464;757092;3991;99916;0;388;0;0;44771
1;2465;757329;3991;99916;0;388;0;0;59864
1;2466;757775;3991;99916;0;388;0;0;60085
1;2467;758093;3991;99916;0;388;0;0;50510
1;2468;758329;3991;99916;0;388;0;0;3731
1;2469;758557;3991;99916;0;5509;0;0;31781
1;2470;758876;3991;99917;0;5509;0;0;54805
1;2471;759194;3991;99917;0;5509;0;0;19054
1;2472;759442;3991;99917;0;388;0;0;62485
1;2473;759761;3991;99916;0;388;0;0;4933
1;2474;760080;3991;99916;0;388;0;0;10389
1;2475;760307;3991;99916;0;388;0;0;29602
1;2476;760545;3991;99916;0;388;0;0;40501
1;2477;760868;3992;99916;0;388;0;0;39589
1;2478;761205;3992;99916;0;388;0;0;13926
1;2479;761523;3991;99916;0;388;0;0;11046
1;2480;761758;3991;99916;0;388;0;0;61702
1;2481;762092;3992;99916;0;388;0;0;35212
1;2482;762410;3992;99917;0;388;0;0;35308
1;2483;762752;3992;99917;0;388;0;0;38153
1;2484;762984;3992;99916;0;388;0;0;11486
1;2485;763302;3992;99917;0;388;0;0;61436
1;2486;763727;3992;99917;0;388;0;0;65129
1;2487;763980;3992;99918;0;388;0;0;4272
1;2488;764297;3992;99917;0;388;0;0;45353
1;2489;764737;3992;99917;0;388;0;0;8259
1;2490;764974;3992;99916;0;388;0;0;21293
1;2491;765292;3992;99916;0;388;0;0;31958
1;2492;765737;3992;99917;0;388;0;0;62855
1;2493;766075;3992;99917;0;388;0;0;13897
1;2494;766393;3992;99918;0;388;0;0;15711
1;2495;766732;3992;99918;0;1028;0;0;48349
1;2496;767050;3993;99918;0;1028;0;0;45275
1;2497;767282;3993;99917;0;1028;0;0;25357
1;2498;767510;3993;99917;0;388;0;0;6239
1;2499;767830;3993;99917;0;388;0;0;5728
1;2500;768148;3993;99917;0;388;0;0;64685
1;2501;768400;3993;99917;0;388;0;0;51486
1;2502;768722;3993;99917;0;388;0;0;2707
1;2503;769045;3993;99917;0;388;0;0;61077
1;2504;769276;3993;99917;0;388;0;0;26440
1;2505;769509;3993;99918;0;388;0;0;57466
1;2506;769829;3993;99917;0;388;0;0;8933
1;2507;770056;3993;99918;0;388;0;0;64596
1;2508;770374;3993;99918;0;388;0;0;62263
1;2509;770714;3993;99919;0;388;0;0;20409
1;2510;770946;3993;99918;0;388;0;0;54469
1;2511;771264;3993;99919;0;388;0;0;58316
1;2512;771709;3993;99920;0;388;0;0;57766
1;2513;771941;3993;99920;0;388;0;0;3724
1;2514;772259;3994;99920;0;388;0;0;8307
1;2515;772724;3994;99920;0;398;0;0;7176
1;2516;773042;3994;99920;0;398;0;0;25715
1;2517;773359;3994;99920;0;398;0;0;24716
1;2518;773702;3994;99920;0;388;0;0;20403
1;2519;773935;3994;99920;0;388;0;0;60028
1;2520;774254;3994;99921;0;388;0;0;43746
1;2521;774481;3994;99921;0;388;0;0;2916
1;2522;774804;3994;99921;0;388;0;0;19023
1;2523;775037;3994;99922;0;388;0;0;26482
1;2524;775371;3994;99921;0;388;0;0;64847
1;2525;775690;3994;99921;0;388;0;0;64471
1;2526;776030;3994;99921;0;388;0;0;1150
1;2527;776261;3994;99921;0;388;0;0;2892
1;2528;776691;3995;99923;0;388;0;0;3129
1;2529;777008;3995;99921;0;388;0;0;35798
1;2530;777260;3995;99921;0;388;0;0;19408
1;2531;777685;3995;99922;0;388;0;0;30956
1;2532;778019;3995;99920;0;388;0;0;27242
1;2533;778252;3995;99920;0;388;0;0;25037
1;2534;778676;3995;99920;0;388;0;0;61170
1;2535;778908;3995;99920;0;388;0;0;25522
1;2536;779226;3995;99920;0;388;0;0;31743
1;2537;779459;3995;99920;0;388;0;0;17548
1;2538;779802;3996;99921;0;388;0;0;25947
1;2539;780120;3996;99921;0;388;0;0;19104
1;2540;780462;3996;99921;0;388;0;0;49638
1;2541;780690;3995;99921;0;388;0;0;39758
1;2542;781008;3995;99921;0;388;0;0;22723
1;2543;781326;3996;99922;0;388;0;0;34756
1;2544;781684;3996;99922;0;388;0;0;18767
1;2545;782002;3996;99922;0;388;0;0;38237
1;2546;782319;3996;99922;0;388;0;0;64774
1;2547;782679;3996;99923;0;388;0;0;23679
1;2548;782997;3996;99923;0;388;0;0;10213
1;2549;783330;3996;99924;0;388;0;0;20682
1;2550;783650;3996;99924;0;388;0;0;27261
1;2551;783884;3996;99925;0;388;0;0;23864
1;2552;784222;3996;99924;0;388;0;0;49333
1;2553;784650;3997;99925;0;388;0;0;30515
1;2554;784883;3997;99925;0;388;0;0;14542
1;2555;785115;3997;99924;0;388;0;0;28103
1;2556;785433;3997;99923;0;388;0;0;5910
1;2557;785757;3997;99924;0;388;0;0;29468
1;2558;786004;3997;99923;0;388;0;0;22302
1;2559;786322;3997;99923;0;388;0;0;52069
1;2560;786645;3997;99923;0;388;0;0;34828
1;2561;786873;3997;99922;0;388;0;0;42720
1;2562;787106;3998;99922;0;388;0;0;23359
1;2563;787424;3998;99921;0;388;0;0;3134
1;2564;787763;3998;99922;0;10628;0;0;39878
1;2565;788085;3998;99922;0;10628;0;0;47068
1;2566;788317;3998;99922;0;10628;0;0;55018
1;2567;788652;3998;99923;0;388;0;0;41414
1;2568;788970;3999;99923;0;388;0;0;64744
1;2569;789310;3999;99924;0;388;0;0;40614
1;2570;789648;3999;99925;0;388;0;0;29990
1;2571;789967;3999;99924;0;388;0;0;18671
1;2572;790284;3999;99924;0;388;0;0;35763
1;2573;790649;3999;99925;0;388;0;0;56984
1;2574;790967;3999;99925;0;388;0;0;27116
1;2575;791300;3999;99924;0;388;0;0;52478
1;2576;791640;3999;99923;0;388;0;0;46397
1;2577;791959;3999;99923;0;388;0;0;48820
1;2578;792193;3999;99923;0;2948;0;0;12319
1;2579;792638;4000;99923;0;2948;0;0;57861
1;2580;792957;4000;99923;0;2948;0;0;14620
1;2581;793188;4000;99924;0;388;0;0;51115
1;2582;793613;4000;99924;0;388;0;0;42724
1;2583;793846;4000;99923;0;388;0;0;19839
1;2584;794074;4000;99924;0;388;0;0;40541
1;2585;794392;4000;99924;0;388;0;0;43491
1;2586;794715;4001;99924;0;388;0;0;52134
1;2587;794964;4001;99925;0;388;0;0;36970
1;2588;795281;4001;99926;0;388;0;0;57764
1;2589;795601;4001;99926;0;388;0;0;61339
1;2590;795836;4001;99926;0;389;0;0;53033
1;2591;796069;4001;99926;0;389;0;0;12513
1;2592;796387;4001;99926;0;389;0;0;14370
1;2593;796619;4001;99927;0;388;0;0;34579
1;2594;796938;4001;99927;0;388;0;0;48323
1;2595;797174;4002;99928;0;388;0;0;18653
1;2596;797614;4002;99929;0;389;0;0;41382
1;2597;797933;4002;99928;0;389;0;0;34381
1;2598;798167;4002;99928;0;389;0;0;55486
1;2599;798398;4002;99928;0;389;0;0;15640
1;2600;798718;4003;99928;0;389;0;0;634
1;2601;799036;4003;99929;0;389;0;0;24528
1;2602;799283;4003;99929;0;389;0;0;12323
1;2603;799607;4003;99929;0;389;0;0;32148
1;2604;799929;4003;99929;0;389;0;0;16964
1;2605;800157;4003;99928;0;389;0;0;37820
1;2606;800390;4003;99928;0;389;0;0;41414
1;2607;800709;4004;99928;0;389;0;0;21719
1;2608;801047;4004;99928;0;389;0;0;43100
1;2609;801364;4004;99928;0;389;0;0;55084
1;2610;801602;4004;99929;0;389;0;0;43276
1;2611;801936;4004;99929;0;389;0;0;43077
1;2612;802253;4004;99930;0;389;0;0;61691
1;2613;802597;4005;99930;0;389;0;0;6384
1;2614;802825;4005;99931;0;389;0;0;55823
1;2615;803147;4005;99931;0;389;0;0;62964
1;2616;803572;4005;99931;0;389;0;0;36909
1;2617;803824;4005;99930;0;1669;0;0;11514
1;2618;804142;4005;99929;0;1669;0;0;38378
1;2619;804583;4006;99929;0;389;0;0;8910
1;2620;804816;4006;99930;0;389;0;0;39074
1;2621;805138;4006;99930;0;389;0;0;15947
1;2622;805578;4007;99932;0;389;0;0;396
1;2623;805918;4007;99932;0;389;0;0;51885
1;2624;806235;4007;99931;0;389;0;0;23528
1;2625;806574;4007;99931;0;389;0;0;38111
1;2626;806893;4007;99931;0;389;0;0;2009
1;2627;807126;4007;99931;0;389;0;0;6115
1;2628;807358;4008;99932;0;389;0;0;44577
1;2629;807683;4008;99932;0;389;0;0;13862
1;2630;808002;4008;99933;0;389;0;0;39958
1;2631;808250;4008;99933;0;389;0;0;14138
1;2632;808568;4008;99933;0;389;0;0;11414
1;2633;808887;4009;99933;0;389;0;0;25212
1;2634;809118;4009;99932;0;389;0;0;6879
1;2635;809351;4009;99932;0;389;0;0;58647
1;2636;809671;4009;99932;0;389;0;0;20289
1;2637;809898;4009;99933;0;389;0;0;29007
1;2638;810216;4009;99932;0;389;0;0;59993
1;2639;810558;4009;99933;0;389;0;0;22567
1;2640;810790;4009;99932;0;389;0;0;11047
1;2641;811108;4010;99931;0;389;0;0;22244
1;2642;811553;4010;99930;0;389;0;0;38826
1;2643;811785;4010;99930;0;389;0;0;23171
1;2644;812103;4010;99930;0;389;0;0;38235
1;2645;812567;4011;99930;0;389;0;0;10315
1;2646;812889;4011;99929;0;389;0;0;6093
1;2647;813207;4011;99929;0;389;0;0;56728
1;2648;813541;4011;99930;0;389;0;0;56484
1;2649;813775;4011;99930;0;389;0;0;28704
1;2650;814093;4011;99930;0;389;0;0;27475
1;2651;814320;4012;99931;0;389;0;0;55672
1;2652;814643;4012;99931;0;389;0;0;6692
1;2653;814879;4012;99931;0;389;0;0;38021
1;2654;815212;4012;99931;0;389;0;0;55220
1;2655;815536;4012;99930;0;389;0;0;11091
1;2656;815885;4013;99930;0;389;0;0;53998
1;2657;816113;4013;99930;0;389;0;0;25190
1;2658;816538;4013;99931;0;389;0;0;64164
1;2659;816856;4013;99931;0;389;0;0;38198
1;2660;817154;4014;99931;0;389;0;0;33131
1;2661;817583;4014;99931;0;389;0;0;61216
1;2662;817901;4014;99931;0;389;0;0;11437
1;2663;818129;4014;99931;0;389;0;0;48141
1;2664;818366;4014;99931;0;389;0;0;53003
1;2665;818587;4014;99931;0;389;0;0;54872
1;2666;818921;4015;99931;0;389;0;0;29365
1;2667;819239;4015;99932;0;389;0;0;55358
1;2668;819579;4015;99932;0;389;0;0;59544
1;2669;819807;4015;99931;0;389;0;0;35069
1;2670;820130;4015;99932;0;389;0;0;1297
1;2671;820575;4016;99931;0;389;0;0;39835
1;2672;820803;4016;99932;0;389;0;0;6798
1;2673;821124;4016;99931;0;389;0;0;49066
1;2674;821586;4016;99931;0;389;0;0;59605
1;2675;821903;4016;99931;0;389;0;0;40176
1;2676;822221;4016;99931;0;389;0;0;22283
1;2677;822560;4017;99931;0;389;0;0;27832
1;2678;822796;4017;99932;0;389;0;0;10194
1;2679;823114;4017;99932;0;389;0;0;19361
1;2680;823341;4018;99932;0;390;0;0;44111
1;2681;823664;4018;99932;0;390;0;0;26635
1;2682;823898;4018;99932;0;390;0;0;26768
1;2683;824232;4018;99931;0;390;0;0;48349
1;2684;824555;4018;99932;0;390;0;0;36546
1;2685;824894;4019;99931;0;390;0;0;47373
1;2686;825126;4019;99931;0;390;0;0;64056
1;2687;825551;4019;99931;0;390;0;0;32449
1;2688;825869;4020;99931;0;390;0;0;62483
1;2689;826118;4020;99931;0;390;0;0;13342
1;2690;826549;4020;99932;0;390;0;0;58385
1;2691;826883;4021;99932;0;390;0;0;36675
1;2692;827116;4021;99932;0;390;0;0;62700
1;2693;827540;4022;99933;0;390;0;0;21544
1;2694;827772;4022;99933;0;390;0;0;48402
1;2695;828091;4022;99933;0;390;0;0;29154
1;2696;828324;4022;99933;0;390;0;0;39000
1;2697;828659;4023;99933;0;390;0;0;32528
1;2698;828980;4023;99934;0;390;0;0;53025
1;2699;829319;4024;99933;0;390;0;0;58271
1;2700;829551;4024;99932;0;390;0;0;19405
1;2701;829869;4024;99932;0;390;0;0;37950
1;2702;830187;4024;99932;0;390;0;0;5179
1;2703;830548;4024;99932;0;390;0;0;11562
1;2704;830867;4025;99932;0;390;0;0;41139
1;2705;831185;4025;99932;0;390;0;0;53025
1;2706;831544;4025;99932;0;390;0;0;27881
1;2707;831862;4025;99931;0;390;0;0;44599
1;2708;832195;4026;99933;0;390;0;0;50005
1;2709;832515;4026;99934;0;390;0;0;11527
1;2710;832748;4027;99934;0;390;0;0;23508
1;2711;833085;4027;99933;0;390;0;0;15287
1;2712;833510;4027;99932;0;390;0;0;49600
1;2713;833743;4027;99932;0;390;0;0;52533
1;2714;833971;4027;99932;0;390;0;0;35214
1;2715;834296;4028;99931;0;390;0;0;37467
1;2716;834615;4028;99931;0;390;0;0;5453
1;2717;834863;4028;99931;0;395;0;0;56093
1;2718;835180;4028;99931;0;395;0;0;2162
1;2719;835504;4028;99931;0;395;0;0;11484
1;2720;835736;4028;99931;0;390;0;0;56414
1;2721;835969;4028;99931;0;390;0;0;9110
1;2722;836287;4028;99930;0;390;0;0;42701
1;2723;836626;4029;99930;0;390;0;0;58746
1;2724;836944;4029;99931;0;390;0;0;63176
1;2725;837177;4029;99931;0;390;0;0;4974
1;2726;837511;4029;99931;0;390;0;0;65053
1;2727;837829;4029;99931;0;390;0;0;216
1;2728;838171;4030;99932;0;390;0;0;32729
1;2729;838510;4030;99932;0;390;0;0;143
1;2730;838828;4030;99932;0;390;0;0;46040
1;2731;839146;4030;99932;0;390;0;0;57259
1;2732;839506;4030;99932;0;390;0;0;61638
1;2733;839824;4030;99932;0;390;0;0;56577
1;2734;840158;4031;99932;0;390;0;0;57118
1;2735;840501;4031;99933;0;390;0;0;39705
1;2736;840819;4031;99933;0;390;0;0;29618
1;2737;841051;4031;99933;0;390;0;0;48795
1;2738;841496;4032;99933;0;390;0;0;25998
1;2739;841815;4032;99933;0;390;0;0;20273
1;2740;842053;4032;99932;0;390;0;0;14982
1;2741;842478;4033;99932;0;390;0;0;13195
1;2742;842721;4033;99932;0;390;0;0;7185
1;2743;842949;4033;99932;0;390;0;0;54555
1;2744;843267;4033;99932;0;390;0;0;54547
1;2745;843591;4034;99932;0;390;0;0;22273
1;2746;843839;4034;99931;0;390;0;0;52655
1;2747;844157;4034;99931;0;390;0;0;57940
1;2748;844476;4034;99930;0;390;0;0;28833
1;2749;844707;4034;99930;0;390;0;0;60709
1;2750;844940;4034;99930;0;390;0;0;15878
1;2751;845258;4034;99930;0;390;0;0;21109
1;2752;845486;4035;99931;0;390;0;0;6958
1;2753;845809;4035;99932;0;390;0;0;55059
1;2754;846043;4035;99932;0;390;0;0;18143
1;2755;846487;4035;99933;0;390;0;0;48252
1;2756;846809;4036;99933;0;390;0;0;30999
1;2757;847044;4036;99932;0;390;0;0;56741
1;2758;847276;4036;99933;0;390;0;0;7390
1;2759;847596;4036;99933;0;390;0;0;21128
1;2760;847914;4037;99932;0;390;0;0;32247
1;2761;848162;4037;99931;0;390;0;0;42337
1;2762;848481;4037;99931;0;390;0;0;30222
1;2763;848800;4037;99931;0;390;0;0;39131
1;2764;849027;4037;99931;0;390;0;0;51071
1;2765;849263;4038;99931;0;390;0;0;3703
1;2766;849582;4038;99931;0;390;0;0;3284
1;2767;849920;4038;99929;0;390;0;0;35344
1;2768;850238;4039;99930;0;390;0;0;17038
1;2769;850471;4039;99930;0;390;0;0;64815
1;2770;850805;4040;99930;0;390;0;0;41368
1;2771;851123;4040;99930;0;390;0;0;64856
1;2772;851463;4040;99930;0;390;0;0;5805
1;2773;851691;4040;99930;0;390;0;0;47140
1;2774;852013;4040;99930;0;390;0;0;48865
1;2775;852445;4040;99930;0;390;0;0;25301
1;2776;852694;4041;99930;0;390;0;0;54252
1;2777;853011;4041;99930;0;390;0;0;5678
1;2778;853456;4041;99929;0;391;0;0;42891
1;2779;853690;4041;99930;0;391;0;0;3057
1;2780;854008;4042;99929;0;391;0;0;30549
1;2781;854449;4042;99929;0;390;0;0;15827
1;2782;854791;4043;99929;0;390;0;0;64158
1;2783;855112;4043;99928;0;390;0;0;6637
1;2784;855447;4043;99928;0;391;0;0;33517
1;2785;855766;4043;99928;0;391;0;0;56409
1;2786;855999;4044;99927;0;391;0;0;38066
1;2787;856227;4044;99928;0;391;0;0;16663
1;2788;856546;4044;99928;0;391;0;0;48074
1;2789;856865;4045;99928;0;391;0;0;55797
1;2790;857117;4045;99928;0;391;0;0;9713
1;2791;857447;4045;99928;0;391;0;0;44825
1;2792;857765;4045;99928;0;391;0;0;17597
1;2793;858014;4045;99928;0;391;0;0;42675
1;2794;858438;4046;99929;0;391;0;0;892
1;2795;858772;4046;99929;0;396;0;0;28184
1;2796;859111;4047;99929;0;396;0;0;53857
1;2797;859430;4047;99930;0;396;0;0;11473
1;2798;859662;4047;99931;0;391;0;0;14648
1;2799;859980;4048;99931;0;391;0;0;49445
1;2800;860218;4048;99930;0;391;0;0;42847
1;2801;860553;4048;99931;0;391;0;0;59904
1;2802;860871;4048;99931;0;391;0;0;60693
1;2803;861193;4049;99931;0;391;0;0;56194
1;2804;861442;4049;99931;0;391;0;0;65423
1;2805;861760;4049;99931;0;391;0;0;36893
1;2806;862082;4049;99931;0;391;0;0;58353
1;2807;862437;4050;99931;0;391;0;0;48633
1;2808;862759;4050;99931;0;391;0;0;65145
1;2809;863077;4051;99932;0;391;0;0;48476
1;2810;863416;4051;99932;0;391;0;0;58804
1;2811;863649;4052;99932;0;391;0;0;53364
1;2812;863967;4052;99933;0;391;0;0;25908
1;2813;864195;4053;99933;0;391;0;0;36085
1;2814;864519;4053;99933;0;391;0;0;51013
1;2815;864752;4053;99933;0;391;0;0;49659
1;2816;864983;4053;99933;0;391;0;0;15952
1;2817;865411;4054;99933;0;391;0;0;51932
1;2818;865750;4054;99933;0;391;0;0;9623
1;2819;865978;4055;99934;0;391;0;0;44738
1;2820;866403;4055;99934;0;391;0;0;17436
1;2821;866736;4055;99933;0;391;0;0;60918
1;2822;866970;4055;99933;0;391;0;0;60781
1;2823;867399;4056;99934;0;391;0;0;2070
1;2824;867627;4056;99934;0;391;0;0;35469
1;2825;867970;4056;99933;0;391;0;0;40925
1;2826;868399;4057;99933;0;391;0;0;35014
1;2827;868627;4057;99933;0;391;0;0;6246
1;2828;868949;4057;99933;0;391;0;0;53372
1;2829;869182;4058;99932;0;391;0;0;17307
1;2830;869410;4058;99932;0;471;0;0;38575
1;2831;869729;4058;99933;0;471;0;0;29183
1;2832;870051;4058;99933;0;471;0;0;43526
1;2833;870406;4058;99933;0;391;0;0;12149
1;2834;870728;4058;99933;0;391;0;0;26633
1;2835;871046;4058;99934;0;391;0;0;19441
1;2836;871401;4058;99934;0;391;0;0;26738
1;2837;871720;4059;99934;0;391;0;0;43867
1;2838;872053;4059;99934;0;391;0;0;33641
1;2839;872392;4059;99933;0;391;0;0;35801
1;2840;872711;4059;99932;0;391;0;0;30263
1;2841;872946;4060;99932;0;391;0;0;39749
1;2842;873375;4060;99933;0;391;0;0;57625
1;2843;873608;4060;99933;0;391;0;0;15158
1;2844;873835;4060;99933;0;391;0;0;11301
1;2845;874153;4060;99933;0;391;0;0;46015
1;2846;874476;4060;99932;0;391;0;0;39612
1;2847;874725;4061;99932;0;391;0;0;61224
1;2848;875043;4061;99933;0;391;0;0;26510
1;2849;875363;4061;99933;0;391;0;0;27057
1;2850;875594;4061;99933;0;391;0;0;55518
1;2851;875831;4062;99933;0;391;0;0;61245
1;2852;876149;4062;99933;0;391;0;0;25775
1;2853;876488;4062;99934;0;391;0;0;27679
1;2854;876826;4062;99934;0;391;0;0;7670
1;2855;877145;4063;99933;0;391;0;0;24351
1;2856;877373;4063;99933;0;391;0;0;23188
1;2857;877691;4063;99933;0;391;0;0;63068
1;2858;877924;4063;99933;0;391;0;0;51143
1;2859;878369;4064;99933;0;391;0;0;34897
1;2860;878691;4064;99934;0;391;0;0;60014
1;2861;879031;4064;99934;0;391;0;0;18896
1;2862;879370;4064;99934;0;391;0;0;32200
1;2863;879688;4065;99933;0;391;0;0;44817
1;2864;880022;4065;99932;0;391;0;0;13905
1;2865;880362;4065;99932;0;391;0;0;40604
1;2866;880684;4065;99932;0;391;0;0;62696
1;2867;880912;4065;99933;0;391;0;0;48129
1;2868;881363;4065;99934;0;391;0;0;44931
1;2869;881682;4065;99934;0;391;0;0;10697
1;2870;881910;4065;99934;0;391;0;0;44111
1;2871;882356;4066;99933;0;391;0;0;56486
1;2872;882690;4066;99934;0;20874;0;0;15173
1;2873;883008;4067;99934;0;20874;0;0;20957
1;2874;883327;4067;99934;0;20874;0;0;7213
1;2875;883575;4067;99934;0;392;0;0;56510
1;2876;883900;4067;99933;0;392;0;0;51454
1;2877;884324;4067;99932;0;392;0;0;40924
1;2878;884577;4067;99932;0;392;0;0;5778
1;2879;884895;4068;99933;0;392;0;0;3522
1;2880;885339;4068;99934;0;392;0;0;50535
1;2881;885677;4068;99933;0;392;0;0;997
1;2882;885996;4069;99933;0;392;0;0;13567
1;2883;886330;4069;99934;0;392;0;0;9778
1;2884;886550;4069;99933;0;392;0;0;13417
1;2885;886782;4069;99934;0;392;0;0;41362
1;2886;887116;4070;99933;0;392;0;0;17980
1;2887;887436;4070;99932;0;392;0;0;8235
1;2888;887753;4070;99931;0;392;0;0;8445
1;2889;888002;4070;99929;0;2952;0;0;59475
1;2890;888321;4070;99928;0;2952;0;0;47961
1;2891;888643;4071;99927;0;2952;0;0;23282
1;2892;888871;4071;99927;0;392;0;0;21976
1;2893;889108;4071;99927;0;392;0;0;12486
1;2894;889431;4071;99926;0;392;0;0;15328
1;2895;889765;4071;99925;0;392;0;0;48874
1;2896;890105;4071;99925;0;392;0;0;61076
1;2897;890424;4071;99925;0;392;0;0;59404
1;2898;890652;4071;99924;0;393;0;0;16314
1;2899;890970;4071;99924;0;393;0;0;33527
1;2900;891313;4071;99923;0;393;0;0;15177
1;2901;891541;4071;99923;0;393;0;0;29329
1;2902;891864;4071;99924;0;393;0;0;11638
1;2903;892084;4071;99923;0;393;0;0;13013
1;2904;892317;4071;99923;0;393;0;0;39712
1;2905;892545;4071;99922;0;393;0;0;44962
1;2906;892863;4071;99922;0;393;0;0;45785
1;2907;893304;4071;99922;0;393;0;0;8772
1;2908;893537;4072;99922;0;393;0;0;47287
1;2909;893855;4072;99921;0;393;0;0;63781
1;2910;894299;4072;99923;0;393;0;0;8361
1;2911;894532;4073;99923;0;393;0;0;47143
1;2912;894850;4073;99923;0;393;0;0;133
1;2913;895082;4073;99923;0;393;0;0;38046
1;2914;895401;4074;99922;0;393;0;0;57468
1;2915;895634;4074;99922;0;393;0;0;16923
1;2916;895971;4074;99921;0;1673;0;0;45842
1;2917;896294;4074;99921;0;1673;0;0;30416
1;2918;896613;4074;99920;0;1673;0;0;32246
1;2919;896865;4075;99921;0;393;0;0;33858
1;2920;897290;4075;99920;0;393;0;0;63022
1;2921;897608;4075;99921;0;393;0;0;16885
1;2922;897860;4075;99921;0;393;0;0;24393
1;2923;898285;4075;99920;0;393;0;0;27256
1;2924;898619;4075;99920;0;393;0;0;58447
1;2925;898957;4075;99921;0;393;0;0;64122
1;2926;899277;4075;99920;0;393;0;0;20781
1;2927;899508;4076;99921;0;393;0;0;63650
1;2928;899831;4076;99921;0;393;0;0;50097
1;2929;900064;4076;99920;0;393;0;0;364
1;2930;900399;4076;99920;0;394;0;0;8375
1;2931;900720;4076;99920;0;394;0;0;34142
1;2932;901039;4077;99920;0;394;0;0;12725
1;2933;901288;4077;99920;0;394;0;0;3368
1;2934;901606;4077;99919;0;394;0;0;37978
1;2935;901924;4077;99920;0;394;0;0;32234
1;2936;902285;4078;99919;0;394;0;0;62727
1;2937;902603;4078;99920;0;394;0;0;18298
1;2938;902921;4078;99919;0;394;0;0;725
1;2939;903256;4078;99918;0;395;0;0;41263
1;2940;903493;4078;99918;0;395;0;0;63855
1;2941;903815;4078;99918;0;395;0;0;26357
1;2942;904043;4079;99918;0;395;0;0;35108
1;2943;904362;4079;99918;0;395;0;0;42826
1;2944;904600;4079;99918;0;395;0;0;42450
1;2945;904828;4079;99917;0;395;0;0;7420
1;2946;905252;4079;99916;0;395;0;0;42388
1;2947;905590;4079;99916;0;395;0;0;37998
1;2948;905818;4080;99916;0;395;0;0;26944
1;2949;906244;4080;99916;0;395;0;0;62653
1;2950;906581;4080;99917;0;395;0;0;32823
1;2951;906814;4080;99917;0;395;0;0;17493
1;2952;907243;4081;99918;0;395;0;0;48814
1;2953;907477;4081;99918;0;395;0;0;57076
1;2954;907815;4081;99918;0;395;0;0;26454
1;2955;908240;4081;99918;0;395;0;0;51660
1;2956;908469;4081;99919;0;396;0;0;13245
1;2957;908786;4080;99919;0;396;0;0;2639
1;2958;909020;4080;99920;0;396;0;0;38738
1;2959;909248;4080;99920;0;396;0;0;15344
1;2960;909570;4081;99920;0;396;0;0;63751
1;2961;909888;4081;99919;0;396;0;0;18587
1;2962;910249;4081;99919;0;396;0;0;45379
1;2963;910568;4080;99919;0;396;0;0;10822
1;2964;910886;4080;99920;0;396;0;0;58222
1;2965;911241;4080;99921;0;396;0;0;29864
1;2966;911563;4080;99920;0;396;0;0;65083
1;2967;911897;4080;99920;0;396;0;0;55172
1;2968;912241;4080;99920;0;396;0;0;5783
1;2969;912560;4080;99920;0;396;0;0;14585
1;2970;912792;4080;99919;0;396;0;0;34753
1;2971;913220;4081;99919;0;396;0;0;3649
1;2972;913454;4081;99918;0;396;0;0;21717
1;2973;913681;4081;99917;0;396;0;0;36265
1;2974;913999;4081;99917;0;396;0;0;38077
1;2975;914318;4081;99917;0;396;0;0;31336
1;2976;914567;4081;99917;0;396;0;0;32707
1;2977;914886;4081;99917;0;396;0;0;24862
1;2978;915216;4082;99917;0;396;0;0;26771
1;2979;915444;4082;99917;0;396;0;0;16650
1;2980;915677;4082;99917;0;396;0;0;43519
1;2981;915996;4082;99916;0;396;0;0;30510
1;2982;916331;4082;99916;0;396;0;0;34211
1;2983;916669;4082;99916;0;396;0;0;51042
1;2984;916987;4082;99918;0;396;0;0;32668
1;2985;917216;4082;99918;0;396;0;0;57849
1;2986;917534;4082;99918;0;396;0;0;4086
1;2987;917782;4082;99919;0;396;0;0;9876
1;2988;918231;4083;99918;0;396;0;0;61698
1;2989;918549;4083;99918;0;396;0;0;18030
1;2990;918888;4083;99918;0;396;0;0;4663
1;2991;919227;4083;99919;0;397;0;0;61782
1;2992;919546;4084;99920;0;397;0;0;49134
1;2993;919879;4084;99919;0;397;0;0;26800
1;2994;920219;4084;99920;0;397;0;0;32358
1;2995;920543;4084;99920;0;397;0;0;13265
1;2996;920771;4084;99919;0;397;0;0;26054
1;2997;921217;4085;99919;0;397;0;0;59155
1;2998;921535;4085;99919;0;397;0;0;64104
1;2999;921763;4086;99919;0;397;0;0;27483
1;3000;922208;4086;99920;0;397;0;0;58935
1;3001;922542;4086;99922;0;397;0;0;24047
1;3002;922860;4086;99924;0;397;0;0;61252
1;3003;923191;4087;99924;0;397;0;0;5226
1;3004;923440;4087;99924;0;397;0;0;62719
1;3005;923758;4087;99925;0;397;0;0;2282
1;3006;924187;4087;99925;0;397;0;0;13294
1;3007;924435;4087;99925;0;397;0;0;49861
1;3008;924754;4087;99926;0;397;0;0;33268
1;3009;925194;4088;99926;0;397;0;0;16325
1;3010;925532;4088;99925;0;397;0;0;39250
1;3011;925855;4088;99925;0;397;0;0;57955
1;3012;926193;4089;99925;0;397;0;0;37985
1;3013;926511;4089;99924;0;397;0;0;41231
1;3014;926745;4089;99924;0;397;0;0;64479
1;3015;926972;4089;99924;0;397;0;0;49828
1;3016;927295;4089;99924;0;397;0;0;37318
1;3017;927613;4089;99924;0;397;0;0;48701
1;3018;927862;4089;99924;0;398;0;0;60867
1;3019;928181;4090;99925;0;398;0;0;13630
1;3020;928503;4090;99925;0;398;0;0;48812
1;3021;928735;4090;99925;0;398;0;0;29573
1;3022;928968;4090;99925;0;398;0;0;1461
1;3023;929287;4091;99925;0;398;0;0;41746
1;3024;929621;4091;99925;0;398;0;0;54923
1;3025;929960;4091;99925;0;398;0;0;11505
1;3026;930283;4091;99924;0;398;0;0;26558
1;3027;930510;4091;99924;0;1678;0;0;28585
1;3028;930832;4092;99924;0;1678;0;0;11348
1;3029;931178;4092;99924;0;1678;0;0;42684
1;3030;931406;4092;99924;0;398;0;0;4694
1;3031;931725;4092;99923;0;398;0;0;62714
1;3032;932169;4093;99922;0;398;0;0;55627
1;3033;932397;4093;99922;0;398;0;0;59543
1;3034;932715;4093;99922;0;398;0;0;10491
1;3035;933156;4093;99922;0;5518;0;0;27315
1;3036;933389;4094;99921;0;5518;0;0;42062
1;3037;933711;4094;99922;0;5518;0;0;62287
1;3038;934155;4094;99923;0;398;0;0;35796
1;3039;934389;4095;99923;0;398;0;0;24571
1;3040;934707;4095;99922;0;398;0;0;55133
1;3041;934939;4095;99921;0;398;0;0;41525
1;3042;935262;4095;99921;0;398;0;0;21375
1;3043;935494;4096;99921;0;398;0;0;52593
1;3044;935828;4096;99921;0;398;0;0;59523
1;3045;936147;4096;99921;0;398;0;0;17708
1;3046;936472;4096;99921;0;398;0;0;18815
1;3047;936721;4096;99921;0;398;0;0;43190
1;3048;937145;4096;99922;0;398;0;0;23016
1;3049;937464;4097;99921;0;398;0;0;31404
1;3050;937878;4097;99920;0;398;0;0;12758
1;3051;938198;4097;99920;0;398;0;0;52701
1;3052;938426;4097;99920;0;398;0;0;57208
1;3053;938748;4098;99921;0;398;0;0;58510
1;3054;938983;4098;99920;0;398;0;0;20180
1;3055;939322;4098;99920;0;398;0;0;4615
1;3056;939640;4098;99921;0;398;0;0;57791
1;3057;939958;4099;99922;0;398;0;0;51021
1;3058;940208;4099;99922;0;398;0;0;44571
1;3059;940526;4099;99923;0;398;0;0;33584
1;3060;940843;4100;99922;0;398;0;0;12385
1;3061;941201;4100;99923;0;398;0;0;10871
1;3062;941520;4100;99923;0;398;0;0;39093
1;3063;941844;4100;99924;0;398;0;0;58618
1;3064;942179;4100;99925;0;398;0;0;41535
1;3065;942412;4101;99925;0;398;0;0;22747
1;3066;942734;4101;99925;0;398;0;0;27486
1;3067;942962;4101;99925;0;398;0;0;29682
1;3068;943281;4101;99925;0;398;0;0;39000
1;3069;943515;4102;99926;0;398;0;0;50154
1;3070;943743;4102;99926;0;399;0;0;1136
1;3071;944167;4103;99926;0;399;0;0;44839
1;3072;944509;4103;99927;0;399;0;0;17973
1;3073;944741;4104;99927;0;399;0;0;10276
1;3074;945167;4104;99926;0;399;0;0;40964
1;3075;945500;4104;99925;0;399;0;0;63974
1;3076;945734;4104;99924;0;399;0;0;19240
1;3077;946163;4104;99923;0;399;0;0;38351
1;3078;946395;4104;99923;0;399;0;0;1741
1;3079;946733;4105;99922;0;399;0;0;52690
1;3080;947162;4105;99923;0;399;0;0;53055
1;3081;947394;4105;99923;0;399;0;0;57518
1;3082;947712;4105;99923;0;399;0;0;31503
1;3083;947945;4106;99923;0;399;0;0;18761
1;3084;948173;4106;99923;0;399;0;0;42232
1;3085;948492;4106;99923;0;399;0;0;13111
1;3086;948810;4106;99923;0;399;0;0;45874
1;3087;949165;4107;99923;0;400;0;0;10089
1;3088;949483;4107;99923;0;400;0;0;53186
1;3089;949805;4107;99923;0;400;0;0;48116
1;3090;950160;4108;99923;0;400;0;0;44457
1;3091;950380;4108;99923;0;400;0;0;34172
1;3092;950699;4108;99923;0;400;0;0;60901
1;3093;950927;4108;99923;0;405;0;0;34666
1;3094;951161;4109;99924;0;405;0;0;63955
1;3095;951478;4109;99924;0;405;0;0;13025
1;3096;951706;4109;99924;0;400;0;0;60201
1;3097;952139;4109;99924;0;400;0;0;62384
1;3098;952373;4109;99924;0;400;0;0;18417
1;3099;952600;4110;99924;0;400;0;0;5655
1;3100;952922;4110;99924;0;400;0;0;40325
1;3101;953241;4110;99924;0;400;0;0;21140
1;3102;953490;4110;99925;0;400;0;0;9844
1;3103;953812;4110;99925;0;400;0;0;18951
1;3104;954131;4111;99925;0;400;0;0;20329
1;3105;954359;4111;99926;0;400;0;0;7690
1;3106;954596;4111;99926;0;400;0;0;6461
1;3107;954915;4111;99927;0;400;0;0;42400
1;3108;955253;4111;99928;0;400;0;0;47329
1;3109;955592;4112;99928;0;400;0;0;57334
1;3110;955910;4112;99928;0;400;0;0;32975
1;3111;956139;4112;99928;0;400;0;0;16036
1;3112;956457;4112;99928;0;400;0;0;60531
1;3113;956690;4113;99929;0;400;0;0;37719
1;3114;957137;4113;99930;0;400;0;0;51402
1;3115;957454;4113;99930;0;400;0;0;46557
1;3116;957797;4113;99931;0;400;0;0;3487
1;3117;958135;4113;99931;0;1040;0;0;4753
1;3118;958454;4113;99932;0;1040;0;0;35310
1;3119;958787;4114;99932;0;400;0;0;13184
1;3120;959127;4114;99932;0;400;0;0;37940
1;3121;959445;4114;99931;0;400;0;0;37490
1;3122;959673;4114;99930;0;1040;0;0;20143
1;3123;960124;4114;99929;0;1040;0;0;29509
1;3124;960442;4115;99928;0;1040;0;0;38420
1;3125;960674;4115;99928;0;400;0;0;13973
1;3126;961119;4115;99926;0;400;0;0;10739
1;3127;961453;4116;99926;0;400;0;0;7691
1;3128;961774;4116;99926;0;400;0;0;38295
1;3129;962094;4116;99926;0;400;0;0;33773
1;3130;962342;4116;99926;0;5520;0;0;3983
1;3131;962664;4117;99926;0;5520;0;0;21435
1;3132;963093;4117;99926;0;5520;0;0;42928
1;3133;963343;4117;99927;0;400;0;0;24641
1;3134;963662;4117;99926;0;400;0;0;51825
1;3135;964102;4117;99926;0;400;0;0;43795
1;3136;964440;4118;99926;0;400;0;0;29817
1;3137;964759;4118;99925;0;400;0;0;54836
1;3138;965094;4118;99925;0;400;0;0;18165
1;3139;965415;4118;99924;0;400;0;0;38948
1;3140;965648;4118;99924;0;400;0;0;39433
1;3141;965879;4118;99924;0;400;0;0;33462
1;3142;966202;4118;99924;0;400;0;0;60585
1;3143;966520;4118;99924;0;400;0;0;50002
1;3144;966769;4119;99925;0;400;0;0;62343
1;3145;967088;4119;99925;0;400;0;0;7506
1;3146;967407;4119;99924;0;400;0;0;52461
1;3147;967635;4119;99925;0;400;0;0;33796
1;3148;967872;4119;99924;0;400;0;0;8682
1;3149;968192;4119;99924;0;400;0;0;14224
1;3150;968529;4119;99923;0;400;0;0;45806
1;3151;968870;4119;99923;0;400;0;0;52554
1;3152;969193;4120;99923;0;400;0;0;46074
1;3153;969424;4120;99922;0;400;0;0;59408
1;3154;969742;4120;99922;0;400;0;0;10746
1;3155;970082;4120;99923;0;400;0;0;1814
1;3156;970309;4120;99923;0;400;0;0;39912
1;3157;970632;4120;99923;0;400;0;0;45477
1;3158;971077;4121;99924;0;400;0;0;313
1;3159;971309;4121;99924;0;400;0;0;62589
1;3160;971627;4121;99923;0;400;0;0;50573
1;3161;972067;4121;99924;0;400;0;0;3456
1;3162;972300;4121;99925;0;400;0;0;34360
1;3163;972618;4122;99925;0;400;0;0;9710
1;3164;973059;4122;99925;0;400;0;0;8505
1;3165;973296;4122;99925;0;400;0;0;25615
1;3166;973618;4122;99925;0;400;0;0;65454
1;3167;973849;4122;99925;0;400;0;0;49946
1;3168;974172;4122;99926;0;400;0;0;49772
1;3169;974406;4122;99926;0;400;0;0;19691
1;3170;974740;4122;99925;0;400;0;0;23036
1;3171;975059;4122;99925;0;400;0;0;37197
1;3172;975377;4122;99925;0;400;0;0;17139
1;3173;975626;4122;99925;0;400;0;0;40191
1;3174;976055;4123;99925;0;400;0;0;50546
1;3175;976373;4123;99926;0;400;0;0;37491
1;3176;976621;4123;99926;0;400;0;0;18702
1;3177;977050;4123;99926;0;400;0;0;28294
1;3178;977388;4123;99925;0;400;0;0;62483
1;3179;977726;4124;99925;0;400;0;0;6052
1;3180;978045;4124;99925;0;400;0;0;3078
1;3181;978273;4124;99925;0;400;0;0;41124
1;3182;978596;4124;99924;0;400;0;0;14790
1;3183;978829;4124;99925;0;400;0;0;15428
1;3184;979163;4124;99925;0;400;0;0;63585
1;3185;979485;4124;99925;0;400;0;0;35927
1;3186;979804;4124;99924;0;400;0;0;59100
1;3187;980056;4124;99924;0;400;0;0;5076
1;3188;980374;4124;99924;0;400;0;0;60607
1;3189;980692;4124;99923;0;400;0;0;43664
1;3190;981049;4125;99923;0;400;0;0;11449
1;3191;981372;4125;99924;0;400;0;0;22609
1;3192;981689;4125;99924;0;400;0;0;49499
1;3193;982024;4125;99924;0;400;0;0;7446
1;3194;982262;4125;99924;0;400;0;0;8261
1;3195;982581;4125;99924;0;400;0;0;1817
1;3196;982809;4126;99925;0;560;0;0;52204
1;3197;983128;4126;99924;0;560;0;0;37885
1;3198;983361;4126;99924;0;560;0;0;49194
1;3199;983593;4126;99924;0;400;0;0;34006
1;3200;984017;4126;99924;0;400;0;0;43158
1;3201;984356;4126;99924;0;400;0;0;20311
1;3202;984584;4126;99925;0;400;0;0;62921
1;3203;985017;4126;99925;0;400;0;0;16667
1;3204;985354;4127;99925;0;400;0;0;3188
1;3205;985587;4127;99925;0;400;0;0;61334
1;3206;986012;4127;99925;0;400;0;0;27719
1;3207;986244;4127;99926;0;400;0;0;15148
1;3208;986582;4127;99926;0;400;0;0;32488
1;3209;987008;4128;99926;0;400;0;0;7769
1;3210;987236;4128;99926;0;400;0;0;49615
1;3211;987557;4128;99926;0;400;0;0;12058
1;3212;987790;4128;99925;0;400;0;0;3974
1;3213;988019;4128;99926;0;400;0;0;32562
1;3214;988337;4128;99925;0;400;0;0;46239
1;3215;988655;4128;99926;0;400;0;0;14599
1;3216;989017;4128;99926;0;400;0;0;21333
1;3217;989335;4129;99926;0;400;0;0;56419
1;3218;989653;4129;99926;0;400;0;0;24455
1;3219;990009;4129;99927;0;400;0;0;26926
1;3220;990328;4129;99927;0;400;0;0;21320
1;3221;990665;4129;99927;0;400;0;0;59290
1;3222;991007;4130;99927;0;400;0;0;60951
1;3223;991326;4130;99926;0;400;0;0;40099
1;3224;991557;4130;99927;0;400;0;0;61144
1;3225;991982;4130;99927;0;400;0;0;41654
1;3226;992215;4131;99928;0;400;0;0;819
1;3227;992443;4131;99929;0;400;0;0;60772
1;3228;992761;4131;99928;0;400;0;0;65238
1;3229;993084;4131;99928;0;400;0;0;48070
1;3230;993336;4131;99927;0;1040;0;0;59122
1;3231;993655;4131;99927;0;1040;0;0;7539
1;3232;993974;4131;99927;0;1040;0;0;38678
1;3233;994206;4132;99927;0;400;0;0;3746
1;3234;994439;4132;99926;0;400;0;0;17799
1;3235;994757;4132;99927;0;400;0;0;45621
1;3236;995092;4132;99928;0;400;0;0;50591
1;3237;995430;4132;99928;0;400;0;0;14931
1;3238;995749;4132;99927;0;400;0;0;53870
1;3239;995981;4133;99927;0;561;0;0;420
1;3240;996303;4133;99927;0;561;0;0;23137
1;3241;996554;4133;99927;0;561;0;0;49035
1;3242;996999;4133;99927;0;1681;0;0;49417
1;3243;997317;4133;99927;0;1681;0;0;61170
1;3244;997655;4134;99927;0;1681;0;0;32191
1;3245;997990;4134;99928;0;401;0;0;56086
1;3246;998308;4134;99928;0;401;0;0;43258
1;3247;998642;4134;99928;0;401;0;0;6707
1;3248;998985;4135;99928;0;401;0;0;57720
1;3249;999303;4135;99928;0;401;0;0;64019
1;3250;999535;4135;99927;0;401;0;0;40978
1;3251;999983;4135;99928;0;401;0;0;52563
1;3252;1000301;4135;99928;0;401;0;0;1704
1;3253;1000529;4135;99928;0;401;0;0;22195
1;3254;1000978;4135;99928;0;401;0;0;11768
1;3255;1001312;4136;99929;0;401;0;0;14619
1;3256;1001630;4136;99928;0;401;0;0;32058
1;3257;1001957;4136;99928;0;401;0;0;59184
1;3258;1002207;4136;99928;0;401;0;0;63914
1;3259;1002526;4136;99928;0;401;0;0;32736
1;3260;1002951;4137;99928;0;401;0;0;43335
1;3261;1003199;4137;99928;0;401;0;0;16898
1;3262;1003518;4137;99928;0;401;0;0;61632
1;3263;1003958;4137;99929;0;401;0;0;64438
1;3264;1004297;4137;99929;0;401;0;0;42968
1;3265;1004619;4137;99930;0;401;0;0;12386
1;3266;1004962;4138;99930;0;401;0;0;1567
1;3267;1005279;4138;99930;0;401;0;0;48688
1;3268;1005513;4138;99930;0;401;0;0;20550
1;3269;1005740;4138;99929;0;401;0;0;39125
1;3270;1006060;4138;99929;0;401;0;0;15093
1;3271;1006377;4138;99929;0;401;0;0;32741
1;3272;1006626;4138;99928;0;401;0;0;54052
1;3273;1006949;4139;99928;0;401;0;0;60118
1;3274;1007271;4139;99928;0;401;0;0;55635
1;3275;1007503;4139;99929;0;401;0;0;52275
1;3276;1007736;4139;99928;0;401;0;0;60096
1;3277;1008055;4139;99928;0;401;0;0;57673
1;3278;1008393;4140;99928;0;1681;0;0;32594
1;3279;1008731;4140;99928;0;1681;0;0;36371
1;3280;1009051;4140;99927;0;1681;0;0;49012
1;3281;1009278;4140;99927;0;401;0;0;16239
1;3282;1009596;4140;99927;0;401;0;0;19587
1;3283;1009936;4140;99927;0;401;0;0;19248
1;3284;1010174;4140;99927;0;401;0;0;8317
1;3285;1010493;4141;99927;0;401;0;0;16962
1;3286;1010950;4141;99928;0;401;0;0;61439
1;3287;1011178;4141;99928;0;401;0;0;16758
1;3288;1011496;4141;99927;0;401;0;0;35269
1;3289;1011937;4141;99928;0;1681;0;0;51242
1;3290;1012172;4141;99929;0;1681;0;0;8767
1;3291;1012490;4141;99929;0;1681;0;0;22025
1;3292;1012940;4142;99927;0;401;0;0;9019
1;3293;1013173;4142;99927;0;401;0;0;39157
1;3294;1013491;4142;99926;0;401;0;0;49337
1;3295;1013719;4142;99926;0;402;0;0;10202
1;3296;1014039;4142;99926;0;402;0;0;33838
1;3297;1014271;4143;99927;0;402;0;0;62469
1;3298;1014604;4143;99927;0;402;0;0;9537
1;3299;1014924;4143;99926;0;402;0;0;50052
1;3300;1015242;4143;99925;0;402;0;0;13069
1;3301;1015497;4143;99925;0;402;0;0;13433
1;3302;1015926;4144;99926;0;402;0;0;65193
1;3303;1016244;4144;99927;0;402;0;0;63763
1;3304;1016492;4144;99928;0;402;0;0;43357
1;3305;1016917;4144;99928;0;402;0;0;35332
1;3306;1017251;4144;99928;0;402;0;0;39011
1;3307;1017589;4145;99927;0;402;0;0;25640
1;3308;1017912;4145;99927;0;402;0;0;54143
1;3309;1018144;4145;99927;0;402;0;0;15445
1;3310;1018466;4145;99926;0;402;0;0;10129
1;3311;1018700;4145;99927;0;402;0;0;20669
1;3312;1019035;4145;99927;0;402;0;0;18173
1;3313;1019353;4145;99927;0;402;0;0;26886
1;3314;1019672;4146;99927;0;402;0;0;3108
1;3315;1019923;4146;99927;0;402;0;0;15901
1;3316;1020241;4146;99927;0;402;0;0;62950
1;3317;1020559;4146;99927;0;402;0;0;45285
1;3318;1020918;4146;99926;0;402;0;0;32637
1;3319;1021240;4146;99927;0;402;0;0;54464
1;3320;1021558;4146;99926;0;402;0;0;54205
1;3321;1021893;4147;99927;0;402;0;0;56193
1;3322;1022126;4147;99928;0;402;0;0;43416
1;3323;1022444;4147;99927;0;402;0;0;3408
1;3324;1022672;4147;99927;0;402;0;0;14745
1;3325;1022992;4147;99928;0;402;0;0;9218
1;3326;1023227;4147;99928;0;402;0;0;21562
1;3327;1023458;4147;99928;0;402;0;0;44018
1;3328;1023891;4148;99928;0;402;0;0;12860
1;3329;1024229;4148;99928;0;402;0;0;51308
1;3330;1024457;4148;99928;0;403;0;0;16515
1;3331;1024882;4149;99928;0;403;0;0;65451
1;3332;1025215;4149;99928;0;403;0;0;61789
1;3333;1025449;4149;99928;0;403;0;0;64299
1;3334;1025879;4150;99929;0;403;0;0;37373
1;3335;1026107;4150;99930;0;403;0;0;52892
1;3336;1026448;4150;99930;0;403;0;0;46757
1;3337;1026874;4150;99930;0;403;0;0;16909
1;3338;1027102;4150;99930;0;403;0;0;10008
1;3339;1027423;4150;99930;0;403;0;0;14789
1;3340;1027656;4151;99931;0;403;0;0;6674
1;3341;1027885;4151;99930;0;403;0;0;41740
1;3342;1028203;4151;99931;0;403;0;0;18717
1;3343;1028525;4151;99931;0;403;0;0;54630
1;3344;1028884;4151;99930;0;403;0;0;37571
1;3345;1029202;4151;99930;0;403;0;0;15883
1;3346;1029523;4152;99930;0;403;0;0;48531
1;3347;1029879;4152;99929;0;403;0;0;62645
1;3348;1030197;4152;99929;0;403;0;0;46684
1;3349;1030530;4152;99928;0;403;0;0;47243
1;3350;1030872;4152;99927;0;403;0;0;26916
1;3351;1031092;4152;99927;0;403;0;0;40833
1;3352;1031426;4152;99926;0;403;0;0;40213
1;3353;1031851;4152;99926;0;403;0;0;61631
1;3354;1032088;4153;99926;0;403;0;0;31965
1;3355;1032315;4153;99926;0;403;0;0;47046
1;3356;1032633;4153;99927;0;403;0;0;21628
1;3357;1032952;4153;99927;0;403;0;0;2760
1;3358;1033202;4153;99927;0;403;0;0;30264
1;3359;1033520;4153;99927;0;403;0;0;49492
1;3360;1033844;4154;99928;0;403;0;0;44229
1;3361;1034072;4154;99929;0;403;0;0;64045
1;3362;1034304;4154;99929;0;403;0;0;26662
1;3363;1034631;4155;99929;0;403;0;0;41436
1;3364;1034969;4155;99929;0;403;0;0;61655
1;3365;1035308;4155;99929;0;403;0;0;5910
1;3366;1035627;4155;99929;0;403;0;0;51096
1;3367;1035855;4156;99930;0;403;0;0;15538
1;3368;1036173;4156;99929;0;403;0;0;61317
1;3369;1036408;4156;99929;0;403;0;0;37615
1;3370;1036849;4156;99929;0;403;0;0;20336
1;3371;1037167;4156;99928;0;403;0;0;25179
1;3372;1037505;4156;99929;0;403;0;0;49604
1;3373;1037844;4156;99929;0;403;0;0;39637
1;3374;1038162;4157;99929;0;403;0;0;8154
1;3375;1038496;4157;99929;0;403;0;0;13076
1;3376;1038838;4157;99929;0;403;0;0;1285
1;3377;1039160;4157;99930;0;403;0;0;36569
1;3378;1039388;4157;99930;0;403;0;0;60364
1;3379;1039837;4158;99930;0;403;0;0;51900
1;3380;1040156;4158;99930;0;403;0;0;10276
1;3381;1040388;4158;99930;0;403;0;0;29486
1;3382;1040834;4158;99931;0;403;0;0;39683
1;3383;1041168;4158;99930;0;1683;0;0;15320
1;3384;1041486;4159;99930;0;1683;0;0;16220
1;3385;1041809;4159;99930;0;1683;0;0;10964
1;3386;1042058;4159;99930;0;403;0;0;18819
1;3387;1042376;4159;99931;0;403;0;0;48689
1;3388;1042805;4159;99931;0;403;0;0;21345
1;3389;1043053;4159;99931;0;403;0;0;64546
1;3390;1043375;4159;99930;0;403;0;0;22407
1;3391;1043816;4160;99930;0;403;0;0;5087
1;3392;1044154;4160;99930;0;403;0;0;30697
1;3393;1044472;4160;99930;0;403;0;0;22546
1;3394;1044811;4160;99930;0;403;0;0;15115
1;3395;1045129;4160;99929;0;403;0;0;56427
1;3396;1045362;4161;99929;0;403;0;0;5898
1;3397;1045589;4161;99929;0;403;0;0;61222
1;3398;1045913;4161;99929;0;403;0;0;31126
1;3399;1046234;4161;99929;0;403;0;0;1766
1;3400;1046485;4161;99930;0;404;0;0;61043
1;3401;1046805;4161;99930;0;404;0;0;26974
1;3402;1047127;4161;99930;0;404;0;0;43731
1;3403;1047355;4161;99931;0;404;0;0;33855
1;3404;1047589;4161;99930;0;404;0;0;62891
1;3405;1047909;4161;99931;0;404;0;0;9181
1;3406;1048242;4161;99931;0;403;0;0;15079
1;3407;1048584;4162;99932;0;403;0;0;22302
1;3408;1048904;4162;99932;0;403;0;0;7490
1;3409;1049131;4162;99933;0;404;0;0;57773
1;3410;1049449;4162;99933;0;404;0;0;25161
1;3411;1049791;4162;99933;0;404;0;0;8328
1;3412;1050023;4162;99933;0;404;0;0;11170
1;3413;1050342;4162;99933;0;404;0;0;29974
1;3414;1050789;4162;99934;0;404;0;0;59376
1;3415;1051017;4163;99935;0;404;0;0;62587
1;3416;1051339;4163;99935;0;404;0;0;61399
1;3417;1051780;4163;99934;0;404;0;0;42112
1;3418;1052013;4163;99934;0;404;0;0;23896
1;3419;1052334;4163;99934;0;404;0;0;53792
1;3420;1052775;4163;99933;0;404;0;0;32015
1;3421;1053008;4163;99933;0;404;0;0;23449
1;3422;1053326;4163;99933;0;404;0;0;45701
1;3423;1053554;4163;99932;0;404;0;0;29280
1;3424;1053877;4163;99930;0;404;0;0;60271
1;3425;1054114;4163;99929;0;404;0;0;35073
1;3426;1054448;4164;99928;0;1044;0;0;55385
1;3427;1054771;4164;99928;0;1044;0;0;28242
1;3428;1055089;4164;99928;0;1044;0;0;42409
1;3429;1055338;4164;99928;0;404;0;0;42329
1;3430;1055767;4165;99928;0;404;0;0;56572
1;3431;1056085;4165;99927;0;404;0;0;30772
1;3432;1056336;4165;99927;0;424;0;0;61175
1;3433;1056762;4165;99928;0;424;0;0;31009
1;3434;1057095;4166;99928;0;404;0;0;61712
1;3435;1057433;4166;99929;0;404;0;0;27738
1;3436;1057757;4166;99929;0;404;0;0;50669
1;3437;1057988;4166;99929;0;409;0;0;56292
1;3438;1058306;4167;99929;0;409;0;0;18094
1;3439;1058826;4167;99929;0;404;0;0;61413
1;3440;1059147;4167;99928;0;404;0;0;27922
1;3441;1059466;4167;99928;0;404;0;0;50094
1;3442;1059821;4167;99928;0;404;0;0;12066
1;3443;1060139;4168;99928;0;404;0;0;6804
1;3444;1060461;4168;99927;0;404;0;0;22973
1;3445;1060796;4168;99927;0;404;0;0;43369
1;3446;1061029;4168;99927;0;404;0;0;2186
1;3447;1061347;4168;99927;0;404;0;0;25849
1;3448;1061579;4168;99927;0;404;0;0;40327
1;3449;1061800;4168;99927;0;404;0;0;40604
1;3450;1062032;4168;99927;0;404;0;0;8464
1;3451;1062366;4169;99927;0;404;0;0;36624
1;3452;1062795;4169;99926;0;404;0;0;6208
1;3453;1063133;4169;99926;0;404;0;0;47884
1;3454;1063361;4169;99926;0;404;0;0;48049
1;3455;1063786;4169;99926;0;404;0;0;24571
1;3456;1064120;4169;99926;0;404;0;0;10710
1;3457;1064356;4170;99927;0;404;0;0;37528
1;3458;1064782;4170;99927;0;404;0;0;45611
1;3459;1065010;4170;99927;0;404;0;0;25223
1;3460;1065348;4170;99929;0;404;0;0;4993
1;3461;1065780;4170;99929;0;404;0;0;24572
1;3462;1066008;4170;99929;0;404;0;0;48633
1;3463;1066325;4171;99929;0;404;0;0;8927
1;3464;1066559;4171;99929;0;404;0;0;33377
1;3465;1066792;4171;99928;0;404;0;0;16572
1;3466;1067114;4171;99928;0;404;0;0;4710
1;3467;1067432;4172;99927;0;404;0;0;36014
1;3468;1067787;4172;99928;0;404;0;0;32967
1;3469;1068109;4172;99927;0;404;0;0;42812
1;3470;1068427;4173;99928;0;404;0;0;22792
1;3471;1068782;4173;99927;0;1044;0;0;28048
1;3472;1069101;4173;99927;0;1044;0;0;48370
1;3473;1069438;4174;99926;0;404;0;0;5267
1;3474;1069781;4174;99927;0;404;0;0;11435
1;3475;1070100;4174;99926;0;404;0;0;29352
1;3476;1070327;4174;99926;0;404;0;0;52639
1;3477;1070756;4175;99927;0;404;0;0;39392
1;3478;1070989;4175;99927;0;404;0;0;59444
1;3479;1071216;4175;99926;0;1685;0;0;4721
1;3480;1071534;4176;99926;0;1685;0;0;46275
1;3481;1071853;4176;99926;0;1685;0;0;52147
1;3482;1072102;4176;99926;0;404;0;0;23773
1;3483;1072424;4176;99926;0;404;0;0;12073
1;3484;1072747;4177;99926;0;404;0;0;61754
1;3485;1072975;4177;99927;0;405;0;0;35475
1;3486;1073214;4177;99927;0;405;0;0;44658
1;3487;1073532;4178;99928;0;405;0;0;50463
1;3488;1073867;4178;99927;0;1045;0;0;25239
1;3489;1074206;4178;99927;0;1045;0;0;47444
1;3490;1074525;4179;99926;0;1045;0;0;46968
1;3491;1074753;4179;99926;0;405;0;0;50470
1;3492;1075075;4179;99927;0;405;0;0;9884
1;3493;1075308;4179;99927;0;405;0;0;49193
1;3494;1075749;4179;99926;0;405;0;0;50687
1;3495;1076070;4180;99927;0;405;0;0;59559
1;3496;1076409;4180;99927;0;405;0;0;18858
1;3497;1076743;4180;99927;0;404;0;0;19162
1;3498;1077066;4181;99928;0;404;0;0;62160
1;3499;1077399;4181;99928;0;2964;0;0;23555
1;3500;1077746;4181;99928;0;2964;0;0;55636
1;3501;1078065;4181;99928;0;2964;0;0;65032
1;3502;1078293;4181;99928;0;405;0;0;23015
1;3503;1078742;4181;99928;0;405;0;0;38646
1;3504;1079061;4182;99928;0;405;0;0;14956
1;3505;1079288;4182;99927;0;405;0;0;3892
1;3506;1079734;4182;99928;0;405;0;0;47713
1;3507;1080067;4182;99928;0;405;0;0;42358
1;3508;1080389;4183;99929;0;405;0;0;28820
1;3509;1080708;4183;99929;0;405;0;0;40513
1;3510;1080960;4183;99929;0;405;0;0;18308
1;3511;1081282;4183;99929;0;405;0;0;26751
1;3512;1081707;4184;99930;0;405;0;0;4215
1;3513;1081956;4184;99930;0;20887;0;0;57891
1;3514;1082274;4184;99930;0;20887;0;0;53831
1;3515;1082714;4185;99929;0;425;0;0;27160
1;3516;1083057;4185;99929;0;425;0;0;47730
1;3517;1083375;4185;99929;0;425;0;0;20240
1;3518;1083714;4185;99929;0;405;0;0;29595
1;3519;1084035;4186;99929;0;405;0;0;4738
1;3520;1084268;4186;99929;0;405;0;0;49316
1;3521;1084496;4186;99929;0;10645;0;0;8754
1;3522;1084819;4186;99929;0;10645;0;0;16700
1;3523;1085137;4186;99928;0;10645;0;0;63207
1;3524;1085385;4186;99929;0;405;0;0;38665
1;3525;1085708;4187;99929;0;405;0;0;9511
1;3526;1086027;4187;99930;0;405;0;0;52538
1;3527;1086254;4187;99930;0;405;0;0;44141
1;3528;1086487;4187;99930;0;405;0;0;56098
1;3529;1086811;4188;99930;0;405;0;0;56205
1;3530;1087144;4188;99930;0;405;0;0;56041
1;3531;1087483;4188;99930;0;405;0;0;64497
1;3532;1087802;4188;99930;0;405;0;0;34878
1;3533;1088030;4188;99930;0;405;0;0;49638
1;3534;1088355;4189;99931;0;405;0;0;2197
1;3535;1088699;4189;99931;0;405;0;0;44808
1;3536;1088927;4189;99931;0;405;0;0;58074
1;3537;1089250;4190;99931;0;405;0;0;38224
1;3538;1089697;4190;99931;0;405;0;0;6738
1;3539;1089925;4190;99931;0;405;0;0;5091
1;3540;1090242;4190;99931;0;405;0;0;51995
1;3541;1090683;4190;99931;0;405;0;0;36934
1;3542;1090923;4191;99931;0;405;0;0;4352
1;3543;1091240;4191;99931;0;405;0;0;40568
1;3544;1091681;4191;99931;0;405;0;0;64153
1;3545;1091928;4191;99931;0;405;0;0;14675
1;3546;1092249;4191;99931;0;405;0;0;15344
1;3547;1092477;4192;99931;0;10646;0;0;7324
1;3548;1092797;4192;99931;0;10646;0;0;50704
1;3549;1093029;4192;99932;0;10646;0;0;135
1;3550;1093362;4192;99931;0;405;0;0;64387
1;3551;1093686;4192;99931;0;405;0;0;7212
1;3552;1094004;4193;99932;0;405;0;0;31696
1;3553;1094252;4193;99931;0;405;0;0;64814
1;3554;1094686;4193;99931;0;405;0;0;13398
1;3555;1095003;4193;99931;0;405;0;0;26883
1;3556;1095253;4193;99932;0;405;0;0;30640
1;3557;1095679;4194;99932;0;405;0;0;42224
1;3558;1096016;4194;99932;0;405;0;0;15994
1;3559;1096358;4194;99932;0;405;0;0;49259
1;3560;1096677;4195;99932;0;405;0;0;52783
1;3561;1096909;4195;99931;0;405;0;0;59904
1;3562;1097227;4195;99931;0;405;0;0;12841
1;3563;1097460;4195;99932;0;405;0;0;39482
1;3564;1097795;4196;99932;0;405;0;0;62080
1;3565;1098113;4196;99932;0;405;0;0;11635
1;3566;1098431;4196;99932;0;405;0;0;28769
1;3567;1098680;4196;99932;0;405;0;0;29940
1;3568;1099002;4197;99932;0;405;0;0;39604
1;3569;1099320;4197;99933;0;405;0;0;30019
1;3570;1099680;4197;99932;0;405;0;0;7735
1;3571;1100002;4198;99932;0;405;0;0;12119
1;3572;1100320;4198;99932;0;405;0;0;64745
1;3573;1100655;4198;99932;0;405;0;0;1896
1;3574;1100887;4199;99932;0;405;0;0;64903
1;3575;1101206;4199;99932;0;405;0;0;4946
1;3576;1101438;4200;99932;0;10646;0;0;65325
1;3577;1101757;4200;99933;0;10646;0;0;59509
1;3578;1101990;4200;99933;0;10646;0;0;26706
1;3579;1102221;4200;99933;0;405;0;0;51202
1;3580;1102646;4200;99934;0;405;0;0;44723
1;3581;1102985;4200;99933;0;405;0;0;18300
1;3582;1103213;4200;99933;0;405;0;0;27358
1;3583;1103642;4200;99933;0;405;0;0;56321
1;3584;1103975;4199;99933;0;10646;0;0;8034
1;3585;1104212;4199;99933;0;10646;0;0;31356
1;3586;1104637;4199;99934;0;10646;0;0;49971
1;3587;1104869;4199;99933;0;405;0;0;2236
1;3588;1105207;4199;99933;0;405;0;0;17873
1;3589;1105639;4200;99933;0;405;0;0;9436
1;3590;1105867;4200;99933;0;405;0;0;1634
1;3591;1106185;4200;99932;0;405;0;0;7644
1;3592;1106428;4200;99932;0;405;0;0;20120
1;3593;1106657;4200;99931;0;405;0;0;39692
1;3594;1106979;4200;99931;0;405;0;0;32895
1;3595;1107300;4199;99931;0;405;0;0;15804
1;3596;1107660;4199;99932;0;405;0;0;36169
1;3597;1107978;4200;99933;0;405;0;0;28979
1;3598;1108296;4200;99933;0;405;0;0;62167
1;3599;1108651;4200;99935;0;405;0;0;57630
1;3600;1108970;4201;99935;0;405;0;0;65219
1;3601;1109303;4201;99935;0;405;0;0;41488
1;3602;1109648;4201;99936;0;405;0;0;62093
1;3603;1109966;4201;99936;0;405;0;0;2031
1;3604;1110198;4201;99936;0;405;0;0;47863
1;3605;1110626;4201;99935;0;405;0;0;34160
1;3606;1110860;4202;99935;0;405;0;0;18863
1;3607;1111091;4202;99935;0;405;0;0;20630
1;3608;1111408;4202;99935;0;405;0;0;7089
1;3609;1111728;4202;99935;0;405;0;0;42479
1;3610;1111976;4202;99935;0;405;0;0;59098
1;3611;1112294;4202;99935;0;405;0;0;56455
1;3612;1112618;4202;99935;0;405;0;0;60005
1;3613;1112849;4202;99935;0;405;0;0;2155
1;3614;1113082;4203;99935;0;405;0;0;15664
1;3615;1113401;4203;99935;0;405;0;0;39614
1;3616;1113736;4203;99935;0;405;0;0;19164
1;3617;1114074;4203;99935;0;405;0;0;31526
1;3618;1114392;4203;99934;0;405;0;0;58914
1;3619;1114624;4203;99934;0;405;0;0;18785
1;3620;1114942;4203;99934;0;405;0;0;7173
1;3621;1115177;4203;99934;0;405;0;0;50730
1;3622;1115626;4203;99935;0;405;0;0;32109
1;3623;1115943;4203;99934;0;405;0;0;26404
1;3624;1116281;4203;99934;0;405;0;0;14150
1;3625;1116616;4203;99935;0;405;0;0;23517
1;3626;1116935;4203;99936;0;405;0;0;24690
1;3627;1117268;4204;99937;0;405;0;0;37776
1;3628;1117609;4204;99938;0;405;0;0;1828
1;3629;1117931;4204;99939;0;405;0;0;45311
1;3630;1118163;4204;99939;0;405;0;0;53192
1;3631;1118608;4204;99940;0;405;0;0;33660
1;3632;1118930;4204;99941;0;405;0;0;28868
1;3633;1119158;4204;99941;0;405;0;0;369
1;3634;1119603;4205;99941;0;405;0;0;11727
1;3635;1119937;4205;99941;0;405;0;0;59474
1;3636;1120254;4205;99941;0;405;0;0;44500
1;3637;1120578;4205;99941;0;405;0;0;46182
1;3638;1120831;4205;99941;0;405;0;0;41046
1;3639;1121149;4205;99943;0;405;0;0;12062
1;3640;1121577;4205;99941;0;405;0;0;49338
1;3641;1121826;4205;99941;0;405;0;0;16606
1;3642;1122144;4205;99941;0;405;0;0;49978
1;3643;1122585;4205;99941;0;405;0;0;25840
1;3644;1122927;4205;99940;0;405;0;0;22176
1;3645;1123249;4205;99940;0;405;0;0;21450
1;3646;1123587;4205;99941;0;405;0;0;51959
1;3647;1123905;4204;99941;0;405;0;0;57350
1;3648;1124138;4204;99940;0;405;0;0;23017
1;3649;1124366;4204;99940;0;405;0;0;33126
1;3650;1124685;4204;99940;0;405;0;0;4704
1;3651;1125003;4204;99940;0;405;0;0;52850
1;3652;1125252;4204;99939;0;405;0;0;32842
1;3653;1125572;4204;99939;0;405;0;0;20174
1;3654;1125890;4204;99939;0;405;0;0;38631
1;3655;1126126;4204;99939;0;405;0;0;14446
1;3656;1126361;4204;99939;0;405;0;0;27334
1;3657;1126684;4204;99939;0;405;0;0;40331
1;3658;1127018;4204;99939;0;405;0;0;16269
1;3659;1127357;4204;99940;0;405;0;0;33960
1;3660;1127676;4204;99939;0;405;0;0;38771
1;3661;1127904;4204;99940;0;405;0;0;4716
1;3662;1128221;4204;99939;0;405;0;0;30669
1;3663;1128565;4204;99938;0;405;0;0;52119
1;3664;1128793;4204;99939;0;1685;0;0;34865
1;3665;1129115;4204;99939;0;1685;0;0;6059
1;3666;1129561;4204;99939;0;1685;0;0;3288
1;3667;1129789;4204;99939;0;405;0;0;11328
1;3668;1130110;4204;99940;0;405;0;0;40589
1;3669;1130551;4204;99940;0;405;0;0;38764
1;3670;1130784;4204;99940;0;405;0;0;8679
1;3671;1131102;4204;99940;0;405;0;0;43246
1;3672;1131546;4204;99939;0;405;0;0;53317
1;3673;1131780;4204;99939;0;405;0;0;23843
1;3674;1132102;4204;99940;0;405;0;0;46867
1;3675;1132330;4204;99940;0;405;0;0;16822
1;3676;1132653;4204;99940;0;405;0;0;2073
1;3677;1132886;4204;99940;0;405;0;0;59927
1;3678;1133219;4204;99940;0;405;0;0;35135
1;3679;1133538;4204;99940;0;405;0;0;38882
1;3680;1133861;4204;99940;0;405;0;0;22333
1;3681;1134111;4204;99940;0;405;0;0;58808
1;3682;1134536;4204;99940;0;405;0;0;56127
1;3683;1134858;4204;99941;0;405;0;0;34453
1;3684;1135106;4204;99941;0;404;0;0;31110
1;3685;1135531;4204;99941;0;404;0;0;21573
1;3686;1135865;4204;99941;0;404;0;0;2331
1;3687;1136203;4204;99940;0;404;0;0;48363
1;3688;1136526;4203;99940;0;404;0;0;44928
1;3689;1136754;4204;99940;0;405;0;0;1611
1;3690;1137072;4204;99941;0;405;0;0;44526
1;3691;1137305;4203;99941;0;405;0;0;64068
1;3692;1137647;4203;99941;0;404;0;0;64101
1;3693;1137969;4203;99942;0;404;0;0;61290
1;3694;1138287;4203;99942;0;404;0;0;63102
1;3695;1138536;4203;99941;0;404;0;0;35345
1;3696;1138854;4203;99941;0;404;0;0;24889
1;3697;1139172;4203;99941;0;404;0;0;20162
1;3698;1139532;4203;99941;0;405;0;0;40416
1;3699;1139851;4203;99940;0;405;0;0;2443
1;3700;1140168;4203;99940;0;405;0;0;53906
1;3701;1140503;4203;99940;0;2964;0;0;60845
1;3702;1140740;4203;99941;0;2964;0;0;4569
1;3703;1141059;4203;99941;0;2964;0;0;27976
1;3704;1141286;4202;99941;0;404;0;0;5504
1;3705;1141610;4202;99941;0;404;0;0;57127
1;3706;1141845;4202;99941;0;404;0;0;4613
1;3707;1142073;4202;99941;0;404;0;0;58528
1;3708;1142497;4202;99941;0;404;0;0;10223
1;3709;1142836;4202;99941;0;404;0;0;52899
1;3710;1143064;4202;99940;0;404;0;0;13396
1;3711;1143493;4202;99940;0;404;0;0;16497
1;3712;1143830;4202;99940;0;404;0;0;36506
1;3713;1144063;4201;99940;0;404;0;0;48348
1;3714;1144492;4201;99941;0;404;0;0;479
1;3715;1144720;4201;99942;0;404;0;0;59781
1;3716;1145058;4201;99941;0;404;0;0;43449
1;3717;1145487;4201;99942;0;404;0;0;57161
1;3718;1145715;4201;99942;0;404;0;0;27642
1;3719;1146033;4201;99942;0;404;0;0;29874
1;3720;1146265;4201;99941;0;404;0;0;46431
1;3721;1146494;4201;99941;0;404;0;0;17837
1;3722;1146816;4201;99942;0;404;0;0;53284
1;3723;1147139;4201;99941;0;404;0;0;65426
1;3724;1147494;4200;99940;0;404;0;0;42886
1;3725;1147812;4200;99939;0;404;0;0;20936
1;3726;1148130;4200;99940;0;404;0;0;30882
1;3727;1148489;4200;99940;0;404;0;0;40168
1;3728;1148807;4200;99940;0;404;0;0;50144
1;3729;1149144;4200;99940;0;404;0;0;63326
1;3730;1149484;4200;99941;0;404;0;0;62713
1;3731;1149809;4200;99941;0;404;0;0;12477
1;3732;1150036;4200;99941;0;404;0;0;3413
1;3733;1150461;4199;99940;0;404;0;0;14733
1;3734;1150694;4199;99940;0;404;0;0;3063
1;3735;1150921;4199;99939;0;404;0;0;40397
1;3736;1151239;4199;99939;0;404;0;0;43144
1;3737;1151558;4199;99940;0;404;0;0;57217
1;3738;1151807;4199;99940;0;404;0;0;51280
1;3739;1152125;4199;99940;0;404;0;0;10000
1;3740;1152453;4199;99939;0;404;0;0;51597
1;3741;1152681;4199;99940;0;404;0;0;22268
1;3742;1152916;4199;99940;0;404;0;0;31393
1;3743;1153234;4199;99940;0;404;0;0;51180
1;3744;1153569;4199;99940;0;404;0;0;58986
1;3745;1153909;4199;99941;0;404;0;0;28053
1;3746;1154227;4198;99940;0;404;0;0;96
1;3747;1154459;4198;99940;0;5524;0;0;7199
1;3748;1154777;4198;99940;0;5524;0;0;38797
1;3749;1155014;4198;99940;0;5524;0;0;2569
1;3750;1155458;4198;99939;0;404;0;0;3918
1;3751;1155776;4198;99940;0;404;0;0;18785
1;3752;1156114;4198;99939;0;404;0;0;48527
1;3753;1156449;4197;99939;0;404;0;0;28464
1;3754;1156771;4197;99939;0;404;0;0;23733
1;3755;1157104;4197;99940;0;404;0;0;21520
1;3756;1157444;4197;99940;0;404;0;0;11954
1;3757;1157766;4197;99939;0;404;0;0;39061
1;3758;1157994;4197;99939;0;404;0;0;12839
1;3759;1158443;4197;99939;0;404;0;0;17509
1;3760;1158761;4197;99938;0;404;0;0;47069
1;3761;1158989;4197;99938;0;404;0;0;48748
1;3762;1159436;4197;99938;0;404;1;0;24974
1;3763;1159770;4197;99938;0;404;1;0;21397
1;3764;1160088;4197;99938;0;404;1;0;26726
1;3765;1160411;4197;99939;0;404;1;0;20365
1;3766;1160662;4196;99938;0;404;1;0;56569
1;3767;1160981;4196;99939;0;404;1;0;9196
1;3768;1161409;4196;99938;0;404;1;0;64795
1;3769;1161659;4196;99939;0;404;1;0;44986
1;3770;1161977;4196;99939;0;404;1;0;27703
1;3771;1162417;4196;99939;0;404;1;0;36231
1;3772;1162756;4196;99939;0;404;1;0;30352
1;3773;1163078;4196;99939;0;404;1;0;22891
1;3774;1163413;4195;99939;0;404;1;0;54884
1;3775;1163730;4195;99939;0;404;1;0;43765
1;3776;1163964;4195;99939;0;404;1;0;55376
1;3777;1164191;4195;99939;0;404;1;0;41807
1;3778;1164412;4195;99939;0;404;1;0;15608
1;3779;1164733;4195;99939;0;404;1;0;53805
1;3780;1164966;4195;99939;0;404;1;0;43080
1;3781;1165194;4195;99939;0;404;1;0;9961
1;3782;1165518;4195;99940;0;404;1;0;16322
1;3783;1165836;4195;99940;0;404;1;0;2172
1;3784;1166084;4195;99941;0;404;1;0;21792
1;3785;1166404;4195;99941;0;404;1;0;39844
1;3786;1166722;4194;99941;0;404;1;0;61091
1;3787;1166954;4194;99940;0;404;1;0;13222
1;3788;1167186;4194;99940;0;404;1;0;1166
1;3789;1167505;4194;99939;0;404;1;0;4118
1;3790;1167733;4194;99939;0;404;1;0;15796
1;3791;1168054;4194;99939;0;404;1;0;45772
1;3792;1168397;4194;99939;0;404;1;0;35894
1;3793;1168624;4194;99939;0;404;1;0;11356
1;3794;1168943;4193;99939;0;404;1;0;45603
1;3795;1169389;4193;99940;0;404;1;0;17517
1;3796;1169617;4193;99940;0;404;1;0;57843
1;3797;1169935;4193;99940;0;404;1;0;3284
1;3798;1170383;4193;99940;0;404;1;0;24316
1;3799;1170617;4193;99939;0;404;1;0;63882
1;3800;1170938;4193;99939;0;404;1;0;45741
1;3801;1171379;4193;99939;0;404;1;0;49965
1;3802;1171612;4193;99940;0;404;1;0;19752
1;3803;1171934;4193;99939;0;404;1;0;19310
1;3804;1172161;4193;99940;0;404;1;0;23358
1;3805;1172481;4193;99940;0;404;1;0;52630
1;3806;1172713;4193;99940;0;404;1;0;35976
1;3807;1173047;4193;99940;0;404;1;0;25007
1;3808;1173374;4193;99939;0;404;1;0;62726
1;3809;1173692;4193;99939;0;404;1;0;64459
1;3810;1173941;4193;99939;0;404;1;0;46621
1;3811;1174365;4192;99939;0;404;1;0;24086
1;3812;1174684;4192;99939;0;404;1;0;38008
1;3813;1174932;4193;99939;0;404;1;0;8240
1;3814;1175361;4192;99939;0;404;1;0;37469
1;3815;1175698;4192;99939;0;404;1;0;45433
1;3816;1176038;4192;99940;0;404;1;0;33614
1;3817;1176258;4192;99939;0;404;1;0;58155
1;3818;1176591;4192;99940;0;404;1;0;9307
1;3819;1176910;4192;99939;0;404;1;0;4923
1;3820;1177143;4192;99940;0;404;1;0;9505
1;3821;1177477;4192;99940;0;404;1;0;41173
1;3822;1177795;4192;99940;0;404;1;0;45447
1;3823;1178114;4192;99939;0;404;1;0;40610
1;3824;1178362;4192;99940;0;404;1;0;124
1;3825;1178680;4191;99939;0;404;1;0;25635
1;3826;1178903;4191;99939;0;404;1;0;30651
1;3827;1179717;4191;99938;0;404;1;0;3389
1;3828;1180035;4191;99939;0;404;1;0;44303
1;3829;1180370;4191;99939;0;404;1;0;60858
1;3830;1180688;4191;99939;0;404;1;0;63177
1;3831;1180921;4191;99939;0;404;1;0;2858
1;3832;1181149;4191;99939;0;404;1;0;30373
1;3833;1181476;4191;99939;0;404;1;0;54574
1;3834;1181794;4191;99939;0;404;1;0;50300
1;3835;1182047;4191;99938;0;404;1;0;40055
1;3836;1182365;4190;99938;0;404;1;0;41614
1;3837;1182684;4190;99938;0;404;1;0;48211
1;3838;1182912;4190;99938;0;414;1;0;15099
1;3839;1183145;4190;99938;0;414;1;0;40756
1;3840;1183468;4190;99938;0;414;1;0;1373
1;3841;1183695;4190;99937;0;403;1;0;10178
1;3842;1184013;4190;99937;0;403;1;0;3646
1;3843;1184357;4189;99936;0;403;1;0;60566
1;3844;1184585;4189;99937;0;414;1;0;32516
1;3845;1184903;4189;99937;0;414;1;0;42196
1;3846;1185352;4189;99937;0;414;1;0;60175
1;3847;1185580;4189;99937;0;404;1;0;56340
1;3848;1185898;4189;99937;0;404;1;0;5479
1;3849;1186362;4189;99937;0;404;1;0;60692
1;3850;1186680;4189;99937;0;404;1;0;28400
1;3851;1187001;4189;99937;0;404;1;0;16542
1;3852;1187340;4188;99937;0;403;1;0;39230
1;3853;1187575;4188;99937;0;403;1;0;23320
1;3854;1187893;4188;99937;0;403;1;0;13552
1;3855;1188120;4188;99937;0;404;1;0;52583
1;3856;1188443;4188;99937;0;404;1;0;63092
1;3857;1188676;4188;99937;0;404;1;0;27632
1;3858;1189010;4188;99937;0;404;1;0;34094
1;3859;1189329;4188;99937;0;404;1;0;47671
1;3860;1189672;4188;99937;0;404;1;0;64956
1;3861;1189900;4188;99937;0;404;1;0;9523
1;3862;1190325;4188;99938;0;404;1;0;49684
1;3863;1190643;4188;99937;0;404;1;0;38644
1;3864;1190894;4188;99937;0;404;1;0;24202
1;3865;1191322;4187;99937;0;404;1;0;37801
1;3866;1191656;4187;99937;0;404;1;0;29223
1;3867;1191889;4187;99937;0;404;1;0;45549
1;3868;1192321;4187;99936;0;404;1;0;51082
1;3869;1192549;4187;99937;0;2964;1;0;46780
1;3870;1192867;4187;99938;0;2964;1;0;65058
1;3871;1193100;4187;99938;0;2964;1;0;33054
1;3872;1193435;4187;99938;0;404;1;0;45052
1;3873;1193753;4187;99937;0;404;1;0;57528
1;3874;1194096;4187;99937;0;404;1;0;14422
1;3875;1194324;4187;99937;0;404;1;0;12775
1;3876;1194646;4187;99937;0;404;1;0;19069
1;3877;1194967;4187;99936;0;404;1;0;36073
1;3878;1195324;4187;99936;0;403;1;0;23486
1;3879;1195642;4186;99936;0;403;1;0;12999
1;3880;1195960;4186;99936;0;403;1;0;39178
1;3881;1196315;4186;99936;0;404;1;0;58853
1;3882;1196634;4186;99936;0;404;1;0;5966
1;3883;1196967;4186;99936;0;403;1;0;30932
1;3884;1197294;4186;99936;0;403;1;0;50594
1;3885;1197529;4186;99936;0;403;1;0;58164
1;3886;1197863;4186;99936;0;403;1;0;40462
1;3887;1198288;4185;99936;0;403;1;0;11791
1;3888;1198525;4185;99936;0;403;1;0;35883
1;3889;1198753;4185;99936;0;403;1;0;24800
1;3890;1199071;4185;99937;0;403;1;0;56790
1;3891;1199390;4185;99936;0;403;1;0;33749
1;3892;1199638;4185;99936;0;404;1;0;45379
1;3893;1199956;4185;99936;0;404;1;0;40632
1;3894;1200282;4185;99936;0;404;1;0;56312
1;3895;1200510;4185;99936;0;403;1;0;15761
1;3896;1200743;4185;99936;0;403;1;0;62990
1;3897;1201062;4185;99936;0;403;1;0;6363
1;3898;1201397;4185;99936;0;403;1;0;21863
1;3899;1201715;4185;99937;0;403;1;0;63768
1;3900;1201948;4185;99937;0;403;1;0;41631
1;3901;1202286;4185;99937;0;403;1;0;32345
1;3902;1202608;4184;99937;0;403;1;0;37455
1;3903;1202951;4184;99937;0;403;1;0;44188
1;3904;1203289;4184;99937;0;403;1;0;31976
1;3905;1203608;4184;99938;0;403;1;0;60103
1;3906;1203925;4184;99938;0;403;1;0;56564
1;3907;1204281;4184;99938;0;403;1;0;50781
1;3908;1204599;4184;99938;0;403;1;0;51518
1;3909;1204932;4184;99938;0;403;1;0;7233
1;3910;1205276;4184;99938;0;403;1;0;49127
1;3911;1205594;4184;99938;0;403;1;0;54164
1;3912;1205826;4184;99938;0;404;1;0;28477
1;3913;1206275;4184;99939;0;404;1;0;53427
1;3914;1206593;4184;99938;0;404;1;0;35614
1;3915;1206821;4184;99938;0;563;1;0;27822
1;3916;1207246;4183;99938;0;563;1;0;15871
1;3917;1207479;4183;99938;0;563;1;0;18058
1;3918;1207707;4183;99938;0;403;1;0;54668
1;3919;1208029;4183;99937;0;403;1;0;33132
1;3920;1208352;4183;99937;0;403;1;0;38737
1;3921;1208604;4183;99937;0;403;1;0;2033
1;3922;1208922;4183;99937;0;403;1;0;34804
1;3923;1209241;4183;99937;0;403;1;0;18661
1;3924;1209469;4183;99937;0;403;1;0;60899
1;3925;1209705;4183;99937;0;403;1;0;50769
1;3926;1210023;4183;99936;0;403;1;0;59653
1;3927;1210251;4183;99936;0;403;1;0;26532
1;3928;1210574;4183;99937;0;403;1;0;18360
1;3929;1210809;4183;99937;0;403;1;0;6442
1;3930;1211249;4182;99938;0;403;1;0;6598
1;3931;1211567;4182;99938;0;403;1;0;56343
1;3932;1211803;4182;99938;0;403;1;0;12199
1;3933;1212031;4182;99938;0;403;1;0;61043
1;3934;1212350;4182;99938;0;403;1;0;44217
1;3935;1212669;4182;99937;0;403;1;0;56099
1;3936;1212916;4182;99937;0;403;1;0;7731
1;3937;1213243;4182;99936;0;403;1;0;9662
1;3938;1213561;4182;99936;0;403;1;0;26337
1;3939;1213789;4182;99936;0;403;1;0;28496
1;3940;1214022;4182;99937;0;403;1;0;52604
1;3941;1214345;4182;99937;0;403;1;0;50933
1;3942;1214683;4182;99937;0;403;1;0;35374
1;3943;1215001;4182;99938;0;403;1;0;50538
1;3944;1215235;4182;99938;0;403;1;0;32698
1;3945;1215568;4182;99938;0;403;1;0;40473
1;3946;1215890;4182;99938;0;403;1;0;60917
1;3947;1216230;4182;99938;0;403;1;0;49704
1;3948;1216458;4182;99938;0;403;1;0;43145
1;3949;1216780;4182;99938;0;403;1;0;28386
1;3950;1217205;4181;99938;0;403;1;0;32499
1;3951;1217455;4182;99938;0;403;1;0;32696
1;3952;1217776;4181;99938;0;403;1;0;53573
1;3953;1218217;4181;99939;0;403;1;0;26253
1;3954;1218454;4181;99939;0;403;1;0;27412
1;3955;1218772;4181;99939;0;403;1;0;38353
1;3956;1219216;4181;99939;0;403;1;0;54315
1;3957;1219554;4181;99938;0;403;1;0;410
1;3958;1219872;4181;99938;0;403;1;0;6889
1;3959;1220207;4181;99938;0;403;1;0;41217
1;3960;1220526;4181;99939;0;403;1;0;58275
1;3961;1220762;4181;99939;0;403;1;0;16435
1;3962;1220998;4181;99938;0;403;1;0;39111
1;3963;1221317;4181;99938;0;403;1;0;59319
1;3964;1221636;4181;99938;0;403;1;0;34301
1;3965;1221884;4181;99938;0;2963;1;0;7766
1;3966;1222202;4181;99938;0;2963;1;0;50815
1;3967;1222521;4181;99938;0;2963;1;0;63846
1;3968;1222749;4181;99939;0;403;1;0;58991
1;3969;1222982;4181;99939;0;403;1;0;14435
1;3970;1223301;4181;99939;0;403;1;0;6916
1;3971;1223532;4181;99938;0;403;1;0;38538
1;3972;1223854;4180;99938;0;403;1;0;10401
1;3973;1224199;4180;99938;0;403;1;0;60719
1;3974;1224431;4180;99938;0;403;1;0;44081
1;3975;1224749;4180;99938;0;403;1;0;10706
1;3976;1225195;4180;99938;0;403;1;0;49559
1;3977;1225422;4180;99938;0;403;1;0;39085
1;3978;1225740;4180;99939;0;403;1;0;23447
1;3979;1226204;4180;99938;0;423;1;0;58880
1;3980;1226522;4180;99938;0;423;1;0;30262
1;3981;1226844;4180;99938;0;423;1;0;52091
1;3982;1227178;4180;99938;0;403;1;0;23796
1;3983;1227411;4179;99938;0;403;1;0;5471
1;3984;1227730;4179;99939;0;403;1;0;38824
1;3985;1227957;4179;99939;0;403;1;0;6016
1;3986;1228280;4179;99939;0;403;1;0;25050
1;3987;1228513;4179;99938;0;403;1;0;1586
1;3988;1228851;4179;99937;0;403;1;0;51990
1;3989;1229170;4179;99937;0;403;1;0;54731
1;3990;1229508;4179;99936;0;403;1;0;10120
1;3991;1229740;4179;99936;0;403;1;0;37541
1;3992;1230169;4179;99936;0;403;1;0;346
1;3993;1230487;4178;99936;0;403;1;0;7995
1;3994;1230735;4179;99936;0;403;1;0;6509
1;3995;1231160;4178;99936;0;403;1;0;62346
1;3996;1231497;4178;99936;0;403;1;0;58161
1;3997;1231731;4178;99937;0;403;1;0;16792
1;3998;1232160;4178;99936;0;403;1;0;31817
1;3999;1232388;4178;99938;0;10643;1;0;10159
1;4000;1232710;4178;99938;0;10643;1;0;11405
1;4001;1232943;4178;99938;0;10643;1;0;31606
1;4002;1233278;4178;99938;0;403;1;0;25912
1;4003;1233595;4178;99938;0;403;1;0;34828
1;4004;1233934;4178;99938;0;403;1;0;62409
1;4005;1234167;4178;99939;0;403;1;0;51298
1;4006;1234484;4178;99940;0;403;1;0;27292
1;4007;1234802;4178;99938;0;403;1;0;63259
1;4008;1235161;4178;99938;0;403;1;0;24092
1;4009;1235483;4178;99937;0;403;1;0;4440
1;4010;1235801;4178;99939;0;403;1;0;12815
1;4011;1236160;4178;99939;0;403;1;0;64884
1;4012;1236479;4178;99939;0;403;1;0;47346
1;4013;1236816;4178;99939;0;403;1;0;7984
1;4014;1237135;4177;99939;0;403;1;0;56610
1;4015;1237368;4177;99938;0;403;1;0;44017
1;4016;1237702;4177;99938;0;403;1;0;61079
1;4017;1238127;4177;99938;0;403;1;0;43979
1;4018;1238362;4177;99938;0;403;1;0;134
1;4019;1238590;4177;99938;0;403;1;0;12634
1;4020;1238908;4177;99938;0;403;1;0;64161
1;4021;1239231;4177;99939;0;403;1;0;15559
1;4022;1239480;4177;99939;0;403;1;0;37965
1;4023;1239804;4177;99938;0;403;1;0;16858
1;4024;1240124;4177;99938;0;403;1;0;41804
1;4025;1240351;4177;99938;0;403;1;0;55379
1;4026;1240595;4177;99938;0;403;1;0;34438
1;4027;1240913;4177;99938;0;403;1;0;43389
1;4028;1241255;4177;99937;0;403;1;0;31179
1;4029;1241573;4177;99937;0;403;1;0;22064
1;4030;1241806;4177;99937;0;403;1;0;17993
1;4031;1242026;4177;99937;0;403;1;0;14332
1;4032;1242253;4176;99936;0;403;1;0;46935
1;4033;1242571;4176;99936;0;403;1;0;56100
1;4034;1242803;4176;99936;0;403;1;0;40062
1;4035;1243142;4176;99935;0;403;1;0;26186
1;4036;1243460;4176;99936;0;403;1;0;55749
1;4037;1243778;4176;99936;0;403;1;0;1495
1;4038;1244137;4176;99936;0;403;1;0;11715
1;4039;1244455;4176;99936;0;403;1;0;24119
1;4040;1244792;4176;99937;0;443;1;0;23856
1;4041;1245132;4176;99937;0;443;1;0;47752
1;4042;1245451;4176;99937;0;443;1;0;44207
1;4043;1245679;4176;99936;0;403;1;0;22502
1;4044;1246128;4176;99937;0;403;1;0;26210
1;4045;1246446;4176;99937;0;403;1;0;21435
1;4046;1246674;4176;99937;0;403;1;0;28420
1;4047;1247110;4176;99937;0;403;1;0;54527
1;4048;1247343;4176;99937;0;403;1;0;5221
1;4049;1247571;4176;99938;0;403;1;0;64575
1;4050;1247890;4176;99939;0;403;1;0;9941
1;4051;1248209;4176;99937;0;403;1;0;47487
1;4052;1248458;4176;99936;0;403;1;0;39809
1;4053;1248775;4176;99936;0;403;1;0;22913
1;4054;1249094;4176;99936;0;403;1;0;60227
1;4055;1249322;4176;99937;0;403;1;0;14235
1;4056;1249559;4176;99936;0;403;1;0;7086
1;4057;1249881;4175;99935;0;403;1;0;4918
1;4058;1250109;4175;99935;0;403;1;0;52892
1;4059;1250432;4176;99934;0;403;1;0;29122
1;4060;1250665;4175;99935;0;403;1;0;53162
1;4061;1251105;4175;99935;0;1043;1;0;12381
1;4062;1251423;4175;99935;0;1043;1;0;33820
1;4063;1251656;4175;99935;0;1043;1;0;40584
1;4064;1251884;4175;99935;0;403;1;0;5400
1;4065;1252211;4175;99935;0;403;1;0;61592
1;4066;1252533;4175;99936;0;403;1;0;29747
1;4067;1252781;4175;99936;0;403;1;0;39705
1;4068;1253100;4175;99938;0;403;1;0;33054
1;4069;1253418;4175;99938;0;403;1;0;353
1;4070;1253646;4175;99938;0;403;1;0;42191
1;4071;1253880;4175;99939;0;403;1;0;27354
1;4072;1254204;4175;99939;0;403;1;0;19222
1;4073;1254537;4175;99940;0;403;1;0;21834
1;4074;1254859;4175;99940;0;403;1;0;54958
1;4075;1255093;4175;99940;0;403;1;0;24487
1;4076;1255426;4175;99940;0;403;1;0;5155
1;4077;1255748;4175;99940;0;403;1;0;30800
1;4078;1256088;4175;99940;0;403;1;0;45192
1;4079;1256316;4175;99940;0;403;1;0;12597
1;4080;1256634;4175;99940;0;403;1;0;10646
1;4081;1257063;4175;99941;0;403;1;0;11742
1;4082;1257311;4175;99941;0;403;1;0;21225
1;4083;1257633;4175;99941;0;403;1;0;39349
1;4084;1258078;4174;99942;0;403;1;0;33259
1;4085;1258313;4174;99941;0;403;1;0;58245
1;4086;1258631;4174;99940;0;403;1;0;19459
1;4087;1259072;4174;99940;0;403;1;0;10455
1;4088;1259410;4174;99940;0;403;1;0;40219
1;4089;1259728;4174;99940;0;403;1;0;25566
1;4090;1260063;4174;99939;0;403;1;0;1464
1;4091;1260385;4174;99940;0;403;1;0;58725
1;4092;1260618;4174;99939;0;403;1;0;5228
1;4093;1260846;4174;99939;0;403;1;0;26073
1;4094;1261170;4174;99940;0;403;1;0;29876
1;4095;1261489;4174;99940;0;403;1;0;48037
1;4096;1261740;4174;99940;0;403;1;0;48076
1;4097;1262058;4174;99939;0;403;1;0;65026
1;4098;1262376;4174;99940;0;403;1;0;19486
1;4099;1262604;4174;99939;0;403;1;0;44201
1;4100;1262841;4174;99939;0;403;1;0;28627
1;4101;1263164;4174;99939;0;403;1;0;10947
1;4102;1263392;4174;99939;0;403;1;0;10878
1;4103;1263709;4174;99939;0;403;1;0;774
1;4104;1264049;4174;99938;0;403;1;0;43484
1;4105;1264281;4174;99938;0;403;1;0;9372
1;4106;1264600;4173;99938;0;403;1;0;23035
1;4107;1265045;4174;99939;0;403;1;0;64717
1;4108;1265276;4174;99939;0;403;1;0;3427
1;4109;1265598;4174;99939;0;403;1;0;53904
1;4110;1266059;4174;99940;0;403;1;0;2672
1;4111;1266377;4174;99938;0;403;1;0;37910
1;4112;1266695;4174;99938;0;403;1;0;41857
1;4113;1267033;4174;99937;0;403;1;0;11801
1;4114;1267266;4173;99937;0;403;1;0;54214
1;4115;1267585;4173;99936;0;403;1;0;50334
1;4116;1267812;4173;99937;0;403;1;0;47286
1;4117;1268137;4173;99937;0;403;1;0;37627
1;4118;1268371;4173;99937;0;403;1;0;35937
1;4119;1268705;4173;99937;0;403;1;0;33177
1;4120;1269025;4173;99937;0;403;1;0;25359
1;4121;1269367;4173;99937;0;403;1;0;20756
1;4122;1269595;4173;99936;0;403;1;0;44003
1;4123;1270024;4173;99936;0;403;1;0;38655
1;4124;1270341;4173;99936;0;403;1;0;59603
1;4125;1270590;4173;99936;0;403;1;0;29401
1;4126;1271019;4173;99937;0;403;1;0;30056
1;4127;1271352;4173;99937;0;403;1;0;19509
1;4128;1271585;4173;99938;0;403;1;0;61406
1;4129;1272010;4173;99938;0;403;1;0;19171
1;4130;1272238;4173;99937;0;2963;1;0;34584
1;4131;1272560;4173;99937;0;2963;1;0;12819
1;4132;1272793;4173;99938;0;2963;1;0;29474
1;4133;1273132;4173;99938;0;403;1;0;64584
1;4134;1273453;4173;99938;0;403;1;0;3811
1;4135;1273794;4173;99938;0;403;1;0;16748
1;4136;1274027;4173;99938;0;403;1;0;25257
1;4137;1274344;4173;99938;0;403;1;0;23984
1;4138;1274662;4173;99939;0;403;1;0;56000
1;4139;1275017;4173;99940;0;403;1;0;31817
1;4140;1275336;4173;99940;0;403;1;0;34452
1;4141;1275660;4173;99940;0;403;1;0;54118
1;4142;1276029;4173;99940;0;403;1;0;37529
1;4143;1276348;4173;99939;0;403;1;0;22001
1;4144;1276681;4173;99939;0;403;1;0;3717
1;4145;1277004;4173;99939;0;403;1;0;37739
1;4146;1277237;4173;99938;0;403;1;0;23795
1;4147;1277571;4173;99938;0;403;1;0;56038
1;4148;1277996;4173;99936;0;403;1;0;18823
1;4149;1278231;4172;99936;0;403;1;0;61162
1;4150;1278459;4172;99936;0;403;1;0;60540
1;4151;1278781;4173;99936;0;403;1;0;56617
1;4152;1279104;4173;99938;0;403;1;0;47445
1;4153;1279351;4173;99939;0;403;1;0;53126
1;4154;1279669;4173;99938;0;403;1;0;9290
1;4155;1279988;4173;99938;0;403;1;0;14999
1;4156;1280216;4173;99939;0;403;1;0;22849
1;4157;1280453;4172;99939;0;403;1;0;41058
1;4158;1280772;4172;99940;0;403;1;0;9048
1;4159;1281113;4172;99939;0;403;1;0;3610
1;4160;1281430;4172;99938;0;403;1;0;14455
1;4161;1281663;4172;99938;0;403;1;0;11737
1;4162;1281998;4172;99937;0;403;1;0;19950
1;4163;1282315;4172;99937;0;403;1;0;47779
1;4164;1282655;4172;99937;0;403;1;0;19836
1;4165;1282990;4172;99938;0;5523;1;0;10246
1;4166;1283308;4172;99937;0;5523;1;0;5027
1;4167;1283626;4172;99938;0;5523;1;0;8047
1;4168;1283991;4172;99938;0;403;1;0;51789
1;4169;1284313;4172;99938;0;403;1;0;61456
1;4170;1284646;4172;99938;0;403;1;0;40392
1;4171;1284986;4172;99939;0;403;1;0;37159
1;4172;1285304;4172;99936;0;403;1;0;4757
1;4173;1285532;4172;99936;0;403;1;0;6948
1;4174;1285978;4172;99936;0;403;1;0;49933
1;4175;1286296;4172;99937;0;403;1;0;28823
1;4176;1286528;4172;99937;0;403;1;0;56286
1;4177;1286977;4172;99937;0;403;1;0;56646
1;4178;1287310;4172;99937;0;403;1;0;47723
1;4179;1287628;4172;99937;0;403;1;0;38288
1;4180;1287948;4172;99937;0;403;1;0;26602
1;4181;1288196;4172;99937;0;403;1;0;18431
1;4182;1288519;4172;99937;0;403;1;0;54521
1;4183;1288943;4171;99937;0;403;1;0;25529
1;4184;1289194;4172;99938;0;403;1;0;32804
1;4185;1289517;4171;99937;0;403;1;0;54992
1;4186;1289960;4171;99937;0;403;1;0;38907
1;4187;1290300;4171;99937;0;403;1;0;28245
1;4188;1290618;4171;99937;0;403;1;0;58918
1;4189;1290953;4171;99937;0;403;1;0;13145
1;4190;1291271;4171;99937;0;403;1;0;60594
1;4191;1291504;4172;99937;0;403;1;0;8196
1;4192;1291732;4171;99937;0;403;1;0;51044
1;4193;1292055;4171;99938;0;403;1;0;39106
1;4194;1292376;4171;99938;0;403;1;0;7778
1;4195;1292629;4171;99939;0;403;1;0;25706
1;4196;1292948;4171;99939;0;403;1;0;11990
1;4197;1293266;4171;99939;0;403;1;0;17061
1;4198;1293495;4171;99939;0;5523;1;0;40448
1;4199;1293728;4171;99939;0;5523;1;0;33940
1;4200;1294047;4171;99939;0;5523;1;0;26945
1;4201;1294385;4171;99939;0;403;1;0;3922
1;4202;1294723;4171;99939;0;403;1;0;9913
1;4203;1295047;4171;99939;0;403;1;0;11111
1;4204;1295274;4171;99939;0;403;1;0;10528
1;4205;1295595;4172;99940;0;403;1;0;5363
1;4206;1295939;4172;99940;0;403;1;0;28032
1;4207;1296167;4172;99940;0;403;1;0;7221
1;4208;1296485;4172;99941;0;403;1;0;32474
1;4209;1296931;4172;99941;0;403;1;0;64228
1;4210;1297162;4172;99941;0;403;1;0;35632
1;4211;1297480;4172;99941;0;403;1;0;25712
1;4212;1297921;4171;99941;0;403;1;0;15352
1;4213;1298159;4171;99941;0;403;1;0;46261
1;4214;1298476;4171;99940;0;403;1;0;21986
1;4215;1298917;4171;99939;0;403;1;0;5530
1;4216;1299150;4171;99938;0;403;1;0;1419
1;4217;1299468;4171;99938;0;403;1;0;45799
1;4218;1299699;4171;99939;0;403;1;0;18207
1;4219;1300023;4171;99940;0;403;1;0;15184
1;4220;1300256;4171;99940;0;403;1;0;50628
1;4221;1300589;4171;99941;0;403;1;0;5878
1;4222;1300922;4171;99941;0;403;1;0;10353
1;4223;1301244;4171;99940;0;403;1;0;56354
1;4224;1301493;4171;99940;0;403;1;0;19087
1;4225;1301917;4171;99941;0;403;1;0;20340
1;4226;1302236;4171;99941;0;403;1;0;48607
1;4227;1302488;4171;99941;0;403;1;0;34924
1;4228;1302913;4171;99940;0;403;1;0;12269
1;4229;1303246;4171;99941;0;423;1;0;51620
1;4230;1303585;4171;99941;0;423;1;0;15023
1;4231;1303908;4171;99941;0;423;1;0;26618
1;4232;1304140;4171;99941;0;403;1;0;7020
1;4233;1304458;4171;99940;0;403;1;0;24414
1;4234;1304692;4171;99941;0;403;1;0;50014
1;4235;1305031;4171;99941;0;403;1;0;22088
1;4236;1305348;4171;99940;0;403;1;0;19805
1;4237;1305667;4171;99940;0;403;1;0;61815
1;4238;1305920;4171;99940;0;403;1;0;6773
1;4239;1306237;4171;99940;0;403;1;0;55902
1;4240;1306555;4171;99940;0;403;1;0;582
1;4241;1306910;4171;99941;0;403;1;0;26948
1;4242;1307233;4171;99940;0;403;1;0;34041
1;4243;1307554;4171;99940;0;403;1;0;19432
1;4244;1307893;4171;99939;0;403;1;0;9342
1;4245;1308126;4171;99939;0;403;1;0;55409
1;4246;1308444;4171;99939;0;403;1;0;17360
1;4247;1308672;4171;99940;0;403;1;0;6129
1;4248;1308992;4171;99941;0;403;1;0;46521
1;4249;1309224;4171;99942;0;403;1;0;14343
1;4250;1309452;4171;99942;0;403;1;0;40361
1;4251;1309877;4171;99941;0;403;1;0;5674
1;4252;1310219;4171;99940;0;403;1;0;33602
1;4253;1310450;4171;99940;0;403;1;0;24736
1;4254;1310876;4171;99939;0;403;1;0;53929
1;4255;1311213;4171;99939;0;403;1;0;61047
1;4256;1311446;4171;99939;0;403;1;0;26825
1;4257;1311875;4171;99939;0;403;1;0;17154
1;4258;1312103;4171;99939;0;403;1;0;28320
1;4259;1312442;4171;99939;0;403;1;0;6789
1;4260;1312875;4171;99940;0;403;1;0;24310
1;4261;1313103;4171;99940;0;403;1;0;22343
1;4262;1313421;4171;99940;0;403;1;0;25794
1;4263;1313654;4171;99939;0;403;1;0;10109
1;4264;1313882;4171;99940;0;403;1;0;13540
1;4265;1314201;4170;99939;0;403;1;0;38699
1;4266;1314518;4171;99939;0;403;1;0;50623
1;4267;1314876;4171;99940;0;403;1;0;54003
1;4268;1315195;4171;99940;0;403;1;0;19042
1;4269;1315512;4171;99940;0;403;1;0;50458
1;4270;1315874;4171;99940;0;403;1;0;16252
1;4271;1316192;4171;99940;0;403;1;0;4231
1;4272;1316526;4171;99940;0;403;1;0;4070
1;4273;1316868;4171;99940;0;403;1;0;27161
1;4274;1317186;4171;99940;0;403;1;0;43637
1;4275;1317414;4171;99940;0;403;1;0;39849
1;4276;1317839;4171;99940;0;403;1;0;10862
1;4277;1318072;4171;99939;0;403;1;0;40442
1;4278;1318303;4171;99939;0;403;1;0;2418
1;4279;1318621;4171;99939;0;403;1;0;26336
1;4280;1318948;4171;99938;0;403;1;0;40277
1;4281;1319196;4171;99939;0;403;1;0;38452
1;4282;1319514;4171;99938;0;403;1;0;52856
1;4283;1319834;4171;99938;0;403;1;0;12367
1;4284;1320062;4171;99939;0;403;1;0;19712
1;4285;1320295;4171;99938;0;403;1;0;27265
1;4286;1320614;4171;99938;0;403;1;0;26658
1;4287;1320953;4171;99938;0;403;1;0;36258
1;4288;1321290;4171;99938;0;403;1;0;33795
1;4289;1321613;4171;99939;0;403;1;0;37050
1;4290;1321841;4171;99939;0;403;1;0;9225
1;4291;1322159;4171;99939;0;403;1;0;57816
1;4292;1322396;4171;99939;0;403;1;0;24774
1;4293;1322840;4171;99938;0;403;1;0;60797
1;4294;1323158;4171;99938;0;403;1;0;43069
1;4295;1323499;4171;99939;0;403;1;0;34866
1;4296;1323834;4171;99939;0;403;1;0;58517
1;4297;1324153;4171;99939;0;403;1;0;6967
1;4298;1324486;4171;99938;0;403;1;0;16111
1;4299;1324829;4171;99938;0;403;1;0;32930
1;4300;1325148;4171;99937;0;403;1;0;54203
1;4301;1325375;4171;99937;0;403;1;0;53408
1;4302;1325821;4171;99937;0;403;1;0;58149
1;4303;1326143;4171;99936;0;403;1;0;35840
1;4304;1326374;4171;99936;0;413;1;0;63491
1;4305;1326820;4171;99937;0;413;1;0;49104
1;4306;1327154;4171;99937;0;403;1;0;52785
1;4307;1327472;4171;99937;0;403;1;0;57802
1;4308;1327799;4171;99937;0;403;1;0;51514
1;4309;1328047;4171;99938;0;403;1;0;24298
1;4310;1328365;4170;99938;0;403;1;0;22742
1;4311;1328794;4170;99938;0;403;1;0;60937
1;4312;1329042;4171;99938;0;403;1;0;11903
1;4313;1329361;4171;99938;0;403;1;0;49240
1;4314;1329801;4171;99938;0;403;1;0;4900
1;4315;1330139;4171;99938;0;403;1;0;8926
1;4316;1330461;4171;99939;0;403;1;0;60019
1;4317;1330800;4171;99939;0;403;1;0;19549
1;4318;1331117;4171;99939;0;403;1;0;54286
1;4319;1331350;4171;99939;0;403;1;0;50228
1;4320;1331582;4171;99939;0;403;1;0;42440
1;4321;1331901;4171;99939;0;403;1;0;10928
1;4322;1332219;4171;99939;0;403;1;0;60124
1;4323;1332469;4171;99939;0;403;1;0;47360
1;4324;1332788;4171;99939;0;403;1;0;23448
1;4325;1333107;4171;99939;0;403;1;0;9993
1;4326;1333335;4171;99939;0;403;1;0;21401
1;4327;1333571;4171;99939;0;403;1;0;30763
1;4328;1333792;4171;99938;0;403;1;0;38702
1;4329;1334114;4171;99938;0;403;1;0;47317
1;4330;1334342;4171;99938;0;403;1;0;56768
1;4331;1334575;4171;99938;0;403;1;0;30735
1;4332;1334895;4171;99937;0;403;1;0;43683
1;4333;1335122;4171;99937;0;403;1;0;10977
1;4334;1335440;4171;99938;0;403;1;0;38359
1;4335;1335780;4171;99938;0;403;1;0;64099
1;4336;1336008;4171;99938;0;403;1;0;28872
1;4337;1336326;4171;99938;0;403;1;0;828
1;4338;1336777;4171;99939;0;403;1;0;31971
1;4339;1337005;4171;99940;0;403;1;0;25730
1;4340;1337323;4171;99939;0;403;1;0;50508
1;4341;1337768;4171;99938;0;403;1;0;23302
1;4342;1338001;4171;99938;0;403;1;0;29882
1;4343;1338318;4171;99938;0;403;1;0;37178
1;4344;1338763;4171;99939;0;403;1;0;2183
1;4345;1338996;4171;99939;0;403;1;0;24932
1;4346;1339318;4171;99939;0;403;1;0;4744
1;4347;1339549;4171;99938;0;403;1;0;50426
1;4348;1339869;4171;99939;0;403;1;0;63116
1;4349;1340101;4171;99939;0;403;1;0;22991
1;4350;1340434;4171;99939;0;403;1;0;4055
1;4351;1340754;4171;99940;0;403;1;0;10325
1;4352;1341072;4171;99939;0;403;1;0;6439
1;4353;1341323;4171;99940;0;403;1;0;61078
1;4354;1341748;4171;99940;0;403;1;0;27165
1;4355;1342070;4171;99940;0;403;1;0;1423
1;4356;1342322;4171;99940;0;403;1;0;54332
1;4357;1342746;4171;99940;0;403;1;0;2446
1;4358;1343080;4171;99941;0;403;1;0;12361
1;4359;1343418;4171;99941;0;403;1;0;61883
1;4360;1343742;4171;99940;0;403;1;0;8194
1;4361;1343970;4171;99940;0;403;1;0;36000
1;4362;1344288;4171;99940;0;403;1;0;5889
1;4363;1344521;4171;99940;0;403;1;0;2673
1;4364;1344859;4171;99940;0;403;1;0;57227
1;4365;1345079;4171;99940;0;403;1;0;26951
1;4366;1345398;4171;99941;0;403;1;0;972
1;4367;1345752;4171;99940;0;403;1;0;21974
1;4368;1346070;4171;99939;0;403;1;0;52014
1;4369;1346388;4171;99939;0;403;1;0;58581
1;4370;1346743;4171;99939;0;403;1;0;31586
1;4371;1347061;4171;99939;0;403;1;0;21657
1;4372;1347385;4171;99939;0;403;1;0;25211
1;4373;1347720;4171;99938;0;403;1;0;64724
1;4374;1347964;4171;99939;0;403;1;0;5950
1;4375;1348285;4171;99939;0;403;1;0;47490
1;4376;1348513;4171;99939;0;403;1;0;24862
1;4377;1348832;4171;99940;0;403;1;0;38597
1;4378;1349069;4171;99940;0;403;1;0;42137
1;4379;1349296;4171;99940;0;403;1;0;7350
1;4380;1349728;4171;99940;0;403;1;0;24986
1;4381;1350066;4171;99940;0;403;1;0;41064
1;4382;1350294;4171;99940;0;403;1;0;17839
1;4383;1350723;4171;99941;0;403;1;0;17957
1;4384;1351057;4171;99940;0;403;1;0;31559
1;4385;1351290;4171;99940;0;403;1;0;20269
1;4386;1351715;4171;99941;0;403;1;0;41139
1;4387;1351943;4171;99941;0;403;1;0;43266
1;4388;1352281;4171;99940;0;403;1;0;8256
1;4389;1352710;4171;99940;0;403;1;0;44383
1;4390;1352942;4171;99940;0;403;1;0;60481
1;4391;1353260;4171;99940;0;403;1;0;56319
1;4392;1353497;4171;99940;0;403;1;0;43155
1;4393;1353725;4171;99940;0;403;1;0;33034
1;4394;1354044;4171;99940;0;403;1;0;47834
1;4395;1354362;4171;99940;0;403;1;0;38592
1;4396;1354721;4171;99941;0;403;1;0;33933
1;4397;1355043;4171;99941;0;403;1;0;13281
1;4398;1355361;4171;99941;0;403;1;0;61548
1;4399;1355716;4171;99941;0;403;1;0;6455
1;4400;1356034;4171;99941;0;403;1;0;39743
1;4401;1356367;4171;99939;0;403;1;0;61671
1;4402;1356716;4171;99939;0;403;1;0;45035
1;4403;1357034;4172;99939;0;403;1;0;51499
1;4404;1357262;4171;99939;0;403;1;0;61074
1;4405;1357691;4171;99939;0;403;1;0;61829
1;4406;1357924;4171;99939;0;403;1;0;4384
1;4407;1358151;4171;99940;0;403;1;0;17282
1;4408;1358469;4171;99940;0;403;1;0;43046
1;4409;1358788;4171;99941;0;403;1;0;28338
1;4410;1359036;4171;99942;0;403;1;0;53696
1;4411;1359359;4171;99942;0;403;1;0;61145
1;4412;1359678;4171;99942;0;403;1;0;3137
1;4413;1359906;4171;99941;0;403;1;0;57361
1;4414;1360145;4171;99941;0;403;1;0;10512
1;4415;1360463;4172;99941;0;403;1;0;22035
1;4416;1360802;4171;99942;0;403;1;0;5891
1;4417;1361140;4172;99942;0;403;1;0;28610
1;4418;1361458;4171;99942;0;403;1;0;32227
1;4419;1361687;4171;99942;0;403;1;0;25776
1;4420;1362004;4171;99941;0;403;1;0;5741
1;4421;1362239;4171;99941;0;403;1;0;37478
1;4422;1362680;4172;99941;0;403;1;0;14465
1;4423;1363002;4172;99941;0;403;1;0;36845
1;4424;1363343;4172;99940;0;403;1;0;54464
1;4425;1363678;4171;99940;0;403;1;0;24189
1;4426;1364000;4172;99940;0;403;1;0;23314
1;4427;1364333;4171;99940;0;403;1;0;19295
1;4428;1364673;4172;99941;0;403;1;0;33758
1;4429;1364991;4172;99940;0;403;1;0;60147
1;4430;1365223;4172;99940;0;403;1;0;27005
1;4431;1365675;4172;99940;0;403;1;0;19351
1;4432;1365994;4172;99941;0;403;1;0;51552
1;4433;1366221;4172;99941;0;403;1;0;8393
1;4434;1366666;4172;99940;0;403;1;0;49219
1;4435;1367000;4172;99940;0;403;1;0;61881
1;4436;1367317;4172;99940;0;403;1;0;22379
1;4437;1367637;4172;99939;0;403;1;0;12416
1;4438;1367885;4172;99940;0;403;1;0;23048
1;4439;1368107;4172;99940;0;403;1;0;48729
1;4440;1368426;4172;99941;0;403;1;0;3315
1;4441;1368761;4172;99940;0;403;1;0;17859
1;4442;1368993;4172;99939;0;403;1;0;12107
1;4443;1369311;4172;99939;0;403;1;0;9872
1;4444;1369645;4172;99939;0;408;1;0;15314
1;4445;1369983;4172;99938;0;408;1;0;53857
1;4446;1370301;4172;99938;0;408;1;0;28851
1;4447;1370636;4172;99937;0;403;1;0;47145
1;4448;1370958;4172;99936;0;403;1;0;27458
1;4449;1371196;4172;99936;0;403;1;0;42497
1;4450;1371422;4172;99936;0;20883;1;0;5336
1;4451;1371643;4172;99937;0;20883;1;0;62954
1;4452;1371962;4172;99938;0;20883;1;0;28552
1;4453;1372194;4172;99938;0;20883;1;0;29334
1;4454;1372422;4172;99938;0;403;1;0;41475
1;4455;1372742;4172;99938;0;403;1;0;60501
1;4456;1373060;4172;99938;0;403;1;0;18328
1;4457;1373309;4172;99938;0;403;1;0;52453
1;4458;1373632;4172;99938;0;403;1;0;4272
1;4459;1373950;4172;99938;0;403;1;0;57789
1;4460;1374182;4172;99938;0;403;1;0;60055
1;4461;1374414;4172;99938;0;403;1;0;63104
1;4462;1374733;4172;99937;0;403;1;0;1337
1;4463;1374965;4172;99936;0;403;1;0;11888
1;4464;1375282;4172;99937;0;403;1;0;22108
1;4465;1375622;4172;99937;0;403;1;0;45540
1;4466;1375850;4172;99937;0;403;1;0;23359
1;4467;1376173;4172;99938;0;403;1;0;44892
1;4468;1376620;4172;99937;0;403;1;0;60370
1;4469;1376848;4172;99937;0;403;1;0;15131
1;4470;1377166;4172;99938;0;403;1;0;60052
1;4471;1377610;4172;99937;0;403;1;0;18254
1;4472;1377843;4173;99937;0;403;1;0;36276
1;4473;1378161;4172;99937;0;403;1;0;59180
1;4474;1378606;4172;99937;0;423;1;0;21057
1;4475;1378843;4172;99937;0;423;1;0;5498
1;4476;1379161;4172;99938;0;423;1;0;42619
1;4477;1379389;4173;99938;0;403;1;0;55294
1;4478;1379708;4172;99938;0;403;1;0;8287
1;4479;1379941;4172;99938;0;403;1;0;40958
1;4480;1380274;4172;99938;0;403;1;0;31234
1;4481;1380597;4172;99938;0;403;1;0;62631
1;4482;1380916;4172;99938;0;403;1;0;24096
1;4483;1381164;4172;99938;0;403;1;0;45322
1;4484;1381593;4172;99937;0;403;1;0;25109
1;4485;1381911;4172;99937;0;403;1;0;37171
1;4486;1382160;4172;99937;0;403;1;0;14777
1;4487;1382592;4172;99938;0;403;1;0;28747
1;4488;1382926;4172;99938;0;403;1;0;63315
1;4489;1383267;4172;99937;0;403;1;0;27118
1;4490;1383587;4172;99938;0;403;1;0;33671
1;4491;1383815;4172;99938;0;403;1;0;35382
1;4492;1384137;4172;99938;0;403;1;0;50492
1;4493;1384370;4172;99938;0;403;1;0;24374
1;4494;1384705;4172;99938;0;403;1;0;31291
1;4495;1385023;4172;99938;0;403;1;0;35638
1;4496;1385341;4172;99937;0;403;1;0;38996
1;4497;1385590;4172;99937;0;403;1;0;39138
1;4498;1385908;4172;99936;0;403;1;0;13127
1;4499;1386230;4172;99936;0;403;1;0;23765
1;4500;1386592;4172;99936;0;403;1;0;15281
1;4501;1386910;4172;99936;0;403;1;0;729
1;4502;1387228;4172;99936;0;403;1;0;49492
1;4503;1387566;4172;99936;0;403;1;0;21563
1;4504;1387799;4172;99936;0;403;1;0;58319
1;4505;1388118;4172;99936;0;403;1;0;48507
1;4506;1388346;4172;99937;0;403;1;0;16264
1;4507;1388665;4172;99937;0;403;1;0;62117
1;4508;1388902;4172;99938;0;403;1;0;62427
1;4509;1389133;4172;99938;0;403;1;0;20413
1;4510;1389558;4172;99938;0;403;1;0;61860
1;4511;1389896;4173;99938;0;403;1;0;40244
1;4512;1390128;4173;99939;0;403;1;0;35553
1;4513;1390552;4173;99938;0;403;1;0;6029
1;4514;1390886;4173;99938;0;403;1;0;64480
1;4515;1391119;4173;99938;0;403;1;0;26178
1;4516;1391547;4173;99937;0;403;1;0;7424
1;4517;1391779;4173;99937;0;403;1;0;12945
1;4518;1392118;4173;99937;0;403;1;0;56794
1;4519;1392542;4173;99937;0;403;1;0;32954
1;4520;1392770;4173;99937;0;403;1;0;24622
1;4521;1393088;4173;99938;0;403;1;0;14127
1;4522;1393321;4173;99938;0;403;1;0;32406
1;4523;1393554;4173;99938;0;403;1;0;40088
1;4524;1393876;4173;99939;0;403;1;0;3097
1;4525;1394194;4173;99938;0;403;1;0;41062
1;4526;1394557;4173;99937;0;403;1;0;45824
1;4527;1394875;4173;99936;0;403;1;0;9740
1;4528;1395193;4173;99936;0;403;1;0;19860
1;4529;1395549;4173;99936;0;403;1;0;23648
1;4530;1395867;4173;99937;0;403;1;0;29942
1;4531;1396200;4173;99937;0;403;1;0;27116
1;4532;1396540;4173;99937;0;403;1;0;50719
1;4533;1396858;4173;99937;0;403;1;0;22616
1;4534;1397094;4173;99937;0;403;1;0;22757
1;4535;1397519;4173;99937;0;403;1;0;5479
1;4536;1397754;4173;99936;0;403;1;0;40554
1;4537;1397981;4173;99936;0;403;1;0;26182
1;4538;1398299;4173;99937;0;403;1;0;26150
1;4539;1398622;4173;99937;0;403;1;0;15219
1;4540;1398871;4172;99936;0;403;1;0;29358
1;4541;1399189;4173;99937;0;403;1;0;12407
1;4542;1399512;4173;99937;0;403;1;0;1604
1;4543;1399740;4173;99938;0;403;1;0;3851
1;4544;1399977;4172;99938;0;403;1;0;21550
1;4545;1400295;4172;99938;0;403;1;0;48973
1;4546;1400630;4172;99938;0;413;1;0;50275
1;4547;1400970;4172;99939;0;413;1;0;51362
1;4548;1401288;4173;99939;0;413;1;0;17978
1;4549;1401520;4173;99939;0;403;1;0;25303
1;4550;1401838;4173;99938;0;403;1;0;58339
1;4551;1402071;4173;99938;0;403;1;0;57490
1;4552;1402512;4173;99938;0;403;1;0;112
1;4553;1402830;4173;99938;0;403;1;0;62738
1;4554;1403172;4173;99938;0;403;1;0;17654
1;4555;1403506;4173;99938;0;403;1;0;30445
1;4556;1403825;4173;99939;0;403;1;0;34229
1;4557;1404158;4173;99940;0;403;1;0;38706
1;4558;1404502;4173;99940;0;403;1;0;60993
1;4559;1404824;4173;99941;0;403;1;0;11619
1;4560;1405052;4173;99941;0;403;1;0;6793
1;4561;1405501;4173;99941;0;403;1;0;60441
1;4562;1405819;4173;99940;0;403;1;0;62524
1;4563;1406051;4173;99940;0;403;1;0;56237
1;4564;1406496;4173;99939;0;403;1;0;49476
1;4565;1406830;4173;99939;0;423;1;0;45007
1;4566;1407147;4173;99940;0;423;1;0;22030
1;4567;1407470;4173;99939;0;423;1;0;8934
1;4568;1407719;4173;99939;0;403;1;0;29328
1;4569;1408037;4173;99938;0;403;1;0;7605
1;4570;1408462;4173;99938;0;403;1;0;50601
1;4571;1408711;4173;99937;0;403;1;0;7411
1;4572;1409033;4173;99937;0;403;1;0;31685
1;4573;1409481;4173;99937;0;403;1;0;34290
1;4574;1409818;4173;99937;0;403;1;0;4272
1;4575;1410137;4173;99936;0;403;1;0;14171
1;4576;1410475;4173;99936;0;403;1;0;61042
1;4577;1410793;4173;99935;0;403;1;0;62868
1;4578;1411026;4173;99936;0;403;1;0;53233
1;4579;1411253;4173;99935;0;403;1;0;10792
1;4580;1411573;4173;99936;0;403;1;0;46179
1;4581;1411890;4173;99936;0;403;1;0;53431
1;4582;1412143;4173;99935;0;403;1;0;29735
1;4583;1412462;4173;99935;0;403;1;0;27386
1;4584;1412784;4173;99935;0;403;1;0;23495
1;4585;1413016;4173;99936;0;403;1;0;58010
1;4586;1413248;4173;99935;0;403;1;0;10223
1;4587;1413568;4173;99935;0;403;1;0;10704
1;4588;1413902;4173;99935;0;403;1;0;16118
1;4589;1414240;4173;99935;0;403;1;0;10540
1;4590;1414563;4173;99936;0;403;1;0;15958
1;4591;1414790;4173;99936;0;403;1;0;26476
1;4592;1415112;4173;99937;0;403;1;0;4133
1;4593;1415456;4173;99937;0;403;1;0;11290
1;4594;1415684;4173;99938;0;403;1;0;45351
1;4595;1416003;4173;99938;0;403;1;0;52662
1;4596;1416448;4173;99937;0;403;1;0;1738
1;4597;1416676;4173;99938;0;403;1;0;22441
1;4598;1416997;4173;99937;0;403;1;0;34260
1;4599;1417438;4173;99937;0;403;1;0;23542
1;4600;1417671;4173;99937;0;403;1;0;53248
1;4601;1417992;4173;99937;0;403;1;0;13252
1;4602;1418437;4173;99937;0;403;1;0;29997
1;4603;1418670;4173;99936;0;403;1;0;10607
1;4604;1418987;4174;99936;0;403;1;0;8182
1;4605;1419215;4174;99936;0;403;1;0;5703
1;4606;1419535;4174;99936;0;403;1;0;15733
1;4607;1419767;4174;99936;0;403;1;0;52853
1;4608;1420100;4174;99936;0;403;1;0;50232
1;4609;1420423;4174;99936;0;403;1;0;52114
1;4610;1420643;4174;99936;0;403;1;0;58928
1;4611;1420876;4174;99936;0;403;1;0;6622
1;4612;1421108;4174;99936;0;403;1;0;22258
1;4613;1421426;4174;99936;0;403;1;0;51381
1;4614;1421744;4174;99935;0;403;1;0;53037
1;4615;1422003;4174;99936;0;403;1;0;48173
1;4616;1422428;4174;99936;0;403;1;0;38663
1;4617;1422761;4174;99937;0;403;1;0;49168
1;4618;1423508;4174;99938;0;403;1;0;1504
1;4619;1423740;4174;99939;0;10643;1;0;10753
1;4620;1424058;4174;99939;0;10643;1;0;4627
1;4621;1424521;4174;99939;0;403;1;0;44319
1;4622;1424742;4174;99939;0;403;1;0;13963
1;4623;1425061;4174;99938;0;403;1;0;25018
1;4624;1425505;4174;99937;0;403;1;0;28848
1;4625;1425741;4174;99937;0;403;1;0;65041
1;4626;1426059;4174;99937;0;403;1;0;36380
1;4627;1426286;4174;99937;0;403;1;0;8003
1;4628;1426609;4174;99938;0;403;1;0;22154
1;4629;1426845;4174;99937;0;403;1;0;41169
1;4630;1427179;4174;99938;0;403;1;0;31277
1;4631;1427498;4174;99937;0;403;1;0;38168
1;4632;1427843;4174;99937;0;403;1;0;52453
1;4633;1428071;4174;99936;0;403;1;0;54648
1;4634;1428500;4174;99937;0;403;1;0;54443
1;4635;1428818;4174;99937;0;403;1;0;47320
1;4636;1429074;4174;99938;0;403;1;0;4720
1;4637;1429498;4174;99937;0;403;1;0;22443
1;4638;1429832;4174;99937;0;563;1;0;38376
1;4639;1430067;4174;99937;0;563;1;0;20363
1;4640;1430492;4174;99936;0;563;1;0;33936
1;4641;1430725;4174;99936;0;403;1;0;2651
1;4642;1431043;4174;99935;0;403;1;0;42502
1;4643;1431278;4174;99935;0;403;1;0;6253
1;4644;1431621;4174;99934;0;403;1;0;20793
1;4645;1431939;4174;99933;0;403;1;0;46520
1;4646;1432284;4174;99934;0;403;1;0;50356
1;4647;1432513;4174;99934;0;403;1;0;30964
1;4648;1432831;4174;99934;0;403;1;0;32021
1;4649;1433148;4174;99934;0;403;1;0;23113
1;4650;1433506;4174;99935;0;403;1;0;21361
1;4651;1433829;4174;99935;0;403;1;0;39872
1;4652;1434146;4174;99935;0;403;1;0;6932
1;4653;1434508;4174;99936;0;403;1;0;12301
1;4654;1434827;4174;99935;0;403;1;0;21580
1;4655;1435160;4174;99935;0;403;1;0;27921
1;4656;1435479;4174;99936;0;403;1;0;42631
1;4657;1435714;4174;99936;0;403;1;0;19689
1;4658;1436048;4174;99936;0;403;1;0;8452
1;4659;1436481;4174;99936;0;403;1;0;14749
1;4660;1436719;4174;99936;0;403;1;0;51783
1;4661;1436951;4174;99936;0;403;1;0;6511
1;4662;1437269;4174;99936;0;403;1;0;56034
1;4663;1437589;4174;99937;0;403;1;0;64668
1;4664;1437840;4174;99936;0;403;1;0;34702
1;4665;1438157;4174;99936;0;403;1;0;17354
1;4666;1438477;4174;99936;0;403;1;0;63919
1;4667;1438705;4174;99936;0;408;1;0;42456
1;4668;1438940;4174;99936;0;408;1;0;7968
1;4669;1439258;4174;99936;0;408;1;0;27414
1;4670;1439601;4175;99936;0;403;1;0;60062
1;4671;1439923;4175;99936;0;403;1;0;58451
1;4672;1440158;4175;99937;0;403;1;0;18420
1;4673;1440493;4175;99936;0;403;1;0;49870
1;4674;1440811;4175;99936;0;403;1;0;39477
1;4675;1441151;4175;99937;0;403;1;0;4554
1;4676;1441486;4175;99936;0;403;1;0;55608
1;4677;1441804;4175;99937;0;403;1;0;42490
1;4678;1442122;4175;99935;0;403;1;0;51627
1;4679;1442491;4174;99935;0;403;1;0;119
1;4680;1442809;4175;99936;0;403;1;0;27301
1;4681;1443142;4175;99936;0;403;1;0;21428
1;4682;1443484;4175;99937;0;403;1;0;8553
1;4683;1443807;4175;99938;0;403;1;0;26250
1;4684;1444035;4175;99938;0;403;1;0;65302
1;4685;1444482;4175;99938;0;403;1;0;2438
1;4686;1444801;4175;99938;0;403;1;0;39552
1;4687;1445033;4175;99937;0;403;1;0;38892
1;4688;1445462;4175;99937;0;403;1;0;4680
1;4689;1445698;4175;99938;0;403;1;0;16640
1;4690;1445926;4175;99938;0;403;1;0;28318
1;4691;1446244;4175;99938;0;403;1;0;16741
1;4692;1446564;4175;99938;0;403;1;0;6971
1;4693;1446815;4175;99938;0;403;1;0;63797
1;4694;1447133;4175;99937;0;403;1;0;49808
1;4695;1447462;4175;99937;0;403;1;0;16607
1;4696;1447690;4175;99937;0;403;1;0;47680
1;4697;1447926;4175;99937;0;403;1;0;2760
1;4698;1448247;4175;99937;0;403;1;0;12568
1;4699;1448476;4175;99937;0;403;1;0;36222
1;4700;1448794;4175;99938;0;403;1;0;32247
1;4701;1449030;4175;99937;0;403;1;0;26900
1;4702;1449469;4175;99937;0;403;1;0;55053
1;4703;1449788;4175;99937;0;403;1;0;53653
1;4704;1450023;4176;99938;0;403;1;0;12412
1;4705;1450251;4175;99938;0;403;1;0;26939
1;4706;1450570;4175;99938;0;403;1;0;39824
1;4707;1450889;4175;99939;0;403;1;0;36040
1;4708;1451142;4175;99938;0;403;1;0;62399
1;4709;1451465;4175;99937;0;403;1;0;28868
1;4710;1451784;4175;99937;0;403;1;0;55875
1;4711;1452012;4175;99937;0;403;1;0;62426
1;4712;1452247;4175;99937;0;403;1;0;46292
1;4713;1452570;4175;99937;0;403;1;0;30420
1;4714;1452904;4176;99937;0;403;1;0;213
1;4715;1453221;4176;99937;0;403;1;0;59939
1;4716;1453465;4176;99936;0;403;1;0;18122
1;4717;1453799;4175;99935;0;1043;1;0;62148
1;4718;1454117;4175;99935;0;1043;1;0;56120
1;4719;1454476;4176;99936;0;1043;1;0;21865
1;4720;1454708;4176;99936;0;403;1;0;38098
1;4721;1455026;4176;99935;0;403;1;0;31965
1;4722;1455455;4176;99936;0;403;1;0;55910
1;4723;1455706;4176;99935;0;403;1;0;52010
1;4724;1456023;4176;99935;0;403;1;0;1383
1;4725;1456464;4176;99935;0;403;1;0;61668
1;4726;1456699;4176;99934;0;403;1;0;16592
1;4727;1457017;4176;99934;0;403;1;0;28459
1;4728;1457462;4176;99934;0;403;1;0;34827
1;4729;1457803;4176;99935;0;403;1;0;24673
1;4730;1458124;4176;99935;0;403;1;0;45295
1;4731;1458463;4176;99935;0;403;1;0;61907
1;4732;1458786;4176;99935;0;403;1;0;44540
1;4733;1459021;4176;99935;0;403;1;0;4731
1;4734;1459249;4176;99936;0;403;1;0;57871
1;4735;1459568;4176;99935;0;403;1;0;34982
1;4736;1459887;4176;99935;0;403;1;0;43555
1;4737;1460143;4176;99935;0;403;1;0;56344
1;4738;1460462;4176;99936;0;403;1;0;52112
1;4739;1460784;4176;99936;0;403;1;0;9911
1;4740;1461012;4176;99935;0;403;1;0;49010
1;4741;1461247;4176;99935;0;403;1;0;25429
1;4742;1461567;4176;99935;0;403;1;0;23010
1;4743;1461794;4177;99936;0;20883;1;0;57831
1;4744;1462116;4177;99936;0;20883;1;0;63914
1;4745;1462458;4177;99935;0;20883;1;0;31360
1;4746;1462686;4177;99935;0;423;1;0;12285
1;4747;1463004;4177;99935;0;423;1;0;16495
1;4748;1463228;4177;99934;0;423;1;0;19995
1;4749;1463475;4177;99934;0;423;1;0;3365
1;4750;1463703;4177;99934;0;403;1;0;11619
1;4751;1464021;4177;99934;0;403;1;0;17137
1;4752;1464487;4177;99934;0;403;1;0;29296
1;4753;1464804;4177;99934;0;403;1;0;19817
1;4754;1465122;4177;99935;0;403;1;0;19721
1;4755;1465457;4177;99935;0;403;1;0;44202
1;4756;1465699;4177;99935;0;403;1;0;340
1;4757;1466018;4177;99935;0;403;1;0;45032
1;4758;1466244;4177;99935;0;403;1;0;11138
1;4759;1466568;4177;99934;0;403;1;0;36172
1;4760;1466804;4177;99935;0;403;1;0;51615
1;4761;1467138;4177;99935;0;403;1;0;59310
1;4762;1467457;4177;99935;0;403;1;0;46099
1;4763;1467798;4177;99935;0;403;1;0;9867
1;4764;1468026;4177;99935;0;403;1;0;33871
1;4765;1468456;4177;99934;0;403;1;0;5350
1;4766;1468773;4177;99934;0;403;1;0;25276
1;4767;1469024;4177;99935;0;403;1;0;57293
1;4768;1469457;4177;99936;0;403;1;0;56097
1;4769;1469795;4177;99935;0;403;1;0;41645
1;4770;1470031;4177;99934;0;403;1;0;6195
1;4771;1470455;4177;99934;0;403;1;0;15123
1;4772;1470683;4177;99933;0;403;1;0;56188
1;4773;1471006;4177;99933;0;403;1;0;40556
1;4774;1471241;4177;99934;0;403;1;0;20509
1;4775;1471576;4177;99934;0;403;1;0;36986
1;4776;1471894;4177;99935;0;403;1;0;10086
1;4777;1472239;4177;99935;0;403;1;0;56513
1;4778;1472467;4177;99935;0;403;1;0;57470
1;4779;1472785;4177;99935;0;403;1;0;18071
1;4780;1473103;4178;99936;0;403;1;0;44109
1;4781;1473464;4178;99935;0;403;1;0;30371
1;4782;1473787;4177;99935;0;403;1;0;60091
1;4783;1474105;4177;99934;0;403;1;0;1356
1;4784;1474464;4177;99934;0;403;1;0;20207
1;4785;1474782;4177;99935;0;403;1;0;28607
1;4786;1475115;4177;99935;0;403;1;0;42163
1;4787;1475443;4177;99935;0;403;1;0;13213
1;4788;1475678;4178;99935;0;403;1;0;18112
1;4789;1476012;4178;99935;0;403;1;0;47920
1;4790;1476440;4178;99935;0;403;1;0;24798
1;4791;1476676;4178;99935;0;403;1;0;7490
1;4792;1476904;4178;99936;0;403;1;0;60333
1;4793;1477226;4178;99935;0;403;1;0;61515
1;4794;1477546;4178;99936;0;403;1;0;54807
1;4795;1477795;4178;99936;0;403;1;0;63333
1;4796;1478113;4178;99936;0;403;1;0;15518
1;4797;1478436;4178;99936;0;403;1;0;31118
1;4798;1478664;4179;99936;0;403;1;0;60519
1;4799;1478902;4179;99935;0;403;1;0;2399
1;4800;1479221;4179;99935;0;403;1;0;52142
1;4801;1479555;4179;99934;0;403;1;0;54683
1;4802;1479873;4178;99934;0;403;1;0;54183
1;4803;1480109;4178;99934;0;403;1;0;9474
1;4804;1480447;4178;99934;0;403;1;0;45201
1;4805;1480771;4179;99934;0;403;1;0;60480
1;4806;1481124;4179;99935;0;403;1;0;10381
1;4807;1481467;4179;99935;0;403;1;0;36196
1;4808;1481786;4179;99935;0;403;1;0;32528
1;4809;1482104;4179;99935;0;403;1;0;20715
1;4810;1482461;4179;99935;0;403;1;0;21958
1;4811;1482780;4179;99936;0;403;1;0;54115
1;4812;1483113;4179;99936;0;403;1;0;18485
1;4813;1483455;4179;99936;0;403;1;0;35366
1;4814;1483773;4179;99936;0;403;1;0;2498
1;4815;1484001;4179;99936;0;403;1;0;26075
1;4816;1484458;4179;99935;0;403;1;0;1416
1;4817;1484777;4179;99935;0;403;1;0;14993
1;4818;1485009;4179;99935;0;403;1;0;38040
1;4819;1485437;4179;99935;0;403;1;0;636
1;4820;1485673;4179;99934;0;403;1;0;5511
1;4821;1485901;4179;99934;0;403;1;0;56461
1;4822;1486219;4179;99935;0;403;1;0;13472
1;4823;1486542;4179;99935;0;403;1;0;10652
1;4824;1486797;4179;99935;0;403;1;0;6847
1;4825;1487115;4179;99935;0;403;1;0;56532
1;4826;1487434;4180;99935;0;403;1;0;58487
1;4827;1487662;4180;99935;0;403;1;0;38338
1;4828;1487897;4180;99935;0;403;1;0;38895
1;4829;1488215;4180;99935;0;403;1;0;31884
1;4830;1488447;4180;99936;0;1043;1;0;53046
1;4831;1488766;4180;99936;0;1043;1;0;53739
1;4832;1489002;4180;99936;0;1043;1;0;4030
1;4833;1489446;4180;99936;0;403;1;0;46017
1;4834;1489765;4180;99935;0;403;1;0;21683
1;4835;1490003;4180;99936;0;403;1;0;54792
1;4836;1490230;4180;99936;0;443;1;0;22982
1;4837;1490550;4180;99936;0;443;1;0;6032
1;4838;1490868;4180;99937;0;443;1;0;48181
1;4839;1491118;4180;99937;0;403;1;0;16458
1;4840;1491442;4180;99937;0;403;1;0;57554
1;4841;1491760;4180;99937;0;403;1;0;55148
1;4842;1491995;4180;99937;0;403;1;0;18375
1;4843;1492230;4181;99937;0;403;1;0;48868
1;4844;1492549;4181;99937;0;403;1;0;9620
1;4845;1492887;4181;99936;0;403;1;0;15407
1;4846;1493205;4181;99937;0;403;1;0;46780
1;4847;1493441;4181;99936;0;403;1;0;17735
1;4848;1493774;4181;99937;0;403;1;0;15017
1;4849;1494092;4181;99937;0;403;1;0;54761
1;4850;1494437;4181;99936;0;403;1;0;62584
1;4851;1494665;4181;99936;0;404;1;0;23908
1;4852;1494983;4181;99936;0;404;1;0;20999
1;4853;1495407;4181;99936;0;404;1;0;13622
1;4854;1495661;4181;99936;0;403;1;0;59755
1;4855;1495983;4181;99935;0;403;1;0;17132
1;4856;1496428;4182;99935;0;404;1;0;14637
1;4857;1496663;4181;99935;0;404;1;0;21743
1;4858;1496981;4182;99935;0;404;1;0;59558
1;4859;1497426;4182;99935;0;404;1;0;7461
1;4860;1497766;4182;99935;0;404;1;0;9968
1;4861;1498084;4181;99935;0;404;1;0;50862
1;4862;1498419;4181;99936;0;403;1;0;33558
1;4863;1498737;4181;99936;0;403;1;0;60548
1;4864;1498976;4182;99936;0;403;1;0;56492
1;4865;1499204;4182;99936;0;403;1;0;24893
1;4866;1499524;4182;99936;0;403;1;0;13077
1;4867;1499849;4182;99935;0;403;1;0;56653
1;4868;1500100;4182;99935;0;403;1;0;39692
1;4869;1500418;4182;99936;0;403;1;0;7068
1;4870;1500736;4182;99936;0;403;1;0;55313
1;4871;1500964;4182;99936;0;403;1;0;43428
1;4872;1501199;4182;99936;0;403;1;0;61611
1;4873;1501522;4182;99936;0;403;1;0;13551
1;4874;1501750;4182;99936;0;404;1;0;52984
1;4875;1502068;4182;99937;0;404;1;0;14666
1;4876;1502416;4182;99936;0;404;1;0;15361
1;4877;1502644;4182;99936;0;403;1;0;10848
1;4878;1502963;4182;99936;0;403;1;0;47751
1;4879;1503416;4182;99936;0;403;1;0;22686
1;4880;1503644;4182;99936;0;404;1;0;29336
1;4881;1503961;4182;99936;0;404;1;0;28580
1;4882;1504425;4182;99936;0;423;1;0;25892
1;4883;1504747;4182;99936;0;423;1;0;19167
1;4884;1505065;4182;99936;0;423;1;0;39265
1;4885;1505403;4183;99936;0;403;1;0;47406
1;4886;1505639;4183;99937;0;403;1;0;25050
1;4887;1505957;4183;99937;0;403;1;0;65088
1;4888;1506184;4183;99936;0;404;1;0;43936
1;4889;1506503;4183;99937;0;404;1;0;18643
1;4890;1506739;4183;99938;0;404;1;0;62338
1;4891;1507077;4183;99938;0;404;1;0;56755
1;4892;1507400;4183;99937;0;404;1;0;1417
1;4893;1507621;4183;99937;0;404;1;0;58318
1;4894;1507856;4183;99936;0;404;1;0;53411
1;4895;1508084;4183;99937;0;404;1;0;8563
1;4896;1508403;4183;99937;0;404;1;0;57772
1;4897;1508721;4183;99937;0;404;1;0;52823
1;4898;1508971;4183;99936;0;404;1;0;13446
1;4899;1509396;4183;99936;0;404;1;0;37918
1;4900;1509730;4183;99936;0;404;1;0;15982
1;4901;1509965;4183;99935;0;404;1;0;46580
1;4902;1510394;4183;99934;0;404;1;0;5948
1;4903;1510629;4183;99934;0;404;1;0;18947
1;4904;1510948;4183;99934;0;404;1;0;14501
1;4905;1511184;4183;99934;0;404;1;0;12053
1;4906;1511519;4183;99933;0;404;1;0;62021
1;4907;1511837;4183;99934;0;404;1;0;21836
1;4908;1512178;4184;99935;0;404;1;0;12221
1;4909;1512406;4184;99934;0;404;1;0;65093
1;4910;1512724;4184;99934;0;404;1;0;58678
1;4911;1513046;4183;99934;0;404;1;0;19446
1;4912;1513407;4184;99934;0;404;1;0;39680
1;4913;1513730;4184;99934;0;404;1;0;37456
1;4914;1514047;4184;99934;0;404;1;0;65124
1;4915;1514409;4184;99935;0;404;1;0;56403
1;4916;1514727;4184;99935;0;404;1;0;5003
1;4917;1515061;4184;99935;0;404;1;0;14900
1;4918;1515380;4184;99936;0;404;1;0;64642
1;4919;1515634;4184;99936;0;404;1;0;23765
1;4920;1515967;4184;99936;0;404;1;0;678
1;4921;1516392;4184;99936;0;404;1;0;30835
1;4922;1516630;4184;99935;0;404;1;0;53703
1;4923;1516858;4184;99935;0;404;1;0;10082
1;4924;1517176;4184;99935;0;404;1;0;44272
1;4925;1517496;4184;99935;0;404;1;0;21191
1;4926;1517745;4184;99935;0;404;1;0;52783
1;4927;1518063;4184;99935;0;404;1;0;15181
1;4928;1518395;4184;99935;0;404;1;0;38163
1;4929;1518623;4184;99935;0;404;1;0;23577
1;4930;1518859;4185;99936;0;404;1;0;60067
1;4931;1519176;4185;99936;0;404;1;0;38355
1;4932;1519515;4185;99936;0;404;1;0;41155
1;4933;1519834;4185;99935;0;404;1;0;14430
1;4934;1520069;4185;99935;0;404;1;0;2501
1;4935;1520403;4185;99935;0;404;1;0;25586
1;4936;1520725;4185;99935;0;404;1;0;47876
1;4937;1521066;4185;99935;0;404;1;0;37518
1;4938;1521401;4185;99934;0;404;1;0;34729
1;4939;1521719;4185;99934;0;404;1;0;58840
1;4940;1522041;4185;99934;0;404;1;0;60091
1;4941;1522403;4185;99934;0;404;1;0;37940
1;4942;1522721;4185;99934;0;404;1;0;36679
1;4943;1523055;4185;99934;0;404;1;0;25636
1;4944;1523401;4186;99935;0;404;1;0;44991
1;4945;1523719;4186;99935;0;404;1;0;9464
1;4946;1523947;4186;99935;0;20884;1;0;21333
1;4947;1524398;4186;99936;0;20884;1;0;37433
1;4948;1524715;4186;99936;0;20884;1;0;11116
1;4949;1524943;4186;99935;0;404;1;0;58153
1;4950;1525372;4186;99935;0;404;1;0;12909
1;4951;1525609;4186;99934;0;404;1;0;53620
1;4952;1525841;4186;99935;0;404;1;0;32533
1;4953;1526163;4186;99935;0;404;1;0;41190
1;4954;1526482;4186;99935;0;404;1;0;21069
1;4955;1526733;4186;99936;0;404;1;0;48061
1;4956;1527051;4186;99935;0;404;1;0;57133
1;4957;1527370;4186;99936;0;404;1;0;62957
1;4958;1527598;4186;99935;0;404;1;0;23603
1;4959;1527833;4186;99935;0;404;1;0;34961
1;4960;1528155;4186;99935;0;404;1;0;33715
1;4961;1528384;4186;99935;0;404;1;0;7638
1;4962;1528706;4187;99935;0;404;1;0;11097
1;4963;1528942;4187;99935;0;404;1;0;60751
1;4964;1529390;4187;99935;0;404;1;0;61245
1;4965;1529708;4187;99936;0;404;1;0;46258
1;4966;1529944;4187;99936;0;404;1;0;56867
1;4967;1530172;4187;99936;0;404;1;0;44950
1;4968;1530491;4187;99936;0;404;1;0;59216
1;4969;1530810;4187;99936;0;404;1;0;2437
1;4970;1531059;4187;99936;0;404;1;0;34024
1;4971;1531386;4187;99936;0;404;1;0;7461
1;4972;1531704;4187;99935;0;404;1;0;47855
1;4973;1531932;4187;99935;0;404;1;0;1918
1;4974;1532167;4187;99935;0;404;1;0;30061
1;4975;1532487;4187;99935;0;404;1;0;15163
1;4976;1532825;4187;99935;0;404;1;0;31282
1;4977;1533142;4187;99934;0;404;1;0;39233
1;4978;1533379;4187;99935;0;404;1;0;54855
1;4979;1533713;4187;99935;0;404;1;0;65528
1;4980;1534035;4187;99935;0;404;1;0;58685
1;4981;1534381;4188;99935;0;404;1;0;5725
1;4982;1534609;4188;99935;0;404;1;0;27275
1;4983;1534928;4188;99935;0;404;1;0;29782
1;4984;1535356;4188;99935;0;404;1;0;5726
1;4985;1535607;4188;99935;0;404;1;0;38458
1;4986;1535925;4188;99935;0;404;1;0;58838
1;4987;1536369;4188;99934;0;564;1;0;27528
1;4988;1536604;4188;99934;0;564;1;0;20898
1;4989;1536926;4188;99935;0;564;1;0;22040
1;4990;1537371;4188;99936;0;404;1;0;64009
1;4991;1537711;4188;99935;0;404;1;0;20904
1;4992;1538029;4188;99935;0;404;1;0;2359
1;4993;1538364;4188;99936;0;404;1;0;62605
1;4994;1538682;4189;99936;0;404;1;0;12779
1;4995;1538917;4189;99936;0;404;1;0;44143
1;4996;1539149;4189;99936;0;404;1;0;17917
1;4997;1539468;4189;99936;0;404;1;0;43816
1;4998;1539787;4189;99936;0;404;1;0;15311
1;4999;1540043;4189;99936;0;444;1;0;18285
1;5000;1540365;4189;99936;0;444;1;0;14197
1;5001;1540687;4189;99935;0;444;1;0;11411
1;5002;1540938;4189;99935;0;404;1;0;44868
1;5003;1541363;4189;99935;0;404;1;0;23613
1;5004;1541697;4189;99935;0;405;1;0;32725
1;5005;1542042;4189;99935;0;405;1;0;10709
1;5006;1542361;4189;99935;0;405;1;0;27629
1;5007;1542589;4189;99935;0;405;1;0;6744
1;5008;1542907;4189;99935;0;405;1;0;29217
1;5009;1543156;4189;99935;0;405;1;0;61860
1;5010;1543491;4190;99936;0;405;1;0;22635
1;5011;1543808;4190;99936;0;405;1;0;55059
1;5012;1544127;4190;99936;0;405;1;0;37525
1;5013;1544527;4190;99935;0;405;1;0;24773
1;5014;1544844;4190;99936;0;405;1;0;14294
1;5015;1545163;4190;99936;0;405;1;0;19271
1;5016;1545521;4190;99936;0;405;1;0;11526
1;5017;1545838;4190;99936;0;405;1;0;35055
1;5018;1546172;4190;99936;0;405;1;0;58626
1;5019;1546496;4190;99936;0;405;1;0;64688
1;5020;1546732;4190;99935;0;405;1;0;49741
1;5021;1547065;4191;99936;0;405;1;0;43083
1;5022;1547494;4191;99935;0;405;1;0;42259
1;5023;1547730;4191;99935;0;405;1;0;45731
1;5024;1547958;4191;99935;0;405;1;0;42918
1;5025;1548279;4191;99935;0;405;1;0;47483
1;5026;1548599;4191;99934;0;405;1;0;12062
1;5027;1548850;4191;99934;0;405;1;0;18982
1;5028;1549167;4191;99935;0;405;1;0;45611
1;5029;1549491;4191;99935;0;405;1;0;22078
1;5030;1549723;4191;99936;0;405;1;0;17276
1;5031;1549959;4191;99936;0;405;1;0;44983
1;5032;1550277;4191;99935;0;405;1;0;32774
1;5033;1550612;4191;99936;0;405;1;0;32188
1;5034;1550929;4191;99936;0;405;1;0;52383
1;5035;1551165;4191;99936;0;405;1;0;14906
1;5036;1551505;4191;99936;0;404;1;0;51833
1;5037;1551827;4192;99937;0;404;1;0;51013
1;5038;1552167;4192;99937;0;404;1;0;7339
1;5039;1552509;4192;99937;0;405;1;0;61988
1;5040;1552827;4192;99937;0;405;1;0;10812
1;5041;1553145;4192;99936;0;405;1;0;40423
1;5042;1553503;4192;99937;0;1045;1;0;51142
1;5043;1553821;4192;99937;0;1045;1;0;6197
1;5044;1554154;4192;99937;0;405;1;0;31835
1;5045;1554497;4192;99937;0;405;1;0;2374
1;5046;1554815;4192;99937;0;405;1;0;5181
1;5047;1555047;4192;99936;0;405;1;0;25399
1;5048;1555499;4192;99936;0;405;1;0;46385
1;5049;1555817;4192;99936;0;405;1;0;39626
1;5050;1556049;4192;99935;0;405;1;0;53728
1;5051;1556478;4192;99935;0;405;1;0;40559
1;5052;1556713;4192;99935;0;405;1;0;22771
1;5053;1556941;4192;99936;0;405;1;0;9526
1;5054;1557259;4192;99936;0;405;1;0;64799
1;5055;1557583;4193;99937;0;405;1;0;60729
1;5056;1557833;4192;99936;0;425;1;0;1548
1;5057;1558155;4192;99936;0;425;1;0;39318
1;5058;1558474;4193;99936;0;425;1;0;28215
1;5059;1558702;4193;99936;0;405;1;0;18809
1;5060;1558938;4193;99936;0;405;1;0;47817
1;5061;1559256;4193;99936;0;405;1;0;54619
1;5062;1559489;4193;99936;0;405;1;0;34444
1;5063;1559807;4193;99936;0;405;1;0;63315
1;5064;1560042;4193;99936;0;405;1;0;47165
1;5065;1560486;4193;99935;0;405;1;0;61091
1;5066;1560805;4193;99936;0;405;1;0;64485
1;5067;1561040;4193;99936;0;405;1;0;64695
1;5068;1561272;4193;99936;0;405;1;0;60915
1;5069;1561591;4193;99937;0;405;1;0;52795
1;5070;1561910;4193;99937;0;405;1;0;58478
1;5071;1562159;4193;99936;0;405;1;0;33670
1;5072;1562483;4193;99936;0;405;1;0;4931
1;5073;1562806;4193;99937;0;405;1;0;46953
1;5074;1563038;4194;99937;0;405;1;0;6650
1;5075;1563273;4194;99937;0;405;1;0;17159
1;5076;1563592;4194;99937;0;405;1;0;47578
1;5077;1563926;4194;99937;0;405;1;0;54319
1;5078;1564271;4194;99937;0;405;1;0;33687
1;5079;1564590;4194;99936;0;405;1;0;46347
1;5080;1564818;4194;99936;0;20885;1;0;37006
1;5081;1565136;4194;99935;0;20885;1;0;51969
1;5082;1565482;4194;99935;0;20885;1;0;62899
1;5083;1565710;4194;99934;0;405;1;0;37323
1;5084;1566029;4194;99935;0;405;1;0;37531
1;5085;1566481;4194;99935;0;405;1;0;44656
1;5086;1566713;4194;99935;0;405;1;0;61294
1;5087;1567031;4195;99936;0;405;1;0;48136
1;5088;1567480;4194;99936;0;405;1;0;38482
1;5089;1567715;4195;99936;0;405;1;0;3389
1;5090;1568033;4195;99936;0;405;1;0;5710
1;5091;1568478;4195;99936;0;415;1;0;14595
1;5092;1568713;4195;99937;0;415;1;0;8158
1;5093;1569031;4195;99937;0;415;1;0;24229
1;5094;1569258;4195;99937;0;405;1;0;2687
1;5095;1569578;4195;99937;0;405;1;0;7173
1;5096;1569813;4195;99938;0;405;1;0;29180
1;5097;1570146;4195;99937;0;405;1;0;22420
1;5098;1570469;4195;99937;0;405;1;0;14203
1;5099;1570690;4195;99937;0;405;1;0;4076
1;5100;1570925;4195;99938;0;405;1;0;30115
1;5101;1571153;4195;99938;0;405;1;0;58627
1;5102;1571471;4195;99938;0;405;1;0;3103
1;5103;1571789;4195;99938;0;405;1;0;9188
1;5104;1572040;4196;99939;0;405;1;0;36908
1;5105;1572465;4196;99939;0;405;1;0;19363
1;5106;1572798;4196;99938;0;405;1;0;13436
1;5107;1573139;4196;99938;0;405;1;0;40376
1;5108;1573466;4196;99938;0;405;1;0;40988
1;5109;1573698;4196;99937;0;405;1;0;14284
1;5110;1574016;4196;99937;0;405;1;0;33947
1;5111;1574256;4196;99937;0;405;1;0;22703
1;5112;1574591;4196;99937;0;405;1;0;26481
1;5113;1574908;4196;99937;0;405;1;0;22632
1;5114;1575226;4196;99937;0;405;1;0;4374
1;5115;1575480;4196;99937;0;405;1;0;1664
1;5116;1575798;4196;99937;0;405;1;0;2531
1;5117;1576120;4196;99937;0;405;1;0;53811
1;5118;1576481;4196;99937;0;405;1;0;39329
1;5119;1576800;4196;99936;0;405;1;0;24373
1;5120;1577118;4197;99937;0;405;1;0;36594
1;5121;1577452;4197;99937;0;405;1;0;33546
1;5122;1577688;4197;99936;0;405;1;0;41093
1;5123;1578010;4197;99937;0;405;1;0;53152
1;5124;1578238;4197;99937;0;1685;1;0;21268
1;5125;1578566;4197;99937;0;1685;1;0;39033
1;5126;1578801;4197;99936;0;1685;1;0;45757
1;5127;1579028;4197;99937;0;405;1;0;62388
1;5128;1579457;4197;99937;0;405;1;0;13526
1;5129;1579797;4197;99936;0;405;1;0;42860
1;5130;1580025;4197;99936;0;405;1;0;42490
1;5131;1580451;4198;99936;0;405;1;0;46122
1;5132;1580784;4198;99936;0;405;1;0;12635
1;5133;1581020;4198;99936;0;405;1;0;49146
1;5134;1581449;4198;99936;0;405;1;0;19637
1;5135;1581681;4198;99936;0;405;1;0;22520
1;5136;1582022;4198;99937;0;405;1;0;7500
1;5137;1582451;4199;99938;0;405;1;0;48912
1;5138;1582679;4199;99937;0;405;1;0;8749
1;5139;1582996;4199;99938;0;405;1;0;38342
1;5140;1583231;4199;99938;0;405;1;0;54523
1;5141;1583460;4199;99938;0;10645;1;0;47226
1;5142;1583778;4198;99937;0;10645;1;0;62958
1;5143;1584100;4198;99937;0;10645;1;0;39325
1;5144;1584462;4198;99937;0;5525;1;0;64002
1;5145;1584780;4198;99936;0;5525;1;0;48593
1;5146;1585098;4199;99936;0;5525;1;0;14558
1;5147;1585462;4199;99937;0;405;1;0;29565
1;5148;1585781;4199;99937;0;405;1;0;59405
1;5149;1586114;4199;99937;0;405;1;0;16019
1;5150;1586456;4199;99937;0;405;1;0;48369
1;5151;1586778;4199;99938;0;405;1;0;43929
1;5152;1587006;4199;99938;0;405;1;0;65269
1;5153;1587431;4199;99938;0;405;1;0;22543
1;5154;1587666;4200;99938;0;405;1;0;12816
1;5155;1587894;4200;99938;0;405;1;0;972
1;5156;1588211;4200;99939;0;405;1;0;25296
1;5157;1588535;4200;99938;0;405;1;0;28601
1;5158;1588787;4200;99938;0;405;1;0;46716
1;5159;1589109;4200;99938;0;405;1;0;55823
1;5160;1589437;4200;99939;0;405;1;0;14167
1;5161;1589665;4200;99939;0;1045;1;0;1376
1;5162;1589900;4200;99940;0;1045;1;0;24296
1;5163;1590218;4200;99940;0;1045;1;0;12955
1;5164;1590553;4200;99940;0;1045;1;0;28436
1;5165;1590894;4200;99939;0;1045;1;0;22610
1;5166;1591216;4200;99939;0;1045;1;0;61735
1;5167;1591445;4200;99939;0;405;1;0;42975
1;5168;1591763;4201;99939;0;405;1;0;51884
1;5169;1592002;4201;99939;0;405;1;0;61981
1;5170;1592443;4201;99939;0;405;1;0;1375
1;5171;1592761;4201;99939;0;405;1;0;55980
1;5172;1593105;4201;99939;0;405;1;0;60352
1;5173;1593440;4201;99939;0;405;1;0;9514
1;5174;1593758;4201;99939;0;405;1;0;45149
1;5175;1594092;4201;99938;0;405;1;0;9605
1;5176;1594442;4201;99939;0;405;1;0;14608
1;5177;1594761;4201;99938;0;405;1;0;11848
1;5178;1594988;4201;99939;0;405;1;0;35624
1;5179;1595441;4202;99939;0;405;1;0;63955
1;5180;1595760;4202;99939;0;405;1;0;782
1;5181;1595988;4202;99938;0;405;1;0;37535
1;5182;1596435;4202;99939;0;405;1;0;62151
1;5183;1596769;4202;99939;0;405;1;0;65343
1;5184;1597091;4202;99939;0;405;1;0;34056
1;5185;1597417;4202;99940;0;405;1;0;1118
1;5186;1597668;4202;99940;0;405;1;0;48672
1;5187;1597986;4202;99940;0;405;1;0;51734
1;5188;1598411;4202;99939;0;405;1;0;21100
1;5189;1598661;4202;99939;0;20885;1;0;29835
1;5190;1598980;4202;99939;0;20885;1;0;56844
1;5191;1599420;4203;99938;0;405;1;0;5437
1;5192;1599760;4203;99939;0;405;1;0;48889
1;5193;1600083;4203;99939;0;405;1;0;49545
1;5194;1600426;4203;99939;0;405;1;0;9808
1;5195;1600743;4203;99940;0;405;1;0;5395
1;5196;1600981;4203;99940;0;405;1;0;34031
1;5197;1601208;4203;99941;0;405;1;0;64136
1;5198;1601528;4203;99940;0;405;1;0;32993
1;5199;1601846;4203;99941;0;405;1;0;6611
1;5200;1602096;4203;99940;0;405;1;0;53735
1;5201;1602420;4203;99941;0;405;1;0;17433
1;5202;1602738;4203;99940;0;405;1;0;27791
1;5203;1602966;4203;99941;0;405;1;0;48503
1;5204;1603207;4203;99940;0;405;1;0;47503
1;5205;1603526;4204;99941;0;405;1;0;46355
1;5206;1603860;4204;99941;0;405;1;0;41444
1;5207;1604200;4204;99941;0;405;1;0;2345
1;5208;1604524;4204;99941;0;405;1;0;49320
1;5209;1604751;4204;99942;0;405;1;0;1014
1;5210;1605069;4204;99941;0;405;1;0;63720
1;5211;1605415;4204;99941;0;405;1;0;29764
1;5212;1605643;4204;99941;0;1685;1;0;32689
1;5213;1605962;4204;99941;0;1685;1;0;24940
1;5214;1606418;4204;99941;0;1685;1;0;45584
1;5215;1606646;4204;99941;0;10646;1;0;38651
1;5216;1606963;4204;99941;0;10646;1;0;30688
1;5217;1607404;4204;99941;0;405;1;0;32350
1;5218;1607639;4204;99941;0;405;1;0;12367
1;5219;1607961;4204;99942;0;405;1;0;10948
1;5220;1608406;4204;99942;0;406;1;0;27638
1;5221;1608641;4205;99942;0;406;1;0;13313
1;5222;1608959;4205;99942;0;406;1;0;59841
1;5223;1609191;4205;99942;0;406;1;0;1771
1;5224;1609510;4205;99942;0;406;1;0;29773
1;5225;1609745;4205;99942;0;406;1;0;41199
1;5226;1610079;4205;99942;0;405;1;0;2369
1;5227;1610402;4205;99942;0;405;1;0;16742
1;5228;1610721;4205;99942;0;405;1;0;39551
1;5229;1610973;4205;99942;0;405;1;0;51812
1;5230;1611401;4205;99942;0;405;1;0;56704
1;5231;1611720;4205;99943;0;405;1;0;6932
1;5232;1611971;4205;99943;0;406;1;0;41110
1;5233;1612191;4205;99943;0;406;1;0;29744
1;5234;1612511;4205;99942;0;406;1;0;20016
1;5235;1612738;4206;99942;0;406;1;0;15829
1;5236;1613083;4206;99941;0;406;1;0;48756
1;5237;1613402;4206;99941;0;406;1;0;57536
1;5238;1613630;4206;99942;0;406;1;0;17808
1;5239;1613949;4206;99941;0;406;1;0;46675
1;5240;1614184;4206;99941;0;406;1;0;63805
1;5241;1614519;4206;99941;0;406;1;0;44252
1;5242;1614837;4206;99941;0;406;1;0;12088
1;5243;1615159;4206;99942;0;406;1;0;57518
1;5244;1615410;4206;99942;0;406;1;0;24982
1;5245;1615630;4206;99942;0;406;1;0;61750
1;5246;1615948;4206;99942;0;406;1;0;41964
1;5247;1616414;4207;99942;0;406;1;0;16184
1;5248;1616732;4207;99942;0;406;1;0;26535
1;5249;1617050;4207;99942;0;406;1;0;15207
1;5250;1617384;4207;99942;0;406;1;0;39552
1;5251;1617620;4207;99942;0;406;1;0;19017
1;5252;1617938;4207;99942;0;406;1;0;26658
1;5253;1618174;4207;99941;0;406;1;0;48721
1;5254;1618493;4207;99942;0;406;1;0;19944
1;5255;1618729;4207;99942;0;406;1;0;26202
1;5256;1618956;4207;99942;0;406;1;0;52108
1;5257;1619385;4207;99941;0;406;1;0;17452
1;5258;1619725;4207;99941;0;406;1;0;59334
1;5259;1619953;4207;99941;0;406;1;0;22350
1;5260;1620379;4207;99941;0;406;1;0;24253
1;5261;1620712;4207;99941;0;406;1;0;974
1;5262;1620950;4207;99940;0;406;1;0;50940
1;5263;1621379;4207;99940;0;406;1;0;60727
1;5264;1621607;4207;99940;0;406;1;0;26752
1;5265;1621948;4207;99940;0;406;1;0;16000
1;5266;1622377;4208;99940;0;406;1;0;26121
1;5267;1622605;4208;99940;0;1046;1;0;45380
1;5268;1622923;4208;99940;0;1046;1;0;51519
1;5269;1623160;4208;99940;0;1046;1;0;58518
1;5270;1623393;4208;99940;0;406;1;0;10708
1;5271;1623711;4208;99940;0;406;1;0;20693
1;5272;1624029;4208;99940;0;406;1;0;2832
1;5273;1624391;4208;99940;0;406;1;0;19692
1;5274;1624709;4208;99940;0;406;1;0;32617
1;5275;1625027;4208;99941;0;406;1;0;52051
1;5276;1625386;4208;99941;0;406;1;0;4619
1;5277;1625704;4208;99941;0;406;1;0;32153
1;5278;1626037;4208;99941;0;406;1;0;58826
1;5279;1626384;4208;99942;0;406;1;0;11899
1;5280;1626702;4208;99942;0;406;1;0;49065
1;5281;1626934;4208;99942;0;406;1;0;5253
1;5282;1627367;4209;99943;0;406;1;0;5599
1;5283;1627602;4209;99943;0;406;1;0;4749
1;5284;1627829;4209;99943;0;406;1;0;63095
1;5285;1628147;4209;99943;0;406;1;0;39428
1;5286;1628466;4209;99942;0;406;1;0;31133
1;5287;1628717;4209;99942;0;406;1;0;42096
1;5288;1629039;4209;99942;0;406;1;0;65461
1;5289;1629359;4209;99942;0;406;1;0;49465
1;5290;1629586;4209;99942;0;406;1;0;60772
1;5291;1629822;4209;99942;0;406;1;0;43936
1;5292;1630144;4209;99941;0;406;1;0;30262
1;5293;1630479;4209;99940;0;1686;1;0;59615
1;5294;1630823;4209;99939;0;1686;1;0;38969
1;5295;1631141;4209;99939;0;1686;1;0;18378
1;5296;1631374;4209;99940;0;406;1;0;18317
1;5297;1631692;4209;99940;0;406;1;0;26742
1;5298;1631927;4209;99940;0;406;1;0;7690
1;5299;1632367;4209;99940;0;406;1;0;54
1;5300;1632685;4210;99940;0;406;1;0;62560
1;5301;1633027;4210;99941;0;406;1;0;39689
1;5302;1633369;4210;99940;0;406;1;0;39182
1;5303;1633688;4210;99940;0;406;1;0;30683
1;5304;1634021;4210;99940;0;406;1;0;48074
1;5305;1634366;4210;99940;0;406;1;0;47066
1;5306;1634688;4210;99940;0;406;1;0;23209
1;5307;1634916;4210;99940;0;406;1;0;39805
1;5308;1635364;4210;99940;0;406;1;0;6621
1;5309;1635682;4210;99940;0;406;1;0;30126
1;5310;1635910;4210;99940;0;406;1;0;36969
1;5311;1636362;4210;99941;0;406;1;0;64413
1;5312;1636696;4210;99941;0;406;1;0;12234
1;5313;1637018;4210;99942;0;406;1;0;51370
1;5314;1637337;4210;99942;0;406;1;0;23468
1;5315;1637588;4210;99941;0;406;1;0;16812
1;5316;1637906;4211;99942;0;406;1;0;60419
1;5317;1638335;4211;99942;0;406;1;0;33352
1;5318;1638592;4211;99942;0;406;1;0;26960
1;5319;1638910;4211;99941;0;406;1;0;41166
1;5320;1639359;4211;99942;0;406;1;0;23194
1;5321;1639699;4211;99942;0;406;1;0;19628
1;5322;1640018;4211;99942;0;406;1;0;48647
1;5323;1640352;4211;99942;0;5526;1;0;37537
1;5324;1640670;4211;99942;0;5526;1;0;28415
1;5325;1640907;4211;99942;0;5526;1;0;21935
1;5326;1641134;4211;99942;0;406;1;0;2520
1;5327;1641453;4211;99941;0;406;1;0;20027
1;5328;1641771;4211;99940;0;406;1;0;9973
1;5329;1642022;4211;99940;0;406;1;0;50397
1;5330;1642352;4212;99940;0;406;1;0;53432
1;5331;1642671;4212;99941;0;406;1;0;61261
1;5332;1642899;4212;99941;0;406;1;0;39917
1;5333;1643134;4212;99942;0;406;1;0;46385
1;5334;1643453;4212;99942;0;406;1;0;54847
1;5335;1643787;4212;99942;0;406;1;0;30940
1;5336;1644128;4212;99941;0;406;1;0;45178
1;5337;1644451;4212;99941;0;406;1;0;32619
1;5338;1644683;4212;99942;0;406;1;0;47001
1;5339;1645000;4213;99942;0;406;1;0;52707
1;5340;1645345;4213;99942;0;406;1;0;37993
1;5341;1645573;4213;99941;0;406;1;0;9625
1;5342;1645896;4213;99942;0;406;1;0;11065
1;5343;1646343;4213;99941;0;406;1;0;16399
1;5344;1646571;4213;99941;0;406;1;0;51807
1;5345;1646889;4214;99941;0;406;1;0;50701
1;5346;1647334;4214;99941;0;2966;1;0;18777
1;5347;1647570;4214;99941;0;2966;1;0;24297
1;5348;1647888;4214;99941;0;2966;1;0;3461
1;5349;1648333;4214;99941;0;406;1;0;4363
1;5350;1648568;4214;99941;0;406;1;0;49730
1;5351;1648886;4214;99942;0;406;1;0;32997
1;5352;1649114;4214;99942;0;406;1;0;31354
1;5353;1649437;4214;99942;0;406;1;0;7854
1;5354;1649673;4214;99942;0;406;1;0;22968
1;5355;1649893;4215;99943;0;406;1;0;27163
1;5356;1650121;4215;99942;0;406;1;0;55539
1;5357;1650441;4215;99942;0;406;1;0;52873
1;5358;1650784;4215;99929;0;406;1;0;16665
1;5359;1651012;4215;99900;0;426;1;0;43212
1;5360;1651331;4215;99819;0;426;1;0;8303
1;5361;1651649;4215;99675;0;426;1;0;31097
1;5362;1651900;4214;99494;0;406;1;0;22976
1;5363;1652324;4214;99104;0;406;1;0;45583
1;5364;1652662;4214;98742;0;406;1;0;25620
1;5365;1653003;4214;98404;0;406;1;0;15088
1;5366;1653322;4215;98024;0;406;1;0;62746
1;5367;1653561;4214;97777;0;10646;1;0;33243
1;5368;1653879;4214;97459;0;10646;1;0;21790
1;5369;1654126;4214;97193;0;10646;1;0;57644
1;5370;1654460;4214;96902;0;406;1;0;12329
1;5371;1654778;4214;96628;0;406;1;0;32542
1;5372;1655101;4214;96337;0;406;1;0;52122
1;5373;1655358;4214;96155;0;406;1;0;21789
1;5374;1655675;4214;95746;0;406;3;1;4867
1;5375;1655993;4213;95570;0;406;3;1;25545
1;5376;1656355;4211;95436;0;406;3;1;24052
1;5377;1656674;4210;95334;0;406;3;1;10151
1;5378;1656991;4209;95259;0;406;3;1;3455
1;5379;1657330;4209;95218;0;406;3;1;59904
1;5380;1657566;4209;95198;0;406;3;1;39291
1;5381;1657888;4209;95189;0;406;3;1;4856
1;5382;1658116;4209;95188;0;406;3;1;28447
1;5383;1658435;4210;95194;0;406;3;1;53048
1;5384;1658675;4210;95201;0;406;3;1;45577
1;5385;1658903;4210;95212;0;406;3;1;25100
1;5386;1659327;4210;95236;0;406;3;1;10819
1;5387;1659667;4210;95255;0;406;3;1;37216
1;5388;1659896;4211;95268;0;406;3;1;27545
1;5389;1660328;4211;95293;0;406;3;1;15554
1;5390;1660661;4211;95313;0;406;3;1;2454
1;5391;1660898;4211;95326;0;406;3;1;38961
1;5392;1661324;4211;95351;0;406;3;1;41620
1;5393;1661555;4211;95365;0;406;3;1;23036
1;5394;1661897;4212;95385;0;406;3;1;39931
1;5395;1662323;4212;95411;0;406;3;1;22983
1;5396;1662551;4212;95426;0;406;3;1;38852
1;5397;1662869;4212;95446;0;406;3;1;19533
1;5398;1663108;4212;95461;0;406;3;1;43799
1;5399;1663337;4212;95475;0;406;3;1;6545
1;5400;1663655;4213;95496;0;406;3;1;62663
1;5401;1663973;4213;95516;0;406;3;1;57158
1;5402;1664334;4213;95539;0;406;3;1;13960
1;5403;1664657;4213;95562;0;406;3;1;41532
1;5404;1664975;4213;95585;0;406;3;1;50000
1;5405;1665343;4213;95612;0;406;3;1;6339
1;5406;1665709;4213;95634;0;406;3;1;31036
1;5407;1665937;4213;95649;0;406;3;1;28193
1;5408;1666521;4213;95684;0;406;3;1;52457
1;5409;1666854;4213;95703;0;20888;3;1;39546
1;5410;1667176;4213;95722;0;20888;3;1;64501
1;5411;1667518;4213;95743;0;20888;3;1;42428
1;5412;1667746;4213;95758;0;406;3;1;19546
1;5413;1668065;4213;95777;0;406;3;1;21002
1;5414;1668494;4213;95803;0;406;3;1;1545
1;5415;1668748;4213;95819;0;406;3;1;43533
1;5416;1669066;4213;95835;0;406;3;1;59261
1;5417;1669510;4213;95862;0;406;3;1;54586
1;5418;1669746;4212;95875;0;406;3;1;22693
1;5419;1670064;4212;95892;0;406;3;1;64470
1;5420;1670505;4213;95916;0;406;3;1;6183
1;5421;1670845;4212;95935;0;406;3;1;37716
1;5422;1671163;4212;95954;0;406;3;1;38423
1;5423;1671506;4212;95972;0;406;3;1;11578
1;5424;1671825;4212;95991;0;406;3;1;52198
1;5425;1672060;4212;96005;0;406;3;1;8295
1;5426;1672292;4212;96018;0;406;3;1;57193
1;5427;1672611;4212;96036;0;406;3;1;23875
1;5428;1672934;4212;96055;0;406;3;1;35256
1;5429;1673186;4212;96072;0;406;3;1;36010
1;5430;1673504;4212;96091;0;406;3;1;43931
1;5431;1673822;4211;96108;0;406;3;1;15968
1;5432;1674054;4211;96122;0;406;3;1;445
1;5433;1674289;4211;96136;0;406;3;1;3359
1;5434;1674613;4211;96158;0;406;3;1;18558
1;5435;1674841;4211;96172;0;406;3;1;55618
1;5436;1675158;4211;96194;0;406;3;1;35614
1;5437;1675500;4211;96218;0;406;3;1;1137
1;5438;1675728;4210;96233;0;406;3;1;64016
1;5439;1676047;4210;96256;0;406;3;1;19622
1;5440;1676502;4210;96289;0;406;3;1;27719
1;5441;1676730;4210;96305;0;406;3;1;53215
1;5442;1677048;4210;96327;0;406;3;1;17972
1;5443;1677518;4210;96360;0;406;3;1;10259
1;5444;1677836;4210;96380;0;406;3;1;65495
1;5445;1678154;4210;96402;0;406;3;1;42971
1;5446;1678489;4209;96426;0;406;3;1;34819
1;5447;1678724;4209;96443;0;406;3;1;47415
1;5448;1679043;4209;96465;0;406;3;1;7523
1;5449;1679274;4209;96482;0;406;3;1;16145
1;5450;1679593;4209;96506;0;406;3;1;61316
1;5451;1679829;4209;96521;0;406;3;1;23203
1;5452;1680171;4208;96542;0;406;3;1;22117
1;5453;1680490;4208;96562;0;406;3;1;53680
1;5454;1680832;4208;96585;0;406;3;0;4237
1;5455;1681060;4208;96602;0;406;3;0;3222
1;5456;1681485;4207;96631;0;406;3;0;12852
1;5457;1681807;4207;96653;0;406;3;0;56770
1;5458;1682058;4207;96670;0;406;3;0;14626
1;5459;1682487;4207;96699;0;406;3;0;643
1;5460;1682825;4207;96719;0;406;3;0;19770
1;5461;1683060;4207;96734;0;406;3;0;34921
1;5462;1683485;4206;96760;0;406;3;0;50500
1;5463;1683713;4206;96774;0;405;3;0;22457
1;5464;1684036;4205;96794;0;405;3;0;22506
1;5465;1684271;4205;96807;0;405;3;0;1830
1;5466;1684491;4205;96822;0;405;3;0;61255
1;5467;1684719;4205;96835;0;405;3;0;62530
1;5468;1685037;4204;96860;0;405;3;0;48273
1;5469;1685282;4204;96876;0;405;3;0;49235
1;5470;1685511;4204;96893;0;405;3;0;10581
1;5471;1685833;4204;96913;0;405;3;0;22266
1;5472;1686151;4203;96934;0;405;3;0;13779
1;5473;1686509;4203;96960;0;405;3;0;48737
1;5474;1686827;4202;96982;0;405;3;0;1840
1;5475;1687149;4202;97004;0;405;3;0;54864
1;5476;1687510;4201;97031;0;405;3;0;15815
1;5477;1687833;4201;97053;0;405;3;0;61794
1;5478;1688166;4201;97078;0;405;3;0;46232
1;5479;1688490;4200;97099;0;405;3;0;23366
1;5480;1688725;4200;97116;0;405;3;0;12997
1;5481;1689059;4199;97139;0;405;3;0;40110
1;5482;1689484;4199;97170;0;405;3;0;41011
1;5483;1689722;4199;97188;0;405;3;0;49606
1;5484;1689950;4198;97204;0;405;3;0;15401
1;5485;1690268;4198;97226;0;405;3;0;19291
1;5486;1690588;4197;97249;0;405;3;0;22224
1;5487;1690837;4197;97268;0;405;3;0;43921
1;5488;1691159;4196;97290;0;405;3;0;57495
1;5489;1691483;4196;97315;0;405;3;0;64141
1;5490;1691711;4195;97328;0;405;3;0;13020
1;5491;1691947;4195;97348;0;405;3;0;62395
1;5492;1692264;4195;97369;0;405;3;0;5750
1;5493;1692603;4194;97391;0;405;3;0;36022
1;5494;1692922;4194;97414;0;405;3;0;58125
1;5495;1693161;4194;97429;0;405;3;0;38870
1;5496;1693499;4193;97451;0;405;3;0;43471
1;5497;1693817;4193;97471;0;405;3;0;21360
1;5498;1694158;4192;97493;0;405;3;0;32768
1;5499;1694493;4192;97514;0;405;3;0;52521
1;5500;1694811;4192;97538;0;405;3;0;12079
1;5501;1695031;4191;97552;0;405;3;0;54922
1;5502;1695282;4191;97571;0;405;3;0;38928
1;5503;1695602;4191;97592;0;405;3;0;6502
1;5504;1695920;4190;97612;0;405;3;0;43623
1;5505;1696147;4190;97628;0;404;3;0;11796
1;5506;1696494;4189;97653;0;404;3;0;9532
1;5507;1696812;4189;97675;0;404;3;0;62226
1;5508;1697040;4188;97692;0;404;3;0;48721
1;5509;1697487;4188;97726;0;404;3;0;57721
1;5510;1697810;4187;97748;0;404;3;0;9898
1;5511;1698038;4187;97764;0;404;3;0;61556
1;5512;1698467;4186;97795;0;404;3;0;38215
1;5513;1698705;4186;97812;0;404;3;0;39995
1;5514;1698937;4186;97829;0;404;3;0;37556
1;5515;1699255;4185;97855;0;404;3;0;4474
1;5516;1699575;4184;97879;0;404;3;0;45678
1;5517;1699826;4184;97897;0;404;3;0;15106
1;5518;1700143;4183;97926;0;404;3;0;54309
1;5519;1700467;4183;97950;0;404;3;0;46937
1;5520;1700695;4183;97968;0;403;3;0;25695
1;5521;1700930;4182;97985;0;403;3;0;47372
1;5522;1701248;4181;98006;0;403;3;0;31173
1;5523;1701476;4181;98023;0;403;3;0;40735
1;5524;1701799;4180;98048;0;403;3;0;53392
1;5525;1702035;4180;98065;0;403;3;0;39786
1;5526;1702479;4179;98094;0;403;3;0;17898
1;5527;1702797;4179;98115;0;403;3;0;24374
1;5528;1703038;4178;98134;0;403;3;0;40945
1;5529;1703266;4177;98148;0;403;3;0;41730
1;5530;1703585;4177;98173;0;403;3;0;44959
1;5531;1703904;4176;98196;0;403;3;0;59875
1;5532;1704154;4176;98215;0;403;3;0;44014
1;5533;1704481;4175;98242;0;403;3;0;39398
1;5534;1704800;4175;98265;0;403;3;0;42093
1;5535;1705027;4174;98283;0;403;3;0;1374
1;5536;1705263;4174;98300;0;403;3;0;43938
1;5537;1705586;4173;98328;0;403;3;0;47980
1;5538;1705924;4173;98352;0;403;3;0;55803
1;5539;1706242;4172;98378;0;403;3;0;49238
1;5540;1706478;4171;98395;0;403;3;0;52643
1;5541;1706812;4171;98417;0;403;3;0;19547
1;5542;1707133;4170;98442;0;403;3;0;37645
1;5543;1707475;4170;98466;0;403;3;0;50324
1;5544;1707703;4169;98481;0;403;3;0;25364
1;5545;1708026;4169;98509;0;403;3;0;61706
1;5546;1708450;4168;98543;0;403;3;0;57217
1;5547;1708701;4167;98561;0;403;3;0;41990
1;5548;1709019;4166;98585;0;403;3;0;40613
1;5549;1709464;4165;98621;0;402;3;0;22506
1;5550;1709707;4165;98639;0;402;3;0;63905
1;5551;1710025;4164;98666;0;402;3;0;45133
1;5552;1710466;4164;98700;0;402;3;0;41932
1;5553;1710811;4163;98727;0;402;3;0;56943
1;5554;1711129;4162;98751;0;402;3;0;30668
1;5555;1711463;4162;98778;0;402;3;0;55565
1;5556;1711782;4161;98802;0;402;3;0;21728
1;5557;1712017;4161;98819;0;402;3;0;10696
1;5558;1712249;4160;98838;0;402;3;0;60802
1;5559;1712568;4160;98862;0;402;3;0;24222
1;5560;1712887;4159;98890;0;402;3;0;36606
1;5561;1713138;4159;98909;0;401;3;0;14845
1;5562;1713464;4158;98937;0;401;3;0;7104
1;5563;1713783;4157;98964;0;401;3;0;8968
1;5564;1714011;4157;98983;0;401;3;0;52756
1;5565;1714246;4156;99003;0;401;3;0;16637
1;5566;1714565;4155;99028;0;401;3;0;35943
1;5567;1714793;4155;99048;0;401;3;0;50733
1;5568;1715115;4154;99072;0;401;3;0;5086
1;5569;1715460;4153;99099;0;401;3;0;29730
1;5570;1715688;4153;99118;0;401;3;0;253
1;5571;1716011;4152;99146;0;401;3;0;56618
1;5572;1716458;4151;99183;0;401;3;0;51181
1;5573;1716686;4151;99203;0;401;3;0;23184
1;5574;1717008;4150;99230;0;401;3;0;8310
1;5575;1717472;4149;99270;0;401;3;0;16442
1;5576;1717794;4148;99301;0;401;3;0;37977
1;5577;1718112;4147;99327;0;401;3;0;9898
1;5578;1718447;4146;99359;0;401;3;0;28318
1;5579;1718684;4146;99379;0;401;3;0;21043
1;5580;1719003;4145;99406;0;401;3;0;54652
1;5581;1719230;4145;99426;0;401;3;0;60824
1;5582;1719549;4144;99452;0;401;3;0;64769
1;5583;1719784;4144;99471;0;401;3;0;35987
1;5584;1720118;4143;99502;0;401;3;0;32770
1;5585;1720445;4143;99530;0;401;3;0;49131
1;5586;1720786;4142;99561;0;401;3;0;52120
1;5587;1721021;4141;99580;0;401;3;0;24548
1;5588;1721450;4141;99615;0;401;3;0;12633
1;5589;1721768;4140;99642;0;401;3;0;35005
1;5590;1722030;4140;99660;0;400;3;0;37003
1;5591;1722454;4139;99693;0;400;3;0;2702
1;5592;1722788;4138;99721;0;400;3;0;61537
1;5593;1723026;4138;99740;0;400;3;0;23119
1;5594;1723451;4137;99776;0;400;3;0;40584
1;5595;1723679;4136;99796;0;400;3;0;54816
1;5596;1724001;4135;99825;0;400;3;0;22799
1;5597;1724238;4135;99847;0;400;3;0;38027
1;5598;1724573;4134;99873;0;400;3;0;1373
1;5599;1724894;4133;99897;0;400;3;0;594
1;5600;1725235;4132;99908;0;400;3;0;3576
1;5601;1725464;4131;99913;0;400;3;0;53444
1;5602;1725786;4130;99918;0;400;3;0;16382
1;5603;1726104;4129;99921;0;400;3;0;45519
1;5604;1726468;4129;99923;0;400;3;0;53452
1;5605;1726786;4128;99924;0;400;3;0;53345
1;5606;1727104;4127;99924;0;400;3;0;6506
1;5607;1727464;4126;99925;0;1680;3;0;24640
1;5608;1727782;4125;99925;0;1680;3;0;43055
1;5609;1728115;4125;99926;0;400;3;0;33477
1;5610;1728439;4124;99926;0;400;3;0;54790
1;5611;1728677;4123;99926;0;400;3;0;57808
1;5612;1729011;4123;99925;0;400;3;0;3928
1;5613;1729439;4122;99925;0;400;3;0;21715
1;5614;1729675;4121;99924;0;400;3;0;1065
1;5615;1729903;4120;99923;0;400;3;0;59722
1;5616;1730221;4120;99924;0;400;3;0;6926
1;5617;1730540;4119;99925;0;400;3;0;7368
1;5618;1730790;4119;99925;0;400;3;0;45318
1;5619;1731108;4118;99925;0;400;3;0;50139
1;5620;1731435;4117;99925;0;400;3;0;5119
1;5621;1731663;4117;99925;0;400;3;0;56053
1;5622;1731904;4117;99925;0;400;3;0;62831
1;5623;1732222;4116;99925;0;400;3;0;16641
1;5624;1732561;4116;99925;0;400;3;0;31408
1;5625;1732879;4115;99924;0;400;3;0;14219
1;5626;1733115;4114;99924;0;400;3;0;59759
1;5627;1733449;4114;99924;0;399;3;0;58741
1;5628;1733767;4113;99925;0;399;3;0;52553
1;5629;1734112;4112;99925;0;399;3;0;51385
1;5630;1734451;4112;99925;0;399;3;0;24059
1;5631;1734769;4111;99925;0;399;3;0;29912
1;5632;1735087;4111;99925;0;399;3;0;1700
1;5633;1735444;4110;99925;0;399;3;0;47500
1;5634;1735763;4110;99925;0;399;3;0;43449
1;5635;1736096;4109;99925;0;399;3;0;35598
1;5636;1736442;4109;99924;0;399;3;0;16836
1;5637;1736761;4108;99924;0;399;3;0;21483
1;5638;1736993;4108;99924;0;399;3;0;4318
1;5639;1737447;4107;99924;0;399;3;0;1732
1;5640;1737765;4107;99924;0;399;3;0;50582
1;5641;1737993;4106;99924;0;399;3;0;3668
1;5642;1738418;4106;99923;0;399;3;0;55705
1;5643;1738653;4106;99923;0;399;3;0;26142
1;5644;1738881;4105;99923;0;399;3;0;12327
1;5645;1739199;4105;99923;0;399;3;0;33091
1;5646;1739519;4105;99924;0;399;3;0;19127
1;5647;1739777;4104;99924;0;2958;3;0;40153
1;5648;1740100;4104;99924;0;2958;3;0;34287
1;5649;1740419;4104;99924;0;2958;3;0;18719
1;5650;1740647;4103;99925;0;398;3;0;5389
1;5651;1740883;4103;99925;0;398;3;0;61577
1;5652;1741201;4103;99925;0;398;3;0;52090
1;5653;1741429;4102;99925;0;398;3;0;20429
1;5654;1741747;4102;99925;0;398;3;0;32681
1;5655;1741983;4102;99925;0;398;3;0;12723
1;5656;1742435;4101;99925;0;398;3;0;31433
1;5657;1742753;4101;99925;0;398;3;0;42298
1;5658;1742989;4101;99925;0;398;3;0;22202
1;5659;1743217;4101;99925;0;398;3;0;19990
1;5660;1743540;4100;99925;0;398;3;0;577
1;5661;1743859;4100;99925;0;398;3;0;32464
1;5662;1744109;4099;99925;0;398;3;0;21786
1;5663;1744428;4099;99925;0;398;3;0;21378
1;5664;1744750;4099;99925;0;398;3;0;22688
1;5665;1744978;4099;99925;0;398;3;0;31776
1;5666;1745216;4098;99925;0;398;3;0;56482
1;5667;1745536;4098;99926;0;398;3;0;6662
1;5668;1745870;4098;99926;0;398;3;0;5477
1;5669;1746187;4097;99927;0;398;3;0;51019
1;5670;1746428;4097;99928;0;398;3;0;59097
1;5671;1746762;4096;99928;0;398;3;0;36235
1;5672;1747084;4096;99928;0;398;3;0;46320
1;5673;1747428;4096;99928;0;398;3;0;477
1;5674;1747656;4096;99928;0;398;3;0;25354
1;5675;1747975;4095;99928;0;398;3;0;12625
1;5676;1748408;4095;99927;0;398;3;0;4076
1;5677;1748658;4095;99927;0;398;3;0;40810
1;5678;1748976;4094;99927;0;398;3;0;23021
1;5679;1749417;4094;99928;0;398;3;0;3842
1;5680;1749652;4094;99928;0;398;3;0;35658
1;5681;1749970;4094;99928;0;398;3;0;59193
1;5682;1750414;4093;99928;0;398;3;0;14522
1;5683;1750755;4093;99928;0;398;3;0;40596
1;5684;1751077;4093;99928;0;398;3;0;40949
1;5685;1751416;4092;99927;0;398;3;0;38369
1;5686;1751734;4092;99927;0;398;3;0;25340
1;5687;1751969;4091;99928;0;398;3;0;14675
1;5688;1752197;4091;99928;0;398;3;0;33895
1;5689;1752521;4091;99927;0;398;3;0;50675
1;5690;1752839;4091;99927;0;398;3;0;39626
1;5691;1753090;4091;99927;0;397;3;0;26945
1;5692;1753412;4090;99927;0;397;3;0;42065
1;5693;1753731;4090;99927;0;397;3;0;26785
1;5694;1753963;4090;99926;0;397;3;0;22994
1;5695;1754199;4089;99926;0;397;3;0;50796
1;5696;1754518;4089;99927;0;397;3;0;5469
1;5697;1754750;4089;99928;0;397;3;0;39714
1;5698;1755068;4089;99928;0;397;3;0;59598
1;5699;1755414;4088;99927;0;397;3;0;17249
1;5700;1755642;4088;99928;0;397;3;0;33499
1;5701;1755960;4088;99928;0;397;3;0;46437
1;5702;1756408;4088;99928;0;397;3;0;10230
1;5703;1756640;4087;99928;0;397;3;0;2446
1;5704;1756958;4087;99928;0;397;3;0;44181
1;5705;1757421;4086;99927;0;397;3;0;32227
1;5706;1757739;4086;99927;0;397;3;0;42442
1;5707;1758061;4086;99926;0;397;3;0;4592
1;5708;1758396;4086;99926;0;397;3;0;50591
1;5709;1758634;4085;99926;0;397;3;0;76
1;5710;1758952;4085;99926;0;397;3;0;50113
1;5711;1759179;4085;99926;0;397;3;0;47326
1;5712;1759502;4085;99926;0;397;3;0;10490
1;5713;1759743;4084;99925;0;397;3;0;29073
1;5714;1760077;4084;99926;0;397;3;0;51405
1;5715;1760396;4084;99926;0;397;3;0;59043
1;5716;1760741;4084;99926;0;397;3;0;42860
1;5717;1760969;4083;99926;0;397;3;0;41900
1;5718;1761394;4083;99926;0;397;3;0;433
1;5719;1761712;4083;99926;0;397;3;0;56898
1;5720;1761964;4083;99926;0;397;3;0;18103
1;5721;1762392;4082;99926;0;397;3;0;62711
1;5722;1762730;4082;99926;0;1676;3;0;24164
1;5723;1762966;4082;99926;0;1676;3;0;36525
1;5724;1763394;4082;99926;0;1676;3;0;45065
1;5725;1763622;4082;99926;0;396;3;0;37009
1;5726;1763941;4081;99927;0;396;3;0;21522
1;5727;1764176;4081;99927;0;396;3;0;21312
1;5728;1764515;4081;99927;0;396;3;0;23088
1;5729;1764832;4081;99928;0;396;3;0;60954
1;5730;1765178;4081;99928;0;396;3;0;60586
1;5731;1765406;4080;99928;0;396;3;0;21068
1;5732;1765724;4080;99928;0;396;3;0;39351
1;5733;1766046;4080;99928;0;396;3;0;1581
1;5734;1766408;4080;99928;0;396;3;0;14547
1;5735;1766726;4079;99929;0;396;3;0;56351
1;5736;1767044;4079;99929;0;396;3;0;14267
1;5737;1767401;4079;99929;0;396;3;0;53756
1;5738;1767720;4079;99929;0;396;3;0;59948
1;5739;1768053;4078;99929;0;396;3;0;11106
1;5740;1768377;4079;99930;0;396;3;0;51284
1;5741;1768616;4078;99930;0;396;3;0;13652
1;5742;1768949;4078;99930;0;396;3;0;23823
1;5743;1769374;4078;99929;0;396;3;0;18867
1;5744;1769609;4078;99928;0;396;3;0;20872
1;5745;1769837;4078;99928;0;396;3;0;53301
1;5746;1770160;4077;99929;0;396;3;0;8163
1;5747;1770483;4077;99928;0;396;3;0;63667
1;5748;1770733;4077;99928;0;396;3;0;20846
1;5749;1771051;4077;99929;0;396;3;0;64785
1;5750;1771378;4077;99930;0;396;3;0;44600
1;5751;1771606;4077;99930;0;396;3;0;30391
1;5752;1771842;4077;99930;0;396;3;0;10555
1;5753;1772160;4076;99930;0;396;3;0;62402
1;5754;1772495;4076;99931;0;396;3;0;31765
1;5755;1772813;4077;99932;0;396;3;0;42919
1;5756;1773048;4076;99932;0;396;3;0;8638
1;5757;1773382;4076;99931;0;556;3;0;4250
1;5758;1773603;4076;99932;0;556;3;0;1627
1;5759;1773925;4076;99931;0;556;3;0;17301
1;5760;1774161;4075;99931;0;556;3;0;43296
1;5761;1774389;4075;99931;0;396;3;0;26925
1;5762;1774707;4075;99931;0;396;3;0;27130
1;5763;1775025;4075;99931;0;396;3;0;46601
1;5764;1775387;4075;99931;0;396;3;0;42657
1;5765;1775706;4075;99931;0;396;3;0;26946
1;5766;1776039;4075;99932;0;396;3;0;58542
1;5767;1776386;4074;99932;0;396;3;0;41179
1;5768;1776705;4074;99932;0;396;3;0;11079
1;5769;1776937;4074;99931;0;10636;3;0;1370
1;5770;1777388;4073;99931;0;10636;3;0;35796
1;5771;1777707;4073;99931;0;10636;3;0;6985
1;5772;1777935;4073;99931;0;396;3;0;17525
1;5773;1778359;4073;99931;0;396;3;0;10044
1;5774;1778595;4073;99930;0;396;3;0;30936
1;5775;1778827;4072;99928;0;396;3;0;37018
1;5776;1779149;4072;99926;0;396;3;0;60400
1;5777;1779468;4072;99923;0;396;3;0;25702
1;5778;1779719;4072;99922;0;396;3;0;259
1;5779;1780037;4072;99921;0;396;3;0;22018
1;5780;1780356;4072;99920;0;396;3;0;50423
1;5781;1780584;4072;99920;0;20876;3;0;46945
1;5782;1780822;4072;99920;0;20876;3;0;27297
1;5783;1781139;4072;99920;0;20876;3;0;51196
1;5784;1781375;4072;99920;0;396;3;0;32829
1;5785;1781693;4072;99920;0;396;3;0;24526
1;5786;1781933;4073;99921;0;396;3;0;62709
1;5787;1782373;4073;99920;0;10636;3;0;3931
1;5788;1782691;4073;99920;0;10636;3;0;30496
1;5789;1782926;4073;99921;0;10636;3;0;61841
1;5790;1783154;4073;99922;0;396;3;0;36693
1;5791;1783474;4073;99921;0;396;3;0;18929
1;5792;1783792;4073;99922;0;396;3;0;14889
1;5793;1784043;4073;99922;0;396;3;0;13595
1;5794;1784369;4073;99924;0;396;3;0;50783
1;5795;1784691;4073;99922;0;396;3;0;6224
1;5796;1784919;4073;99921;0;396;3;0;19872
1;5797;1785154;4073;99920;0;396;3;0;44729
1;5798;1785474;4073;99920;0;396;3;0;48376
1;5799;1785808;4074;99921;0;396;3;0;39662
1;5800;1786125;4074;99922;0;396;3;0;12874
1;5801;1786366;4074;99922;0;396;3;0;30588
1;5802;1786704;4074;99921;0;396;3;0;5305
1;5803;1786931;4074;99921;0;396;3;0;55065
1;5804;1787378;4074;99921;0;396;3;0;56780
1;5805;1787606;4075;99921;0;396;3;0;53623
1;5806;1787924;4075;99921;0;396;3;0;56193
1;5807;1788353;4074;99921;0;396;3;0;11710
1;5808;1788604;4074;99920;0;396;3;0;2491
1;5809;1788922;4074;99919;0;396;3;0;48070
1;5810;1789366;4074;99919;0;396;3;0;46561
1;5811;1789605;4074;99919;0;396;3;0;44180
1;5812;1789923;4074;99920;0;396;3;0;64233
1;5813;1790363;4074;99920;0;396;3;0;3029
1;5814;1790705;4074;99920;0;396;3;0;29514
1;5815;1791023;4074;99920;0;396;3;0;7871
1;5816;1791362;4074;99920;0;396;3;0;1226
1;5817;1791680;4074;99920;0;396;4;1;65257
1;5818;1791916;4074;99920;0;396;4;1;42067
1;5819;1792154;4074;99920;0;396;4;1;17177
1;5820;1792474;4074;99919;0;396;4;1;30504
1;5821;1792792;4074;99919;0;396;4;1;16534
1;5822;1793044;4074;99919;0;396;4;1;40593
1;5823;1793362;4074;99919;0;396;4;1;62178
1;5824;1793680;4074;99919;0;396;4;1;35029
1;5825;1793908;4074;99919;0;396;4;1;2408
1;5826;1794144;4075;99919;0;396;4;1;32646
1;5827;1794467;4075;99919;0;396;4;1;45207
1;5828;1794695;4075;99919;0;396;4;1;7503
1;5829;1795016;4075;99919;0;396;4;1;59086
1;5830;1795359;4075;99920;0;396;4;1;28376
1;5831;1795591;4075;99919;0;396;4;1;8085
1;5832;1795909;4075;99919;0;396;4;1;17488
1;5833;1796357;4075;99918;0;396;4;1;60220
1;5834;1796585;4075;99918;0;10636;4;1;23335
1;5835;1796902;4075;99919;0;10636;4;1;24746
1;5836;1797373;4075;99918;0;396;4;1;30933
1;5837;1797695;4076;99919;0;396;4;1;23850
1;5838;1798012;4076;99919;0;396;4;1;52780
1;5839;1798347;4076;99920;0;396;4;1;13448
1;5840;1798584;4076;99920;0;396;4;1;28145
1;5841;1798902;4076;99920;0;396;4;1;50939
1;5842;1799129;4076;99920;0;396;4;1;54627
1;5843;1799452;4076;99920;0;396;4;1;4257
1;5844;1799688;4076;99920;0;396;4;1;40826
1;5845;1800026;4077;99920;0;396;4;1;60387
1;5846;1800349;4077;99920;0;396;4;1;6747
1;5847;1800689;4077;99920;0;396;4;1;60670
1;5848;1800917;4077;99920;0;396;4;1;53528
1;5849;1801343;4077;99919;0;396;4;1;31596
1;5850;1801660;4078;99919;0;396;4;1;55239
1;5851;1801911;4078;99919;0;396;4;1;22435
1;5852;1802342;4078;99919;0;396;4;1;56106
1;5853;1802680;4078;99918;0;396;4;1;1545
1;5854;1802930;4078;99917;0;396;4;1;17002
1;5855;1803358;4078;99917;0;396;4;1;11352
1;5856;1803586;4078;99918;0;396;4;1;56537
1;5857;1803905;4078;99918;0;396;4;1;21409
1;5858;1804140;4079;99918;0;396;4;1;44178
1;5859;1804475;4079;99918;0;396;4;1;61236
1;5860;1804792;4079;99917;0;396;4;1;19671
1;5861;1805139;4079;99919;0;396;4;1;2094
1;5862;1805371;4079;99919;0;396;4;1;53671
1;5863;1805689;4079;99919;0;396;4;1;65116
1;5864;1806007;4079;99918;0;396;4;1;2345
1;5865;1806364;4079;99918;0;396;4;1;24382
1;5866;1806683;4079;99917;0;396;4;1;63306
1;5867;1807001;4080;99918;0;396;4;1;51148
1;5868;1807362;4080;99918;0;396;4;1;25943
1;5869;1807681;4080;99919;0;396;4;1;33287
1;5870;1808018;4080;99919;0;396;4;1;48993
1;5871;1808345;4080;99920;0;396;4;1;55654
1;5872;1808580;4080;99919;0;396;4;1;11893
1;5873;1808914;4080;99919;0;397;4;1;60947
1;5874;1809339;4081;99919;0;397;4;1;10924
1;5875;1809574;4081;99919;0;397;4;1;22103
1;5876;1809802;4081;99919;0;396;4;1;38567
1;5877;1810120;4081;99919;0;396;4;1;63797
1;5878;1810443;4081;99919;0;396;4;1;34367
1;5879;1810693;4082;99919;0;397;4;1;28844
1;5880;1810914;4082;99919;0;397;4;1;7213
1;5881;1811339;4082;99919;0;397;4;1;20911
1;5882;1811567;4082;99919;0;557;4;1;3342
1;5883;1811802;4082;99919;0;557;4;1;2652
1;5884;1812121;4082;99919;0;557;4;1;24868
1;5885;1812455;4083;99919;0;397;4;1;23711
1;5886;1812773;4083;99918;0;397;4;1;36384
1;5887;1813014;4083;99918;0;397;4;1;43863
1;5888;1813352;4083;99917;0;397;4;1;40344
1;5889;1813674;4083;99918;0;397;4;1;64042
1;5890;1814014;4083;99918;0;397;4;1;1411
1;5891;1814349;4084;99918;0;397;4;1;45776
1;5892;1814672;4084;99918;0;397;4;1;37032
1;5893;1814989;4084;99919;0;397;4;1;36005
1;5894;1815347;4084;99919;0;397;4;1;61855
1;5895;1815666;4084;99919;0;397;4;1;12281
1;5896;1816003;4084;99919;0;397;4;1;61205
1;5897;1816348;4085;99920;0;397;4;1;35261
1;5898;1816666;4085;99920;0;397;4;1;39151
1;5899;1816894;4085;99920;0;2957;4;1;33265
1;5900;1817342;4086;99920;0;2957;4;1;5130
1;5901;1817660;4086;99920;0;2957;4;1;41830
1;5902;1817888;4086;99920;0;397;4;1;52080
1;5903;1818317;4087;99920;0;397;4;1;55349
1;5904;1818557;4087;99919;0;397;4;1;28260
1;5905;1818789;4087;99920;0;397;4;1;26440
1;5906;1819107;4087;99920;0;397;4;1;42788
1;5907;1819431;4087;99920;0;397;4;1;62166
1;5908;1819683;4088;99920;0;397;4;1;8844
1;5909;1820001;4088;99921;0;397;4;1;54590
1;5910;1820319;4088;99920;0;397;4;1;55401
1;5911;1820547;4088;99920;0;397;4;1;29899
1;5912;1820783;4088;99920;0;397;4;1;55142
1;5913;1821105;4089;99920;0;397;4;1;38767
1;5914;1821333;4089;99921;0;398;4;1;17459
1;5915;1821656;4089;99921;0;398;4;1;40566
1;5916;1821891;4089;99921;0;398;4;1;25793
1;5917;1822335;4089;99921;0;398;4;1;60452
1;5918;1822654;4089;99921;0;398;4;1;44782
1;5919;1822889;4089;99921;0;398;4;1;17998
1;5920;1823117;4089;99921;0;398;4;1;27430
1;5921;1823440;4090;99922;0;398;4;1;22612
1;5922;1823759;4090;99922;0;398;4;1;35164
1;5923;1824009;4090;99922;0;398;4;1;40235
1;5924;1824336;4090;99922;0;398;4;1;48782
1;5925;1824655;4090;99921;0;398;4;1;54268
1;5926;1824883;4091;99922;0;398;4;1;35816
1;5927;1825118;4091;99922;0;398;4;1;5547
1;5928;1825437;4091;99922;0;398;4;1;61165
1;5929;1825775;4091;99922;0;398;4;1;58133
1;5930;1826097;4091;99923;0;398;4;1;64182
1;5931;1826333;4092;99923;0;398;4;1;65142
1;5932;1826667;4092;99922;0;398;4;1;35919
1;5933;1826991;4092;99923;0;398;4;1;23961
1;5934;1827346;4092;99922;0;398;4;1;45512
1;5935;1827574;4092;99922;0;398;4;1;38993
1;5936;1827892;4092;99922;0;398;4;1;27486
1;5937;1828317;4093;99922;0;398;4;1;31738
1;5938;1828568;4093;99922;0;398;4;1;45789
1;5939;1828890;4093;99923;0;398;4;1;52349
1;5940;1829330;4093;99924;0;398;4;1;30951
1;5941;1829572;4093;99924;0;398;4;1;13048
1;5942;1829890;4094;99924;0;398;4;1;42406
1;5943;1830335;4094;99923;0;398;4;1;64593
1;5944;1830675;4094;99924;0;398;4;1;14134
1;5945;1830993;4095;99925;0;398;4;1;30675
1;5946;1831328;4095;99924;0;398;4;1;53075
1;5947;1831650;4095;99924;0;398;4;1;41153
1;5948;1831886;4095;99924;0;398;4;1;51808
1;5949;1832118;4095;99924;0;398;4;1;41463
1;5950;1832437;4096;99924;0;398;4;1;956
1;5951;1832755;4096;99924;0;398;4;1;30602
1;5952;1833006;4096;99924;0;398;4;1;65369
1;5953;1833328;4096;99924;0;398;4;1;2619
1;5954;1833647;4097;99924;0;398;4;1;46758
1;5955;1833875;4097;99925;0;398;4;1;65103
1;5956;1834115;4097;99924;0;398;4;1;27271
1;5957;1834435;4097;99924;0;398;4;1;25784
1;5958;1834662;4097;99924;0;398;4;1;59801
1;5959;1834984;4098;99924;0;398;4;1;52575
1;5960;1835330;4098;99924;0;398;4;1;17742
1;5961;1835558;4098;99923;0;398;4;1;23855
1;5962;1835877;4098;99923;0;398;4;1;52777
1;5963;1836324;4099;99923;0;398;4;1;64776
1;5964;1836556;4099;99924;0;398;4;1;48629
1;5965;1836879;4099;99923;0;398;4;1;43857
1;5966;1837346;4099;99923;0;398;4;1;38931
1;5967;1837664;4099;99922;0;398;4;1;12232
1;5968;1837982;4100;99922;0;398;4;1;39115
1;5969;1838316;4100;99922;0;398;4;1;21896
1;5970;1838552;4100;99922;0;398;4;1;60967
1;5971;1838870;4100;99922;0;398;4;1;7425
1;5972;1839097;4100;99922;0;398;4;1;26286
1;5973;1839421;4101;99923;0;398;4;1;7211
1;5974;1839656;4101;99923;0;398;4;1;51981
1;5975;1839993;4101;99923;0;398;4;1;52177
1;5976;1840312;4101;99923;0;398;4;1;37249
1;5977;1840654;4102;99923;0;398;4;1;28693
1;5978;1840886;4102;99923;0;398;4;1;12042
1;5979;1841314;4102;99923;0;398;4;1;1446
1;5980;1841633;4103;99923;0;398;4;1;39900
1;5981;1841885;4103;99923;0;399;4;1;57668
1;5982;1842313;4103;99924;0;399;4;1;24527
1;5983;1842651;4103;99923;0;399;4;1;18312
1;5984;1842887;4104;99923;0;399;4;1;20168
1;5985;1843311;4104;99924;0;399;4;1;18000
1;5986;1843539;4105;99924;0;399;4;1;16268
1;5987;1843857;4105;99924;0;399;4;1;40982
1;5988;1844093;4105;99924;0;399;4;1;17083
1;5989;1844431;4105;99923;0;399;4;1;11849
1;5990;1844753;4106;99923;0;399;4;1;41172
1;5991;1845099;4106;99923;0;399;4;1;10812
1;5992;1845327;4106;99923;0;399;4;1;34445
1;5993;1845645;4107;99923;0;399;4;1;7197
1;5994;1845963;4107;99923;0;399;4;1;39960
1;5995;1846324;4108;99923;0;399;4;1;5893
1;5996;1846642;4108;99923;0;399;4;1;40822
1;5997;1846960;4108;99923;0;399;4;1;236
1;5998;1847320;4109;99922;0;399;4;1;22248
1;5999;1847643;4109;99922;0;399;4;1;27121
1;6000;1847976;4109;99922;0;399;4;1;33001
1;6001;1848295;4110;99922;0;399;4;1;46285
1;6002;1848535;4110;99923;0;399;4;1;21528
1;6003;1848869;4110;99922;0;400;4;1;63567
1;6004;1849293;4111;99922;0;400;4;1;7177
1;6005;1849530;4111;99922;0;400;4;1;37797
1;6006;1849758;4111;99923;0;400;4;1;60994
1;6007;1849979;4111;99923;0;400;4;1;16244
1;6008;1850297;4112;99922;0;400;4;1;39702
1;6009;1850653;4112;99922;0;400;4;1;2608
1;6010;1850971;4113;99921;0;400;4;1;47020
1;6011;1851290;4113;99922;0;400;4;1;8579
1;6012;1851518;4113;99922;0;400;4;1;31798
1;6013;1851753;4114;99922;0;400;4;1;43271
1;6014;1852076;4114;99923;0;400;4;1;12389
1;6015;1852417;4115;99924;0;400;4;1;23151
1;6016;1852739;4115;99924;0;400;4;1;752
1;6017;1852986;4115;99923;0;400;4;1;53482
1;6018;1853320;4116;99923;0;20880;4;1;17970
1;6019;1853638;4117;99924;0;20880;4;1;4273
1;6020;1853979;4117;99924;0;20880;4;1;10416
1;6021;1854313;4118;99925;0;400;4;1;18335
1;6022;1854632;4118;99924;0;400;4;1;7591
1;6023;1854949;4118;99924;0;400;4;1;51170
1;6024;1855311;4119;99925;0;400;4;1;55902
1;6025;1855634;4119;99924;0;400;4;1;50287
1;6026;1855967;4119;99923;0;400;4;1;39816
1;6027;1856314;4120;99924;0;400;4;1;2677
1;6028;1856633;4120;99923;0;400;4;1;14442
1;6029;1856861;4120;99924;0;400;4;1;6246
1;6030;1857311;4121;99923;0;400;4;1;7953
1;6031;1857629;4121;99923;0;400;4;1;57812
1;6032;1857862;4122;99923;0;400;4;1;46110
1;6033;1858290;4122;99923;0;400;4;1;5071
1;6034;1858526;4123;99923;0;400;4;1;29714
1;6035;1858754;4123;99923;0;400;4;1;6155
1;6036;1859072;4124;99925;0;400;4;1;61513
1;6037;1859391;4124;99924;0;400;4;1;35206
1;6038;1859642;4124;99924;0;400;4;1;46312
1;6039;1859964;4125;99925;0;400;4;1;17841
1;6040;1860283;4125;99925;0;400;4;1;64895
1;6041;1860519;4125;99925;0;400;4;1;20957
1;6042;1860755;4126;99926;0;400;4;1;40342
1;6043;1861072;4126;99925;0;400;4;1;55925
1;6044;1861301;4126;99925;0;400;4;1;8011
1;6045;1861619;4127;99925;0;400;4;1;13915
1;6046;1861855;4127;99925;0;400;4;1;50651
1;6047;1862299;4128;99925;0;400;4;1;39599
1;6048;1862617;4128;99925;0;400;4;1;37261
1;6049;1862853;4128;99925;0;400;4;1;64916
1;6050;1863088;4129;99925;0;400;4;1;27582
1;6051;1863411;4129;99925;0;400;4;1;5326
1;6052;1863729;4130;99926;0;400;4;1;49778
1;6053;1863980;4130;99926;0;400;4;1;32306
1;6054;1864299;4131;99927;0;400;4;1;29695
1;6055;1864618;4131;99926;0;400;4;1;17763
1;6056;1864846;4131;99926;0;400;4;1;63575
1;6057;1865081;4132;99926;0;400;4;1;40133
1;6058;1865405;4132;99926;0;400;4;1;52492
1;6059;1865743;4133;99926;0;400;4;1;29825
1;6060;1866061;4133;99925;0;400;4;1;51072
1;6061;1866296;4134;99926;0;400;4;1;20448
1;6062;1866630;4134;99925;0;400;4;1;55913
1;6063;1866952;4135;99926;0;400;4;1;52264
1;6064;1867294;4135;99926;0;400;4;1;57980
1;6065;1867522;4136;99926;0;401;4;1;9693
1;6066;1867841;4136;99925;0;401;4;1;65112
1;6067;1868275;4137;99926;0;401;4;1;17973
1;6068;1868526;4137;99926;0;401;4;1;24092
1;6069;1868844;4138;99926;0;401;4;1;9941
1;6070;1869284;4138;99925;0;441;4;1;33166
1;6071;1869520;4139;99925;0;441;4;1;37684
1;6072;1869838;4139;99925;0;441;4;1;39802
1;6073;1870278;4140;99925;0;401;4;1;8908
1;6074;1870619;4140;99925;0;401;4;1;21202
1;6075;1870839;4140;99925;0;401;4;1;64603
1;6076;1871071;4141;99925;0;401;4;1;20650
1;6077;1871390;4141;99925;0;401;4;1;22066
1;6078;1871732;4142;99925;0;401;4;1;41313
1;6079;1871960;4142;99926;0;401;4;1;42254
1;6080;1872279;4143;99926;0;401;4;1;3657
1;6081;1872597;4143;99926;0;401;4;1;25051
1;6082;1872851;4144;99926;0;411;4;1;18683
1;6083;1873283;4144;99925;0;411;4;1;18592
1;6084;1873601;4145;99924;0;411;4;1;24088
1;6085;1873829;4145;99924;0;401;4;1;26883
1;6086;1874064;4145;99924;0;401;4;1;4976
1;6087;1874383;4146;99924;0;401;4;1;14677
1;6088;1874615;4146;99924;0;401;4;1;42542
1;6089;1874933;4146;99925;0;401;4;1;20892
1;6090;1875279;4147;99926;0;401;4;1;43617
1;6091;1875507;4147;99926;0;401;4;1;684
1;6092;1875829;4148;99926;0;401;4;1;16599
1;6093;1876277;4149;99927;0;401;4;1;53190
1;6094;1876505;4149;99927;0;401;4;1;44305
1;6095;1876823;4150;99927;0;401;4;1;35287
1;6096;1877286;4150;99927;0;401;4;1;39413
1;6097;1877604;4151;99927;0;401;4;1;45828
1;6098;1877926;4152;99926;0;401;4;1;55795
1;6099;1878264;4152;99926;0;401;4;1;64943
1;6100;1878504;4152;99926;0;401;4;1;29077
1;6101;1878822;4153;99925;0;401;4;1;48938
1;6102;1879049;4154;99926;0;401;4;1;56150
1;6103;1879372;4154;99926;0;401;4;1;34307
1;6104;1879610;4155;99927;0;401;4;1;24846
1;6105;1879944;4155;99927;0;401;4;1;58618
1;6106;1880263;4156;99926;0;401;4;1;21265
1;6107;1880608;4156;99926;0;401;4;1;3015
1;6108;1880836;4156;99926;0;401;4;1;58998
1;6109;1881265;4157;99925;0;401;4;1;60430
1;6110;1881583;4157;99925;0;401;4;1;46451
1;6111;1881834;4158;99925;0;401;4;1;8174
1;6112;1882263;4158;99925;0;401;4;1;47723
1;6113;1882597;4158;99926;0;402;4;1;8635
1;6114;1882832;4159;99927;0;402;4;1;22453
1;6115;1883261;4159;99927;0;402;4;1;20833
1;6116;1883489;4160;99928;0;402;4;1;12974
1;6117;1883811;4160;99928;0;402;4;1;44340
1;6118;1884047;4160;99928;0;402;4;1;36746
1;6119;1884385;4161;99929;0;402;4;1;64969
1;6120;1884703;4161;99929;0;402;4;1;22738
1;6121;1885045;4162;99929;0;402;4;1;926
1;6122;1885273;4162;99928;0;402;4;1;14802
1;6123;1885591;4162;99929;0;402;4;1;64240
1;6124;1885913;4163;99930;0;402;4;1;34915
1;6125;1886279;4163;99930;0;1042;4;1;4738
1;6126;1886598;4164;99931;0;1042;4;1;16905
1;6127;1886916;4164;99931;0;1042;4;1;11675
1;6128;1887273;4165;99931;0;402;4;1;52446
1;6129;1887591;4165;99931;0;402;4;1;10173
1;6130;1887925;4166;99931;0;402;4;1;50588
1;6131;1888244;4166;99930;0;402;4;1;776
1;6132;1888483;4166;99929;0;402;4;1;30546
1;6133;1888817;4167;99929;0;407;4;1;14553
1;6134;1889246;4168;99927;0;407;4;1;12645
1;6135;1889481;4168;99927;0;407;4;1;60234
1;6136;1889709;4168;99926;0;403;4;1;49038
1;6137;1890031;4169;99925;0;403;4;1;60805
1;6138;1890355;4169;99925;0;403;4;1;7214
1;6139;1890604;4169;99926;0;403;4;1;63824
1;6140;1890926;4170;99925;0;403;4;1;50589
1;6141;1891245;4170;99925;0;403;4;1;2700
1;6142;1891477;4171;99925;0;1043;4;1;28406
1;6143;1891712;4171;99925;0;1043;4;1;21926
1;6144;1892031;4172;99924;0;1043;4;1;53462
1;6145;1892365;4172;99924;0;403;4;1;55219
1;6146;1892683;4172;99924;0;403;4;1;6111
1;6147;1892920;4173;99925;0;403;4;1;55174
1;6148;1893254;4173;99925;0;10644;4;1;42931
1;6149;1893475;4174;99925;0;10644;4;1;14834
1;6150;1893792;4174;99925;0;10644;4;1;23292
1;6151;1894028;4174;99925;0;10644;4;1;37940
1;6152;1894260;4175;99925;0;403;4;1;11028
1;6153;1894578;4175;99924;0;403;4;1;48664
1;6154;1894896;4176;99924;0;403;4;1;59930
1;6155;1895258;4176;99924;0;403;4;1;7858
1;6156;1895576;4177;99924;0;403;4;1;41113
1;6157;1895910;4177;99924;0;403;4;1;27129
1;6158;1896254;4178;99924;0;403;4;1;34088
1;6159;1896573;4179;99924;0;403;4;1;3430
1;6160;1896805;4179;99924;0;403;4;1;42543
1;6161;1897257;4180;99925;0;403;4;1;38532
1;6162;1897575;4180;99925;0;403;4;1;4419
1;6163;1897803;4180;99925;0;2963;4;1;63305
1;6164;1898228;4181;99925;0;2963;4;1;18381
1;6165;1898463;4181;99925;0;2963;4;1;48066
1;6166;1898695;4181;99925;0;443;4;1;19451
1;6167;1899014;4182;99925;0;443;4;1;33478
1;6168;1899337;4182;99926;0;443;4;1;30083
1;6169;1899588;4183;99926;0;403;4;1;22659
1;6170;1899906;4183;99927;0;403;4;1;45230
1;6171;1900225;4184;99927;0;403;4;1;3724
1;6172;1900453;4184;99927;0;403;4;1;39737
1;6173;1900692;4184;99927;0;403;4;1;16742
1;6174;1901010;4185;99927;0;403;4;1;50281
1;6175;1901242;4185;99927;0;403;4;1;12589
1;6176;1901565;4185;99927;0;403;4;1;26981
1;6177;1901800;4186;99927;0;403;4;1;23851
1;6178;1902245;4186;99928;0;403;4;1;18447
1;6179;1902563;4187;99928;0;403;4;1;24863
1;6180;1902798;4187;99927;0;403;4;1;16721
1;6181;1903027;4187;99927;0;403;4;1;47383
1;6182;1903346;4187;99927;0;403;4;1;19388
1;6183;1903664;4188;99928;0;403;4;1;48619
1;6184;1903914;4188;99928;0;403;4;1;1851
1;6185;1904241;4188;99929;0;403;4;1;14611
1;6186;1904564;4189;99929;0;403;4;1;32050
1;6187;1904792;4189;99929;0;443;4;1;2878
1;6188;1905028;4189;99929;0;443;4;1;17308
1;6189;1905347;4190;99929;0;443;4;1;45249
1;6190;1905681;4190;99930;0;403;4;1;51152
1;6191;1906022;4190;99930;0;403;4;1;39234
1;6192;1906346;4191;99929;0;403;4;1;39550
1;6193;1906573;4191;99929;0;403;4;1;41705
1;6194;1906891;4191;99928;0;403;4;1;27634
1;6195;1907525;4192;99928;0;403;4;1;45690
1;6196;1907844;4192;99928;0;403;4;1;30740
1;6197;1908162;4192;99928;0;403;4;1;5223
1;6198;1908583;4193;99929;0;404;4;1;17296
1;6199;1908902;4193;99928;0;404;4;1;49452
1;6200;1909235;4193;99928;0;404;4;1;63046
1;6201;1909554;4194;99928;0;404;4;1;16251
1;6202;1909790;4194;99928;0;404;4;1;56702
1;6203;1910124;4194;99928;0;404;4;1;53382
1;6204;1910553;4195;99928;0;404;4;1;59134
1;6205;1910789;4195;99927;0;404;4;1;4177
1;6206;1911021;4195;99927;0;404;4;1;20815
1;6207;1911339;4196;99927;0;404;4;1;61297
1;6208;1911659;4196;99928;0;404;4;1;36816
1;6209;1911909;4196;99928;0;404;4;1;56332
1;6210;1912230;4197;99928;0;404;4;1;64097
1;6211;1912554;4197;99928;0;404;4;1;28847
1;6212;1912786;4197;99928;0;404;4;1;18311
1;6213;1913022;4197;99928;0;404;4;1;17174
1;6214;1913340;4197;99928;0;404;4;1;49394
1;6215;1913675;4198;99928;0;404;4;1;12676
1;6216;1914020;4198;99928;0;404;4;1;45706
1;6217;1914338;4198;99927;0;404;4;1;21962
1;6218;1914567;4198;99927;0;404;4;1;41199
1;6219;1914885;4199;99927;0;404;4;1;17253
1;6220;1915120;4199;99928;0;404;4;1;2860
1;6221;1915566;4199;99928;0;404;4;1;5635
1;6222;1915888;4200;99929;0;404;4;1;22117
1;6223;1916228;4200;99929;0;404;4;1;55618
1;6224;1916564;4201;99930;0;404;4;1;231
1;6225;1916882;4201;99930;0;404;4;1;27796
1;6226;1917219;4201;99930;0;2964;4;1;62682
1;6227;1917566;4201;99930;0;2964;4;1;28919
1;6228;1917884;4202;99930;0;2964;4;1;33953
1;6229;1918116;4202;99929;0;404;4;1;47969
1;6230;1918564;4202;99929;0;404;4;1;260
1;6231;1918882;4203;99929;0;404;4;1;55324
1;6232;1919110;4203;99929;0;405;4;1;57084
1;6233;1919558;4204;99929;0;405;4;1;654
1;6234;1919896;4204;99929;0;405;4;1;44027
1;6235;1920218;4204;99929;0;405;4;1;17595
1;6236;1920537;4204;99929;0;405;4;1;34791
1;6237;1920793;4205;99929;0;405;4;1;46271
1;6238;1921111;4205;99929;0;405;4;1;503
1;6239;1921536;4205;99928;0;405;4;1;21347
1;6240;1921787;4205;99928;0;405;4;1;46492
1;6241;1922105;4205;99927;0;405;4;1;35267
1;6242;1922549;4205;99927;0;405;4;1;8051
1;6243;1922892;4205;99928;0;405;4;1;20431
1;6244;1923214;4206;99928;0;405;4;1;27303
1;6245;1923553;4206;99928;0;405;4;1;44324
1;6246;1923871;4206;99929;0;405;4;1;2135
1;6247;1924109;4206;99929;0;405;4;1;33042
1;6248;1924336;4206;99929;0;405;4;1;21830
1;6249;1924656;4207;99930;0;405;4;1;32421
1;6250;1924974;4207;99931;0;405;4;1;65425
1;6251;1925225;4207;99931;0;405;4;1;20260
1;6252;1925544;4208;99932;0;405;4;1;48042
1;6253;1925867;4208;99931;0;405;4;1;60775
1;6254;1926099;4208;99931;0;405;4;1;37456
1;6255;1926335;4208;99931;0;405;4;1;42062
1;6256;1926654;4209;99931;0;405;4;1;48019
1;6257;1926988;4209;99931;0;405;4;1;54826
1;6258;1927329;4209;99930;0;405;4;1;25869
1;6259;1927652;4209;99929;0;405;4;1;16546
1;6260;1927880;4210;99929;0;405;4;1;42447
1;6261;1928198;4210;99929;0;405;4;1;54843
1;6262;1928547;4211;99929;0;405;4;1;24080
1;6263;1928779;4211;99928;0;405;4;1;2841
1;6264;1929098;4211;99927;0;405;4;1;6849
1;6265;1929545;4212;99927;0;405;4;1;17864
1;6266;1929773;4212;99927;0;405;4;1;55307
1;6267;1930091;4213;99927;0;405;4;1;61723
1;6268;1930531;4213;99927;0;406;4;1;6777
1;6269;1930768;4213;99926;0;406;4;1;59207
1;6270;1931090;4213;99926;0;406;4;1;25763
1;6271;1931538;4214;99926;0;405;4;1;13041
1;6272;1931773;4214;99926;0;405;4;1;55866
1;6273;1932091;4214;99926;0;405;4;1;44556
1;6274;1932319;4214;99926;0;406;4;1;9675
1;6275;1932638;4215;99928;0;406;4;1;11535
1;6276;1932873;4215;99927;0;406;4;1;6337
1;6277;1933206;4215;99928;0;406;4;1;34426
1;6278;1933530;4215;99928;0;406;4;1;53435
1;6279;1933852;4216;99928;0;406;4;1;26079
1;6280;1934107;4216;99928;0;406;4;1;5492
1;6281;1934531;4216;99927;0;406;4;1;14810
1;6282;1934850;4216;99928;0;406;4;1;6254
1;6283;1935104;4216;99928;0;406;4;1;20369
1;6284;1935529;4216;99928;0;406;4;1;22380
1;6285;1935863;4216;99928;0;406;4;1;41486
1;6286;1936203;4216;99927;0;406;4;1;3527
1;6287;1936527;4217;99928;0;406;4;1;48787
1;6288;1936758;4217;99928;0;406;4;1;45366
1;6289;1937077;4218;99928;0;406;4;1;61931
1;6290;1937313;4218;99928;0;406;4;1;30278
1;6291;1937648;4218;99929;0;406;4;1;23783
1;6292;1937966;4218;99929;0;406;4;1;21952
1;6293;1938284;4219;99929;0;406;4;1;16216
1;6294;1938535;4219;99929;0;406;4;1;37873
1;6295;1938853;4219;99929;0;406;4;1;19458
1;6296;1939175;4219;99929;0;406;4;1;22446
1;6297;1939544;4220;99928;0;406;4;1;28027
1;6298;1939863;4220;99928;0;406;4;1;51949
1;6299;1940180;4220;99928;0;406;4;1;46493
1;6300;1940515;4220;99928;0;406;4;1;38808
1;6301;1940751;4220;99928;0;406;4;1;6457
1;6302;1941069;4221;99928;0;406;4;1;40919
1;6303;1941297;4221;99928;0;416;4;1;46616
1;6304;1941616;4221;99928;0;416;4;1;14396
1;6305;1941859;4221;99928;0;416;4;1;24864
1;6306;1942086;4221;99928;0;406;4;1;21870
1;6307;1942511;4222;99928;0;406;4;1;46856
1;6308;1942856;4222;99927;0;406;4;1;30779
1;6309;1943084;4222;99927;0;406;4;1;18919
1;6310;1943509;4222;99927;0;406;4;1;44606
1;6311;1943842;4222;99927;0;407;4;1;54255
1;6312;1944078;4222;99927;0;407;4;1;26905
1;6313;1944507;4222;99928;0;407;4;1;5488
1;6314;1944743;4222;99927;0;407;4;1;24133
1;6315;1945085;4223;99928;0;407;4;1;9983
1;6316;1945510;4223;99928;0;407;4;1;36026
1;6317;1945738;4223;99928;0;407;4;1;61487
1;6318;1946056;4223;99929;0;407;4;1;43906
1;6319;1946291;4223;99928;0;407;4;1;43432
1;6320;1946524;4223;99928;0;407;4;1;21068
1;6321;1946842;4223;99928;0;407;4;1;65156
1;6322;1947160;4223;99928;0;407;4;1;25893
1;6323;1947525;4223;99928;0;407;4;1;10605
1;6324;1947843;4223;99928;0;407;4;1;28704
1;6325;1948161;4224;99929;0;407;4;1;35369
1;6326;1948519;4224;99929;0;407;4;1;30279
1;6327;1948837;4224;99930;0;407;4;1;4597
1;6328;1949170;4224;99929;0;10648;4;1;43221
1;6329;1949513;4224;99929;0;10648;4;1;21150
1;6330;1949831;4224;99929;0;10648;4;1;56802
1;6331;1950067;4224;99929;0;407;4;1;38186
1;6332;1950500;4225;99930;0;407;4;1;50798
1;6333;1950736;4225;99930;0;407;4;1;4453
1;6334;1950963;4225;99930;0;407;4;1;58957
1;6335;1951280;4225;99931;0;407;4;1;6488
1;6336;1951600;4225;99931;0;407;4;1;62154
1;6337;1951851;4226;99931;0;408;4;1;22436
1;6338;1952169;4226;99930;0;408;4;1;64513
1;6339;1952493;4226;99931;0;408;4;1;10646
1;6340;1952725;4226;99931;0;408;4;1;7870
1;6341;1952962;4226;99931;0;408;4;1;50321
1;6342;1953280;4226;99931;0;408;4;1;24368
1;6343;1953615;4226;99932;0;408;4;1;36108
1;6344;1953960;4227;99932;0;408;4;1;65278
1;6345;1954278;4227;99932;0;408;4;1;5533
1;6346;1954506;4227;99932;0;408;4;1;30538
1;6347;1954824;4227;99932;0;408;4;1;49190
1;6348;1955062;4227;99932;0;408;4;1;46442
1;6349;1955511;4228;99933;0;408;4;1;20923
1;6350;1955829;4228;99932;0;408;4;1;2582
1;6351;1956169;4228;99931;0;408;4;1;14873
1;6352;1956504;4228;99931;0;408;4;1;52935
1;6353;1956822;4228;99931;0;408;4;1;9636
1;6354;1957155;4228;99930;0;408;4;1;46643
1;6355;1957498;4229;99929;0;408;4;1;19471
1;6356;1957820;4229;99928;0;408;4;1;60477
1;6357;1958056;4229;99929;0;408;4;1;44006
1;6358;1958503;4229;99928;0;408;4;1;15476
1;6359;1958822;4230;99929;0;408;4;1;50509
1;6360;1959050;4230;99928;0;408;4;1;10016
1;6361;1959498;4230;99928;0;408;4;1;12634
1;6362;1959832;4230;99928;0;408;4;1;23735
1;6363;1960150;4230;99928;0;408;4;1;26346
1;6364;1960473;4230;99928;0;408;4;1;24878
1;6365;1960728;4230;99928;0;408;4;1;2039
1;6366;1961047;4230;99928;0;408;4;1;37074
1;6367;1961475;4230;99927;0;408;4;1;40986
1;6368;1961726;4231;99928;0;408;4;1;60153
1;6369;1962051;4231;99928;0;408;4;1;49315
1;6370;1962491;4231;99928;0;409;4;1;58829
1;6371;1962843;4231;99927;0;409;4;1;15490
1;6372;1963161;4231;99927;0;409;4;1;51146
1;6373;1963505;4231;99927;0;409;4;1;29415
1;6374;1963822;4231;99927;0;409;4;1;9021
1;6375;1964058;4231;99926;0;409;4;1;15866
1;6376;1964285;4231;99926;0;409;4;1;20859
1;6377;1964605;4231;99926;0;409;4;1;18177
1;6378;1964922;4231;99927;0;409;4;1;20422
1;6379;1965173;4231;99927;0;409;4;1;3320
1;6380;1965492;4231;99927;0;409;4;1;1581
1;6381;1965713;4231;99927;0;409;4;1;24343
1;6382;1966051;4231;99927;0;409;4;1;65264
1;6383;1966286;4231;99927;0;409;4;1;46063
1;6384;1966610;4231;99926;0;409;4;1;58150
1;6385;1966943;4231;99926;0;409;4;1;14691
1;6386;1967286;4232;99927;0;409;4;1;6427
1;6387;1967605;4232;99925;0;409;4;1;34481
1;6388;1967832;4232;99926;0;1689;4;1;38220
1;6389;1968150;4232;99926;0;1689;4;1;63293
1;6390;1968496;4232;99926;0;1689;4;1;2899
1;6391;1968724;4232;99926;0;409;4;1;5030
1;6392;1969047;4232;99926;0;409;4;1;43145
1;6393;1969498;4232;99925;0;409;4;1;37537
1;6394;1969726;4232;99924;0;409;4;1;55083
1;6395;1970044;4232;99923;0;409;4;1;53613
1;6396;1970485;4231;99923;0;409;4;1;14306
1;6397;1970722;4231;99922;0;409;4;1;46422
1;6398;1971044;4231;99922;0;409;4;1;30010
1;6399;1971485;4231;99922;0;2969;4;1;52928
1;6400;1971723;4231;99922;0;2969;4;1;906
1;6401;1972041;4231;99922;0;2969;4;1;11377
1;6402;1972269;4231;99923;0;409;4;1;36871
1;6403;1972592;4231;99923;0;409;4;1;21571
1;6404;1972827;4231;99924;0;409;4;1;9624
1;6405;1973165;4231;99923;0;409;4;1;45661
1;6406;1973484;4231;99922;0;409;4;1;6253
1;6407;1973807;4231;99922;0;409;4;1;16177
1;6408;1974059;4231;99922;0;409;4;1;32444
1;6409;1974487;4231;99921;0;409;4;1;43722
1;6410;1974806;4231;99920;0;409;4;1;55300
1;6411;1975056;4231;99921;0;409;4;1;5178
1;6412;1975481;4231;99922;0;409;4;1;26040
1;6413;1975815;4231;99922;0;409;4;1;52377
1;6414;1976155;4231;99923;0;409;4;1;27753
1;6415;1976479;4231;99924;0;409;4;1;10581
1;6416;1976707;4231;99924;0;409;4;1;49556
1;6417;1977029;4231;99925;0;409;4;1;13767
1;6418;1977268;4231;99925;0;409;4;1;42246
1;6419;1977607;4231;99924;0;409;4;1;32966
1;6420;1977925;4231;99924;0;409;4;1;2900
1;6421;1978243;4231;99924;0;409;4;1;38703
1;6422;1978494;4231;99924;0;409;4;1;49482
1;6423;1978812;4231;99924;0;409;4;1;7865
1;6424;1979133;4230;99923;0;409;4;1;22765
1;6425;1979491;4230;99923;0;409;4;1;19740
1;6426;1979813;4230;99923;0;409;4;1;32120
1;6427;1980131;4230;99922;0;409;4;1;35115
1;6428;1980466;4230;99922;0;409;4;1;58597
1;6429;1980701;4230;99923;0;409;4;1;33579
1;6430;1981024;4230;99923;0;409;4;1;38683
1;6431;1981251;4230;99923;0;409;4;1;60420
1;6432;1981575;4230;99923;0;409;4;1;46553
1;6433;1981811;4230;99923;0;409;4;1;10853
1;6434;1982039;4230;99923;0;409;4;1;53154
1;6435;1982472;4230;99923;0;409;4;1;47630
1;6436;1982812;4230;99923;0;409;4;1;3512
1;6437;1983040;4230;99923;0;410;4;1;4001
1;6438;1983466;4230;99924;0;410;4;1;38630
1;6439;1983799;4230;99924;0;409;4;1;9447
1;6440;1984034;4230;99924;0;409;4;1;11232
1;6441;1984464;4230;99924;0;409;4;1;54800
1;6442;1984696;4230;99924;0;409;4;1;7708
1;6443;1985041;4230;99924;0;409;4;1;56210
1;6444;1985466;4230;99924;0;409;4;1;13205
1;6445;1985694;4230;99924;0;409;4;1;64159
1;6446;1986012;4230;99924;0;409;4;1;31099
1;6447;1986247;4230;99924;0;409;4;1;59166
1;6448;1986475;4230;99925;0;429;4;1;2169
1;6449;1986794;4230;99924;0;429;4;1;15577
1;6450;1987116;4230;99924;0;429;4;1;58608
1;6451;1987478;4230;99923;0;409;4;1;19009
1;6452;1987796;4230;99924;0;409;4;1;26812
1;6453;1988114;4230;99924;0;409;4;1;7306
1;6454;1988480;4230;99923;0;429;4;1;42294
1;6455;1988798;4230;99923;0;429;4;1;50540
1;6456;1989131;4230;99923;0;409;4;1;11181
1;6457;1989474;4230;99924;0;409;4;1;42975
1;6458;1989797;4230;99924;0;409;4;1;18402
1;6459;1990029;4230;99924;0;409;4;1;35531
1;6460;1990454;4230;99923;0;409;4;1;48445
1;6461;1990689;4230;99922;0;409;4;1;52160
1;6462;1990917;4230;99922;0;409;4;1;28270
1;6463;1991234;4230;99922;0;409;4;1;21142
1;6464;1991554;4231;99923;0;409;4;1;54310
1;6465;1991804;4231;99922;0;409;4;1;62908
1;6466;1992123;4231;99922;0;409;4;1;54586
1;6467;1992449;4231;99922;0;409;4;1;16275
1;6468;1992681;4231;99921;0;409;4;1;20072
1;6469;1992916;4231;99921;0;409;4;1;7956
1;6470;1993234;4231;99922;0;409;4;1;49095
1;6471;1993574;4231;99923;0;409;4;1;2106
1;6472;1993914;4231;99924;0;409;4;1;45484
1;6473;1994233;4231;99924;0;409;4;1;36533
1;6474;1994461;4231;99923;0;2969;4;1;10852
1;6475;1994783;4231;99923;0;2969;4;1;44935
1;6476;1995021;4231;99924;0;2969;4;1;11204
1;6477;1995462;4231;99923;0;409;4;1;25274
1;6478;1995780;4231;99923;0;409;4;1;31177
1;6479;1996125;4231;99924;0;409;4;1;55224
1;6480;1996460;4232;99925;0;409;4;1;1663
1;6481;1996779;4232;99925;0;409;4;1;31470
1;6482;1997112;4232;99925;0;409;4;1;32507
1;6483;1997458;4232;99925;0;409;4;1;8823
1;6484;1997783;4232;99924;0;409;4;1;17259
1;6485;1998011;4232;99925;0;409;4;1;44348
1;6486;1998470;4232;99925;0;409;4;1;26924
1;6487;1998788;4231;99924;0;409;4;1;24524
1;6488;1999016;4232;99923;0;409;4;1;1473
1;6489;1999466;4232;99922;0;409;4;1;59958
1;6490;1999800;4232;99922;0;409;4;1;34779
1;6491;2000122;4232;99922;0;409;4;1;26779
1;6492;2000449;4232;99924;0;409;4;1;34596
1;6493;2000700;4232;99925;0;409;4;1;42795
1;6494;2001019;4232;99927;0;409;4;1;1576
1;6495;2001443;4232;99929;0;409;4;1;10801
1;6496;2001696;4232;99927;0;409;4;1;6799
1;6497;2002014;4232;99926;0;409;4;1;51997
1;6498;2002454;4233;99926;0;409;4;1;17155
1;6499;2002795;4233;99925;0;409;4;1;50111
1;6500;2003016;4233;99925;0;409;4;1;44692
1;6501;2003456;4233;99924;0;409;4;1;6079
1;6502;2003774;4233;99924;0;409;4;1;2756
1;6503;2004014;4233;99924;0;409;4;1;41541
1;6504;2004241;4233;99923;0;408;4;1;62481
1;6505;2004565;4233;99922;0;408;4;1;8582
1;6506;2004882;4233;99922;0;408;4;1;256
1;6507;2005133;4233;99922;0;408;4;1;19898
1;6508;2005457;4233;99922;0;408;4;1;32028
1;6509;2005779;4233;99922;0;408;4;1;19106
1;6510;2006007;4233;99921;0;408;4;1;47070
1;6511;2006243;4233;99921;0;408;4;1;23767
1;6512;2006562;4233;99922;0;408;4;1;26326
1;6513;2006896;4233;99922;0;408;4;1;22316
1;6514;2007236;4233;99921;0;408;4;1;53329
1;6515;2007556;4233;99920;0;408;4;1;7778
1;6516;2007788;4233;99920;0;408;4;1;5987
1;6517;2008112;4233;99920;0;408;4;1;23378
1;6518;2008455;4233;99920;0;408;4;1;8659
1;6519;2008683;4233;99920;0;408;4;1;26391
1;6520;2009001;4233;99920;0;408;4;1;52442
1;6521;2009449;4233;99921;0;408;4;1;37822
1;6522;2009677;4233;99922;0;408;4;1;3715
1;6523;2009994;4233;99921;0;408;4;1;64224
1;6524;2010439;4233;99920;0;408;4;1;33915
1;6525;2010683;4233;99920;0;408;4;1;11446
1;6526;2011000;4233;99921;0;408;4;1;26617
1;6527;2011441;4233;99921;0;408;4;1;42020
1;6528;2011681;4233;99921;0;408;4;1;64275
1;6529;2011999;4233;99921;0;408;4;1;12915
1;6530;2012226;4233;99921;0;408;4;1;58007
1;6531;2012546;4233;99922;0;408;4;1;25690
1;6532;2012781;4233;99922;0;408;4;1;63416
1;6533;2013114;4233;99921;0;408;4;1;7642
1;6534;2013442;4233;99921;0;408;4;1;60415
1;6535;2013760;4233;99921;0;408;4;1;33901
1;6536;2014011;4233;99921;0;408;4;1;27225
1;6537;2014435;4233;99922;0;408;4;1;46398
1;6538;2014754;4233;99922;0;408;4;1;8121
1;6539;2015005;4233;99921;0;408;4;1;50885
1;6540;2015438;4233;99921;0;408;4;1;52189
1;6541;2015772;4233;99921;0;408;4;1;57954
1;6542;2016119;4233;99920;0;408;4;1;4671
1;6543;2016438;4233;99920;0;408;4;1;15441
1;6544;2016666;4233;99920;0;408;4;1;63123
1;6545;2016985;4233;99921;0;408;4;1;20906
1;6546;2017220;4233;99920;0;408;4;1;39356
1;6547;2017555;4233;99920;0;408;4;1;29246
1;6548;2017872;4233;99920;0;408;4;1;59726
1;6549;2018191;4233;99920;0;408;4;1;64710
1;6550;2018443;4233;99921;0;408;4;1;32152
1;6551;2018664;4234;99921;0;408;4;1;16686
1;6552;2018985;4233;99921;0;408;4;1;21513
1;6553;2019449;4233;99920;0;408;4;1;13926
1;6554;2019766;4233;99921;0;408;4;1;18873
1;6555;2020084;4233;99922;0;408;4;1;24273
1;6556;2020419;4234;99923;0;408;4;1;4924
1;6557;2020654;4234;99923;0;408;4;1;62843
1;6558;2020972;4234;99923;0;408;4;1;14070
1;6559;2021204;4234;99924;0;408;4;1;52323
1;6560;2021428;4234;99924;0;408;4;1;3001
1;6561;2021674;4234;99924;0;408;4;1;34527
1;6562;2022008;4234;99924;0;409;4;1;61698
1;6563;2022432;4234;99924;0;409;4;1;3763
1;6564;2022773;4234;99923;0;409;4;1;32858
1;6565;2023005;4234;99923;0;409;4;1;3354
1;6566;2023430;4234;99924;0;409;4;1;12980
1;6567;2023763;4234;99925;0;409;4;1;43433
1;6568;2024005;4234;99925;0;409;4;1;38792
1;6569;2024430;4234;99925;0;409;4;1;39823
1;6570;2024658;4234;99924;0;409;4;1;49090
1;6571;2025000;4234;99924;0;409;4;1;11631
1;6572;2025425;4234;99923;0;409;4;1;43796
1;6573;2025653;4234;99923;0;409;4;1;2975
1;6574;2025971;4235;99924;0;409;4;1;42797
1;6575;2026206;4234;99923;0;409;4;1;5593
1;6576;2026439;4234;99923;0;409;4;1;44658
1;6577;2026662;4235;99923;0;409;4;1;2421
1;6578;2026980;4234;99923;0;409;4;1;53234
1;6579;2027215;4235;99923;0;409;4;1;14071
1;6580;2027444;4235;99924;0;410;4;1;36754
1;6581;2027761;4235;99923;0;410;4;1;2382
1;6582;2028080;4235;99923;0;410;4;1;41929
1;6583;2028448;4235;99923;0;410;4;1;15355
1;6584;2028765;4235;99922;0;410;4;1;44913
1;6585;2029099;4236;99923;0;410;4;1;60165
1;6586;2029446;4236;99922;0;410;4;1;61720
1;6587;2029768;4236;99923;0;410;4;1;4876
1;6588;2029995;4236;99923;0;410;4;1;62487
1;6589;2030425;4236;99922;0;410;4;1;14819
1;6590;2030661;4236;99922;0;410;4;1;63973
1;6591;2030888;4236;99922;0;410;4;1;8098
1;6592;2031205;4236;99923;0;410;4;1;47210
1;6593;2031525;4236;99922;0;410;4;1;40468
1;6594;2031776;4236;99922;0;410;4;1;35295
1;6595;2032098;4236;99922;0;410;4;1;42532
1;6596;2032426;4237;99922;0;410;4;1;38445
1;6597;2032654;4237;99922;0;410;4;1;24359
1;6598;2032890;4237;99922;0;410;4;1;50336
1;6599;2033209;4237;99921;0;410;4;1;39686
1;6600;2033543;4237;99921;0;410;4;1;44628
1;6601;2033888;4237;99921;0;410;4;1;16377
1;6602;2034207;4237;99921;0;410;4;1;21025
1;6603;2034439;4237;99921;0;411;4;1;5978
1;6604;2034757;4237;99921;0;411;4;1;7194
1;6605;2034993;4237;99921;0;411;4;1;29614
1;6606;2035438;4238;99921;0;411;4;1;17909
1;6607;2035755;4238;99920;0;411;4;1;27377
1;6608;2036096;4238;99920;0;411;4;1;8853
1;6609;2036431;4238;99920;0;411;4;1;39293
1;6610;2036749;4238;99920;0;411;4;1;33294
1;6611;2037082;4238;99919;0;411;4;1;16016
1;6612;2037432;4238;99918;0;411;4;1;41281
1;6613;2037750;4239;99917;0;411;4;1;30651
1;6614;2037986;4239;99917;0;411;4;1;8488
1;6615;2038433;4239;99918;0;411;4;1;36486
1;6616;2038752;4239;99919;0;411;4;1;15404
1;6617;2038980;4239;99919;0;411;4;1;62758
1;6618;2039427;4240;99920;0;411;4;1;50189
1;6619;2039761;4240;99919;0;411;4;1;11257
1;6620;2040083;4240;99919;0;411;4;1;3086
1;6621;2040402;4240;99919;0;411;4;1;21178
1;6622;2040658;4240;99919;0;411;4;1;34974
1;6623;2040977;4241;99920;0;411;4;1;7257
1;6624;2041401;4241;99919;0;411;4;1;13282
1;6625;2041652;4241;99919;0;411;4;1;37283
1;6626;2041974;4241;99920;0;411;4;1;7543
1;6627;2042414;4241;99919;0;411;4;1;48154
1;6628;2042759;4241;99920;0;411;4;1;43991
1;6629;2043077;4241;99919;0;411;4;1;39577
1;6630;2043420;4241;99919;0;411;4;1;43279
1;6631;2043738;4242;99918;0;411;4;1;53904
1;6632;2043973;4242;99918;0;411;4;1;51486
1;6633;2044200;4242;99918;0;412;4;1;18573
1;6634;2044520;4242;99918;0;412;4;1;43716
1;6635;2044838;4242;99918;0;412;4;1;45487
1;6636;2045089;4242;99918;0;412;4;1;37249
1;6637;2045412;4242;99918;0;412;4;1;52436
1;6638;2045734;4242;99918;0;412;4;1;22389
1;6639;2045966;4243;99919;0;412;4;1;54856
1;6640;2046202;4243;99918;0;412;4;1;32250
1;6641;2046521;4243;99918;0;412;4;1;23206
1;6642;2046855;4243;99918;0;412;4;1;47061
1;6643;2047197;4243;99918;0;412;4;1;49540
1;6644;2047516;4243;99918;0;412;4;1;8988
1;6645;2047748;4243;99918;0;412;4;1;52278
1;6646;2048066;4243;99917;0;412;4;1;19624
1;6647;2048412;4243;99917;0;412;4;1;18882
1;6648;2048644;4243;99917;0;412;4;1;37567
1;6649;2048963;4243;99916;0;412;4;1;13927
1;6650;2049414;4243;99916;0;412;4;1;44978
1;6651;2049642;4243;99916;0;2973;4;1;11148
1;6652;2049960;4243;99916;0;2973;4;1;4223
1;6653;2050405;4244;99916;0;413;4;1;57739
1;6654;2050640;4244;99917;0;413;4;1;53990
1;6655;2050958;4244;99917;0;413;4;1;55180
1;6656;2051399;4244;99916;0;413;4;1;31113
1;6657;2051637;4244;99917;0;413;4;1;60497
1;6658;2051954;4244;99916;0;413;4;1;58518
1;6659;2052182;4244;99916;0;413;4;1;7955
1;6660;2052502;4244;99916;0;413;4;1;1316
1;6661;2052737;4245;99917;0;413;4;1;49907
1;6662;2053070;4245;99917;0;413;4;1;38253
1;6663;2053400;4245;99916;0;413;4;1;42945
1;6664;2053718;4245;99917;0;413;4;1;41148
1;6665;2053969;4245;99917;0;413;4;1;42025
1;6666;2054398;4245;99917;0;413;4;1;38535
1;6667;2054716;4245;99916;0;413;4;1;31088
1;6668;2054968;4245;99916;0;413;4;1;43203
1;6669;2055393;4245;99916;0;413;4;1;8124
1;6670;2055731;4245;99916;0;413;4;1;39452
1;6671;2056071;4245;99915;0;413;4;1;21529
1;6672;2056391;4245;99914;0;413;4;1;29228
1;6673;2056619;4245;99914;0;453;4;1;37782
1;6674;2056941;4246;99914;0;453;4;1;56374
1;6675;2057181;4246;99914;0;453;4;1;34830
1;6676;2057516;4246;99913;0;413;4;1;42914
1;6677;2057833;4246;99914;0;413;4;1;49764
1;6678;2058152;4246;99914;0;413;4;1;32942
1;6679;2058407;4246;99914;0;413;4;1;53781
1;6680;2058725;4246;99914;0;413;4;1;35280
1;6681;2059043;4246;99914;0;413;4;1;64998
1;6682;2059403;4246;99914;0;413;4;1;44131
1;6683;2059728;4246;99914;0;413;4;1;2667
1;6684;2060046;4246;99914;0;413;4;1;844
1;6685;2060380;4247;99915;0;413;4;1;23976
1;6686;2060615;4247;99915;0;413;4;1;12219
1;6687;2060938;4247;99916;0;413;4;1;27682
1;6688;2061170;4247;99916;0;414;4;1;64781
1;6689;2061489;4247;99916;0;414;4;1;62119
1;6690;2061725;4247;99917;0;414;4;1;2128
1;6691;2061952;4247;99917;0;414;4;1;62585
1;6692;2062381;4247;99917;0;414;4;1;1832
1;6693;2062722;4247;99917;0;414;4;1;18599
1;6694;2062950;4247;99917;0;574;4;1;38100
1;6695;2063375;4248;99917;0;574;4;1;39126
1;6696;2063712;4248;99917;0;414;4;1;39635
1;6697;2063948;4248;99917;0;414;4;1;21531
1;6698;2064377;4248;99916;0;414;4;1;55063
1;6699;2064609;4248;99916;0;414;4;1;2116
1;6700;2064953;4248;99916;0;414;4;1;25391
1;6701;2065378;4248;99917;0;414;4;1;60774
1;6702;2065606;4248;99917;0;415;4;1;8738
1;6703;2065924;4248;99917;0;415;4;1;5532
1;6704;2066159;4248;99917;0;415;4;1;36312
1;6705;2066392;4249;99917;0;415;4;1;60973
1;6706;2066710;4249;99917;0;415;4;1;8259
1;6707;2067028;4249;99917;0;415;4;1;20433
1;6708;2067386;4249;99916;0;415;4;1;21745
1;6709;2067708;4249;99916;0;415;4;1;63545
1;6710;2068026;4249;99915;0;415;4;1;2477
1;6711;2068384;4249;99915;0;415;4;1;14155
1;6712;2068706;4249;99915;0;415;4;1;40634
1;6713;2069043;4249;99916;0;415;4;1;44958
1;6714;2069387;4249;99916;0;415;4;1;8353
1;6715;2069705;4249;99916;0;415;4;1;53217
1;6716;2069933;4249;99916;0;415;4;1;23124
1;6717;2070366;4250;99915;0;415;4;1;47379
1;6718;2070601;4250;99915;0;415;4;1;56998
1;6719;2070829;4250;99915;0;415;4;1;44819
1;6720;2071147;4250;99916;0;415;4;1;20249
1;6721;2071466;4250;99916;0;415;4;1;41420
1;6722;2071720;4250;99916;0;415;4;1;39575
1;6723;2072038;4250;99916;0;415;4;1;29172
1;6724;2072361;4251;99916;0;415;4;1;13139
1;6725;2072589;4251;99916;0;415;4;1;36546
1;6726;2072825;4251;99915;0;415;4;1;15608
1;6727;2073147;4251;99915;0;415;4;1;2886
1;6728;2073482;4251;99915;0;415;4;1;52138
1;6729;2073823;4251;99915;0;415;4;1;18501
1;6730;2074145;4251;99916;0;415;4;1;7362
1;6731;2074374;4251;99915;0;416;4;1;25855
1;6732;2074691;4252;99916;0;416;4;1;61217
1;6733;2074927;4252;99916;0;416;4;1;6532
1;6734;2075372;4252;99916;0;416;4;1;15075
1;6735;2075690;4252;99916;0;416;4;1;52743
1;6736;2075910;4252;99916;0;416;4;1;1221
1;6737;2076161;4252;99916;0;416;4;1;16441
1;6738;2076481;4252;99916;0;416;4;1;57881
1;6739;2076803;4252;99915;0;416;4;1;58979
1;6740;2077030;4252;99914;0;416;4;1;19317
1;6741;2077373;4253;99914;0;416;4;1;6271
1;6742;2077692;4253;99915;0;416;4;1;29428
1;6743;2077920;4253;99915;0;416;4;1;7917
1;6744;2078367;4253;99914;0;416;4;1;33621
1;6745;2078690;4253;99915;0;416;4;1;41818
1;6746;2078918;4253;99915;0;416;4;1;55242
1;6747;2079368;4253;99915;0;416;4;1;54500
1;6748;2079706;4254;99915;0;416;4;1;52923
1;6749;2080024;4254;99915;0;416;4;1;31191
1;6750;2080343;4254;99915;0;416;4;1;28192
1;6751;2080594;4254;99915;0;416;4;1;19313
1;6752;2080913;4254;99915;0;416;4;1;39089
1;6753;2081345;4254;99915;0;416;4;1;37066
1;6754;2081596;4254;99915;0;416;4;1;50323
1;6755;2081914;4254;99915;0;416;4;1;26715
1;6756;2082358;4254;99915;0;416;4;1;44721
1;6757;2082699;4255;99916;0;416;4;1;45605
1;6758;2083017;4255;99915;0;416;4;1;51522
1;6759;2083352;4255;99915;0;416;4;1;53723
1;6760;2083674;4255;99915;0;416;4;1;35358
1;6761;2083913;4255;99915;0;416;4;1;5049
1;6762;2084140;4255;99915;0;417;4;1;29856
1;6763;2084460;4255;99915;0;417;4;1;15094
1;6764;2084782;4256;99915;0;417;4;1;64395
1;6765;2085033;4256;99915;0;417;4;1;3370
1;6766;2085352;4256;99915;0;417;4;1;49128
1;6767;2085671;4256;99915;0;417;4;1;23596
1;6768;2085899;4256;99915;0;417;4;1;22101
1;6769;2086134;4256;99916;0;417;4;1;57218
1;6770;2086461;4256;99915;0;417;4;1;64108
1;6771;2086795;4257;99914;0;417;4;1;41274
1;6772;2087135;4257;99912;0;417;4;1;26369
1;6773;2087356;4257;99910;0;417;4;1;14176
1;6774;2087690;4257;99911;0;418;4;1;33749
1;6775;2088008;4258;99910;0;418;4;1;31609
1;6776;2088350;4258;99910;0;418;4;1;36157
1;6777;2088578;4258;99910;0;418;4;1;25078
1;6778;2088897;4258;99910;0;418;4;1;62192
1;6779;2089348;4258;99910;0;418;4;1;45985
1;6780;2089576;4258;99910;0;418;4;1;4453
1;6781;2089894;4258;99910;0;418;4;1;2574
1;6782;2090339;4258;99909;0;418;4;1;6953
1;6783;2090574;4258;99909;0;418;4;1;50435
1;6784;2090892;4258;99909;0;418;4;1;28052
1;6785;2091337;4258;99910;0;418;4;1;49449
1;6786;2091576;4258;99910;0;418;4;1;4481
1;6787;2091897;4258;99910;0;418;4;1;3932
1;6788;2092125;4258;99911;0;418;4;1;64031
1;6789;2092453;4258;99910;0;418;4;1;31090
1;6790;2092688;4259;99911;0;418;4;1;3964
1;6791;2093021;4259;99911;0;418;4;1;54585
1;6792;2093340;4259;99910;0;418;4;1;52619
1;6793;2093659;4259;99910;0;418;4;1;61811
1;6794;2093910;4260;99910;0;418;4;1;13605
1;6795;2094334;4260;99909;0;418;4;1;45125
1;6796;2094657;4260;99908;0;418;4;1;13775
1;6797;2094912;4260;99908;0;418;4;1;21270
1;6798;2095340;4260;99908;0;418;4;1;20638
1;6799;2095674;4260;99908;0;418;4;1;15017
1;6800;2096015;4260;99908;0;418;4;1;35216
1;6801;2096334;4260;99908;0;418;4;1;22518
1;6802;2096562;4260;99909;0;418;4;1;51972
1;6803;2096881;4260;99910;0;418;4;1;52366
1;6804;2097119;4260;99910;0;418;4;1;34795
1;6805;2097458;4260;99911;0;418;4;1;24060
1;6806;2097775;4261;99912;0;418;4;1;48030
1;6807;2098098;4261;99912;0;418;4;1;36818
1;6808;2098349;4261;99912;0;419;4;1;3202
1;6809;2098671;4261;99912;0;419;4;1;9081
1;6810;2098989;4261;99911;0;419;4;1;13291
1;6811;2099348;4261;99911;0;419;4;1;53527
1;6812;2099666;4262;99911;0;419;4;1;38593
1;6813;2099984;4262;99911;0;419;4;1;41343
1;6814;2100323;4262;99912;0;419;4;1;23538
1;6815;2100562;4263;99912;0;419;4;1;23115
1;6816;2100881;4263;99911;0;419;4;1;31449
1;6817;2101109;4263;99912;0;419;4;1;28759
1;6818;2101428;4263;99911;0;419;4;1;19354
1;6819;2101664;4263;99911;0;419;4;1;24616
1;6820;2101891;4263;99912;0;419;4;1;13421
1;6821;2102315;4263;99913;0;419;4;1;47514
1;6822;2102536;4263;99913;0;419;4;1;28314
1;6823;2102787;4263;99912;0;419;4;1;14007
1;6824;2103110;4263;99912;0;419;4;1;8156
1;6825;2103433;4263;99912;0;419;4;1;50539
1;6826;2103660;4264;99911;0;419;4;1;45642
1;6827;2103895;4264;99912;0;419;4;1;39710
1;6828;2104320;4264;99910;0;419;4;1;9835
1;6829;2104548;4264;99909;0;419;4;1;30472
1;6830;2104889;4264;99910;0;419;4;1;32748
1;6831;2105318;4264;99909;0;419;4;1;4766
1;6832;2105546;4264;99910;0;419;4;1;5254
1;6833;2105867;4264;99909;0;419;4;1;27364
1;6834;2106107;4265;99910;0;419;4;1;36722
1;6835;2106335;4265;99910;0;419;4;1;34499
1;6836;2106653;4265;99910;0;419;4;1;54703
1;6837;2106971;4265;99910;0;419;4;1;63925
1;6838;2107328;4265;99910;0;419;4;1;31662
1;6839;2107647;4265;99910;0;419;4;1;2838
1;6840;2107969;4265;99910;0;419;4;1;54793
1;6841;2108333;4266;99910;0;419;4;1;7937
1;6842;2108651;4266;99909;0;419;4;1;26412
1;6843;2108984;4266;99909;0;419;4;1;24177
1;6844;2109326;4266;99910;0;419;4;1;1271
1;6845;2109645;4266;99909;0;419;4;1;45344
1;6846;2109877;4266;99908;0;1699;4;1;16247
1;6847;2110301;4266;99909;0;1699;4;1;19030
1;6848;2110541;4267;99909;0;1699;4;1;16921
1;6849;2110768;4267;99909;0;419;4;1;60274
1;6850;2111090;4267;99909;0;419;4;1;10495
1;6851;2111409;4267;99909;0;419;4;1;59374
1;6852;2111660;4268;99909;0;420;4;1;49996
1;6853;2111978;4268;99908;0;420;4;1;30582
1;6854;2112297;4268;99908;0;420;4;1;64565
1;6855;2112526;4268;99908;0;419;4;1;25549
1;6856;2112761;4268;99908;0;419;4;1;4429
1;6857;2113083;4269;99908;0;419;4;1;25488
1;6858;2113426;4269;99908;0;419;4;1;57932
1;6859;2113768;4269;99908;0;419;4;1;20652
1;6860;2114086;4269;99908;0;419;4;1;18314
1;6861;2114318;4269;99907;0;420;4;1;50378
1;6862;2114636;4270;99906;0;420;4;1;36985
1;6863;2114872;4270;99906;0;420;4;1;65485
1;6864;2115312;4270;99907;0;420;4;1;23209
1;6865;2115630;4270;99907;0;420;4;1;9945
1;6866;2115971;4270;99907;0;420;4;1;58509
1;6867;2116313;4270;99907;0;419;4;1;30170
1;6868;2116632;4271;99907;0;419;4;1;21235
1;6869;2116965;4271;99907;0;419;4;1;43701
1;6870;2117307;4271;99908;0;419;4;1;27156
1;6871;2117630;4271;99908;0;419;4;1;14145
1;6872;2117858;4271;99908;0;419;4;1;7657
1;6873;2118305;4271;99909;0;419;4;1;4852
1;6874;2118624;4271;99908;0;419;4;1;30847
1;6875;2118858;4271;99908;0;419;4;1;21545
1;6876;2119308;4272;99909;0;419;4;1;15288
1;6877;2119642;4272;99908;0;420;4;1;63063
1;6878;2119960;4272;99907;0;420;4;1;54556
1;6879;2120279;4272;99907;0;420;4;1;28404
1;6880;2120530;4273;99908;0;419;4;1;25718
1;6881;2120849;4273;99908;0;419;4;1;27612
1;6882;2121273;4274;99908;0;419;4;1;56586
1;6883;2121535;4274;99909;0;419;4;1;4404
1;6884;2121854;4275;99911;0;419;4;1;47641
1;6885;2122293;4275;99912;0;419;4;1;24942
1;6886;2122636;4276;99912;0;419;4;1;13499
1;6887;2122955;4276;99912;0;419;4;1;34961
1;6888;2123289;4276;99912;0;419;4;1;54544
1;6889;2123607;4277;99911;0;419;4;1;61475
1;6890;2123843;4277;99912;0;419;4;1;11651
1;6891;2124070;4277;99912;0;420;4;1;11008
1;6892;2124290;4277;99912;0;420;4;1;34520
1;6893;2124612;4278;99911;0;420;4;1;44605
1;6894;2124847;4278;99911;0;420;4;1;18066
1;6895;2125079;4278;99912;0;420;4;1;7817
1;6896;2125398;4279;99913;0;420;4;1;39284
1;6897;2125717;4279;99912;0;420;4;1;36396
1;6898;2125967;4280;99912;0;430;4;1;39189
1;6899;2126287;4280;99911;0;430;4;1;7193
1;6900;2126605;4280;99911;0;430;4;1;53159
1;6901;2126840;4280;99911;0;420;4;1;44659
1;6902;2127074;4281;99912;0;420;4;1;49769
1;6903;2127393;4281;99912;0;420;4;1;58677
1;6904;2127621;4281;99911;0;420;4;1;5001
1;6905;2127938;4281;99911;0;420;4;1;48678
1;6906;2128280;4282;99910;0;420;4;1;17207
1;6907;2128513;4282;99910;0;420;4;1;64662
1;6908;2128832;4282;99911;0;420;4;1;56834
1;6909;2129279;4282;99911;0;420;4;1;59155
1;6910;2129511;4283;99911;0;430;4;1;59266
1;6911;2129833;4283;99912;0;430;4;1;30682
1;6912;2130277;4284;99912;0;420;4;1;57051
1;6913;2130513;4284;99911;0;420;4;1;561
1;6914;2130831;4284;99911;0;420;4;1;43844
1;6915;2131271;4285;99912;0;420;4;1;29868
1;6916;2131507;4285;99912;0;420;4;1;49009
1;6917;2131825;4285;99913;0;420;4;1;18627
1;6918;2132053;4285;99913;0;420;4;1;15443
1;6919;2132380;4286;99913;0;420;4;1;39475
1;6920;2132620;4286;99913;0;420;4;1;50782
1;6921;2132954;4286;99912;0;420;4;1;27749
1;6922;2133273;4287;99912;0;420;4;1;8855
1;6923;2133591;4287;99912;0;420;4;1;35229
1;6924;2133842;4287;99912;0;421;4;1;58013
1;6925;2134267;4287;99912;0;421;4;1;15722
1;6926;2134585;4288;99911;0;421;4;1;36262
1;6927;2134842;4288;99910;0;420;4;1;47267
1;6928;2135272;4288;99911;0;420;4;1;9664
1;6929;2135605;4288;99911;0;421;4;1;21392
1;6930;2135947;4289;99910;0;421;4;1;9161
1;6931;2136266;4289;99911;0;421;4;1;13411
1;6932;2136498;4289;99911;0;421;4;1;31567
1;6933;2136817;4290;99911;0;421;4;1;52122
1;6934;2137052;4290;99912;0;421;4;1;29429
1;6935;2137395;4290;99911;0;421;4;1;42706
1;6936;2137713;4290;99911;0;421;4;1;48510
1;6937;2138031;4291;99912;0;421;4;1;30276
1;6938;2138282;4291;99911;0;421;4;1;49177
1;6939;2138600;4291;99911;0;421;4;1;61410
1;6940;2138918;4291;99911;0;421;4;1;63684
1;6941;2139276;4292;99910;0;421;4;1;14043
1;6942;2139594;4292;99910;0;421;4;1;63159
1;6943;2139912;4292;99910;0;421;4;1;49417
1;6944;2140258;4292;99910;0;421;4;1;40967
1;6945;2140493;4292;99910;0;421;4;1;8064
1;6946;2140812;4292;99910;0;421;4;1;7459
1;6947;2141040;4292;99910;0;421;4;1;1423
1;6948;2141363;4293;99910;0;421;4;1;43846
1;6949;2141598;4293;99910;0;421;4;1;13573
1;6950;2141826;4293;99909;0;421;4;1;3371
1;6951;2142250;4293;99909;0;421;4;1;27162
1;6952;2142595;4293;99909;0;421;4;1;13287
1;6953;2142827;4294;99910;0;421;4;1;33268
1;6954;2143252;4294;99910;0;421;4;1;40182
1;6955;2143586;4294;99910;0;421;4;1;53894
1;6956;2143829;4294;99911;0;421;4;1;34864
1;6957;2144254;4295;99910;0;421;4;1;6429
1;6958;2144482;4295;99911;0;1701;4;1;16890
1;6959;2144822;4295;99911;0;1701;4;1;2569
1;6960;2145252;4295;99911;0;1701;4;1;36760
1;6961;2145484;4295;99910;0;421;4;1;2926
1;6962;2145802;4295;99910;0;421;4;1;54087
1;6963;2146037;4295;99910;0;421;4;1;21225
1;6964;2146269;4296;99910;0;421;4;1;47762
1;6965;2146588;4296;99910;0;421;4;1;50283
1;6966;2146905;4296;99909;0;421;4;1;3506
1;6967;2147263;4296;99910;0;421;4;1;54577
1;6968;2147585;4296;99910;0;421;4;1;35068
1;6969;2147907;4296;99909;0;421;4;1;40852
1;6970;2148267;4296;99910;0;420;4;1;41989
1;6971;2148586;4296;99910;0;420;4;1;27622
1;6972;2148919;4297;99910;0;420;4;1;5764
1;6973;2149261;4297;99911;0;420;4;1;52265
1;6974;2149579;4297;99911;0;420;4;1;52478
1;6975;2149807;4297;99911;0;420;4;1;48459
1;6976;2150232;4297;99910;0;420;4;1;50808
1;6977;2150514;4298;99910;0;420;4;1;5892
1;6978;2150746;4298;99910;0;420;4;1;30258
1;6979;2151068;4298;99909;0;420;4;1;53978
1;6980;2151388;4298;99910;0;420;4;1;16415
1;6981;2151643;4298;99910;0;421;4;1;11872
1;6982;2151961;4298;99910;0;421;4;1;46529
1;6983;2152287;4298;99911;0;421;4;1;507
1;6984;2152515;4298;99911;0;420;4;1;41480
1;6985;2152761;4299;99911;0;420;4;1;28035
1;6986;2153080;4299;99911;0;420;4;1;40744
1;6987;2153312;4299;99912;0;420;4;1;64305
1;6988;2153630;4300;99912;0;420;4;1;11498
1;6989;2153868;4300;99912;0;420;4;1;25876
1;6990;2154309;4300;99911;0;420;4;1;50096
1;6991;2154627;4300;99911;0;420;4;1;60395
1;6992;2154967;4300;99910;0;420;4;1;9335
1;6993;2155306;4301;99909;0;420;4;1;63981
1;6994;2155624;4301;99909;0;420;4;1;47794
1;6995;2155957;4301;99909;0;421;4;1;9391
1;6996;2156302;4301;99909;0;421;4;1;15076
1;6997;2156625;4301;99908;0;421;4;1;54803
1;6998;2156853;4302;99908;0;420;4;1;28237
1;6999;2157305;4302;99908;0;420;4;1;5259
1;7000;2157624;4302;99908;0;420;4;1;59135
1;7001;2157852;4302;99908;0;420;4;1;61262
1;7002;2158299;4303;99908;0;420;4;1;51906
1;7003;2158638;4303;99907;0;420;4;1;13873
1;7004;2158955;4303;99907;0;420;4;1;36708
1;7005;2159283;4303;99907;0;420;4;1;43051
1;7006;2159534;4304;99908;0;420;4;1;17967
1;7007;2159852;4304;99909;0;420;4;1;28966
1;7008;2160277;4305;99909;0;420;4;1;17183
1;7009;2160528;4305;99910;0;421;4;1;46309
1;7010;2160846;4305;99909;0;421;4;1;17500
1;7011;2161290;4305;99910;0;421;4;1;39260
1;7012;2161630;4306;99908;0;421;4;1;16892
1;7013;2161952;4306;99909;0;421;4;1;51266
1;7014;2162286;4306;99909;0;421;4;1;53079
1;7015;2162603;4306;99909;0;421;4;1;25098
1;7016;2162838;4307;99909;0;421;4;1;19856
1;7017;2163069;4307;99909;0;421;4;1;14739
1;7018;2163392;4307;99908;0;421;4;1;32230
1;7019;2163709;4307;99907;0;421;4;1;54297
1;7020;2163959;4307;99907;0;421;4;1;8269
1;7021;2164282;4308;99908;0;421;4;1;504
1;7022;2164604;4308;99908;0;421;4;1;49556
1;7023;2164831;4308;99908;0;421;4;1;27573
1;7024;2165067;4308;99908;0;421;4;1;1124
1;7025;2165386;4309;99909;0;421;4;1;14322
1;7026;2165719;4309;99908;0;421;4;1;34784
1;7027;2166059;4309;99909;0;421;4;1;12186
1;7028;2166382;4310;99909;0;421;4;1;6403
1;7029;2166609;4310;99909;0;421;4;1;47237
1;7030;2166930;4310;99909;0;421;4;1;10687
1;7031;2167271;4310;99908;0;421;4;1;36512
1;7032;2167503;4311;99908;0;421;4;1;12989
1;7033;2167821;4311;99909;0;421;4;1;23960
1;7034;2168270;4311;99909;0;421;4;1;16022
1;7035;2168498;4311;99909;0;5541;4;1;18189
1;7036;2168815;4312;99910;0;5541;4;1;57057
1;7037;2169258;4312;99910;0;421;4;1;11256
1;7038;2169493;4312;99911;0;421;4;1;48705
1;7039;2169810;4313;99911;0;421;4;1;34739
1;7040;2170249;4313;99911;0;421;4;1;15936
1;7041;2170508;4314;99911;0;421;4;1;38109
1;7042;2170830;4314;99911;0;421;4;1;5945
1;7043;2171057;4314;99911;0;421;4;1;31387
1;7044;2171375;4314;99911;0;421;4;1;27641
1;7045;2171611;4314;99910;0;421;4;1;58473
1;7046;2171947;4315;99910;0;421;4;1;47550
1;7047;2172266;4315;99910;0;421;4;1;42851
1;7048;2172583;4315;99910;0;421;4;1;47481
1;7049;2172833;4315;99909;0;421;4;1;54772
1;7050;2173257;4316;99909;0;421;4;1;36828
1;7051;2173579;4316;99909;0;421;4;1;4166
1;7052;2173829;4317;99908;0;421;4;1;64011
1;7053;2174256;4317;99908;0;421;4;1;26062
1;7054;2174476;4317;99908;0;421;4;1;6424
1;7055;2174704;4317;99908;0;421;4;1;43408
1;7056;2174938;4318;99908;0;421;4;1;52923
1;7057;2175256;4318;99909;0;421;4;1;37649
1;7058;2175484;4318;99909;0;421;4;1;5783
1;7059;2175801;4319;99909;0;421;4;1;5860
1;7060;2176036;4319;99909;0;421;4;1;36383
1;7061;2176374;4319;99908;0;421;4;1;26540
1;7062;2176691;4320;99908;0;421;4;1;56329
1;7063;2177012;4320;99909;0;421;4;1;30929
1;7064;2177262;4320;99910;0;421;4;1;27589
1;7065;2177579;4320;99910;0;421;4;1;11989
1;7066;2177901;4321;99910;0;421;4;1;43994
1;7067;2178258;4321;99910;0;421;4;1;15087
1;7068;2178575;4321;99911;0;421;4;1;55975
1;7069;2178893;4322;99911;0;421;4;1;15097
1;7070;2179230;4322;99911;0;421;4;1;32766
1;7071;2179471;4322;99911;0;421;4;1;1830
1;7072;2179792;4323;99911;0;421;4;1;50037
1;7073;2180019;4323;99910;0;421;4;1;6183
1;7074;2180338;4323;99910;0;421;4;1;27230
1;7075;2180574;4323;99909;0;421;4;1;39941
1;7076;2180801;4324;99910;0;421;4;1;5914
1;7077;2181224;4325;99910;0;421;4;1;1696
1;7078;2181564;4325;99911;0;421;4;1;53576
1;7079;2181795;4325;99911;0;421;4;1;3237
1;7080;2182221;4325;99911;0;421;4;1;14189
1;7081;2182556;4326;99911;0;421;4;1;2076
1;7082;2182791;4326;99911;0;421;4;1;14950
1;7083;2183213;4326;99911;0;421;4;1;31891
1;7084;2183440;4327;99911;0;421;4;1;23986
1;7085;2183778;4327;99912;0;421;4;1;39696
1;7086;2184201;4328;99913;0;421;4;1;49792
1;7087;2184427;4328;99913;0;421;4;1;35157
1;7088;2184743;4328;99913;0;421;4;1;8148
1;7089;2184977;4329;99913;0;421;4;1;27843
1;7090;2185208;4329;99913;0;421;4;1;15679
1;7091;2185529;4329;99913;0;421;4;1;43760
1;7092;2185849;4330;99913;0;421;4;1;52995
1;7093;2186204;4330;99913;0;421;4;1;9816
1;7094;2186521;4330;99913;0;421;4;1;20357
1;7095;2186836;4331;99913;0;421;4;1;37066
1;7096;2187193;4331;99913;0;421;4;1;62139
1;7097;2187514;4331;99913;0;421;4;1;31106
1;7098;2187845;4332;99914;0;421;4;1;57004
1;7099;2188185;4332;99913;0;421;4;1;33528
1;7100;2188501;4332;99913;0;421;4;1;27876
1;7101;2188732;4333;99914;0;421;4;1;62642
1;7102;2189153;4333;99914;0;421;4;1;33964
1;7103;2189390;4333;99914;0;421;4;1;59925
1;7104;2189618;4334;99914;0;2981;4;1;16402
1;7105;2189936;4334;99914;0;2981;4;1;12160
1;7106;2190163;4334;99914;0;2981;4;1;63616
1;7107;2190409;4335;99914;0;2981;4;1;46006
1;7108;2190637;4335;99914;0;421;4;1;20136
1;7109;2190956;4335;99914;0;421;4;1;4124
1;7110;2191279;4335;99913;0;421;4;1;3048
1;7111;2191530;4336;99914;0;421;4;1;29585
1;7112;2191852;4336;99914;0;421;4;1;27612
1;7113;2192172;4336;99914;0;421;4;1;32166
1;7114;2192399;4336;99914;0;421;4;1;27165
1;7115;2192638;4337;99915;0;421;4;1;37829
1;7116;2192960;4337;99914;0;421;4;1;1709
1;7117;2193188;4338;99915;0;20904;4;1;13493
1;7118;2193506;4338;99915;0;20904;4;1;9703
1;7119;2193743;4339;99915;0;20904;4;1;65223
1;7120;2194183;4339;99914;0;421;4;1;22478
1;7121;2194501;4340;99914;0;421;4;1;29318
1;7122;2194842;4340;99915;0;421;4;1;4952
1;7123;2195180;4340;99914;0;421;4;1;50440
1;7124;2195503;4341;99914;0;421;4;1;13095
1;7125;2195836;4341;99913;0;422;4;1;33815
1;7126;2196182;4341;99913;0;422;4;1;29828
1;7127;2196505;4342;99913;0;422;4;1;55351
1;7128;2196733;4342;99913;0;421;4;1;27458
1;7129;2197180;4342;99914;0;421;4;1;58664
1;7130;2197498;4343;99913;0;421;4;1;6365
1;7131;2197726;4343;99914;0;421;4;1;47272
1;7132;2198180;4343;99913;0;421;4;1;18167
1;7133;2198514;4344;99914;0;422;4;1;25599
1;7134;2198832;4345;99913;0;422;4;1;17685
1;7135;2199151;4345;99914;0;422;4;1;38918
1;7136;2199402;4345;99914;0;10661;4;1;50641
1;7137;2199721;4346;99913;0;10661;4;1;20395
1;7138;2200145;4346;99913;0;10661;4;1;20701
1;7139;2200400;4347;99914;0;422;4;1;22466
1;7140;2200718;4347;99914;0;422;4;1;30227
1;7141;2200940;4347;99915;0;422;4;1;19883
1;7142;2201169;4348;99915;0;422;4;1;60311
1;7143;2201509;4348;99914;0;422;4;1;44130
1;7144;2201828;4348;99914;0;422;4;1;6079
1;7145;2202166;4348;99914;0;422;4;1;15872
1;7146;2202484;4349;99913;0;422;4;1;32893
1;7147;2202719;4349;99913;0;422;4;1;48329
1;7148;2202947;4349;99912;0;462;4;1;14291
1;7149;2203266;4350;99913;0;462;4;1;36483
1;7150;2203588;4350;99913;0;462;4;1;20207
1;7151;2203839;4350;99911;0;422;4;1;10318
1;7152;2204177;4350;99911;0;422;4;1;56077
1;7153;2204495;4351;99912;0;422;4;1;57407
1;7154;2204723;4351;99913;0;422;4;1;48246
1;7155;2204970;4352;99912;0;422;4;1;36220
1;7156;2205289;4352;99913;0;422;4;1;52805
1;7157;2205623;4352;99913;0;422;4;1;52015
1;7158;2205968;4353;99912;0;422;4;1;19359
1;7159;2206287;4353;99912;0;422;4;1;61046
1;7160;2206514;4353;99913;0;422;4;1;47687
1;7161;2206832;4354;99913;0;422;4;1;39586
1;7162;2207181;4354;99913;0;422;4;1;18167
1;7163;2207409;4354;99912;0;422;4;1;13939
1;7164;2207731;4355;99912;0;422;4;1;47339
1;7165;2208181;4355;99912;0;422;4;1;36488
1;7166;2208409;4355;99912;0;422;4;1;60511
1;7167;2208730;4356;99913;0;422;4;1;49415
1;7168;2209171;4356;99912;0;422;4;1;28589
1;7169;2209406;4357;99912;0;422;4;1;31976
1;7170;2209724;4357;99913;0;422;4;1;55117
1;7171;2210169;4357;99913;0;422;4;1;778
1;7172;2210404;4358;99913;0;422;4;1;54406
1;7173;2210722;4358;99913;0;422;4;1;18685
1;7174;2210950;4358;99912;0;422;4;1;62881
1;7175;2211273;4359;99912;0;422;4;1;19267
1;7176;2211514;4359;99912;0;422;4;1;25102
1;7177;2211848;4359;99913;0;422;4;1;44959
1;7178;2212167;4359;99912;0;422;4;1;8264
1;7179;2212485;4360;99912;0;422;4;1;32384
1;7180;2212736;4360;99912;0;422;4;1;49105
1;7181;2213165;4360;99912;0;422;4;1;47365
1;7182;2213488;4361;99912;0;422;4;1;54356
1;7183;2213738;4361;99912;0;422;4;1;6842
1;7184;2214167;4362;99912;0;422;4;1;4128
1;7185;2214501;4362;99912;0;423;4;1;63456
1;7186;2214843;4362;99912;0;423;4;1;24213
1;7187;2215162;4363;99913;0;423;4;1;7641
1;7188;2215394;4363;99912;0;423;4;1;52922
1;7189;2215713;4364;99913;0;423;4;1;64423
1;7190;2215948;4364;99913;0;423;4;1;15311
1;7191;2216287;4364;99913;0;423;4;1;6871
1;7192;2216609;4365;99914;0;423;4;1;10865
1;7193;2216927;4365;99914;0;423;4;1;58129
1;7194;2217179;4365;99914;0;423;4;1;47622
1;7195;2217496;4366;99914;0;423;4;1;21247
1;7196;2217814;4366;99914;0;423;4;1;23964
1;7197;2218175;4367;99915;0;423;4;1;17487
1;7198;2218493;4367;99916;0;423;4;1;60950
1;7199;2218811;4368;99916;0;423;4;1;19910
1;7200;2219150;4368;99916;0;423;4;1;24318
1;7201;2219392;4369;99916;0;423;4;1;35066
1;7202;2219710;4369;99916;0;423;4;1;54760
1;7203;2219938;4369;99916;0;423;4;1;31050
1;7204;2220257;4370;99916;0;423;4;1;55766
1;7205;2220493;4370;99915;0;423;4;1;32458
1;7206;2220721;4370;99915;0;423;4;1;31256
1;7207;2221145;4370;99915;0;423;4;1;22434
1;7208;2221486;4370;99916;0;423;4;1;42171
1;7209;2221714;4371;99916;0;433;4;1;63694
1;7210;2222143;4371;99916;0;433;4;1;17280
1;7211;2222481;4372;99916;0;423;4;1;7994
1;7212;2222717;4372;99916;0;423;4;1;48638
1;7213;2223147;4372;99917;0;423;4;1;32602
1;7214;2223375;4373;99917;0;423;4;1;40855
1;7215;2223715;4373;99917;0;423;4;1;10587
1;7216;2224145;4373;99917;0;423;4;1;15056
1;7217;2224377;4374;99917;0;423;4;1;6260
1;7218;2224695;4374;99916;0;423;4;1;40708
1;7219;2224930;4374;99916;0;423;4;1;42068
1;7220;2225159;4374;99917;0;423;4;1;16885
1;7221;2225481;4375;99916;0;423;4;1;14268
1;7222;2225799;4375;99916;0;423;4;1;49313
1;7223;2226157;4376;99916;0;423;4;1;38170
1;7224;2226475;4376;99916;0;423;4;1;1093
1;7225;2226797;4376;99916;0;423;4;1;10335
1;7226;2227159;4377;99916;0;423;4;1;50119
1;7227;2227478;4377;99917;0;423;4;1;40388
1;7228;2227811;4377;99917;0;423;4;1;18171
1;7229;2228154;4378;99917;0;423;4;1;65178
1;7230;2228476;4378;99917;0;423;4;1;60842
1;7231;2228704;4378;99917;0;423;4;1;16648
1;7232;2229133;4379;99917;0;423;4;1;61388
1;7233;2229368;4379;99917;0;423;4;1;41001
1;7234;2229596;4379;99917;0;428;4;1;59768
1;7235;2229918;4380;99917;0;428;4;1;48362
1;7236;2230237;4380;99917;0;428;4;1;26611
1;7237;2230492;4380;99917;0;423;4;1;15595
1;7238;2230810;4381;99917;0;423;4;1;41377
1;7239;2231134;4381;99918;0;423;4;1;38124
1;7240;2231362;4382;99918;0;1063;4;1;56827
1;7241;2231597;4382;99917;0;1063;4;1;25218
1;7242;2231915;4382;99917;0;1063;4;1;57991
1;7243;2232254;4383;99917;0;423;4;1;35373
1;7244;2232595;4383;99918;0;423;4;1;8844
1;7245;2232913;4384;99918;0;423;4;1;46992
1;7246;2233142;4384;99918;0;423;4;1;23324
1;7247;2233459;4384;99918;0;423;4;1;50930
1;7248;2233695;4384;99919;0;423;4;1;54393
1;7249;2233915;4384;99919;0;423;4;1;58789
1;7250;2234144;4385;99919;0;423;4;1;53973
1;7251;2234462;4385;99918;0;423;4;1;4802
1;7252;2234803;4386;99919;0;423;4;1;63329
1;7253;2235146;4386;99919;0;423;4;1;11502
1;7254;2235465;4386;99919;0;423;4;1;32595
1;7255;2235798;4387;99918;0;424;4;1;37384
1;7256;2236140;4387;99918;0;424;4;1;11447
1;7257;2236459;4387;99918;0;424;4;1;48170
1;7258;2236691;4388;99918;0;424;4;1;2325
1;7259;2237139;4388;99918;0;424;4;1;46923
1;7260;2237458;4388;99917;0;424;4;1;44539
1;7261;2237690;4389;99917;0;5544;4;1;54479
1;7262;2238142;4389;99917;0;5544;4;1;56618
1;7263;2238475;4389;99917;0;424;4;1;33340
1;7264;2238793;4390;99917;0;424;4;1;18107
1;7265;2239113;4390;99917;0;424;4;1;63717
1;7266;2239363;4390;99917;0;424;4;1;33813
1;7267;2239686;4391;99917;0;424;4;1;23704
1;7268;2240115;4391;99918;0;424;4;1;57205
1;7269;2240369;4391;99918;0;424;4;1;34954
1;7270;2240688;4392;99918;0;424;4;1;63782
1;7271;2241128;4392;99918;0;424;4;1;30285
1;7272;2241469;4393;99918;0;424;4;1;62540
1;7273;2241787;4393;99918;0;424;4;1;22660
1;7274;2242126;4393;99918;0;424;4;1;60300
1;7275;2242448;4394;99918;0;424;4;1;8515
1;7276;2242685;4394;99918;0;424;4;1;562
1;7277;2242913;4394;99918;0;424;4;1;44688
1;7278;2243236;4395;99918;0;424;4;1;43736
1;7279;2243554;4395;99918;0;424;4;1;50859
1;7280;2243805;4395;99918;0;424;4;1;58357
1;7281;2244124;4396;99917;0;424;4;1;22431
1;7282;2244443;4396;99917;0;424;4;1;34577
1;7283;2244671;4396;99917;0;424;4;1;52908
1;7284;2244907;4396;99917;0;424;4;1;286
1;7285;2245230;4397;99917;0;424;4;1;22849
1;7286;2245450;4397;99917;0;424;4;1;64751
1;7287;2245678;4397;99917;0;424;4;1;19937
1;7288;2245913;4398;99917;0;424;4;1;53484
1;7289;2246236;4398;99917;0;424;4;1;52688
1;7290;2246463;4398;99918;0;424;4;1;6702
1;7291;2246781;4398;99916;0;424;4;1;17496
1;7292;2247123;4399;99915;0;424;4;1;37867
1;7293;2247351;4399;99913;0;10664;4;1;45065
1;7294;2247670;4399;99912;0;10664;4;1;55938
1;7295;2248124;4399;99912;0;10664;4;1;6902
1;7296;2248352;4399;99912;0;425;4;1;39301
1;7297;2248670;4400;99913;0;425;4;1;24394
1;7298;2249115;4401;99914;0;424;4;1;25560
1;7299;2249351;4401;99915;0;424;4;1;22362
1;7300;2249669;4401;99915;0;424;4;1;40097
1;7301;2250109;4402;99916;0;424;4;1;12550
1;7302;2250345;4402;99915;0;424;4;1;57215
1;7303;2250666;4402;99914;0;424;4;1;51239
1;7304;2250898;4403;99914;0;424;4;1;64364
1;7305;2251221;4403;99912;0;424;4;1;10062
1;7306;2251455;4403;99912;0;424;4;1;24529
1;7307;2251788;4403;99912;0;424;4;1;41560
1;7308;2252107;4403;99912;0;424;4;1;15049
1;7309;2252424;4403;99912;0;424;4;1;46513
1;7310;2252679;4404;99912;0;424;4;1;20515
1;7311;2253102;4404;99912;0;424;4;1;25060
1;7312;2253427;4404;99912;0;424;4;1;41386
1;7313;2253677;4404;99912;0;424;4;1;11468
1;7314;2254101;4404;99912;0;424;4;1;17248
1;7315;2254434;4404;99912;0;424;4;1;23963
1;7316;2254774;4404;99912;0;424;4;1;6693
1;7317;2255093;4404;99912;0;424;4;1;62466
1;7318;2255321;4405;99913;0;424;4;1;19350
1;7319;2255639;4405;99913;0;424;4;1;47280
1;7320;2255876;4405;99913;0;424;4;1;21801
1;7321;2256214;4405;99913;0;424;4;1;25811
1;7322;2256532;4405;99914;0;424;4;1;12204
1;7323;2256854;4405;99914;0;424;4;1;87
1;7324;2257110;4405;99914;0;424;4;1;24664
1;7325;2257427;4405;99914;0;424;4;1;9544
1;7326;2257745;4405;99914;0;424;4;1;42668
1;7327;2258102;4405;99914;0;424;4;1;54924
1;7328;2258420;4406;99914;0;424;4;1;4619
1;7329;2258744;4406;99914;0;424;4;1;49385
1;7330;2259079;4406;99913;0;424;4;1;38076
1;7331;2259315;4406;99912;0;424;4;1;54089
1;7332;2259634;4406;99912;0;424;4;1;39413
1;7333;2259861;4406;99912;0;424;4;1;41314
1;7334;2260181;4406;99912;0;424;4;1;50169
1;7335;2260418;4406;99911;0;424;4;1;21086
1;7336;2260646;4406;99911;0;424;4;1;6076
1;7337;2261071;4406;99911;0;424;4;1;55846
1;7338;2261291;4406;99912;0;424;4;1;36031
1;7339;2261542;4406;99912;0;434;4;1;11363
1;7340;2261861;4407;99911;0;434;4;1;14634
1;7341;2262184;4407;99911;0;434;4;1;54236
1;7342;2262411;4407;99911;0;424;4;1;17960
1;7343;2262646;4407;99912;0;424;4;1;34108
1;7344;2263071;4407;99911;0;424;4;1;38585
1;7345;2263299;4407;99911;0;424;4;1;14875
1;7346;2263639;4407;99911;0;424;4;1;34267
1;7347;2263863;4407;99911;0;424;4;1;47078
1;7348;2264197;4408;99911;0;424;4;1;55291
1;7349;2264516;4408;99911;0;424;4;1;51494
1;7350;2264751;4408;99911;0;424;4;1;41307
1;7351;2265086;4408;99911;0;424;4;1;41351
1;7352;2265404;4408;99911;0;424;4;1;20570
1;7353;2265723;4409;99912;0;424;4;1;41714
1;7354;2266080;4409;99912;0;424;4;1;8425
1;7355;2266301;4409;99911;0;424;4;1;44837
1;7356;2266619;4409;99910;0;424;4;1;65311
1;7357;2266846;4409;99910;0;424;4;1;42533
1;7358;2267088;4409;99910;0;424;4;1;39261
1;7359;2267409;4409;99910;0;424;4;1;3730
1;7360;2267743;4409;99910;0;424;4;1;16437
1;7361;2268085;4409;99910;0;424;4;1;9428
1;7362;2268404;4409;99911;0;424;4;1;36580
1;7363;2268632;4409;99912;0;424;4;1;35702
1;7364;2269061;4410;99912;0;424;4;1;36058
1;7365;2269296;4410;99912;0;424;4;1;47012
1;7366;2269524;4410;99912;0;424;4;1;4618
1;7367;2269846;4410;99912;0;424;4;1;36240
1;7368;2270165;4410;99911;0;424;4;1;19844
1;7369;2270456;4410;99911;0;424;4;1;4988
1;7370;2270775;4410;99911;0;424;4;1;23719
1;7371;2271095;4411;99911;0;424;4;1;6139
1;7372;2271327;4411;99911;0;424;4;1;61420
1;7373;2271563;4411;99911;0;424;4;1;50270
1;7374;2271885;4411;99911;0;424;4;1;46163
1;7375;2272220;4411;99911;0;425;4;1;7902
1;7376;2272542;4412;99911;0;425;4;1;10201
1;7377;2272778;4412;99911;0;425;4;1;19458
1;7378;2273117;4412;99912;0;425;4;1;2494
1;7379;2273435;4412;99912;0;425;4;1;26609
1;7380;2273775;4411;99912;0;425;4;1;9805
1;7381;2274110;4412;99912;0;425;4;1;62684
1;7382;2274433;4412;99911;0;425;4;1;17093
1;7383;2274751;4412;99912;0;425;4;1;30866
1;7384;2275111;4412;99912;0;425;4;1;64451
1;7385;2275434;4412;99912;0;425;4;1;61624
1;7386;2275767;4412;99913;0;425;4;1;45218
1;7387;2276109;4412;99912;0;425;4;1;33346
1;7388;2276428;4412;99912;0;425;4;1;47140
1;7389;2276656;4412;99912;0;425;4;1;20608
1;7390;2277106;4413;99912;0;425;4;1;9830
1;7391;2277424;4413;99912;0;425;4;1;27065
1;7392;2277652;4413;99912;0;425;4;1;17617
1;7393;2278085;4413;99912;0;425;4;1;62572
1;7394;2278321;4413;99912;0;425;4;1;14279
1;7395;2278549;4413;99911;0;425;4;1;30206
1;7396;2278872;4413;99911;0;425;4;1;19387
1;7397;2279191;4413;99911;0;425;4;1;43135
1;7398;2279442;4413;99911;0;425;4;1;61455
1;7399;2279764;4413;99912;0;425;4;1;5967
1;7400;2280083;4413;99912;0;425;4;1;44929
1;7401;2280311;4413;99911;0;5545;4;1;29785
1;7402;2280551;4413;99911;0;5545;4;1;28871
1;7403;2280868;4413;99911;0;5545;4;1;49110
1;7404;2281097;4413;99911;0;425;4;1;21674
1;7405;2281415;4414;99911;0;425;4;1;28780
1;7406;2281651;4414;99911;0;425;4;1;16883
1;7407;2282091;4414;99911;0;425;4;1;52888
1;7408;2282416;4414;99912;0;425;4;1;22472
1;7409;2282651;4414;99911;0;425;4;1;57423
1;7410;2282879;4414;99911;0;465;4;1;53830
1;7411;2283203;4413;99910;0;465;4;1;58731
1;7412;2283521;4414;99911;0;465;4;1;45166
1;7413;2283771;4414;99911;0;425;4;1;32001
1;7414;2284094;4414;99911;0;425;4;1;37902
1;7415;2284412;4414;99911;0;425;4;1;48117
1;7416;2284640;4414;99911;0;425;4;1;41938
1;7417;2284880;4414;99911;0;425;4;1;63466
1;7418;2285199;4414;99910;0;425;4;1;54877
1;7419;2285538;4414;99911;0;425;4;1;59475
1;7420;2285860;4414;99911;0;425;4;1;35884
1;7421;2286096;4414;99910;0;425;4;1;956
1;7422;2286429;4415;99912;0;425;4;1;25599
1;7423;2286747;4415;99912;0;425;4;1;16191
1;7424;2287090;4415;99912;0;425;4;1;7589
1;7425;2287321;4415;99911;0;425;4;1;10992
1;7426;2287640;4415;99910;0;425;4;1;51561
1;7427;2288065;4415;99909;0;425;4;1;50775
1;7428;2288320;4415;99909;0;425;4;1;1255
1;7429;2288637;4415;99909;0;425;4;1;33957
1;7430;2289082;4415;99908;0;425;4;1;58621
1;7431;2289318;4415;99909;0;425;4;1;53375
1;7432;2289636;4415;99909;0;425;4;1;35770
1;7433;2290085;4415;99910;0;425;4;1;46989
1;7434;2290425;4415;99910;0;425;4;1;36701
1;7435;2290743;4415;99911;0;425;4;1;9440
1;7436;2291082;4415;99911;0;425;4;1;45226
1;7437;2291401;4415;99911;0;425;4;1;53210
1;7438;2291636;4416;99912;0;425;4;1;45294
1;7439;2291864;4416;99912;0;425;4;1;61297
1;7440;2292184;4416;99912;0;425;4;1;42285
1;7441;2292502;4416;99912;0;425;4;1;22027
1;7442;2292757;4416;99912;0;425;4;1;32178
1;7443;2293075;4416;99912;0;425;4;1;4545
1;7444;2293393;4416;99911;0;425;4;1;57704
1;7445;2293630;4416;99911;0;425;4;1;55011
1;7446;2293865;4416;99911;0;425;4;1;65261
1;7447;2294184;4416;99911;0;425;4;1;4152
1;7448;2294412;4416;99911;0;425;4;1;11742
1;7449;2294730;4416;99911;0;425;4;1;16813
1;7450;2295076;4416;99911;0;425;4;1;41540
1;7451;2295308;4417;99911;0;425;4;1;27239
1;7452;2295626;4417;99911;0;425;4;1;57876
1;7453;2296074;4417;99912;0;425;4;1;7682
1;7454;2296306;4417;99912;0;425;4;1;16669
1;7455;2296624;4417;99913;0;425;4;1;44778
1;7456;2297087;4417;99912;0;425;4;1;39240
1;7457;2297409;4417;99911;0;425;4;1;47962
1;7458;2297726;4417;99911;0;425;4;1;46787
1;7459;2298065;4417;99911;0;425;4;1;2936
1;7460;2298300;4418;99911;0;425;4;1;50842
1;7461;2298619;4417;99911;0;425;4;1;13767
1;7462;2298846;4418;99911;0;425;4;1;20270
1;7463;2299169;4418;99910;0;425;4;1;54898
1;7464;2299405;4418;99910;0;425;4;1;27780
1;7465;2299739;4417;99910;0;425;4;1;53587
1;7466;2300062;4418;99910;0;425;4;1;52874
1;7467;2300404;4418;99909;0;425;4;1;8857
1;7468;2300636;4418;99910;0;425;4;1;13091
1;7469;2301066;4418;99910;0;425;4;1;10702
1;7470;2301383;4418;99910;0;425;4;1;24468
1;7471;2301641;4418;99910;0;2985;4;1;58417
1;7472;2302065;4418;99910;0;2985;4;1;40822
1;7473;2302399;4418;99910;0;425;4;1;60598
1;7474;2302634;4418;99911;0;425;4;1;58329
1;7475;2303059;4419;99911;0;425;4;1;34275
1;7476;2303291;4419;99911;0;425;4;1;54478
1;7477;2303610;4419;99911;0;425;4;1;35450
1;7478;2303845;4419;99911;0;425;4;1;48097
1;7479;2304184;4419;99911;0;425;4;1;24211
1;7480;2304502;4419;99911;0;425;4;1;49614
1;7481;2304843;4419;99911;0;425;4;1;22985
1;7482;2305076;4419;99911;0;425;4;1;60655
1;7483;2305393;4419;99911;0;425;4;1;45498
1;7484;2305711;4419;99910;0;425;4;1;51440
1;7485;2306075;4419;99910;0;425;4;1;30040
1;7486;2306394;4419;99910;0;425;4;1;51098
1;7487;2306715;4419;99909;0;425;4;1;4572
1;7488;2307074;4419;99909;0;425;4;1;37678
1;7489;2307392;4419;99909;0;425;4;1;48341
1;7490;2307726;4419;99909;0;425;4;1;19400
1;7491;2308045;4419;99909;0;425;4;1;29905
1;7492;2308280;4419;99909;0;425;4;1;16057
1;7493;2308618;4419;99909;0;425;4;1;21248
1;7494;2309047;4419;99909;0;425;4;1;36693
1;7495;2309284;4419;99909;0;425;4;1;5874
1;7496;2309513;4419;99909;0;425;4;1;64655
1;7497;2309831;4419;99909;0;425;4;1;22405
1;7498;2310150;4419;99909;0;425;4;1;34147
1;7499;2310400;4419;99908;0;425;4;1;18781
1;7500;2310718;4419;99909;0;425;4;1;33817
1;7501;2311044;4419;99909;0;425;4;1;34557
1;7502;2311272;4419;99909;0;425;4;1;60660
1;7503;2311507;4419;99909;0;425;4;1;3834
1;7504;2311830;4420;99909;0;425;4;1;28069
1;7505;2312165;4419;99909;0;426;4;1;21605
1;7506;2312486;4420;99909;0;426;4;1;33913
1;7507;2312722;4420;99910;0;426;4;1;43866
1;7508;2313056;4420;99909;0;425;4;1;54410
1;7509;2313374;4420;99908;0;425;4;1;62736
1;7510;2313715;4420;99908;0;425;4;1;48968
1;7511;2314054;4420;99908;0;425;4;1;41055
1;7512;2314372;4420;99908;0;425;4;1;63910
1;7513;2314694;4420;99907;0;425;4;1;65504
1;7514;2315053;4420;99907;0;425;4;1;53169
1;7515;2315371;4420;99906;0;425;4;1;47920
1;7516;2315704;4420;99906;0;425;4;1;36384
1;7517;2316047;4420;99906;0;425;4;1;45299
1;7518;2316369;4420;99906;0;425;4;1;14512
1;7519;2316601;4420;99906;0;466;4;1;31972
1;7520;2317051;4420;99906;0;466;4;1;51111
1;7521;2317373;4420;99906;0;466;4;1;13123
1;7522;2317601;4420;99907;0;426;4;1;62492
1;7523;2318026;4420;99907;0;426;4;1;49270
1;7524;2318261;4420;99907;0;426;4;1;65012
1;7525;2318490;4420;99906;0;425;4;1;49352
1;7526;2318808;4420;99906;0;425;4;1;17196
1;7527;2319131;4420;99906;0;425;4;1;25712
1;7528;2319382;4420;99906;0;426;4;1;40038
1;7529;2319704;4420;99906;0;426;4;1;30469
1;7530;2320028;4420;99907;0;426;4;1;65157
1;7531;2320256;4420;99907;0;426;4;1;21031
1;7532;2320491;4420;99907;0;426;4;1;4890
1;7533;2320810;4420;99907;0;426;4;1;64975
1;7534;2321038;4420;99907;0;426;4;1;6152
1;7535;2321356;4420;99907;0;426;4;1;14323
1;7536;2321594;4420;99907;0;426;4;1;64859
1;7537;2322039;4420;99907;0;426;4;1;16219
1;7538;2322356;4420;99908;0;426;4;1;30184
1;7539;2322596;4420;99908;0;426;4;1;61414
1;7540;2322824;4420;99908;0;426;4;1;34119
1;7541;2323143;4420;99908;0;426;4;1;16047
1;7542;2323461;4420;99908;0;426;4;1;9692
1;7543;2323715;4420;99908;0;426;4;1;12715
1;7544;2324039;4421;99908;0;426;4;1;3368
1;7545;2324357;4421;99908;0;426;4;1;53979
1;7546;2324585;4421;99907;0;426;4;1;33002
1;7547;2324823;4421;99907;0;426;4;1;12686
1;7548;2325142;4420;99907;0;426;4;1;15953
1;7549;2325476;4420;99907;0;426;4;1;13225
1;7550;2325794;4420;99908;0;426;4;1;17135
1;7551;2326030;4420;99908;0;426;4;1;35879
1;7552;2326363;4420;99908;0;426;4;1;47127
1;7553;2326681;4420;99908;0;426;4;1;22429
1;7554;2327027;4420;99909;0;426;4;1;46882
1;7555;2327259;4420;99909;0;426;4;1;14946
1;7556;2327581;4420;99910;0;426;4;1;21116
1;7557;2328010;4420;99910;0;426;4;1;49380
1;7558;2328260;4420;99910;0;426;4;1;49141
1;7559;2328578;4420;99909;0;426;4;1;8814
1;7560;2329019;4420;99909;0;426;4;1;26002
1;7561;2329258;4421;99909;0;426;4;1;6208
1;7562;2329576;4421;99909;0;426;4;1;39844
1;7563;2330016;4421;99909;0;1066;4;1;58497
1;7564;2330361;4421;99909;0;1066;4;1;50980
1;7565;2330679;4421;99909;0;1066;4;1;34399
1;7566;2331014;4421;99909;0;426;4;1;7
1;7567;2331336;4421;99909;0;426;4;1;43789
1;7568;2331571;4421;99909;0;426;4;1;30052
1;7569;2331799;4422;99910;0;426;4;1;2865
1;7570;2332123;4422;99910;0;426;4;1;28041
1;7571;2332441;4422;99909;0;426;4;1;8909
1;7572;2332692;4422;99909;0;426;4;1;46514
1;7573;2333014;4422;99909;0;426;4;1;39497
1;7574;2333336;4422;99909;0;426;4;1;27988
1;7575;2333564;4422;99909;0;426;4;1;60649
1;7576;2333802;4422;99910;0;426;4;1;10976
1;7577;2334121;4422;99910;0;426;4;1;58865
1;7578;2334348;4422;99910;0;426;4;1;4308
1;7579;2334569;4422;99910;0;426;4;1;33163
1;7580;2334804;4422;99909;0;426;4;1;10515
1;7581;2335123;4422;99909;0;426;4;1;42378
1;7582;2335351;4422;99908;0;426;4;1;4104
1;7583;2335674;4422;99909;0;426;4;1;57868
1;7584;2336015;4422;99909;0;426;4;1;22800
1;7585;2336243;4422;99909;0;426;4;1;59800
1;7586;2336561;4422;99909;0;426;4;1;29241
1;7587;2337025;4422;99909;0;426;4;1;24347
1;7588;2337347;4422;99909;0;426;4;1;54409
1;7589;2337665;4422;99909;0;426;4;1;2938
1;7590;2338004;4422;99909;0;426;4;1;9354
1;7591;2338239;4421;99909;0;426;4;1;28452
1;7592;2338566;4421;99909;0;426;4;1;49301
1;7593;2338793;4421;99908;0;10666;4;1;13822
1;7594;2339112;4421;99908;0;10666;4;1;11556
1;7595;2339347;4421;99909;0;10666;4;1;22282
1;7596;2339681;4421;99910;0;426;4;1;29829
1;7597;2340005;4421;99909;0;426;4;1;29051
1;7598;2340345;4421;99909;0;426;4;1;2498
1;7599;2340573;4421;99909;0;426;4;1;16410
1;7600;2340998;4421;99909;0;426;4;1;56171
1;7601;2341319;4421;99908;0;426;4;1;7679
1;7602;2341571;4421;99908;0;426;4;1;50234
1;7603;2341996;4420;99908;0;426;4;1;42569
1;7604;2342333;4420;99907;0;426;4;1;39712
1;7605;2342571;4419;99906;0;426;4;1;50046
1;7606;2342996;4418;99905;0;426;4;1;60254
1;7607;2343224;4418;99905;0;426;4;1;7675
1;7608;2343542;4417;99906;0;426;4;1;30096
1;7609;2343781;4417;99905;0;426;4;1;21622
1;7610;2344121;4416;99904;0;425;4;1;28548
1;7611;2344438;4416;99904;0;425;4;1;37893
1;7612;2344781;4416;99904;0;425;4;1;35406
1;7613;2345009;4416;99904;0;425;4;1;46036
1;7614;2345331;4416;99905;0;425;4;1;59513
1;7615;2345649;4416;99905;0;425;4;1;30691
1;7616;2346011;4416;99906;0;425;4;1;40654
1;7617;2346329;4416;99905;0;425;4;1;51663
1;7618;2346650;4416;99905;0;425;4;1;60072
1;7619;2347008;4415;99904;0;585;4;1;22169
1;7620;2347326;4415;99904;0;585;4;1;1021
1;7621;2347660;4415;99903;0;435;4;1;5349
1;7622;2347983;4415;99903;0;435;4;1;34787
1;7623;2348218;4415;99904;0;435;4;1;2223
1;7624;2348552;4415;99904;0;425;4;1;21468
1;7625;2348980;4415;99904;0;425;4;1;13172
1;7626;2349232;4415;99904;0;425;4;1;31718
1;7627;2349460;4415;99904;0;425;4;1;29271
1;7628;2349782;4415;99904;0;425;4;1;63941
1;7629;2350102;4415;99904;0;425;4;1;28525
1;7630;2350351;4415;99904;0;425;4;1;15546
1;7631;2350673;4415;99905;0;425;4;1;20984
1;7632;2350993;4415;99905;0;425;4;1;60332
1;7633;2351220;4415;99905;0;425;4;1;52947
1;7634;2351457;4415;99904;0;425;4;1;33237
1;7635;2351779;4415;99904;0;425;4;1;7759
1;7636;2352114;4415;99904;0;425;4;1;64147
1;7637;2352431;4415;99905;0;425;4;1;32265
1;7638;2352667;4414;99905;0;425;4;1;49324
1;7639;2353005;4414;99904;0;425;4;1;22165
1;7640;2353326;4414;99904;0;425;4;1;15492
1;7641;2353667;4414;99904;0;425;4;1;47746
1;7642;2354002;4414;99904;0;425;4;1;5697
1;7643;2354320;4414;99905;0;425;4;1;53568
1;7644;2354642;4414;99906;0;425;4;1;25153
1;7645;2355003;4414;99907;0;425;4;1;1922
1;7646;2355322;4414;99908;0;425;4;1;28361
1;7647;2355655;4414;99908;0;425;4;1;7811
1;7648;2356000;4414;99908;0;425;4;1;25228
1;7649;2356318;4414;99909;0;425;4;1;45854
1;7650;2356546;4414;99909;0;426;4;1;23921
1;7651;2356993;4414;99909;0;426;4;1;35365
1;7652;2357311;4414;99909;0;426;4;1;3711
1;7653;2357547;4414;99909;0;426;4;1;9677
1;7654;2357972;4414;99909;0;426;4;1;57393
1;7655;2358207;4414;99908;0;426;4;1;48243
1;7656;2358441;4414;99908;0;426;4;1;640
1;7657;2358760;4414;99908;0;426;4;1;7261
1;7658;2359079;4414;99909;0;426;4;1;35791
1;7659;2359342;4414;99909;0;426;4;1;8936
1;7660;2359660;4414;99909;0;426;4;1;59667
1;7661;2359983;4414;99910;0;426;4;1;7825
1;7662;2360211;4414;99910;0;426;4;1;8750
1;7663;2360450;4414;99909;0;426;4;1;58039
1;7664;2360768;4414;99910;0;426;4;1;61909
1;7665;2361005;4414;99910;0;426;4;1;22523
1;7666;2361323;4414;99910;0;426;4;1;38807
1;7667;2361558;4414;99910;0;426;4;1;50923
1;7668;2361999;4414;99910;0;426;4;1;19818
1;7669;2362317;4414;99910;0;426;4;1;25233
1;7670;2362552;4414;99910;0;426;4;1;29027
1;7671;2362780;4414;99909;0;426;4;1;40
1;7672;2363100;4414;99908;0;426;4;1;57865
1;7673;2363422;4414;99908;0;426;4;1;26602
1;7674;2363679;4414;99909;0;426;4;1;30053
1;7675;2363998;4414;99908;0;426;4;1;62360
1;7676;2364316;4414;99908;0;426;4;1;51307
1;7677;2364549;4414;99909;0;426;4;1;12113
1;7678;2364784;4414;99909;0;426;4;1;3088
1;7679;2365104;4414;99909;0;426;4;1;45646
1;7680;2365437;4414;99909;0;426;4;1;7965
1;7681;2365755;4414;99909;0;426;4;1;64124
1;7682;2365999;4414;99909;0;426;4;1;15800
1;7683;2366337;4414;99909;0;426;4;1;25301
1;7684;2366655;4414;99909;0;426;4;1;63242
1;7685;2366997;4414;99908;0;426;4;1;56299
1;7686;2367225;4414;99908;0;426;4;1;55677
1;7687;2367543;4414;99908;0;426;4;1;56850
1;7688;2367968;4414;99908;0;426;4;1;14516
1;7689;2368218;4414;99908;0;426;4;1;35377
1;7690;2368540;4414;99908;0;426;4;1;53962
1;7691;2368985;4414;99908;0;426;4;1;32663
1;7692;2369223;4414;99907;0;426;4;1;32549
1;7693;2369541;4414;99907;0;426;4;1;55756
1;7694;2369982;4414;99907;0;426;4;1;26581
1;7695;2370322;4414;99907;0;426;4;1;61745
1;7696;2370640;4414;99906;0;426;4;1;33371
1;7697;2370978;4414;99906;0;426;4;1;32683
1;7698;2371297;4414;99904;0;426;4;1;3191
1;7699;2371535;4414;99903;0;426;4;1;37811
1;7700;2371767;4414;99903;0;426;4;1;11947
1;7701;2372086;4414;99903;0;426;4;1;12406
1;7702;2372408;4414;99903;0;426;4;1;28495
1;7703;2372659;4414;99903;0;426;4;1;28665
1;7704;2372978;4414;99902;0;426;4;1;56659
1;7705;2373296;4415;99902;0;426;4;1;1962
1;7706;2373524;4415;99902;0;426;4;1;41476
1;7707;2373760;4415;99902;0;426;4;1;22664
1;7708;2374084;4415;99902;0;426;4;1;61759
1;7709;2374311;4415;99902;0;426;4;1;45645
1;7710;2374633;4415;99902;0;426;4;1;62769
1;7711;2374976;4415;99902;0;426;4;1;45165
1;7712;2375203;4415;99901;0;426;4;1;44860
1;7713;2375522;4415;99901;0;426;4;1;45537
1;7714;2375974;4415;99902;0;426;4;1;47263
1;7715;2376202;4415;99902;0;426;4;1;30295
1;7716;2376524;4415;99902;0;426;4;1;65060
1;7717;2376994;4415;99902;0;426;4;1;16858
1;7718;2377312;4415;99903;0;426;4;1;23070
1;7719;2377629;4415;99904;0;426;4;1;25329
1;7720;2377963;4415;99904;0;426;4;1;35201
1;7721;2378198;4415;99904;0;426;4;1;2499
1;7722;2378516;4415;99904;0;426;4;1;37474
1;7723;2378743;4415;99904;0;426;4;1;51541
1;7724;2379061;4415;99904;0;426;4;1;39481
1;7725;2379299;4415;99904;0;426;4;1;53286
1;7726;2379636;4415;99904;0;426;4;1;7849
1;7727;2379959;4415;99905;0;426;4;1;64453
1;7728;2380300;4415;99904;0;426;4;1;40356
1;7729;2380528;4415;99904;0;426;4;1;11564
1;7730;2380953;4415;99904;0;426;4;1;19555
1;7731;2381269;4415;99903;0;426;4;1;46693
1;7732;2381520;4415;99904;0;426;4;1;2044
1;7733;2381951;4416;99903;0;426;4;1;41366
1;7734;2382288;4416;99902;0;426;4;1;39503
1;7735;2382523;4416;99903;0;426;4;1;34404
1;7736;2382947;4416;99903;0;426;4;1;64995
1;7737;2383175;4416;99903;0;426;4;1;62546
1;7738;2383496;4416;99903;0;426;4;1;5037
1;7739;2383731;4416;99903;0;426;4;1;31151
1;7740;2384066;4415;99903;0;426;4;1;15619
1;7741;2384387;4416;99903;0;426;4;1;39877
1;7742;2384732;4415;99902;0;426;4;1;43597
1;7743;2384960;4415;99902;0;426;4;1;50772
1;7744;2385277;4415;99902;0;426;4;1;41915
1;7745;2385594;4415;99903;0;426;4;1;46850
1;7746;2385951;4415;99903;0;426;4;1;35676
1;7747;2386269;4416;99904;0;426;4;1;13400
1;7748;2386586;4416;99904;0;426;4;1;7336
1;7749;2386943;4416;99903;0;426;4;1;19806
1;7750;2387265;4416;99903;0;426;4;1;51378
1;7751;2387485;4416;99902;0;426;4;1;33844
1;7752;2387713;4416;99903;0;426;4;1;34017
1;7753;2388060;4416;99903;0;426;4;1;45713
1;7754;2388378;4417;99903;0;426;4;1;51094
1;7755;2388605;4417;99903;0;426;4;1;14180
1;7756;2388923;4417;99903;0;426;4;1;20255
1;7757;2389158;4417;99902;0;426;4;1;60333
1;7758;2389386;4417;99902;0;426;4;1;51475
1;7759;2389708;4417;99901;0;426;4;1;40435
1;7760;2390031;4417;99902;0;426;4;1;5985
1;7761;2390280;4417;99901;0;426;4;1;27406
1;7762;2390597;4417;99902;0;426;4;1;9671
1;7763;2390920;4418;99902;0;426;4;1;49199
1;7764;2391148;4418;99901;0;426;4;1;7635
1;7765;2391543;4418;99901;0;426;4;1;13271
1;7766;2391984;4418;99900;0;426;4;1;54109
1;7767;2392300;4418;99901;0;426;4;1;61387
1;7768;2392645;4418;99901;0;426;4;1;24187
1;7769;2392987;4418;99902;0;427;4;1;35258
1;7770;2393305;4419;99902;0;427;4;1;36742
1;7771;2393622;4419;99902;0;427;4;1;27714
1;7772;2393980;4419;99903;0;427;4;1;50402
1;7773;2394298;4419;99902;0;427;4;1;20974
1;7774;2394630;4419;99901;0;427;4;1;3566
1;7775;2394981;4419;99901;0;427;4;1;3829
1;7776;2395298;4419;99900;0;427;4;1;48711
1;7777;2395530;4419;99901;0;427;4;1;43815
1;7778;2395977;4419;99901;0;427;4;1;8292
1;7779;2396295;4419;99900;0;427;4;1;4466
1;7780;2396522;4419;99900;0;426;4;1;18796
1;7781;2396946;4419;99899;0;426;4;1;9136
1;7782;2397182;4419;99900;0;426;4;1;2203
1;7783;2397409;4419;99899;0;426;4;1;31769
1;7784;2397731;4419;99900;0;426;4;1;5668
1;7785;2398054;4419;99900;0;426;4;1;19313
1;7786;2398304;4419;99900;0;426;4;1;8743
1;7787;2398622;4419;99900;0;426;4;1;6991
1;7788;2398948;4419;99900;0;426;4;1;13774
1;7789;2399176;4419;99900;0;426;4;1;47983
1;7790;2399412;4419;99900;0;426;4;1;16239
1;7791;2399729;4419;99900;0;426;4;1;25146
1;7792;2399957;4419;99899;0;466;4;1;22935
1;7793;2400279;4419;99898;0;466;4;1;16937
1;7794;2400514;4419;99898;0;466;4;1;54630
1;7795;2400958;4419;99897;0;426;4;1;37622
1;7796;2401275;4420;99896;0;426;4;1;14818
1;7797;2401510;4420;99894;0;426;4;1;5731
1;7798;2401738;4420;99893;0;427;4;1;58998
1;7799;2402057;4420;99892;0;427;4;1;6499
1;7800;2402379;4420;99890;0;427;4;1;25196
1;7801;2402628;4420;99889;0;426;4;1;13122
1;7802;2402951;4420;99891;0;426;4;1;45206
1;7803;2403269;4419;99893;0;426;4;1;42129
1;7804;2403500;4419;99894;0;426;4;1;23839
1;7805;2403736;4419;99896;0;426;4;1;6613
1;7806;2404059;4419;99898;0;426;4;1;27145
1;7807;2404392;4419;99899;0;426;4;1;1346
1;7808;2404709;4418;99900;0;426;4;1;50365
1;7809;2404945;4418;99899;0;426;4;1;47833
1;7810;2405278;4418;99900;0;426;4;1;13554
1;7811;2405599;4418;99900;0;426;4;1;60052
1;7812;2405950;4417;99899;0;426;4;1;53782
1;7813;2406177;4417;99900;0;426;4;1;26159
1;7814;2406495;4417;99900;0;426;4;1;53870
1;7815;2406919;4417;99900;0;426;4;1;44301
1;7816;2407171;4417;99901;0;426;4;1;13513
1;7817;2407488;4416;99901;0;426;4;1;36360
1;7818;2407928;4416;99900;0;426;4;1;55678
1;7819;2408167;4416;99899;0;426;4;1;11566
1;7820;2408489;4416;99899;0;426;4;1;17001
1;7821;2408928;4415;99898;0;426;4;1;21435
1;7822;2409269;4415;99899;0;426;4;1;31996
1;7823;2409586;4415;99898;0;426;4;1;6303
1;7824;2409929;4415;99900;0;426;4;1;48910
1;7825;2410248;4415;99902;0;426;4;1;6437
1;7826;2410483;4415;99903;0;426;4;1;44885
1;7827;2410715;4415;99903;0;426;4;1;45890
1;7828;2411039;4415;99905;0;426;4;1;59992
1;7829;2411357;4415;99905;0;426;4;1;50595
1;7830;2411608;4415;99905;0;426;4;1;35926
1;7831;2411926;4415;99905;0;426;4;1;38717
1;7832;2412244;4415;99904;0;426;4;1;21720
1;7833;2412472;4415;99904;0;426;4;1;41597
1;7834;2412708;4415;99903;0;426;4;1;24661
1;7835;2413027;4415;99902;0;426;4;1;50317
1;7836;2413261;4415;99901;0;426;4;1;46971
1;7837;2413579;4415;99901;0;426;4;1;17311
1;7838;2413927;4415;99901;0;426;4;1;6437
1;7839;2414155;4415;99902;0;426;4;1;44823
1;7840;2414473;4415;99901;0;426;4;1;11463
1;7841;2414923;4414;99901;0;426;4;1;53069
1;7842;2415151;4414;99901;0;426;4;1;21134
1;7843;2415468;4414;99900;0;426;4;1;46558
1;7844;2415933;4414;99901;0;426;4;1;57812
1;7845;2416250;4414;99901;0;426;4;1;56620
1;7846;2416572;4414;99900;0;426;4;1;13569
1;7847;2416906;4414;99899;0;426;4;1;50884
1;7848;2417141;4414;99900;0;426;4;1;6889
1;7849;2417463;4414;99901;0;426;4;1;62750
1;7850;2417689;4414;99901;0;426;4;1;14047
1;7851;2418008;4414;99902;0;426;4;1;20728
1;7852;2418243;4414;99903;0;426;4;1;62164
1;7853;2418576;4414;99903;0;426;4;1;9156
1;7854;2418899;4415;99904;0;426;4;1;5182
1;7855;2419243;4415;99905;0;426;4;1;32542
1;7856;2419471;4415;99905;0;427;4;1;39069
1;7857;2419896;4416;99905;0;427;4;1;12006
1;7858;2420213;4416;99905;0;427;4;1;22716
1;7859;2420463;4416;99905;0;427;4;1;54843
1;7860;2420891;4416;99905;0;427;4;1;1951
1;7861;2421111;4417;99906;0;427;4;1;15531
1;7862;2421339;4417;99906;0;427;4;1;24188
1;7863;2421579;4417;99906;0;427;4;1;13894
1;7864;2421898;4417;99906;0;427;4;1;27670
1;7865;2422125;4417;99906;0;428;4;1;47961
1;7866;2422442;4417;99906;0;428;4;1;56246
1;7867;2422679;4418;99905;0;428;4;1;60587
1;7868;2423014;4418;99904;0;428;4;1;15618
1;7869;2423331;4418;99904;0;428;4;1;30738
1;7870;2423671;4419;99905;0;428;4;1;6801
1;7871;2423904;4419;99905;0;428;4;1;49342
1;7872;2424221;4419;99905;0;428;4;1;11613
1;7873;2424441;4420;99905;0;428;4;1;9857
1;7874;2424904;4420;99904;0;2988;4;1;18439
1;7875;2425221;4421;99905;0;2988;4;1;65376
1;7876;2425538;4421;99904;0;2988;4;1;65489
1;7877;2425898;4421;99904;0;428;4;1;47808
1;7878;2426216;4421;99905;0;428;4;1;57709
1;7879;2426553;4422;99905;0;429;4;1;13348
1;7880;2426872;4422;99904;0;429;4;1;34446
1;7881;2427111;4422;99904;0;429;4;1;51764
1;7882;2427444;4423;99905;0;429;4;1;49756
1;7883;2427868;4423;99904;0;429;4;1;24368
1;7884;2428103;4423;99905;0;429;4;1;32206
1;7885;2428335;4423;99906;0;429;4;1;45081
1;7886;2428653;4424;99907;0;429;4;1;27279
1;7887;2428977;4425;99907;0;429;4;1;20818
1;7888;2429226;4425;99906;0;430;4;1;64934
1;7889;2429543;4425;99906;0;430;4;1;26506
1;7890;2429866;4425;99906;0;430;4;1;57816
1;7891;2430094;4426;99906;0;430;4;1;59255
1;7892;2430329;4426;99905;0;430;4;1;54551
1;7893;2430647;4426;99906;0;430;4;1;63215
1;7894;2430981;4427;99907;0;430;4;1;15156
1;7895;2431298;4427;99907;0;430;4;1;18341
1;7896;2431537;4428;99907;0;430;4;1;42208
1;7897;2431875;4428;99907;0;430;4;1;8468
1;7898;2432197;4428;99907;0;430;4;1;8643
1;7899;2432537;4429;99907;0;430;4;1;43075
1;7900;2432875;4430;99907;0;430;4;1;36382
1;7901;2433193;4430;99906;0;430;4;1;15748
1;7902;2433510;4431;99907;0;430;4;1;63280
1;7903;2433867;4431;99907;0;431;4;1;56167
1;7904;2434185;4432;99908;0;431;4;1;7853
1;7905;2434522;4432;99908;0;431;4;1;16309
1;7906;2434864;4433;99907;0;431;4;1;29656
1;7907;2435181;4433;99906;0;431;4;1;48875
1;7908;2435413;4434;99906;0;431;4;1;18022
1;7909;2435861;4434;99906;0;431;4;1;40980
1;7910;2436183;4435;99907;0;431;4;1;32353
1;7911;2436410;4435;99907;0;436;4;1;28803
1;7912;2436839;4436;99906;0;436;4;1;25305
1;7913;2437077;4436;99906;0;436;4;1;5925
1;7914;2437304;4436;99906;0;431;4;1;18412
1;7915;2437623;4437;99907;0;431;4;1;8519
1;7916;2437945;4437;99907;0;431;4;1;13921
1;7917;2438196;4438;99908;0;431;4;1;45699
1;7918;2438513;4438;99908;0;431;4;1;17353
1;7919;2438831;4439;99908;0;431;4;1;17321
1;7920;2439059;4439;99909;0;432;4;1;11904
1;7921;2439294;4440;99909;0;432;4;1;10403
1;7922;2439620;4440;99908;0;432;4;1;24081
1;7923;2439848;4440;99909;0;432;4;1;12436
1;7924;2440167;4441;99909;0;432;4;1;27254
1;7925;2440402;4441;99909;0;432;4;1;44447
1;7926;2440841;4442;99910;0;432;4;1;63642
1;7927;2441164;4442;99911;0;432;4;1;32134
1;7928;2441399;4443;99911;0;432;4;1;61145
1;7929;2441627;4443;99911;0;433;4;1;51753
1;7930;2441950;4443;99911;0;433;4;1;31498
1;7931;2442268;4444;99910;0;433;4;1;56871
1;7932;2442518;4444;99910;0;433;4;1;60104
1;7933;2442841;4445;99910;0;433;4;1;5187
1;7934;2443166;4445;99910;0;433;4;1;13509
1;7935;2443394;4446;99909;0;433;4;1;65030
1;7936;2443644;4446;99909;0;433;4;1;16443
1;7937;2443963;4447;99909;0;433;4;1;51624
1;7938;2444297;4447;99909;0;433;4;1;35036
1;7939;2444614;4448;99908;0;433;4;1;20890
1;7940;2444853;4448;99907;0;433;4;1;49492
1;7941;2445187;4448;99907;0;433;4;1;1832
1;7942;2445504;4449;99907;0;433;4;1;9081
1;7943;2445846;4449;99908;0;433;4;1;24819
1;7944;2446074;4450;99908;0;433;4;1;30177
1;7945;2446397;4451;99910;0;433;4;1;29751
1;7946;2446824;4451;99909;0;433;4;1;5006
1;7947;2447075;4451;99909;0;433;4;1;37866
1;7948;2447396;4452;99911;0;433;4;1;59602
1;7949;2447840;4453;99911;0;434;4;1;65244
1;7950;2448076;4453;99911;0;434;4;1;39947
1;7951;2448393;4454;99911;0;434;4;1;38508
1;7952;2448833;4455;99911;0;434;4;1;61003
1;7953;2449177;4456;99910;0;434;4;1;30779
1;7954;2449494;4456;99911;0;434;4;1;17356
1;7955;2449828;4457;99911;0;434;4;1;64351
1;7956;2450150;4457;99911;0;434;4;1;28877
1;7957;2450386;4457;99911;0;434;4;1;26493
1;7958;2450614;4458;99911;0;434;4;1;46537
1;7959;2450937;4458;99911;0;434;4;1;20040
1;7960;2451255;4459;99912;0;434;4;1;1792
1;7961;2451510;4459;99912;0;435;4;1;6838
1;7962;2451828;4460;99912;0;435;4;1;21338
1;7963;2452145;4460;99912;0;435;4;1;48750
1;7964;2452373;4460;99913;0;435;4;1;35734
1;7965;2452612;4461;99913;0;435;4;1;30358
1;7966;2452931;4461;99913;0;435;4;1;42520
1;7967;2453158;4461;99913;0;435;4;1;34598
1;7968;2453475;4462;99913;0;435;4;1;12559
1;7969;2453823;4463;99913;0;435;4;1;2770
1;7970;2454051;4463;99914;0;435;4;1;13052
1;7971;2454271;4463;99913;0;435;4;1;50828
1;7972;2454589;4464;99914;0;435;4;1;15100
1;7973;2454824;4465;99914;0;435;4;1;17615
1;7974;2455056;4465;99914;0;435;4;1;31633
1;7975;2455373;4466;99914;0;435;4;1;28784
1;7976;2455836;4467;99914;0;435;4;1;14571
1;7977;2456153;4467;99915;0;435;4;1;64926
1;7978;2456470;4468;99915;0;435;4;1;36864
1;7979;2456804;4469;99915;0;435;4;1;6176
1;7980;2457043;4469;99916;0;435;4;1;62219
1;7981;2457361;4470;99916;0;435;4;1;2832
1;7982;2457587;4470;99916;0;435;4;1;60634
1;7983;2457808;4470;99916;0;435;4;1;42940
1;7984;2458044;4471;99917;0;435;4;1;34896
1;7985;2458362;4471;99916;0;435;4;1;31747
1;7986;2458590;4471;99917;0;435;4;1;484
1;7987;2458913;4472;99917;0;435;4;1;33187
1;7988;2459146;4473;99918;0;435;4;1;58460
1;7989;2459373;4473;99917;0;436;4;1;58317
1;7990;2459798;4474;99916;0;436;4;1;47918
1;7991;2460119;4474;99916;0;436;4;1;42483
1;7992;2460370;4474;99915;0;436;4;1;40264
1;7993;2460798;4475;99915;0;436;4;1;52765
1;7994;2461131;4476;99915;0;436;4;1;24400
1;7995;2461370;4476;99914;0;436;4;1;64430
1;7996;2461794;4476;99914;0;436;4;1;8856
1;7997;2462021;4476;99914;0;436;4;1;6671
1;7998;2462339;4477;99914;0;436;4;1;12129
1;7999;2462574;4477;99914;0;436;4;1;14638
1;8000;2462915;4478;99914;0;2996;4;1;54653
1;8001;2463232;4478;99914;0;2996;4;1;61985
1;8002;2463573;4479;99913;0;2996;4;1;8435
1;8003;2463801;4479;99913;0;5556;4;1;48789
1;8004;2464118;4480;99913;0;5556;4;1;46314
1;8005;2464435;4480;99913;0;5556;4;1;23006
1;8006;2464796;4480;99913;0;436;4;1;903
1;8007;2465114;4481;99913;0;436;4;1;10903
1;8008;2465435;4482;99913;0;436;4;1;16304
1;8009;2465801;4482;99912;0;436;4;1;16907
1;8010;2466119;4482;99912;0;436;4;1;1399
1;8011;2466451;4483;99912;0;10676;4;1;4430
1;8012;2466770;4483;99911;0;10676;4;1;24736
1;8013;2467005;4483;99911;0;10676;4;1;26520
1;8014;2467338;4484;99912;0;436;4;1;1762
1;8015;2467762;4485;99912;0;436;4;1;24737
1;8016;2467997;4485;99911;0;436;4;1;49480
1;8017;2468229;4485;99912;0;436;4;1;42321
1;8018;2468551;4486;99913;0;436;4;1;28976
1;8019;2468870;4486;99913;0;436;4;1;63354
1;8020;2469123;4486;99913;0;436;4;1;13867
1;8021;2469440;4486;99913;0;436;4;1;18779
1;8022;2469763;4487;99913;0;436;4;1;28470
1;8023;2469991;4487;99913;0;436;4;1;7359
1;8024;2470226;4487;99913;0;436;4;1;28627
1;8025;2470544;4487;99913;0;436;4;1;61513
1;8026;2470885;4487;99914;0;436;4;1;23546
1;8027;2471202;4488;99915;0;436;4;1;42727
1;8028;2471437;4488;99916;0;436;4;1;38068
1;8029;2471771;4488;99916;0;436;4;1;59078
1;8030;2472088;4489;99916;0;436;4;1;4501
1;8031;2472429;4489;99916;0;436;4;1;28355
1;8032;2472767;4490;99915;0;1716;4;1;54416
1;8033;2473085;4490;99915;0;1716;4;1;15312
1;8034;2473402;4490;99914;0;1716;4;1;49951
1;8035;2473766;4490;99915;0;436;4;1;65180
1;8036;2474084;4490;99915;0;436;4;1;3439
1;8037;2474417;4490;99915;0;436;4;1;48691
1;8038;2474759;4490;99915;0;436;4;1;15389
1;8039;2475076;4490;99914;0;436;4;1;7158
1;8040;2475304;4490;99914;0;436;4;1;39277
1;8041;2475753;4491;99915;0;436;4;1;43771
1;8042;2476071;4491;99915;0;436;4;1;25749
1;8043;2476303;4491;99915;0;436;4;1;43452
1;8044;2476523;4491;99916;0;436;4;1;19864
1;8045;2476865;4491;99917;0;436;4;1;24953
1;8046;2477092;4491;99916;0;436;4;1;46275
1;8047;2477410;4491;99916;0;436;4;1;55472
1;8048;2477729;4491;99916;0;436;4;1;5035
1;8049;2477979;4491;99916;0;436;4;1;57671
1;8050;2478296;4492;99916;0;436;4;1;19069
1;8051;2478725;4492;99916;0;436;4;1;26228
1;8052;2478956;4492;99915;0;436;4;1;65038
1;8053;2479191;4492;99915;0;436;4;1;56507
1;8054;2479509;4492;99915;0;436;4;1;44887
1;8055;2479737;4492;99915;0;436;4;1;59795
1;8056;2480059;4492;99916;0;436;4;1;27619
1;8057;2480295;4493;99916;0;436;4;1;21276
1;8058;2480738;4493;99916;0;436;4;1;47635
1;8059;2481056;4493;99915;0;436;4;1;19549
1;8060;2481294;4493;99915;0;436;4;1;51075
1;8061;2481525;4493;99914;0;436;4;1;30152
1;8062;2481844;4493;99915;0;436;4;1;44834
1;8063;2482162;4493;99915;0;436;4;1;50001
1;8064;2482411;4493;99915;0;436;4;1;65501
1;8065;2482730;4493;99916;0;436;4;1;53496
1;8066;2483048;4493;99915;0;436;4;1;31393
1;8067;2483275;4493;99915;0;436;4;1;49413
1;8068;2483510;4493;99915;0;436;4;1;56643
1;8069;2483833;4492;99914;0;436;4;1;64385
1;8070;2484166;4493;99915;0;436;4;1;39738
1;8071;2484488;4493;99915;0;436;4;1;63819
1;8072;2484723;4493;99915;0;436;4;1;20307
1;8073;2485056;4492;99914;0;436;4;1;44834
1;8074;2485373;4492;99914;0;436;4;1;17348
1;8075;2485717;4492;99914;0;436;4;1;32485
1;8076;2485945;4492;99913;0;436;4;1;21715
1;8077;2486262;4492;99913;0;436;4;1;44882
1;8078;2486694;4491;99913;0;436;4;1;33643
1;8079;2486945;4491;99913;0;436;4;1;51095
1;8080;2487266;4491;99912;0;436;4;1;25764
1;8081;2487711;4491;99913;0;436;4;1;11316
1;8082;2487947;4491;99913;0;436;4;1;60400
1;8083;2488263;4490;99913;0;436;4;1;25652
1;8084;2488704;4490;99914;0;436;4;1;64837
1;8085;2489044;4490;99914;0;436;4;1;61082
1;8086;2489365;4490;99913;0;436;4;1;48181
1;8087;2489699;4490;99913;0;435;4;1;38289
1;8088;2490021;4490;99913;0;435;4;1;15805
1;8089;2490256;4489;99913;0;435;4;1;62794
1;8090;2490484;4489;99914;0;435;4;1;29518
1;8091;2490803;4489;99914;0;435;4;1;65495
1;8092;2491121;4489;99914;0;435;4;1;29765
1;8093;2491374;4489;99914;0;435;4;1;59841
1;8094;2491698;4489;99914;0;435;4;1;2543
1;8095;2492016;4489;99913;0;435;4;1;7815
1;8096;2492244;4489;99913;0;435;4;1;13295
1;8097;2492483;4488;99913;0;435;4;1;48422
1;8098;2492802;4488;99913;0;435;4;1;65516
1;8099;2493029;4488;99913;0;435;4;1;3870
1;8100;2493346;4488;99913;0;435;4;1;26503
1;8101;2493688;4488;99913;0;435;4;1;4566
1;8102;2493915;4488;99913;0;435;4;1;50902
1;8103;2494233;4488;99913;0;435;4;1;61800
1;8104;2494685;4488;99914;0;435;4;1;45607
1;8105;2494917;4487;99913;0;435;4;1;58533
1;8106;2495238;4487;99913;0;435;4;1;28646
1;8107;2495701;4487;99914;0;435;4;1;1719
1;8108;2496019;4487;99914;0;435;4;1;38529
1;8109;2496336;4486;99915;0;435;4;1;13490
1;8110;2496670;4486;99915;0;435;4;1;21240
1;8111;2496909;4486;99915;0;435;4;1;3044
1;8112;2497227;4486;99914;0;435;4;1;48084
1;8113;2497454;4486;99914;0;435;4;1;55939
1;8114;2497777;4486;99914;0;435;4;1;21415
