flag; num; time_ms; gps_time_s; gps_time_us; lat; lon; alt; angle; lat_base; lon_base; fix; crc
7;1;1223;0;0;0.000000;0.000000;0.000000;nan;0.000000;0.000000;0;2518;
7;2;2214;4294963635;4294967295;nan;nan;nan;nan;0.000000;0.000000;0;21863;
7;3;3174;4294963635;4294967295;nan;nan;nan;nan;0.000000;0.000000;0;55722;
7;4;4167;4294963635;4294967295;nan;nan;nan;nan;0.000000;0.000000;0;60759;
7;5;5155;4294963635;4294967295;nan;nan;nan;nan;0.000000;0.000000;0;23;
7;6;6139;4294963635;4294967295;nan;nan;nan;nan;0.000000;0.000000;0;30889;
7;7;7133;4294963635;4294967295;nan;nan;nan;nan;0.000000;0.000000;0;49737;
7;8;8135;4294963635;4294967295;nan;nan;nan;nan;0.000000;0.000000;0;11325;
7;9;9127;4294963635;4294967295;nan;nan;nan;nan;0.000000;0.000000;0;46796;
7;10;10115;4294963635;4294967295;nan;nan;nan;nan;0.000000;0.000000;0;58342;
7;11;11101;4294963635;4294967295;nan;nan;nan;nan;0.000000;0.000000;0;19226;
7;12;12089;4294963635;4294967295;nan;nan;nan;nan;0.000000;0.000000;0;29094;
7;13;13057;4294963635;4294967295;nan;nan;nan;nan;0.000000;0.000000;0;268;
7;14;14047;4294963635;4294967295;nan;nan;nan;nan;0.000000;0.000000;0;38860;
7;15;15031;4294963635;4294967295;nan;nan;nan;nan;0.000000;0.000000;0;4949;
7;16;16033;4294963635;4294967295;nan;nan;nan;nan;0.000000;0.000000;0;33843;
7;17;17024;4294963635;4294967295;nan;nan;nan;nan;0.000000;0.000000;0;61117;
7;18;18009;4294963635;4294967295;nan;nan;nan;nan;0.000000;0.000000;0;48271;
7;19;18998;4294963635;4294967295;nan;nan;nan;nan;0.000000;0.000000;0;54693;
7;20;19987;4294963635;4294967295;nan;nan;nan;nan;0.000000;0.000000;0;61036;
7;21;20981;4294963635;4294967295;nan;nan;nan;nan;0.000000;0.000000;0;38014;
7;22;21968;4294963635;4294967295;nan;nan;nan;nan;0.000000;0.000000;0;13599;
7;23;22928;4294963635;4294967295;nan;nan;nan;nan;0.000000;0.000000;0;6566;
7;24;23931;4294963635;4294967295;nan;nan;nan;nan;0.000000;0.000000;0;49978;
7;25;24922;4294963635;4294967295;nan;nan;nan;nan;0.000000;0.000000;0;22718;
7;26;25906;4294963635;4294967295;nan;nan;nan;nan;0.000000;0.000000;0;52058;
7;27;26896;4294963635;4294967295;nan;nan;nan;nan;0.000000;0.000000;0;37109;
7;28;27885;4294963635;4294967295;nan;nan;nan;nan;0.000000;0.000000;0;60158;
7;29;28869;4294963635;4294967295;nan;nan;nan;nan;0.000000;0.000000;0;12043;
7;30;29865;4294963635;4294967295;nan;nan;nan;nan;0.000000;0.000000;0;23968;
7;31;30849;4294963635;4294967295;nan;nan;nan;nan;0.000000;0.000000;0;11271;
7;32;31847;4294963635;4294967295;nan;nan;nan;nan;0.000000;0.000000;0;60934;
7;33;32816;4294963635;4294967295;nan;nan;nan;nan;0.000000;0.000000;0;21947;
7;34;33807;4294963635;4294967295;nan;nan;nan;nan;0.000000;0.000000;0;27533;
7;35;34791;4294963635;4294967295;nan;nan;nan;nan;0.000000;0.000000;0;37287;
7;36;35782;4294963635;4294967295;nan;nan;nan;nan;0.000000;0.000000;0;4360;
7;37;36765;4294963635;4294967295;nan;nan;nan;nan;0.000000;0.000000;0;3204;
7;38;37761;4294963635;4294967295;nan;nan;nan;nan;0.000000;0.000000;0;43690;
7;39;38747;4294963635;4294967295;nan;nan;nan;nan;0.000000;0.000000;0;47408;
7;40;39746;4294963635;4294967295;nan;nan;nan;nan;0.000000;0.000000;0;401;
7;41;40743;4294963635;4294967295;nan;nan;nan;nan;0.000000;0.000000;0;6298;
7;42;41730;4294963635;4294967295;nan;nan;nan;nan;0.000000;0.000000;0;12037;
7;43;42691;4294963635;4294967295;nan;nan;nan;nan;0.000000;0.000000;0;32450;
7;44;43681;4294963635;4294967295;nan;nan;nan;nan;0.000000;0.000000;0;1967;
7;45;44665;4294963635;4294967295;nan;nan;nan;nan;0.000000;0.000000;0;60546;
7;46;45656;4294963635;4294967295;nan;nan;nan;nan;0.000000;0.000000;0;17111;
7;47;46644;4294963635;4294967295;nan;nan;nan;nan;0.000000;0.000000;0;32040;
7;48;47647;4294963635;4294967295;nan;nan;nan;nan;0.000000;0.000000;0;47132;
7;49;48637;4294963635;4294967295;nan;nan;nan;nan;0.000000;0.000000;0;52538;
7;50;49628;4294963635;4294967295;nan;nan;nan;nan;0.000000;0.000000;0;60128;
7;51;50617;4294963635;4294967295;nan;nan;nan;nan;0.000000;0.000000;0;62443;
7;52;51600;4294963635;4294967295;nan;nan;nan;nan;0.000000;0.000000;0;41467;
7;53;52565;4294963635;4294967295;nan;nan;nan;nan;0.000000;0.000000;0;14386;
7;54;53556;4294963635;4294967295;nan;nan;nan;nan;0.000000;0.000000;0;25433;
7;55;54543;4294963635;4294967295;nan;nan;nan;nan;0.000000;0.000000;0;61812;
7;56;55548;4294963635;4294967295;nan;nan;nan;nan;0.000000;0.000000;0;16224;
7;57;56535;4294963635;4294967295;nan;nan;nan;nan;0.000000;0.000000;0;6162;
7;58;57524;4294963635;4294967295;nan;nan;nan;nan;0.000000;0.000000;0;49995;
7;59;58514;4294963635;4294967295;nan;nan;nan;nan;0.000000;0.000000;0;9090;
7;60;59498;4294963635;4294967295;nan;nan;nan;nan;0.000000;0.000000;0;16357;
7;61;60486;4294963635;4294967295;nan;nan;nan;nan;0.000000;0.000000;0;62756;
7;62;61481;4294963635;4294967295;nan;nan;nan;nan;0.000000;0.000000;0;25864;
7;63;62442;4294963635;4294967295;nan;nan;nan;nan;0.000000;0.000000;0;15358;
7;64;63442;4294963635;4294967295;nan;nan;nan;nan;0.000000;0.000000;0;45869;
7;65;64433;4294963635;4294967295;nan;nan;nan;nan;0.000000;0.000000;0;59895;
7;66;65422;4294963635;4294967295;nan;nan;nan;nan;0.000000;0.000000;0;55233;
7;67;66450;4294963635;4294967295;nan;nan;nan;nan;0.000000;0.000000;0;8244;
7;68;67418;4294963635;4294967295;nan;nan;nan;nan;0.000000;0.000000;0;43450;
7;69;68402;4294963635;4294967295;nan;nan;nan;nan;0.000000;0.000000;0;11555;
7;70;69389;4294963635;4294967295;nan;nan;nan;nan;0.000000;0.000000;0;4885;
7;71;70381;4294963635;4294967295;nan;nan;nan;nan;0.000000;0.000000;0;8829;
7;72;71365;4294963635;4294967295;nan;nan;nan;nan;0.000000;0.000000;0;64382;
7;73;72344;4294963635;4294967295;nan;nan;nan;nan;0.000000;0.000000;0;42275;
7;74;73332;4294963635;4294967295;nan;nan;nan;nan;0.000000;0.000000;0;11733;
7;75;74327;4294963635;4294967295;nan;nan;nan;nan;0.000000;0.000000;0;20198;
7;76;75311;4294963635;4294967295;nan;nan;nan;nan;0.000000;0.000000;0;62197;
7;77;76299;4294963635;4294967295;nan;nan;nan;nan;0.000000;0.000000;0;45218;
7;78;77287;4294963635;4294967295;nan;nan;nan;nan;0.000000;0.000000;0;17303;
7;79;78274;4294963635;4294967295;nan;nan;nan;nan;0.000000;0.000000;0;16857;
7;80;79266;4294963635;4294967295;nan;nan;nan;nan;0.000000;0.000000;0;62905;
7;81;80265;4294963635;4294967295;nan;nan;nan;nan;0.000000;0.000000;0;35042;
7;82;81254;4294963635;4294967295;nan;nan;nan;nan;0.000000;0.000000;0;3304;
7;83;82226;4294963635;4294967295;nan;nan;nan;nan;0.000000;0.000000;0;18844;
7;84;83210;4294963635;4294967295;nan;nan;nan;nan;0.000000;0.000000;0;177;
7;85;84193;4294963635;4294967295;nan;nan;nan;nan;0.000000;0.000000;0;23496;
7;86;85184;4294963635;4294967295;nan;nan;nan;nan;0.000000;0.000000;0;7142;
7;87;86171;4294963635;4294967295;nan;nan;nan;nan;0.000000;0.000000;0;59409;
7;88;87165;4294963635;4294967295;nan;nan;nan;nan;0.000000;0.000000;0;62774;
7;89;88164;4294963635;4294967295;nan;nan;nan;nan;0.000000;0.000000;0;48922;
7;90;89148;4294963635;4294967295;nan;nan;nan;nan;0.000000;0.000000;0;58174;
7;91;90143;4294963635;4294967295;nan;nan;nan;nan;0.000000;0.000000;0;32781;
7;92;91127;4294963635;4294967295;nan;nan;nan;nan;0.000000;0.000000;0;44507;
7;93;92087;4294963635;4294967295;nan;nan;nan;nan;0.000000;0.000000;0;56139;
7;94;93077;4294963635;4294967295;nan;nan;nan;nan;0.000000;0.000000;0;52656;
7;95;94068;4294963635;4294967295;nan;nan;nan;nan;0.000000;0.000000;0;53161;
7;96;95056;4294963635;4294967295;nan;nan;nan;nan;0.000000;0.000000;0;5127;
7;97;96060;4294963635;4294967295;nan;nan;nan;nan;0.000000;0.000000;0;11256;
7;98;97043;4294963635;4294967295;nan;nan;nan;nan;0.000000;0.000000;0;64184;
7;99;98039;4294963635;4294967295;nan;nan;nan;nan;0.000000;0.000000;0;50404;
7;100;99024;4294963635;4294967295;nan;nan;nan;nan;0.000000;0.000000;0;37467;
7;101;100008;4294963635;4294967295;nan;nan;nan;nan;0.000000;0.000000;0;63924;
7;102;101000;4294963635;4294967295;nan;nan;nan;nan;0.000000;0.000000;0;6136;
7;103;101964;4294963635;4294967295;nan;nan;nan;nan;0.000000;0.000000;0;31354;
7;104;102952;4294963635;4294967295;nan;nan;nan;nan;0.000000;0.000000;0;35788;
7;105;103955;4294963635;4294967295;nan;nan;nan;nan;0.000000;0.000000;0;6625;
7;106;104939;4294963635;4294967295;nan;nan;nan;nan;0.000000;0.000000;0;58605;
7;107;105930;4294963635;4294967295;nan;nan;nan;nan;0.000000;0.000000;0;59799;
7;108;106921;4294963635;4294967295;nan;nan;nan;nan;0.000000;0.000000;0;43110;
7;109;107905;4294963635;4294967295;nan;nan;nan;nan;0.000000;0.000000;0;33768;
7;110;108892;4294963635;4294967295;nan;nan;nan;nan;0.000000;0.000000;0;27324;
7;111;109884;4294963635;4294967295;nan;nan;nan;nan;0.000000;0.000000;0;26291;
7;112;110873;4294963635;4294967295;nan;nan;nan;nan;0.000000;0.000000;0;56466;
7;113;111848;4294963635;4294967295;nan;nan;nan;nan;0.000000;0.000000;0;17045;
7;114;112836;4294963635;4294967295;nan;nan;nan;nan;0.000000;0.000000;0;40745;
7;115;113832;4294963635;4294967295;nan;nan;nan;nan;0.000000;0.000000;0;41174;
7;116;114815;4294963635;4294967295;nan;nan;nan;nan;0.000000;0.000000;0;50431;
7;117;115806;4294963635;4294967295;nan;nan;nan;nan;0.000000;0.000000;0;51589;
7;118;116790;4294963635;4294967295;nan;nan;nan;nan;0.000000;0.000000;0;72;
7;119;117778;4294963635;4294967295;nan;nan;nan;nan;0.000000;0.000000;0;6198;
7;120;118770;4294963635;4294967295;nan;nan;nan;nan;0.000000;0.000000;0;49710;
7;121;119770;4294963635;4294967295;nan;nan;nan;nan;0.000000;0.000000;0;2011;
7;122;120757;4294963635;4294967295;nan;nan;nan;nan;0.000000;0.000000;0;31116;
7;123;121729;4294963635;4294967295;nan;nan;nan;nan;0.000000;0.000000;0;36484;
7;124;122713;4294963635;4294967295;nan;nan;nan;nan;0.000000;0.000000;0;45653;
7;125;123697;4294963635;4294967295;nan;nan;nan;nan;0.000000;0.000000;0;64027;
7;126;124689;4294963635;4294967295;nan;nan;nan;nan;0.000000;0.000000;0;20094;
7;127;125677;4294963635;4294967295;nan;nan;nan;nan;0.000000;0.000000;0;19947;
7;128;126668;4294963635;4294967295;nan;nan;nan;nan;0.000000;0.000000;0;8641;
7;129;127671;4294963635;4294967295;nan;nan;nan;nan;0.000000;0.000000;0;43177;
7;130;128654;4294963635;4294967295;nan;nan;nan;nan;0.000000;0.000000;0;36711;
7;131;129647;4294963635;4294967295;nan;nan;nan;nan;0.000000;0.000000;0;55127;
7;132;130634;4294963635;4294967295;nan;nan;nan;nan;0.000000;0.000000;0;60574;
7;133;131598;4294963635;4294967295;nan;nan;nan;nan;0.000000;0.000000;0;18399;
7;134;132582;4294963635;4294967295;nan;nan;nan;nan;0.000000;0.000000;0;21925;
7;135;133578;4294963635;4294967295;nan;nan;nan;nan;0.000000;0.000000;0;50509;
7;136;134566;4294963635;4294967295;nan;nan;nan;nan;0.000000;0.000000;0;2111;
7;137;135565;4294963635;4294967295;nan;nan;nan;nan;0.000000;0.000000;0;49462;
7;138;136552;4294963635;4294967295;nan;nan;nan;nan;0.000000;0.000000;0;28468;
7;139;137544;4294963635;4294967295;nan;nan;nan;nan;0.000000;0.000000;0;52268;
7;140;138532;4294963635;4294967295;nan;nan;nan;nan;0.000000;0.000000;0;9263;
7;141;139524;4294963635;4294967295;nan;nan;nan;nan;0.000000;0.000000;0;19424;
7;142;140509;4294963635;4294967295;nan;nan;nan;nan;0.000000;0.000000;0;12435;
7;143;141477;4294963635;4294967295;nan;nan;nan;nan;0.000000;0.000000;0;341;
7;144;142464;4294963635;4294967295;nan;nan;nan;nan;0.000000;0.000000;0;21775;
7;145;143464;4294963635;4294967295;nan;nan;nan;nan;0.000000;0.000000;0;40857;
7;146;144451;4294963635;4294967295;nan;nan;nan;nan;0.000000;0.000000;0;62911;
7;147;145443;4294963635;4294967295;nan;nan;nan;nan;0.000000;0.000000;0;41881;
7;148;146430;4294963635;4294967295;nan;nan;nan;nan;0.000000;0.000000;0;21643;
7;149;147423;4294963635;4294967295;nan;nan;nan;nan;0.000000;0.000000;0;23025;
7;150;148406;4294963635;4294967295;nan;nan;nan;nan;0.000000;0.000000;0;22954;
7;151;149395;4294963635;4294967295;nan;nan;nan;nan;0.000000;0.000000;0;46495;
7;152;150386;4294963635;4294967295;nan;nan;nan;nan;0.000000;0.000000;0;7970;
7;153;151361;4294963635;4294967295;nan;nan;nan;nan;0.000000;0.000000;0;24496;
7;154;152345;4294963635;4294967295;nan;nan;nan;nan;0.000000;0.000000;0;60911;
7;155;153344;4294963635;4294967295;nan;nan;nan;nan;0.000000;0.000000;0;65002;
7;156;154327;4294963635;4294967295;nan;nan;nan;nan;0.000000;0.000000;0;36191;
7;157;155316;4294963635;4294967295;nan;nan;nan;nan;0.000000;0.000000;0;36268;
7;158;156303;4294963635;4294967295;nan;nan;nan;nan;0.000000;0.000000;0;50219;
7;159;157291;4294963635;4294967295;nan;nan;nan;nan;0.000000;0.000000;0;54070;
7;160;158279;4294963635;4294967295;nan;nan;nan;nan;0.000000;0.000000;0;28277;
7;161;159285;4294963635;4294967295;nan;nan;nan;nan;0.000000;0.000000;0;12178;
7;162;160273;4294963635;4294967295;nan;nan;nan;nan;0.000000;0.000000;0;38083;
7;163;161237;4294963635;4294967295;nan;nan;nan;nan;0.000000;0.000000;0;33410;
7;164;162224;4294963635;4294967295;nan;nan;nan;nan;0.000000;0.000000;0;5724;
7;165;163212;4294963635;4294967295;nan;nan;nan;nan;0.000000;0.000000;0;27074;
7;166;164197;4294963635;4294967295;nan;nan;nan;nan;0.000000;0.000000;0;25073;
7;167;165188;4294963635;4294967295;nan;nan;nan;nan;0.000000;0.000000;0;27787;
7;168;166178;4294963635;4294967295;nan;nan;nan;nan;0.000000;0.000000;0;53720;
7;169;167177;4294963635;4294967295;nan;nan;nan;nan;0.000000;0.000000;0;63146;
7;170;168171;4294963635;4294967295;nan;nan;nan;nan;0.000000;0.000000;0;29217;
7;171;169167;4294963635;4294967295;nan;nan;nan;nan;0.000000;0.000000;0;27231;
7;172;170151;4294963635;4294967295;nan;nan;nan;nan;0.000000;0.000000;0;14650;
7;173;171119;4294963635;4294967295;nan;nan;nan;nan;0.000000;0.000000;0;26440;
7;174;172105;4294963635;4294967295;nan;nan;nan;nan;0.000000;0.000000;0;23595;
7;175;173093;4294963635;4294967295;nan;nan;nan;nan;0.000000;0.000000;0;25556;
7;176;174084;4294963635;4294967295;nan;nan;nan;nan;0.000000;0.000000;0;36072;
7;177;175083;4294963635;4294967295;nan;nan;nan;nan;0.000000;0.000000;0;39793;
7;178;176067;4294963635;4294967295;nan;nan;nan;nan;0.000000;0.000000;0;64939;
7;179;177064;4294963635;4294967295;nan;nan;nan;nan;0.000000;0.000000;0;49564;
7;180;178048;4294963635;4294967295;nan;nan;nan;nan;0.000000;0.000000;0;15854;
7;181;179040;4294963635;4294967295;nan;nan;nan;nan;0.000000;0.000000;0;37269;
7;182;180028;4294963635;4294967295;nan;nan;nan;nan;0.000000;0.000000;0;11518;
7;183;180992;4294963635;4294967295;nan;nan;nan;nan;0.000000;0.000000;0;13460;
7;184;181978;4294963635;4294967295;nan;nan;nan;nan;0.000000;0.000000;0;64706;
7;185;182981;4294963635;4294967295;nan;nan;nan;nan;0.000000;0.000000;0;44822;
7;186;183969;4294963635;4294967295;nan;nan;nan;nan;0.000000;0.000000;0;3842;
7;187;184962;4294963635;4294967295;nan;nan;nan;nan;0.000000;0.000000;0;5300;
7;188;185952;4294963635;4294967295;nan;nan;nan;nan;0.000000;0.000000;0;52653;
7;189;186957;4294963635;4294967295;nan;nan;nan;nan;0.000000;0.000000;0;43278;
7;190;187940;4294963635;4294967295;nan;nan;nan;nan;0.000000;0.000000;0;52897;
7;191;188905;4294963635;4294967295;nan;nan;nan;nan;0.000000;0.000000;0;26858;
7;192;189897;4294963635;4294967295;nan;nan;nan;nan;0.000000;0.000000;0;34777;
7;193;190896;4294963635;4294967295;nan;nan;nan;nan;0.000000;0.000000;0;16980;
7;194;191888;4294963635;4294967295;nan;nan;nan;nan;0.000000;0.000000;0;63025;
7;195;192875;4294963635;4294967295;nan;nan;nan;nan;0.000000;0.000000;0;34052;
7;196;193861;4294963635;4294967295;nan;nan;nan;nan;0.000000;0.000000;0;24718;
7;197;194853;4294963635;4294967295;nan;nan;nan;nan;0.000000;0.000000;0;13992;
7;198;195836;4294963635;4294967295;nan;nan;nan;nan;0.000000;0.000000;0;19931;
7;199;196821;4294963635;4294967295;nan;nan;nan;nan;0.000000;0.000000;0;24810;
7;200;197816;4294963635;4294967295;nan;nan;nan;nan;0.000000;0.000000;0;22995;
7;201;198795;4294963635;4294967295;nan;nan;nan;nan;0.000000;0.000000;0;17256;
7;202;199779;4294963635;4294967295;nan;nan;nan;nan;0.000000;0.000000;0;10961;
7;203;200772;4294963635;4294967295;nan;nan;nan;nan;0.000000;0.000000;0;53288;
7;204;201758;4294963635;4294967295;nan;nan;nan;nan;0.000000;0.000000;0;60947;
7;205;202747;4294963635;4294967295;nan;nan;nan;nan;0.000000;0.000000;0;54146;
7;206;203735;4294963635;4294967295;nan;nan;nan;nan;0.000000;0.000000;0;3646;
7;207;204723;4294963635;4294967295;nan;nan;nan;nan;0.000000;0.000000;0;58238;
7;208;205714;4294963635;4294967295;nan;nan;nan;nan;0.000000;0.000000;0;49301;
7;209;206717;4294963635;4294967295;nan;nan;nan;nan;0.000000;0.000000;0;2507;
7;210;207703;4294963635;4294967295;nan;nan;nan;nan;0.000000;0.000000;0;52623;
7;211;208663;4294963635;4294967295;nan;nan;nan;nan;0.000000;0.000000;0;47903;
7;212;209654;4294963635;4294967295;nan;nan;nan;nan;0.000000;0.000000;0;43456;
7;213;210643;4294963635;4294967295;nan;nan;nan;nan;0.000000;0.000000;0;17909;
7;214;211631;4294963635;4294967295;nan;nan;nan;nan;0.000000;0.000000;0;55336;
7;215;212619;4294963635;4294967295;nan;nan;nan;nan;0.000000;0.000000;0;49238;
7;216;213610;4294963635;4294967295;nan;nan;nan;nan;0.000000;0.000000;0;22326;
7;217;214609;4294963635;4294967295;nan;nan;nan;nan;0.000000;0.000000;0;50459;
7;218;215600;4294963635;4294967295;nan;nan;nan;nan;0.000000;0.000000;0;10786;
7;219;216584;4294963635;4294967295;nan;nan;nan;nan;0.000000;0.000000;0;46323;
7;220;217576;4294963635;4294967295;nan;nan;nan;nan;0.000000;0.000000;0;229;
7;221;218545;4294963635;4294967295;nan;nan;nan;nan;0.000000;0.000000;0;58846;
7;222;219530;4294963635;4294967295;nan;nan;nan;nan;0.000000;0.000000;0;24718;
7;223;220514;4294963635;4294967295;nan;nan;nan;nan;0.000000;0.000000;0;17507;
7;224;221508;4294963635;4294967295;nan;nan;nan;nan;0.000000;0.000000;0;8191;
7;225;222508;4294963635;4294967295;nan;nan;nan;nan;0.000000;0.000000;0;49487;
7;226;223495;4294963635;4294967295;nan;nan;nan;nan;0.000000;0.000000;0;61760;
7;227;224488;4294963635;4294967295;nan;nan;nan;nan;0.000000;0.000000;0;4447;
7;228;225476;4294963635;4294967295;nan;nan;nan;nan;0.000000;0.000000;0;57881;
7;229;226464;4294963635;4294967295;nan;nan;nan;nan;0.000000;0.000000;0;3929;
7;230;227452;4294963635;4294967295;nan;nan;nan;nan;0.000000;0.000000;0;4678;
7;231;228412;4294963635;4294967295;nan;nan;nan;nan;0.000000;0.000000;0;25814;
7;232;229402;4294963635;4294967295;nan;nan;nan;nan;0.000000;0.000000;0;58195;
7;233;230409;4294963635;4294967295;nan;nan;nan;nan;0.000000;0.000000;0;55646;
7;234;231397;4294963635;4294967295;nan;nan;nan;nan;0.000000;0.000000;0;36719;
7;235;232385;4294963635;4294967295;nan;nan;nan;nan;0.000000;0.000000;0;52536;
7;236;233371;4294963635;4294967295;nan;nan;nan;nan;0.000000;0.000000;0;62211;
7;237;234359;4294963635;4294967295;nan;nan;nan;nan;0.000000;0.000000;0;55514;
7;238;235346;4294963635;4294967295;nan;nan;nan;nan;0.000000;0.000000;0;31163;
7;239;236331;4294963635;4294967295;nan;nan;nan;nan;0.000000;0.000000;0;48182;
7;240;237325;4294963635;4294967295;nan;nan;nan;nan;0.000000;0.000000;0;58512;
7;241;238304;4294963635;4294967295;nan;nan;nan;nan;0.000000;0.000000;0;27334;
7;242;239292;4294963635;4294967295;nan;nan;nan;nan;0.000000;0.000000;0;55213;
7;243;240278;4294963635;4294967295;nan;nan;nan;nan;0.000000;0.000000;0;24253;
7;244;241268;4294963635;4294967295;nan;nan;nan;nan;0.000000;0.000000;0;34724;
7;245;242256;4294963635;4294967295;nan;nan;nan;nan;0.000000;0.000000;0;29089;
7;246;243240;4294963635;4294967295;nan;nan;nan;nan;0.000000;0.000000;0;22298;
7;247;244232;4294963635;4294967295;nan;nan;nan;nan;0.000000;0.000000;0;62466;
7;248;245223;4294963635;4294967295;nan;nan;nan;nan;0.000000;0.000000;0;46098;
7;249;246223;4294963635;4294967295;nan;nan;nan;nan;0.000000;0.000000;0;63592;
7;250;247214;4294963635;4294967295;nan;nan;nan;nan;0.000000;0.000000;0;19832;
7;251;248175;4294963635;4294967295;nan;nan;nan;nan;0.000000;0.000000;0;28631;
7;252;249162;4294963635;4294967295;nan;nan;nan;nan;0.000000;0.000000;0;21534;
7;253;250154;4294963635;4294967295;nan;nan;nan;nan;0.000000;0.000000;0;46698;
7;254;251145;4294963635;4294967295;nan;nan;nan;nan;0.000000;0.000000;0;3827;
7;255;252133;4294963635;4294967295;nan;nan;nan;nan;0.000000;0.000000;0;47161;
7;256;253124;4294963635;4294967295;nan;nan;nan;nan;0.000000;0.000000;0;12424;
7;257;254124;4294963635;4294967295;nan;nan;nan;nan;0.000000;0.000000;0;30918;
7;258;255111;4294963635;4294967295;nan;nan;nan;nan;0.000000;0.000000;0;4832;
7;259;256099;4294963635;4294967295;nan;nan;nan;nan;0.000000;0.000000;0;24532;
7;260;257100;4294963635;4294967295;nan;nan;nan;nan;0.000000;0.000000;0;19989;
7;261;258064;4294963635;4294967295;nan;nan;nan;nan;0.000000;0.000000;0;20561;
7;262;259052;4294963635;4294967295;nan;nan;nan;nan;0.000000;0.000000;0;45887;
7;263;260039;4294963635;4294967295;nan;nan;nan;nan;0.000000;0.000000;0;37965;
7;264;261027;4294963635;4294967295;nan;nan;nan;nan;0.000000;0.000000;0;53673;
7;265;262031;4294963635;4294967295;nan;nan;nan;nan;0.000000;0.000000;0;7016;
7;266;263022;4294963635;4294967295;nan;nan;nan;nan;0.000000;0.000000;0;58446;
7;267;264006;4294963635;4294967295;nan;nan;nan;nan;0.000000;0.000000;0;53184;
7;268;264997;4294963635;4294967295;nan;nan;nan;nan;0.000000;0.000000;0;17126;
7;269;265985;4294963635;4294967295;nan;nan;nan;nan;0.000000;0.000000;0;23192;
7;270;266969;4294963635;4294967295;nan;nan;nan;nan;0.000000;0.000000;0;15323;
7;271;267937;4294963635;4294967295;nan;nan;nan;nan;0.000000;0.000000;0;20532;
7;272;268925;4294963635;4294967295;nan;nan;nan;nan;0.000000;0.000000;0;47120;
7;273;269929;4294963635;4294967295;nan;nan;nan;nan;0.000000;0.000000;0;28590;
7;274;270920;4294963635;4294967295;nan;nan;nan;nan;0.000000;0.000000;0;47486;
7;275;271904;4294963635;4294967295;nan;nan;nan;nan;0.000000;0.000000;0;26574;
7;276;272891;4294963635;4294967295;nan;nan;nan;nan;0.000000;0.000000;0;30217;
7;277;273880;4294963635;4294967295;nan;nan;nan;nan;0.000000;0.000000;0;33732;
7;278;274864;4294963635;4294967295;nan;nan;nan;nan;0.000000;0.000000;0;65115;
7;279;275856;4294963635;4294967295;nan;nan;nan;nan;0.000000;0.000000;0;1898;
7;280;276848;4294963635;4294967295;nan;nan;nan;nan;0.000000;0.000000;0;22940;
7;281;277823;4294963635;4294967295;nan;nan;nan;nan;0.000000;0.000000;0;4096;
7;282;278811;4294963635;4294967295;nan;nan;nan;nan;0.000000;0.000000;0;8926;
7;283;279799;4294963635;4294967295;nan;nan;nan;nan;0.000000;0.000000;0;52797;
7;284;280787;4294963635;4294967295;nan;nan;nan;nan;0.000000;0.000000;0;23446;
7;285;281776;4294963635;4294967295;nan;nan;nan;nan;0.000000;0.000000;0;23397;
7;286;282764;4294963635;4294967295;nan;nan;nan;nan;0.000000;0.000000;0;34772;
7;287;283753;4294963635;4294967295;nan;nan;nan;nan;0.000000;0.000000;0;25730;
7;288;284741;4294963635;4294967295;nan;nan;nan;nan;0.000000;0.000000;0;55745;
7;289;285744;4294963635;4294967295;nan;nan;nan;nan;0.000000;0.000000;0;30101;
7;290;286731;4294963635;4294967295;nan;nan;nan;nan;0.000000;0.000000;0;15378;
7;291;287696;4294963635;4294967295;nan;nan;nan;nan;0.000000;0.000000;0;1284;
7;292;288683;4294963635;4294967295;nan;nan;nan;nan;0.000000;0.000000;0;46571;
7;293;289673;4294963635;4294967295;nan;nan;nan;nan;0.000000;0.000000;0;60996;
7;294;290662;4294963635;4294967295;nan;nan;nan;nan;0.000000;0.000000;0;27214;
7;295;291651;4294963635;4294967295;nan;nan;nan;nan;0.000000;0.000000;0;26624;
7;296;292639;4294963635;4294967295;nan;nan;nan;nan;0.000000;0.000000;0;27314;
7;297;293642;4294963635;4294967295;nan;nan;nan;nan;0.000000;0.000000;0;4974;
7;298;294629;4294963635;4294967295;nan;nan;nan;nan;0.000000;0.000000;0;48677;
7;299;295620;4294963635;4294967295;nan;nan;nan;nan;0.000000;0.000000;0;9886;
7;300;296611;4294963635;4294967295;nan;nan;nan;nan;0.000000;0.000000;0;4318;
7;301;297572;4294963635;4294967295;nan;nan;nan;nan;0.000000;0.000000;0;11145;
7;302;298561;4294963635;4294967295;nan;nan;nan;nan;0.000000;0.000000;0;35560;
7;303;299549;4294963635;4294967295;nan;nan;nan;nan;0.000000;0.000000;0;38060;
7;304;300536;4294963635;4294967295;nan;nan;nan;nan;0.000000;0.000000;0;46166;
7;305;301539;4294963635;4294967295;nan;nan;nan;nan;0.000000;0.000000;0;1741;
7;306;302530;4294963635;4294967295;nan;nan;nan;nan;0.000000;0.000000;0;18147;
7;307;303519;4294963635;4294967295;nan;nan;nan;nan;0.000000;0.000000;0;54377;
7;308;304510;4294963635;4294967295;nan;nan;nan;nan;0.000000;0.000000;0;396;
7;309;305495;4294963635;4294967295;nan;nan;nan;nan;0.000000;0.000000;0;33888;
7;310;306483;4294963635;4294967295;nan;nan;nan;nan;0.000000;0.000000;0;9332;
7;311;307447;4294963635;4294967295;nan;nan;nan;nan;0.000000;0.000000;0;36556;
7;312;308438;4294963635;4294967295;nan;nan;nan;nan;0.000000;0.000000;0;28987;
7;313;309448;4294963635;4294967295;nan;nan;nan;nan;0.000000;0.000000;0;54948;
7;314;310438;4294963635;4294967295;nan;nan;nan;nan;0.000000;0.000000;0;23736;
7;315;311426;4294963635;4294967295;nan;nan;nan;nan;0.000000;0.000000;0;9010;
7;316;312425;4294963635;4294967295;nan;nan;nan;nan;0.000000;0.000000;0;56543;
7;317;313411;4294963635;4294967295;nan;nan;nan;nan;0.000000;0.000000;0;21967;
7;318;314397;4294963635;4294967295;nan;nan;nan;nan;0.000000;0.000000;0;4115;
7;319;315370;4294963635;4294967295;nan;nan;nan;nan;0.000000;0.000000;0;24682;
7;320;316360;4294963635;4294967295;nan;nan;nan;nan;0.000000;0.000000;0;39317;
7;321;317367;4294963635;4294967295;nan;nan;nan;nan;0.000000;0.000000;0;8137;
7;322;318357;4294963635;4294967295;nan;nan;nan;nan;0.000000;0.000000;0;2354;
7;323;319343;4294963635;4294967295;nan;nan;nan;nan;0.000000;0.000000;0;24631;
7;324;320340;4294963635;4294967295;nan;nan;nan;nan;0.000000;0.000000;0;45848;
7;325;321326;4294963635;4294967295;nan;nan;nan;nan;0.000000;0.000000;0;8256;
7;326;322316;4294963635;4294967295;nan;nan;nan;nan;0.000000;0.000000;0;14011;
7;327;323311;4294963635;4294967295;nan;nan;nan;nan;0.000000;0.000000;0;58708;
7;328;324303;4294963635;4294967295;nan;nan;nan;nan;0.000000;0.000000;0;147;
7;329;325278;4294963635;4294967295;nan;nan;nan;nan;0.000000;0.000000;0;14103;
7;330;326271;4294963635;4294967295;nan;nan;nan;nan;0.000000;0.000000;0;8819;
7;331;327262;4294963635;4294967295;nan;nan;nan;nan;0.000000;0.000000;0;12041;
7;332;328261;4294963635;4294967295;nan;nan;nan;nan;0.000000;0.000000;0;58035;
7;333;329247;4294963635;4294967295;nan;nan;nan;nan;0.000000;0.000000;0;2932;
7;334;330234;4294963635;4294967295;nan;nan;nan;nan;0.000000;0.000000;0;33948;
7;335;331230;4294963635;4294967295;nan;nan;nan;nan;0.000000;0.000000;0;40162;
7;336;332220;4294963635;4294967295;nan;nan;nan;nan;0.000000;0.000000;0;15950;
7;337;333222;4294963635;4294967295;nan;nan;nan;nan;0.000000;0.000000;0;8887;
7;338;334216;4294963635;4294967295;nan;nan;nan;nan;0.000000;0.000000;0;1980;
7;339;335181;4294963635;4294967295;nan;nan;nan;nan;0.000000;0.000000;0;40565;
7;340;336183;4294963635;4294967295;nan;nan;nan;nan;0.000000;0.000000;0;19503;
7;341;337177;4294963635;4294967295;nan;nan;nan;nan;0.000000;0.000000;0;32345;
7;342;338165;4294963635;4294967295;nan;nan;nan;nan;0.000000;0.000000;0;34247;
7;343;339165;4294963635;4294967295;nan;nan;nan;nan;0.000000;0.000000;0;44617;
7;344;340154;4294963635;4294967295;nan;nan;nan;nan;0.000000;0.000000;0;21251;
7;345;341164;4294963635;4294967295;nan;nan;nan;nan;0.000000;0.000000;0;31754;
7;346;342153;4294963635;4294967295;nan;nan;nan;nan;0.000000;0.000000;0;34626;
7;347;343142;4294963635;4294967295;nan;nan;nan;nan;0.000000;0.000000;0;19996;
7;348;344137;4294963635;4294967295;nan;nan;nan;nan;0.000000;0.000000;0;14377;
7;349;345097;4294963635;4294967295;nan;nan;nan;nan;0.000000;0.000000;0;20153;
7;350;346084;4294963635;4294967295;nan;nan;nan;nan;0.000000;0.000000;0;60611;
7;351;347081;4294963635;4294967295;nan;nan;nan;nan;0.000000;0.000000;0;34912;
7;352;348072;4294963635;4294967295;nan;nan;nan;nan;0.000000;0.000000;0;23951;
7;353;349077;4294963635;4294967295;nan;nan;nan;nan;0.000000;0.000000;0;14369;
7;354;350068;4294963635;4294967295;nan;nan;nan;nan;0.000000;0.000000;0;30572;
7;355;351058;4294963635;4294967295;nan;nan;nan;nan;0.000000;0.000000;0;52620;
7;356;352049;4294963635;4294967295;nan;nan;nan;nan;0.000000;0.000000;0;6787;
7;357;353041;4294963635;4294967295;nan;nan;nan;nan;0.000000;0.000000;0;30028;
7;358;354031;4294963635;4294967295;nan;nan;nan;nan;0.000000;0.000000;0;39187;
7;359;355004;4294963635;4294967295;nan;nan;nan;nan;0.000000;0.000000;0;3081;
7;360;355990;4294963635;4294967295;nan;nan;nan;nan;0.000000;0.000000;0;11709;
7;361;356996;4294963635;4294967295;nan;nan;nan;nan;0.000000;0.000000;0;3456;
7;362;357986;4294963635;4294967295;nan;nan;nan;nan;0.000000;0.000000;0;44926;
7;363;358977;4294963635;4294967295;nan;nan;nan;nan;0.000000;0.000000;0;154;
7;364;359967;4294963635;4294967295;nan;nan;nan;nan;0.000000;0.000000;0;57326;
7;365;360961;4294963635;4294967295;nan;nan;nan;nan;0.000000;0.000000;0;47001;
7;366;361948;4294963635;4294967295;nan;nan;nan;nan;0.000000;0.000000;0;32551;
7;367;362943;4294963635;4294967295;nan;nan;nan;nan;0.000000;0.000000;0;9725;
7;368;363933;4294963635;4294967295;nan;nan;nan;nan;0.000000;0.000000;0;39956;
7;369;364913;4294963635;4294967295;nan;nan;nan;nan;0.000000;0.000000;0;47053;
7;370;365905;4294963635;4294967295;nan;nan;nan;nan;0.000000;0.000000;0;936;
7;371;366905;4294963635;4294967295;nan;nan;nan;nan;0.000000;0.000000;0;34609;
7;372;367900;4294963635;4294967295;nan;nan;nan;nan;0.000000;0.000000;0;48376;
7;373;368890;4294963635;4294967295;nan;nan;nan;nan;0.000000;0.000000;0;60653;
7;374;369876;4294963635;4294967295;nan;nan;nan;nan;0.000000;0.000000;0;37839;
7;375;370872;4294963635;4294967295;nan;nan;nan;nan;0.000000;0.000000;0;63001;
7;376;371863;4294963635;4294967295;nan;nan;nan;nan;0.000000;0.000000;0;49833;
7;377;372869;4294963635;4294967295;nan;nan;nan;nan;0.000000;0.000000;0;58004;
7;378;373862;4294963635;4294967295;nan;nan;nan;nan;0.000000;0.000000;0;21870;
7;379;374826;4294963635;4294967295;nan;nan;nan;nan;0.000000;0.000000;0;18983;
7;380;375818;4294963635;4294967295;nan;nan;nan;nan;0.000000;0.000000;0;25834;
7;381;376808;4294963635;4294967295;nan;nan;nan;nan;0.000000;0.000000;0;46280;
7;382;377803;4294963635;4294967295;nan;nan;nan;nan;0.000000;0.000000;0;27557;
7;383;378790;4294963635;4294967295;nan;nan;nan;nan;0.000000;0.000000;0;40977;
7;384;379781;4294963635;4294967295;nan;nan;nan;nan;0.000000;0.000000;0;28325;
7;385;380790;4294963635;4294967295;nan;nan;nan;nan;0.000000;0.000000;0;8532;
7;386;381781;4294963635;4294967295;nan;nan;nan;nan;0.000000;0.000000;0;30646;
7;387;382771;4294963635;4294967295;nan;nan;nan;nan;0.000000;0.000000;0;25153;
7;388;383761;4294963635;4294967295;nan;nan;nan;nan;0.000000;0.000000;0;60946;
7;389;384726;4294963635;4294967295;nan;nan;nan;nan;0.000000;0.000000;0;42541;
7;390;385716;4294963635;4294967295;nan;nan;nan;nan;0.000000;0.000000;0;35135;
7;391;386710;4294963635;4294967295;nan;nan;nan;nan;0.000000;0.000000;0;35001;
7;392;387700;4294963635;4294967295;nan;nan;nan;nan;0.000000;0.000000;0;12024;
7;393;388706;4294963635;4294967295;nan;nan;nan;nan;0.000000;0.000000;0;497;
7;394;389697;4294963635;4294967295;nan;nan;nan;nan;0.000000;0.000000;0;22291;
7;395;390688;4294963635;4294967295;nan;nan;nan;nan;0.000000;0.000000;0;44887;
7;396;391679;4294963635;4294967295;nan;nan;nan;nan;0.000000;0.000000;0;24543;
7;397;392669;4294963635;4294967295;nan;nan;nan;nan;0.000000;0.000000;0;24153;
7;398;393668;4294963635;4294967295;nan;nan;nan;nan;0.000000;0.000000;0;16278;
7;399;394628;4294963635;4294967295;nan;nan;nan;nan;0.000000;0.000000;0;18694;
7;400;395619;4294963635;4294967295;nan;nan;nan;nan;0.000000;0.000000;0;45217;
7;401;396625;4294963635;4294967295;nan;nan;nan;nan;0.000000;0.000000;0;1144;
7;402;397616;4294963635;4294967295;nan;nan;nan;nan;0.000000;0.000000;0;24339;
7;403;398606;4294963635;4294967295;nan;nan;nan;nan;0.000000;0.000000;0;55354;
7;404;399597;4294963635;4294967295;nan;nan;nan;nan;0.000000;0.000000;0;34304;
7;405;400587;4294963635;4294967295;nan;nan;nan;nan;0.000000;0.000000;0;26313;
7;406;401585;4294963635;4294967295;nan;nan;nan;nan;0.000000;0.000000;0;11835;
7;407;402574;4294963635;4294967295;nan;nan;nan;nan;0.000000;0.000000;0;23897;
7;408;403566;4294963635;4294967295;nan;nan;nan;nan;0.000000;0.000000;0;943;
7;409;404546;4294963635;4294967295;nan;nan;nan;nan;0.000000;0.000000;0;51566;
7;410;405536;4294963635;4294967295;nan;nan;nan;nan;0.000000;0.000000;0;40697;
7;411;406536;4294963635;4294967295;nan;nan;nan;nan;0.000000;0.000000;0;46455;
7;412;407522;4294963635;4294967295;nan;nan;nan;nan;0.000000;0.000000;0;24598;
7;413;408508;4294963635;4294967295;nan;nan;nan;nan;0.000000;0.000000;0;12983;
7;414;409505;4294963635;4294967295;nan;nan;nan;nan;0.000000;0.000000;0;36521;
7;415;410491;4294963635;4294967295;nan;nan;nan;nan;0.000000;0.000000;0;64199;
7;416;411478;4294963635;4294967295;nan;nan;nan;nan;0.000000;0.000000;0;59878;
7;417;412491;4294963635;4294967295;nan;nan;nan;nan;0.000000;0.000000;0;17029;
7;418;413481;4294963635;4294967295;nan;nan;nan;nan;0.000000;0.000000;0;64361;
7;419;414448;4294963635;4294967295;nan;nan;nan;nan;0.000000;0.000000;0;9013;
7;420;415434;4294963635;4294967295;nan;nan;nan;nan;0.000000;0.000000;0;37551;
7;421;416424;4294963635;4294967295;nan;nan;nan;nan;0.000000;0.000000;0;15422;
7;422;417419;4294963635;4294967295;nan;nan;nan;nan;0.000000;0.000000;0;33959;
7;423;418407;4294963635;4294967295;nan;nan;nan;nan;0.000000;0.000000;0;55291;
7;424;419409;4294963635;4294967295;nan;nan;nan;nan;0.000000;0.000000;0;28896;
7;425;420422;4294963635;4294967295;nan;nan;nan;nan;0.000000;0.000000;0;61835;
7;426;421407;4294963635;4294967295;nan;nan;nan;nan;0.000000;0.000000;0;23012;
7;427;422396;4294963635;4294967295;nan;nan;nan;nan;0.000000;0.000000;0;14066;
7;428;423386;4294963635;4294967295;nan;nan;nan;nan;0.000000;0.000000;0;455;
7;429;424351;4294963635;4294967295;nan;nan;nan;nan;0.000000;0.000000;0;14458;
7;430;425345;4294963635;4294967295;nan;nan;nan;nan;0.000000;0.000000;0;34968;
7;431;426337;4294963635;4294967295;nan;nan;nan;nan;0.000000;0.000000;0;60171;
7;432;427323;4294963635;4294967295;nan;nan;nan;nan;0.000000;0.000000;0;47779;
7;433;428333;4294963635;4294967295;nan;nan;nan;nan;0.000000;0.000000;0;53123;
7;434;429359;4294963635;4294967295;nan;nan;nan;nan;0.000000;0.000000;0;63950;
7;435;430361;4294963635;4294967295;nan;nan;nan;nan;0.000000;0.000000;0;16931;
7;436;431352;4294963635;4294967295;nan;nan;nan;nan;0.000000;0.000000;0;48775;
7;437;432321;4294963635;4294967295;nan;nan;nan;nan;0.000000;0.000000;0;36404;
7;438;433311;4294963635;4294967295;nan;nan;nan;nan;0.000000;0.000000;0;52200;
7;439;434302;4294963635;4294967295;nan;nan;nan;nan;0.000000;0.000000;0;24335;
7;440;435304;4294963635;4294967295;nan;nan;nan;nan;0.000000;0.000000;0;33419;
7;441;436294;4294963635;4294967295;nan;nan;nan;nan;0.000000;0.000000;0;60116;
7;442;437290;4294963635;4294967295;nan;nan;nan;nan;0.000000;0.000000;0;39039;
7;443;438277;4294963635;4294967295;nan;nan;nan;nan;0.000000;0.000000;0;45113;
7;444;439275;4294963635;4294967295;nan;nan;nan;nan;0.000000;0.000000;0;33815;
7;445;440265;4294963635;4294967295;nan;nan;nan;nan;0.000000;0.000000;0;34193;
7;446;441255;4294963635;4294967295;nan;nan;nan;nan;0.000000;0.000000;0;21924;
7;447;442220;4294963635;4294967295;nan;nan;nan;nan;0.000000;0.000000;0;1834;
7;448;443221;4294963635;4294967295;nan;nan;nan;nan;0.000000;0.000000;0;7238;
7;449;444213;4294963635;4294967295;nan;nan;nan;nan;0.000000;0.000000;0;4169;
7;450;445206;4294963635;4294967295;nan;nan;nan;nan;0.000000;0.000000;0;62201;
7;451;446200;4294963635;4294967295;nan;nan;nan;nan;0.000000;0.000000;0;59053;
7;452;447186;4294963635;4294967295;nan;nan;nan;nan;0.000000;0.000000;0;3091;
7;453;448179;4294963635;4294967295;nan;nan;nan;nan;0.000000;0.000000;0;62551;
7;454;449170;4294963635;4294967295;nan;nan;nan;nan;0.000000;0.000000;0;61008;
7;455;450157;4294963635;4294967295;nan;nan;nan;nan;0.000000;0.000000;0;37457;
7;456;451162;4294963635;4294967295;nan;nan;nan;nan;0.000000;0.000000;0;22527;
7;457;452445;4294963635;4294967295;nan;nan;nan;nan;0.000000;0.000000;0;4259;
7;458;453405;4294963635;4294967295;nan;nan;nan;nan;0.000000;0.000000;0;29006;
7;459;454397;4294963635;4294967295;nan;nan;nan;nan;0.000000;0.000000;0;44637;
7;460;455380;4294963635;4294967295;nan;nan;nan;nan;0.000000;0.000000;0;18463;
7;461;456387;4294963635;4294967295;nan;nan;nan;nan;0.000000;0.000000;0;37725;
7;462;457374;4294963635;4294967295;nan;nan;nan;nan;0.000000;0.000000;0;32852;
7;463;458359;4294963635;4294967295;nan;nan;nan;nan;0.000000;0.000000;0;20722;
7;464;459351;4294963635;4294967295;nan;nan;nan;nan;0.000000;0.000000;0;58200;
7;465;460343;4294963635;4294967295;nan;nan;nan;nan;0.000000;0.000000;0;61271;
7;466;461329;4294963635;4294967295;nan;nan;nan;nan;0.000000;0.000000;0;6371;
7;467;462320;4294963635;4294967295;nan;nan;nan;nan;0.000000;0.000000;0;24889;
7;468;463284;4294963635;4294967295;nan;nan;nan;nan;0.000000;0.000000;0;53089;
7;469;464287;4294963635;4294967295;nan;nan;nan;nan;0.000000;0.000000;0;59411;
7;470;465278;4294963635;4294967295;nan;nan;nan;nan;0.000000;0.000000;0;64887;
7;471;466263;4294963635;4294967295;nan;nan;nan;nan;0.000000;0.000000;0;8882;
7;472;467256;4294963635;4294967295;nan;nan;nan;nan;0.000000;0.000000;0;30146;
7;473;468243;4294963635;4294967295;nan;nan;nan;nan;0.000000;0.000000;0;21168;
7;474;469227;4294963635;4294967295;nan;nan;nan;nan;0.000000;0.000000;0;64830;
7;475;470218;4294963635;4294967295;nan;nan;nan;nan;0.000000;0.000000;0;61508;
7;476;471206;4294963635;4294967295;nan;nan;nan;nan;0.000000;0.000000;0;63036;
7;477;472208;4294963635;4294967295;nan;nan;nan;nan;0.000000;0.000000;0;41898;
7;478;473175;4294963635;4294967295;nan;nan;nan;nan;0.000000;0.000000;0;54697;
7;479;474158;4294963635;4294967295;nan;nan;nan;nan;0.000000;0.000000;0;18957;
7;480;475150;4294963635;4294967295;nan;nan;nan;nan;0.000000;0.000000;0;63843;
7;481;476138;4294963635;4294967295;nan;nan;nan;nan;0.000000;0.000000;0;12473;
7;482;477121;4294963635;4294967295;nan;nan;nan;nan;0.000000;0.000000;0;23199;
7;483;478111;4294963635;4294967295;nan;nan;nan;nan;0.000000;0.000000;0;2110;
7;484;479097;4294963635;4294967295;nan;nan;nan;nan;0.000000;0.000000;0;12392;
7;485;480096;4294963635;4294967295;nan;nan;nan;nan;0.000000;0.000000;0;52758;
7;486;481087;4294963635;4294967295;nan;nan;nan;nan;0.000000;0.000000;0;32641;
7;487;482072;4294963635;4294967295;nan;nan;nan;nan;0.000000;0.000000;0;12586;
7;488;483040;4294963635;4294967295;nan;nan;nan;nan;0.000000;0.000000;0;31572;
7;489;484026;4294963635;4294967295;nan;nan;nan;nan;0.000000;0.000000;0;1133;
7;490;485015;4294963635;4294967295;nan;nan;nan;nan;0.000000;0.000000;0;30643;
7;491;486006;4294963635;4294967295;nan;nan;nan;nan;0.000000;0.000000;0;12163;
7;492;486993;4294963635;4294967295;nan;nan;nan;nan;0.000000;0.000000;0;60669;
7;493;487992;4294963635;4294967295;nan;nan;nan;nan;0.000000;0.000000;0;10365;
7;494;488986;4294963635;4294967295;nan;nan;nan;nan;0.000000;0.000000;0;25775;
7;495;489974;4294963635;4294967295;nan;nan;nan;nan;0.000000;0.000000;0;32999;
7;496;490965;4294963635;4294967295;nan;nan;nan;nan;0.000000;0.000000;0;52549;
7;497;491955;4294963635;4294967295;nan;nan;nan;nan;0.000000;0.000000;0;19827;
7;498;492915;4294963635;4294967295;nan;nan;nan;nan;0.000000;0.000000;0;36074;
7;499;493911;4294963635;4294967295;nan;nan;nan;nan;0.000000;0.000000;0;52925;
7;500;494894;4294963635;4294967295;nan;nan;nan;nan;0.000000;0.000000;0;34533;
7;501;495894;4294963635;4294967295;nan;nan;nan;nan;0.000000;0.000000;0;63055;
7;502;496885;4294963635;4294967295;nan;nan;nan;nan;0.000000;0.000000;0;26868;
7;503;497878;4294963635;4294967295;nan;nan;nan;nan;0.000000;0.000000;0;50960;
7;504;498864;4294963635;4294967295;nan;nan;nan;nan;0.000000;0.000000;0;8298;
7;505;499853;4294963635;4294967295;nan;nan;nan;nan;0.000000;0.000000;0;15681;
7;506;500837;4294963635;4294967295;nan;nan;nan;nan;0.000000;0.000000;0;21752;
7;507;501832;4294963635;4294967295;nan;nan;nan;nan;0.000000;0.000000;0;12379;
7;508;502792;4294963635;4294967295;nan;nan;nan;nan;0.000000;0.000000;0;37175;
7;509;503791;4294963635;4294967295;nan;nan;nan;nan;0.000000;0.000000;0;21521;
7;510;504791;4294963635;4294967295;nan;nan;nan;nan;0.000000;0.000000;0;27119;
7;511;505792;4294963635;4294967295;nan;nan;nan;nan;0.000000;0.000000;0;45741;
7;512;506779;4294963635;4294967295;nan;nan;nan;nan;0.000000;0.000000;0;43476;
7;513;507766;4294963635;4294967295;nan;nan;nan;nan;0.000000;0.000000;0;38973;
7;514;508750;4294963635;4294967295;nan;nan;nan;nan;0.000000;0.000000;0;11340;
7;515;509742;4294963635;4294967295;nan;nan;nan;nan;0.000000;0.000000;0;8259;
7;516;510735;4294963635;4294967295;nan;nan;nan;nan;0.000000;0.000000;0;41196;
7;517;511736;4294963635;4294967295;nan;nan;nan;nan;0.000000;0.000000;0;10003;
7;518;512701;4294963635;4294967295;nan;nan;nan;nan;0.000000;0.000000;0;59304;
7;519;513688;4294963635;4294967295;nan;nan;nan;nan;0.000000;0.000000;0;2973;
7;520;514676;4294963635;4294967295;nan;nan;nan;nan;0.000000;0.000000;0;26267;
7;521;515665;4294963635;4294967295;nan;nan;nan;nan;0.000000;0.000000;0;35502;
7;522;516648;4294963635;4294967295;nan;nan;nan;nan;0.000000;0.000000;0;52896;
7;523;517644;4294963635;4294967295;nan;nan;nan;nan;0.000000;0.000000;0;55006;
7;524;518631;4294963635;4294967295;nan;nan;nan;nan;0.000000;0.000000;0;2265;
7;525;519633;4294963635;4294967295;nan;nan;nan;nan;0.000000;0.000000;0;23887;
7;526;520623;4294963635;4294967295;nan;nan;nan;nan;0.000000;0.000000;0;35959;
7;527;521607;4294963635;4294967295;nan;nan;nan;nan;0.000000;0.000000;0;43001;
7;528;522571;4294963635;4294967295;nan;nan;nan;nan;0.000000;0.000000;0;64130;
7;529;523561;4294963635;4294967295;nan;nan;nan;nan;0.000000;0.000000;0;3642;
7;530;524553;4294963635;4294967295;nan;nan;nan;nan;0.000000;0.000000;0;1023;
7;531;525541;4294963635;4294967295;nan;nan;nan;nan;0.000000;0.000000;0;61212;
7;532;526529;4294963635;4294967295;nan;nan;nan;nan;0.000000;0.000000;0;31415;
7;533;527532;4294963635;4294967295;nan;nan;nan;nan;0.000000;0.000000;0;45315;
7;534;528521;4294963635;4294967295;nan;nan;nan;nan;0.000000;0.000000;0;65049;
7;535;529508;4294963635;4294967295;nan;nan;nan;nan;0.000000;0.000000;0;53232;
7;536;530501;4294963635;4294967295;nan;nan;nan;nan;0.000000;0.000000;0;27182;
7;537;531489;4294963635;4294967295;nan;nan;nan;nan;0.000000;0.000000;0;34670;
7;538;532457;4294963635;4294967295;nan;nan;nan;nan;0.000000;0.000000;0;19087;
7;539;533442;4294963635;4294967295;nan;nan;nan;nan;0.000000;0.000000;0;64259;
7;540;534430;4294963635;4294967295;nan;nan;nan;nan;0.000000;0.000000;0;56512;
7;541;535433;4294963635;4294967295;nan;nan;nan;nan;0.000000;0.000000;0;23979;
7;542;536420;4294963635;4294967295;nan;nan;nan;nan;0.000000;0.000000;0;8470;
7;543;537412;4294963635;4294967295;nan;nan;nan;nan;0.000000;0.000000;0;13916;
7;544;538399;4294963635;4294967295;nan;nan;nan;nan;0.000000;0.000000;0;1659;
7;545;539394;4294963635;4294967295;nan;nan;nan;nan;0.000000;0.000000;0;44312;
7;546;540389;4294963635;4294967295;nan;nan;nan;nan;0.000000;0.000000;0;53996;
7;547;541373;4294963635;4294967295;nan;nan;nan;nan;0.000000;0.000000;0;42088;
7;548;542338;4294963635;4294967295;nan;nan;nan;nan;0.000000;0.000000;0;246;
7;549;543346;4294963635;4294967295;nan;nan;nan;nan;0.000000;0.000000;0;6610;
7;550;544330;4294963635;4294967295;nan;nan;nan;nan;0.000000;0.000000;0;51799;
7;551;545319;4294963635;4294967295;nan;nan;nan;nan;0.000000;0.000000;0;61336;
7;552;546306;4294963635;4294967295;nan;nan;nan;nan;0.000000;0.000000;0;61728;
7;553;547299;4294963635;4294967295;nan;nan;nan;nan;0.000000;0.000000;0;53971;
7;554;548286;4294963635;4294967295;nan;nan;nan;nan;0.000000;0.000000;0;39923;
7;555;549271;4294963635;4294967295;nan;nan;nan;nan;0.000000;0.000000;0;53960;
7;556;550273;4294963635;4294967295;nan;nan;nan;nan;0.000000;0.000000;0;10813;
7;557;551280;4294963635;4294967295;nan;nan;nan;nan;0.000000;0.000000;0;51026;
7;558;552240;4294963635;4294967295;nan;nan;nan;nan;0.000000;0.000000;0;64662;
7;559;553229;4294963635;4294967295;nan;nan;nan;nan;0.000000;0.000000;0;39224;
7;560;554217;4294963635;4294967295;nan;nan;nan;nan;0.000000;0.000000;0;7947;
7;561;555206;4294963635;4294967295;nan;nan;nan;nan;0.000000;0.000000;0;33567;
7;562;556201;4294963635;4294967295;nan;nan;nan;nan;0.000000;0.000000;0;64840;
7;563;557186;4294963635;4294967295;nan;nan;nan;nan;0.000000;0.000000;0;20475;
7;564;558174;4294963635;4294967295;nan;nan;nan;nan;0.000000;0.000000;0;37477;
7;565;559179;4294963635;4294967295;nan;nan;nan;nan;0.000000;0.000000;0;60345;
7;566;560163;4294963635;4294967295;nan;nan;nan;nan;0.000000;0.000000;0;30813;
7;567;561154;4294963635;4294967295;nan;nan;nan;nan;0.000000;0.000000;0;39772;
7;568;562114;4294963635;4294967295;nan;nan;nan;nan;0.000000;0.000000;0;15323;
7;569;563104;4294963635;4294967295;nan;nan;nan;nan;0.000000;0.000000;0;53091;
7;570;564097;4294963635;4294967295;nan;nan;nan;nan;0.000000;0.000000;0;54628;
7;571;565080;4294963635;4294967295;nan;nan;nan;nan;0.000000;0.000000;0;51714;
7;572;566068;4294963635;4294967295;nan;nan;nan;nan;0.000000;0.000000;0;46335;
7;573;567075;4294963635;4294967295;nan;nan;nan;nan;0.000000;0.000000;0;28605;
7;574;568059;4294963635;4294967295;nan;nan;nan;nan;0.000000;0.000000;0;47788;
7;575;569052;4294963635;4294967295;nan;nan;nan;nan;0.000000;0.000000;0;44590;
7;576;570044;4294963635;4294967295;nan;nan;nan;nan;0.000000;0.000000;0;23128;
7;577;571028;4294963635;4294967295;nan;nan;nan;nan;0.000000;0.000000;0;29142;
7;578;571994;4294963635;4294967295;nan;nan;nan;nan;0.000000;0.000000;0;8481;
7;579;572978;4294963635;4294967295;nan;nan;nan;nan;0.000000;0.000000;0;65425;
7;580;573966;4294963635;4294967295;nan;nan;nan;nan;0.000000;0.000000;0;12295;
7;581;574971;4294963635;4294967295;nan;nan;nan;nan;0.000000;0.000000;0;7629;
7;582;575958;4294963635;4294967295;nan;nan;nan;nan;0.000000;0.000000;0;13370;
7;583;576952;4294963635;4294967295;nan;nan;nan;nan;0.000000;0.000000;0;62322;
7;584;577938;4294963635;4294967295;nan;nan;nan;nan;0.000000;0.000000;0;15549;
7;585;578923;4294963635;4294967295;nan;nan;nan;nan;0.000000;0.000000;0;22852;
7;586;579914;4294963635;4294967295;nan;nan;nan;nan;0.000000;0.000000;0;17219;
7;587;580900;4294963635;4294967295;nan;nan;nan;nan;0.000000;0.000000;0;33803;
7;588;581868;4294963635;4294967295;nan;nan;nan;nan;0.000000;0.000000;0;45626;
7;589;582872;4294963635;4294967295;nan;nan;nan;nan;0.000000;0.000000;0;7963;
7;590;583857;4294963635;4294967295;nan;nan;nan;nan;0.000000;0.000000;0;8861;
7;591;584849;4294963635;4294967295;nan;nan;nan;nan;0.000000;0.000000;0;56236;
7;592;585837;4294963635;4294967295;nan;nan;nan;nan;0.000000;0.000000;0;64837;
7;593;586820;4294963635;4294967295;nan;nan;nan;nan;0.000000;0.000000;0;8832;
7;594;587810;4294963635;4294967295;nan;nan;nan;nan;0.000000;0.000000;0;8202;
7;595;588799;4294963635;4294967295;nan;nan;nan;nan;0.000000;0.000000;0;228;
7;596;589790;4294963635;4294967295;nan;nan;nan;nan;0.000000;0.000000;0;55906;
7;597;590794;4294963635;4294967295;nan;nan;nan;nan;0.000000;0.000000;0;65320;
7;598;591754;4294963635;4294967295;nan;nan;nan;nan;0.000000;0.000000;0;50412;
7;599;592742;4294963635;4294967295;nan;nan;nan;nan;0.000000;0.000000;0;23399;
7;600;593732;4294963635;4294967295;nan;nan;nan;nan;0.000000;0.000000;0;43116;
7;601;594717;4294963635;4294967295;nan;nan;nan;nan;0.000000;0.000000;0;41772;
7;602;595710;4294963635;4294967295;nan;nan;nan;nan;0.000000;0.000000;0;15767;
7;603;596698;4294963635;4294967295;nan;nan;nan;nan;0.000000;0.000000;0;32704;
7;604;597682;4294963635;4294967295;nan;nan;nan;nan;0.000000;0.000000;0;30348;
7;605;598686;4294963635;4294967295;nan;nan;nan;nan;0.000000;0.000000;0;10931;
7;606;599670;4294963635;4294967295;nan;nan;nan;nan;0.000000;0.000000;0;17162;
7;607;600661;4294963635;4294967295;nan;nan;nan;nan;0.000000;0.000000;0;60654;
7;608;601625;4294963635;4294967295;nan;nan;nan;nan;0.000000;0.000000;0;33829;
7;609;602611;4294963635;4294967295;nan;nan;nan;nan;0.000000;0.000000;0;52679;
7;610;603600;4294963635;4294967295;nan;nan;nan;nan;0.000000;0.000000;0;30046;
7;611;604591;4294963635;4294967295;nan;nan;nan;nan;0.000000;0.000000;0;43307;
7;612;605579;4294963635;4294967295;nan;nan;nan;nan;0.000000;0.000000;0;26281;
7;613;606583;4294963635;4294967295;nan;nan;nan;nan;0.000000;0.000000;0;29088;
7;614;607568;4294963635;4294967295;nan;nan;nan;nan;0.000000;0.000000;0;10358;
7;615;608563;4294963635;4294967295;nan;nan;nan;nan;0.000000;0.000000;0;29356;
7;616;609552;4294963635;4294967295;nan;nan;nan;nan;0.000000;0.000000;0;30188;
7;617;610539;4294963635;4294967295;nan;nan;nan;nan;0.000000;0.000000;0;12184;
7;618;611500;4294963635;4294967295;nan;nan;nan;nan;0.000000;0.000000;0;63983;
7;619;612491;4294963635;4294967295;nan;nan;nan;nan;0.000000;0.000000;0;46916;
7;620;613482;4294963635;4294967295;nan;nan;nan;nan;0.000000;0.000000;0;25249;
7;621;614486;4294963635;4294967295;nan;nan;nan;nan;0.000000;0.000000;0;35777;
7;622;615473;4294963635;4294967295;nan;nan;nan;nan;0.000000;0.000000;0;10025;
7;623;616464;4294963635;4294967295;nan;nan;nan;nan;0.000000;0.000000;0;28794;
7;624;617452;4294963635;4294967295;nan;nan;nan;nan;0.000000;0.000000;0;26159;
7;625;618439;4294963635;4294967295;nan;nan;nan;nan;0.000000;0.000000;0;16733;
7;626;619425;4294963635;4294967295;nan;nan;nan;nan;0.000000;0.000000;0;63365;
7;627;620414;4294963635;4294967295;nan;nan;nan;nan;0.000000;0.000000;0;61723;
7;628;621382;4294963635;4294967295;nan;nan;nan;nan;0.000000;0.000000;0;57887;
7;629;622381;4294963635;4294967295;nan;nan;nan;nan;0.000000;0.000000;0;12371;
7;630;623372;4294963635;4294967295;nan;nan;nan;nan;0.000000;0.000000;0;58812;
7;631;624361;4294963635;4294967295;nan;nan;nan;nan;0.000000;0.000000;0;12203;
7;632;625348;4294963635;4294967295;nan;nan;nan;nan;0.000000;0.000000;0;47493;
7;633;626335;4294963635;4294967295;nan;nan;nan;nan;0.000000;0.000000;0;41993;
7;634;627322;4294963635;4294967295;nan;nan;nan;nan;0.000000;0.000000;0;58480;
7;635;628315;4294963635;4294967295;nan;nan;nan;nan;0.000000;0.000000;0;59658;
7;636;629302;4294963635;4294967295;nan;nan;nan;nan;0.000000;0.000000;0;44907;
7;637;630300;4294963635;4294967295;nan;nan;nan;nan;0.000000;0.000000;0;31826;
7;638;631268;4294963635;4294967295;nan;nan;nan;nan;0.000000;0.000000;0;19849;
7;639;632255;4294963635;4294967295;nan;nan;nan;nan;0.000000;0.000000;0;20485;
7;640;633239;4294963635;4294967295;nan;nan;nan;nan;0.000000;0.000000;0;16626;
7;641;634233;4294963635;4294967295;nan;nan;nan;nan;0.000000;0.000000;0;32231;
7;642;635222;4294963635;4294967295;nan;nan;nan;nan;0.000000;0.000000;0;6389;
7;643;636210;4294963635;4294967295;nan;nan;nan;nan;0.000000;0.000000;0;62901;
7;644;637198;4294963635;4294967295;nan;nan;nan;nan;0.000000;0.000000;0;2046;
7;645;638197;4294963635;4294967295;nan;nan;nan;nan;0.000000;0.000000;0;46065;
7;646;639193;4294963635;4294967295;nan;nan;nan;nan;0.000000;0.000000;0;21392;
7;647;640177;4294963635;4294967295;nan;nan;nan;nan;0.000000;0.000000;0;36128;
7;648;641141;4294963635;4294967295;nan;nan;nan;nan;0.000000;0.000000;0;18438;
7;649;642133;16873;921000;nan;nan;nan;nan;0.000000;0.000000;0;8648;
7;650;643123;16875;0;nan;nan;nan;nan;0.000000;0.000000;0;24287;
7;651;644113;16876;0;nan;nan;nan;nan;0.000000;0.000000;0;52782;
7;652;645101;16877;0;nan;nan;nan;nan;0.000000;0.000000;0;14900;
7;653;646100;16878;0;nan;nan;nan;nan;0.000000;0.000000;0;36034;
7;654;647097;16879;0;nan;nan;nan;nan;0.000000;0.000000;0;34814;
7;655;648081;16880;0;nan;nan;nan;nan;0.000000;0.000000;0;55637;
7;656;649065;16881;0;nan;nan;nan;nan;0.000000;0.000000;0;32084;
7;657;650060;16882;0;nan;nan;nan;nan;0.000000;0.000000;0;19725;
7;658;651021;16883;0;nan;nan;nan;nan;0.000000;0.000000;0;3934;
7;659;652005;16884;0;nan;nan;nan;nan;0.000000;0.000000;0;32254;
7;660;652993;16885;0;nan;nan;nan;nan;0.000000;0.000000;0;16288;
7;661;653996;16886;0;nan;nan;nan;nan;0.000000;0.000000;0;10360;
7;662;654986;16887;0;nan;nan;nan;nan;0.000000;0.000000;0;2105;
7;663;655971;16888;0;nan;nan;nan;nan;0.000000;0.000000;0;23314;
7;664;656959;16889;0;nan;nan;nan;nan;0.000000;0.000000;0;54396;
7;665;657956;16890;0;nan;nan;nan;nan;0.000000;0.000000;0;57506;
7;666;658940;16891;0;nan;nan;nan;nan;0.000000;0.000000;0;45252;
7;667;659930;16892;0;nan;nan;nan;nan;0.000000;0.000000;0;12033;
7;668;660891;16893;0;nan;nan;nan;nan;0.000000;0.000000;0;63482;
7;669;661893;16894;0;nan;nan;nan;nan;0.000000;0.000000;0;54816;
7;670;662881;16895;0;nan;nan;nan;nan;0.000000;0.000000;0;437;
7;671;663870;16896;0;nan;nan;nan;nan;0.000000;0.000000;0;32522;
7;672;664859;16897;0;nan;nan;nan;nan;0.000000;0.000000;0;13128;
7;673;665854;16898;0;nan;nan;nan;nan;0.000000;0.000000;0;9523;
7;674;666838;16899;0;nan;nan;nan;nan;0.000000;0.000000;0;52789;
7;675;667827;16900;0;nan;nan;nan;nan;0.000000;0.000000;0;43058;
7;676;668816;16901;0;nan;nan;nan;nan;0.000000;0.000000;0;2015;
7;677;669819;16902;0;nan;nan;nan;nan;0.000000;0.000000;0;62370;
7;678;670786;16903;0;nan;nan;nan;nan;0.000000;0.000000;0;22960;
7;679;671754;16904;0;nan;nan;nan;nan;0.000000;0.000000;0;9592;
7;680;672753;16905;0;nan;nan;nan;nan;0.000000;0.000000;0;6560;
7;681;673746;16906;0;nan;nan;nan;nan;0.000000;0.000000;0;27176;
7;682;674735;16907;0;nan;nan;nan;nan;0.000000;0.000000;0;36450;
7;683;675724;16908;0;nan;nan;nan;nan;0.000000;0.000000;0;60120;
7;684;676712;16908;0;nan;nan;nan;nan;0.000000;0.000000;0;50242;
7;685;677692;16909;0;nan;nan;nan;nan;0.000000;0.000000;0;27422;
7;686;678681;16910;0;nan;nan;nan;nan;0.000000;0.000000;0;5651;
7;687;679671;16911;0;nan;nan;nan;nan;0.000000;0.000000;0;36763;
7;688;680663;16912;0;nan;nan;nan;nan;0.000000;0.000000;0;48096;
7;689;681652;16913;0;nan;nan;nan;nan;0.000000;0.000000;0;14031;
7;690;682640;16914;0;nan;nan;nan;nan;0.000000;0.000000;0;49033;
7;691;683629;16915;0;nan;nan;nan;nan;0.000000;0.000000;0;46819;
7;692;684621;16916;0;nan;nan;nan;nan;0.000000;0.000000;0;59170;
7;693;685621;16917;0;nan;nan;nan;nan;0.000000;0.000000;0;273;
7;694;686610;16918;0;nan;nan;nan;nan;0.000000;0.000000;0;33963;
7;695;687575;16919;0;nan;nan;nan;nan;0.000000;0.000000;0;60285;
7;696;688562;16920;0;nan;nan;nan;nan;0.000000;0.000000;0;10793;
7;697;689550;16921;0;nan;nan;nan;nan;0.000000;0.000000;0;55403;
7;698;690539;16922;0;nan;nan;nan;nan;0.000000;0.000000;0;43525;
7;699;691528;16923;0;nan;nan;nan;nan;0.000000;0.000000;0;53780;
7;700;692516;16924;0;nan;nan;nan;nan;0.000000;0.000000;0;17691;
7;701;693518;16925;0;nan;nan;nan;nan;0.000000;0.000000;0;7166;
7;702;694507;16926;0;nan;nan;nan;nan;0.000000;0.000000;0;16593;
7;703;695491;16927;0;nan;nan;nan;nan;0.000000;0.000000;0;59011;
7;704;696487;16928;0;nan;nan;nan;nan;0.000000;0.000000;0;53620;
7;705;697452;16929;0;nan;nan;nan;nan;0.000000;0.000000;0;3622;
7;706;698441;16930;0;nan;nan;nan;nan;0.000000;0.000000;0;29483;
7;707;699429;16931;0;nan;nan;nan;nan;0.000000;0.000000;0;49416;
7;708;700418;16932;0;nan;nan;nan;nan;0.000000;0.000000;0;32122;
7;709;701423;16933;0;nan;nan;nan;nan;0.000000;0.000000;0;8072;
7;710;702410;16934;0;nan;nan;nan;nan;0.000000;0.000000;0;14508;
7;711;703397;16935;0;nan;nan;nan;nan;0.000000;0.000000;0;56410;
7;712;704392;16936;0;nan;nan;nan;nan;0.000000;0.000000;0;44878;
7;713;705381;16937;0;nan;nan;nan;nan;0.000000;0.000000;0;29839;
7;714;706366;16938;0;nan;nan;nan;nan;0.000000;0.000000;0;41490;
7;715;707335;16939;0;nan;nan;nan;nan;0.000000;0.000000;0;8061;
7;716;708323;16940;0;nan;nan;nan;nan;0.000000;0.000000;0;26538;
7;717;709328;16941;0;nan;nan;nan;nan;0.000000;0.000000;0;17567;
7;718;710315;16942;0;nan;nan;nan;nan;0.000000;0.000000;0;59549;
7;719;711300;16943;0;nan;nan;nan;nan;0.000000;0.000000;0;63829;
7;720;712297;16944;0;nan;nan;nan;nan;0.000000;0.000000;0;37640;
7;721;713292;16945;0;nan;nan;nan;nan;0.000000;0.000000;0;25631;
7;722;714277;16946;0;nan;nan;nan;nan;0.000000;0.000000;0;34293;
7;723;715271;16947;0;nan;nan;nan;nan;0.000000;0.000000;0;21382;
7;724;716259;16948;0;nan;nan;nan;nan;0.000000;0.000000;0;31187;
7;725;717235;16949;0;nan;nan;nan;nan;0.000000;0.000000;0;55739;
7;726;718226;16950;0;nan;nan;nan;nan;0.000000;0.000000;0;8144;
7;727;719211;16951;0;nan;nan;nan;nan;0.000000;0.000000;0;44508;
7;728;720206;16952;0;nan;nan;nan;nan;0.000000;0.000000;0;3191;
7;729;721194;16953;0;nan;nan;nan;nan;0.000000;0.000000;0;40479;
7;730;722179;16954;0;nan;nan;nan;nan;0.000000;0.000000;0;35531;
7;731;723172;16955;0;nan;nan;nan;nan;0.000000;0.000000;0;28574;
7;732;724161;16956;0;nan;nan;nan;nan;0.000000;0.000000;0;50464;
7;733;725161;16957;0;nan;nan;nan;nan;0.000000;0.000000;0;30775;
7;734;726153;16958;0;nan;nan;nan;nan;0.000000;0.000000;0;18967;
7;735;727114;16959;0;nan;nan;nan;nan;0.000000;0.000000;0;7635;
7;736;728109;16960;0;nan;nan;nan;nan;0.000000;0.000000;0;59534;
7;737;729097;16961;0;nan;nan;nan;nan;0.000000;0.000000;0;60370;
7;738;730083;16962;0;nan;nan;nan;nan;0.000000;0.000000;0;8798;
7;739;731076;16963;0;nan;nan;nan;nan;0.000000;0.000000;0;47872;
7;740;732064;16964;0;nan;nan;nan;nan;0.000000;0.000000;0;19170;
7;741;733064;16965;0;nan;nan;nan;nan;0.000000;0.000000;0;60592;
7;742;734053;16966;0;nan;nan;nan;nan;0.000000;0.000000;0;63539;
7;743;735046;16966;992000;56.148762;40.374580;54.099998;225.675446;0.000000;0.000000;1;1279;
7;744;736048;16968;0;56.148766;40.374580;56.000000;225.675446;0.000000;0.000000;1;22092;
7;745;737024;16969;0;56.148773;40.374580;59.299999;225.675446;0.000000;0.000000;1;39928;
7;746;738020;16970;0;56.148785;40.374577;63.700001;225.675430;0.000000;0.000000;1;7330;
7;747;739020;16971;0;56.148785;40.374565;68.699997;225.675430;0.000000;0.000000;1;17004;
7;748;740023;16972;0;56.148800;40.374451;92.400002;225.675308;0.000000;0.000000;1;37197;
7;749;741037;16973;0;56.148849;40.374531;100.199997;225.675369;0.000000;0.000000;1;26582;
7;750;742036;16974;0;56.148869;40.374523;106.000000;225.675354;0.000000;0.000000;1;15072;
7;751;743035;16975;0;56.148884;40.374512;110.800003;225.675339;0.000000;0.000000;1;36638;
7;752;744039;16976;0;56.148884;40.374519;115.900002;225.675339;0.000000;0.000000;1;6706;
7;753;745039;16977;0;56.148888;40.374496;121.500000;225.675323;0.000000;0.000000;1;5747;
7;754;746034;16978;0;56.148872;40.374485;125.900002;225.675308;0.000000;0.000000;1;8275;
7;755;747017;16979;0;56.148872;40.374485;129.000000;225.675308;0.000000;0.000000;1;51874;
7;756;748016;16980;0;56.148872;40.374481;132.100006;225.675308;0.000000;0.000000;1;64244;
7;757;749027;16981;0;56.148876;40.374474;135.600006;225.675293;0.000000;0.000000;1;46502;
7;758;750026;16982;0;56.148872;40.374470;138.699997;225.675293;0.000000;0.000000;1;14989;
7;759;751031;16983;0;56.148876;40.374466;141.199997;225.675293;0.000000;0.000000;1;10526;
7;760;752039;16984;0;56.148876;40.374462;142.699997;225.675293;0.000000;0.000000;1;60044;
7;761;753038;16985;0;56.148880;40.374458;145.199997;225.675278;0.000000;0.000000;1;18153;
7;762;754037;16986;0;56.148880;40.374451;148.100006;225.675278;0.000000;0.000000;1;18420;
7;763;755040;16987;0;56.148880;40.374443;151.300003;225.675262;0.000000;0.000000;1;16681;
7;764;756038;16988;0;56.148872;40.374435;154.100006;225.675262;0.000000;0.000000;1;2658;
7;765;757025;16989;0;56.148869;40.374424;157.600006;225.675247;0.000000;0.000000;1;42448;
7;766;758023;16990;0;56.148865;40.374416;160.100006;225.675247;0.000000;0.000000;1;65315;
7;767;759030;16991;0;56.148861;40.374397;165.000000;225.675232;0.000000;0.000000;1;8933;
7;768;760030;16992;0;56.148857;40.374390;167.899994;225.675217;0.000000;0.000000;1;53718;
7;769;761127;16993;0;56.148861;40.374378;170.899994;225.675201;56.148861;40.374378;1;26748;
7;770;762103;16994;0;56.148861;40.374367;174.300003;89.999992;56.148861;40.374378;1;1882;
7;771;763108;16995;0;56.148861;40.374363;176.000000;89.999992;56.148861;40.374378;1;8221;
7;772;764106;16996;0;56.148865;40.374355;177.300003;106.656006;56.148861;40.374378;1;6107;
7;773;765120;16997;0;56.148865;40.374355;178.300003;106.656006;56.148861;40.374378;1;53380;
7;774;766117;16998;0;56.148865;40.374352;179.100006;104.372467;56.148861;40.374378;1;59699;
7;775;767090;16999;0;56.148869;40.374348;179.699997;114.178741;56.148861;40.374378;1;23820;
7;776;768093;17000;0;56.148869;40.374348;180.100006;114.178741;56.148861;40.374378;1;45152;
7;777;769086;17001;0;56.148869;40.374348;180.699997;114.178741;56.148861;40.374378;1;31038;
7;778;770088;17002;0;56.148872;40.374344;181.399994;120.907066;56.148861;40.374378;1;40481;
7;779;771088;17003;0;56.148872;40.374344;181.699997;120.907066;56.148861;40.374378;1;14310;
7;780;772082;17004;0;56.148884;40.374348;182.300003;143.367966;56.148861;40.374378;1;31665;
7;781;773096;17005;0;56.148891;40.374348;183.800003;150.883728;56.148861;40.374378;1;38621;
7;782;774098;17006;0;56.148907;40.374348;185.000000;159.654846;56.148861;40.374378;1;35207;
7;783;775096;17007;0;56.148922;40.374355;185.699997;168.191757;56.148861;40.374378;1;59120;
7;784;776095;17008;0;56.148941;40.374359;187.000000;172.462540;56.148861;40.374378;1;35805;
7;785;777066;17009;0;56.148956;40.374363;187.899994;174.913071;56.148861;40.374378;1;43126;
7;786;778059;17010;0;56.148972;40.374378;188.500000;nan;56.148861;40.374378;1;27429;
7;787;779056;17011;0;56.148987;40.374386;189.000000;181.974899;56.148861;40.374378;1;45357;
7;788;780050;17012;0;56.148998;40.374401;189.300003;185.309128;56.148861;40.374378;1;55188;
7;789;781066;17013;0;56.149006;40.374409;188.399994;186.691895;56.148861;40.374378;1;65312;
7;790;782069;17014;0;56.149002;40.374405;187.100006;186.021530;56.148861;40.374378;1;57079;
7;791;783063;17015;0;56.149002;40.374405;187.500000;186.021530;56.148861;40.374378;1;26321;
7;792;784064;17016;0;56.149002;40.374405;187.699997;186.021530;56.148861;40.374378;1;28283;
7;793;785058;17017;0;56.149002;40.374405;187.699997;186.021530;56.148861;40.374378;1;19766;
7;794;786056;17018;0;56.148998;40.374401;187.800003;185.309128;56.148861;40.374378;1;27644;
7;795;787038;17019;0;56.148998;40.374401;187.800003;185.309128;56.148861;40.374378;1;30241;
7;796;788032;17020;0;56.148998;40.374405;188.000000;186.180725;56.148861;40.374378;1;32940;
7;797;789041;17021;0;56.148998;40.374405;188.100006;186.180725;56.148861;40.374378;1;51252;
7;798;790046;17022;0;56.148998;40.374405;188.199997;186.180725;56.148861;40.374378;1;35096;
7;799;791041;17023;0;56.148998;40.374409;188.300003;187.065155;56.148861;40.374378;1;15200;
7;800;792046;17024;0;56.149002;40.374409;188.399994;186.864670;56.148861;40.374378;1;53300;
7;801;793278;17024;0;56.149002;40.374409;188.399994;186.864670;56.148861;40.374378;1;12817;
7;802;794250;17026;0;56.149006;40.374413;188.600006;187.508881;56.148861;40.374378;1;30754;
7;803;795271;17027;0;56.149006;40.374416;188.600006;188.335510;56.148861;40.374378;1;33194;
7;804;796266;17028;0;56.149006;40.374416;188.699997;188.335510;56.148861;40.374378;1;47816;
7;805;797261;17029;0;56.149010;40.374420;188.800003;188.929688;56.148861;40.374378;1;33849;
7;806;798269;17030;0;56.149017;40.374416;189.000000;187.737411;56.148861;40.374378;1;46926;
7;807;799264;17031;0;56.149025;40.374416;189.100006;187.376572;56.148861;40.374378;1;45752;
7;808;800261;17032;0;56.149033;40.374416;189.199997;187.054596;56.148861;40.374378;1;40163;
7;809;801261;17033;0;56.149040;40.374428;189.500000;188.758820;56.148861;40.374378;1;48373;
7;810;802260;17034;0;56.149052;40.374447;190.500000;191.335159;56.148861;40.374378;1;15399;
7;811;803279;17035;0;56.149071;40.374474;192.399994;194.207169;56.148861;40.374378;1;34807;
7;812;804249;17036;0;56.149090;40.374500;194.800003;196.545547;56.148861;40.374378;1;22070;
7;813;805244;17037;0;56.149101;40.374531;195.699997;199.477554;56.148861;40.374378;1;44309;
7;814;806250;17038;0;56.149117;40.374557;196.600006;201.344025;56.148861;40.374378;1;53052;
7;815;807245;17039;0;56.149124;40.374580;197.699997;203.164078;56.148861;40.374378;1;45385;
7;816;808243;17040;0;56.149128;40.374599;198.399994;204.775635;56.148861;40.374378;1;62987;
7;817;809245;17041;0;56.149132;40.374622;199.000000;206.662140;56.148861;40.374378;1;46876;
7;818;810244;17042;0;56.149136;40.374641;199.699997;208.094589;56.148861;40.374378;1;49898;
7;819;811256;17043;0;56.149139;40.374660;199.000000;209.451477;56.148861;40.374378;1;17154;
7;820;812255;17044;0;56.149147;40.374672;198.800003;209.764633;56.148861;40.374378;1;6682;
7;821;813251;17045;0;56.149155;40.374687;198.899994;210.369064;56.148861;40.374378;1;21975;
7;822;814230;17046;0;56.149158;40.374706;199.100006;211.556946;56.148861;40.374378;1;15819;
7;823;815228;17047;0;56.149155;40.374729;198.800003;213.645706;56.148861;40.374378;1;45141;
7;824;816228;17048;0;56.149158;40.374748;198.600006;214.711273;56.148861;40.374378;1;1120;
7;825;817226;17049;0;56.149158;40.374767;197.899994;216.070908;56.148861;40.374378;1;64854;
7;826;818224;17050;0;56.149158;40.374790;197.699997;217.642441;56.148861;40.374378;1;3933;
7;827;819238;17051;0;56.149162;40.374813;198.300003;218.793442;56.148861;40.374378;1;47827;
7;828;820239;17052;0;56.149158;40.374832;197.399994;220.359192;56.148861;40.374378;1;9922;
7;829;821241;17053;0;56.149158;40.374847;196.800003;221.296234;56.148861;40.374378;1;1055;
7;830;822236;17054;0;56.149155;40.374863;196.399994;222.575241;56.148861;40.374378;1;65169;
7;831;823235;17055;0;56.149151;40.374874;196.100006;223.616287;56.148861;40.374378;1;53257;
7;832;824210;17056;0;56.149155;40.374878;196.199997;223.461380;56.148861;40.374378;1;29178;
7;833;825210;17057;0;56.149158;40.374882;196.399994;223.309891;56.148861;40.374378;1;60053;
7;834;826212;17058;0;56.149158;40.374886;196.300003;223.525848;56.148861;40.374378;1;49495;
7;835;827225;17059;0;56.149162;40.374889;196.199997;223.375824;56.148861;40.374378;1;33510;
7;836;828223;17060;0;56.149162;40.374893;196.199997;223.588608;56.148861;40.374378;1;34534;
7;837;829225;17061;0;56.149162;40.374897;196.100006;223.799728;56.148861;40.374378;1;22926;
7;838;830219;17062;0;56.149162;40.374893;196.000000;223.588608;56.148861;40.374378;1;11003;
7;839;831223;17063;0;56.149158;40.374897;196.100006;224.164337;56.148861;40.374378;1;25462;
7;840;832223;17064;0;56.149158;40.374901;196.000000;224.374146;56.148861;40.374378;1;42265;
7;841;833218;17065;0;56.149162;40.374905;195.899994;224.217636;56.148861;40.374378;1;38552;
7;842;834196;17066;0;56.149162;40.374908;195.899994;224.424438;56.148861;40.374378;1;14496;
7;843;835205;17067;0;56.149166;40.374908;195.800003;224.064194;56.148861;40.374378;1;59394;
7;844;836203;17068;0;56.149166;40.374908;195.699997;224.064194;56.148861;40.374378;1;11031;
7;845;837219;17069;0;56.149166;40.374912;195.500000;224.269440;56.148861;40.374378;1;47172;
7;846;838214;17070;0;56.149166;40.374912;195.399994;224.269440;56.148861;40.374378;1;57845;
7;847;839208;17071;0;56.149166;40.374912;195.300003;224.269440;56.148861;40.374378;1;50853;
7;848;840224;17072;0;56.149166;40.374912;195.199997;224.269440;56.148861;40.374378;1;64772;
7;849;841219;17073;0;56.149170;40.374912;195.100006;223.913849;56.148861;40.374378;1;57760;
7;850;842223;17074;0;56.149170;40.374916;195.000000;224.117661;56.148861;40.374378;1;43286;
7;851;843232;17075;0;56.149174;40.374920;194.899994;223.968582;56.148861;40.374378;1;46086;
7;852;844231;17076;0;56.149174;40.374920;194.800003;223.968582;56.148861;40.374378;1;7477;
7;853;845210;17077;0;56.149174;40.374924;194.800003;224.169571;56.148861;40.374378;1;4679;
7;854;846204;17078;0;56.149174;40.374924;194.699997;224.169571;56.148861;40.374378;1;45994;
7;855;847198;17079;0;56.149178;40.374928;194.600006;224.021957;56.148861;40.374378;1;19755;
7;856;848205;17080;0;56.149178;40.374928;194.600006;224.021957;56.148861;40.374378;1;54467;
7;857;849201;17081;0;56.149178;40.374931;194.399994;224.220200;56.148861;40.374378;1;59591;
7;858;850199;17082;0;56.149181;40.374935;194.199997;224.074020;56.148861;40.374378;1;24082;
7;859;851217;17083;0;56.149181;40.374935;194.199997;224.074020;56.148861;40.374378;1;18840;
7;860;852212;17084;0;56.149181;40.374935;194.199997;224.074020;56.148861;40.374378;1;14320;
7;861;853218;17085;0;56.149181;40.374935;194.199997;224.074020;56.148861;40.374378;1;38181;
7;862;854212;17086;0;56.149181;40.374935;194.100006;224.074020;56.148861;40.374378;1;43220;
7;863;855183;17087;0;56.149181;40.374935;194.100006;224.074020;56.148861;40.374378;1;36315;
7;864;856189;17088;0;56.149181;40.374950;193.699997;224.848160;56.148861;40.374378;1;22395;
7;865;857184;17089;0;56.149174;40.374966;193.000000;226.291962;56.148861;40.374378;1;2978;
7;866;858182;17090;0;56.149170;40.374981;192.699997;227.375916;56.148861;40.374378;1;15132;
7;867;859200;17091;0;56.149170;40.374996;192.300003;228.088806;56.148861;40.374378;1;36784;
7;868;860199;17092;0;56.149166;40.375004;191.899994;228.791031;56.148861;40.374378;1;16304;
7;869;861197;17093;0;56.149166;40.375015;191.699997;229.305252;56.148861;40.374378;1;33786;
7;870;862196;17094;0;56.149162;40.375027;191.399994;230.163757;56.148861;40.374378;1;136;
7;871;863197;17095;0;56.149158;40.375038;191.000000;231.013397;56.148861;40.374378;1;863;
7;872;864191;17096;0;56.149158;40.375050;191.199997;231.494278;56.148861;40.374378;1;46118;
7;873;865170;17097;0;56.149155;40.375057;190.899994;232.167908;56.148861;40.374378;1;20081;
7;874;866168;17098;0;56.149151;40.375069;190.500000;232.991486;56.148861;40.374378;1;44943;
7;875;867187;17099;0;56.149151;40.375080;190.500000;233.443192;56.148861;40.374378;1;6723;
7;876;868181;17100;0;56.149151;40.375084;190.399994;233.591675;56.148861;40.374378;1;44909;
7;877;869180;17101;0;56.149151;40.375084;190.399994;233.591675;56.148861;40.374378;1;28606;
7;878;870182;17102;0;56.149151;40.375084;190.399994;233.591675;56.148861;40.374378;1;47190;
7;879;871185;17103;0;56.149151;40.375088;191.199997;233.739090;56.148861;40.374378;1;25961;
7;880;872179;17104;0;56.149155;40.375092;192.100006;233.528107;56.148861;40.374378;1;29533;
7;881;873178;17105;0;56.149158;40.375103;193.100006;233.610687;56.148861;40.374378;1;4414;
7;882;874177;17106;0;56.149162;40.375114;193.899994;233.690781;56.148861;40.374378;1;12505;
7;883;875167;17107;0;56.149166;40.375126;194.399994;233.768478;56.148861;40.374378;1;62703;
7;884;876167;17108;0;56.149174;40.375134;195.600006;233.370422;56.148861;40.374378;1;16559;
7;885;877166;17109;0;56.149178;40.375145;197.000000;233.450424;56.148861;40.374378;1;59284;
7;886;878164;17110;0;56.149178;40.375156;197.000000;233.855621;56.148861;40.374378;1;18850;
7;887;879166;17111;0;56.149166;40.375160;195.199997;234.986282;56.148861;40.374378;1;9880;
7;888;880161;17112;0;56.149158;40.375172;194.500000;236.051590;56.148861;40.374378;1;22002;
7;889;881162;17113;0;56.149155;40.375183;194.399994;236.770416;56.148861;40.374378;1;11970;
7;890;882165;17114;0;56.149158;40.375187;194.699997;236.555328;56.148861;40.374378;1;7514;
7;891;883175;17115;0;56.149158;40.375191;194.800003;236.679276;56.148861;40.374378;1;61616;
7;892;884173;17116;0;56.149158;40.375195;194.899994;236.802307;56.148861;40.374378;1;40467;
7;893;885148;17117;0;56.149158;40.375198;194.800003;236.924606;56.148861;40.374378;1;35799;
7;894;886142;17118;0;56.149155;40.375198;194.699997;237.261734;56.148861;40.374378;1;57337;
7;895;887152;17119;0;56.149155;40.375202;194.600006;237.382568;56.148861;40.374378;1;8342;
7;896;888148;17120;0;56.149155;40.375206;194.500000;237.502640;56.148861;40.374378;1;41594;
7;897;889151;17121;0;56.149151;40.375210;194.199997;237.959671;56.148861;40.374378;1;4700;
7;898;890161;17122;0;56.149151;40.375210;194.000000;237.959671;56.148861;40.374378;1;4050;
7;899;891171;17123;0;56.149155;40.375210;193.800003;237.621918;56.148861;40.374378;1;48472;
7;900;892170;17124;0;56.149155;40.375214;193.699997;237.740356;56.148861;40.374378;1;24472;
7;901;893169;17125;0;56.149151;40.375214;193.600006;238.077484;56.148861;40.374378;1;4256;
7;902;894167;17126;0;56.149151;40.375217;193.500000;238.194504;56.148861;40.374378;1;2450;
7;903;895144;17127;0;56.149147;40.375225;193.100006;238.763824;56.148861;40.374378;1;19213;
7;904;896139;17128;0;56.149143;40.375225;192.600006;239.103745;56.148861;40.374378;1;23524;
7;905;897135;17129;0;56.149143;40.375229;192.500000;239.217072;56.148861;40.374378;1;53793;
7;906;898142;17130;0;56.149139;40.375233;192.500000;239.670563;56.148861;40.374378;1;35420;
7;907;899152;17131;0;56.149139;40.375237;192.399994;239.781708;56.148861;40.374378;1;25193;
7;908;900146;17132;0;56.149136;40.375248;192.500000;240.450958;56.148861;40.374378;1;9720;
7;909;901148;17133;0;56.149136;40.375252;192.500000;240.558456;56.148861;40.374378;1;24043;
7;910;902146;17134;0;56.149132;40.375256;192.500000;241.006195;56.148861;40.374378;1;43230;
7;911;903149;17135;0;56.149132;40.375259;192.500000;241.111481;56.148861;40.374378;1;257;
7;912;904147;17136;0;56.149124;40.375275;192.300003;242.206345;56.148861;40.374378;1;58055;
7;913;905117;17137;0;56.149124;40.375278;192.300003;242.306580;56.148861;40.374378;1;51026;
7;914;906123;17138;0;56.149124;40.375282;192.300003;242.406143;56.148861;40.374378;1;8217;
7;915;907132;17139;0;56.149124;40.375286;192.300003;242.505096;56.148861;40.374378;1;32902;
7;916;908131;17140;0;56.149120;40.375305;192.300003;243.326981;56.148861;40.374378;1;64565;
7;917;909133;17141;0;56.149120;40.375324;192.100006;243.792267;56.148861;40.374378;1;23089;
7;918;910129;17142;0;56.149120;40.375343;192.100006;244.242630;56.148861;40.374378;1;28626;
7;919;911129;17143;0;56.149113;40.375355;191.600006;245.164307;56.148861;40.374378;1;19461;
7;920;912127;17144;0;56.149109;40.375370;191.300003;245.829666;56.148861;40.374378;1;30493;
7;921;913122;17145;0;56.149101;40.375381;191.300003;246.731094;56.148861;40.374378;1;44711;
7;922;914361;17146;0;56.149090;40.375389;191.000000;247.880432;56.148861;40.374378;1;14558;
7;923;915340;17147;0;56.149090;40.375401;191.500000;248.104523;56.148861;40.374378;1;36441;
7;924;916338;17148;0;56.149086;40.375404;191.399994;248.508575;56.148861;40.374378;1;18295;
7;925;917337;17149;0;56.149086;40.375408;191.399994;248.580933;56.148861;40.374378;1;12413;
7;926;918336;17150;0;56.149078;40.375420;191.399994;249.453171;56.148861;40.374378;1;25945;
7;927;919334;17151;0;56.149071;40.375435;190.600006;250.381760;56.148861;40.374378;1;50962;
7;928;920335;17152;0;56.149063;40.375446;190.000000;251.232224;56.148861;40.374378;1;23173;
7;929;921334;17153;0;56.149055;40.375458;189.199997;252.073029;56.148861;40.374378;1;58307;
7;930;922348;17154;0;56.149048;40.375469;189.000000;252.904022;56.148861;40.374378;1;30454;
7;931;923345;17155;0;56.149040;40.375488;188.399994;253.831009;56.148861;40.374378;1;58143;
7;932;924343;17156;0;56.149029;40.375500;187.899994;254.961853;56.148861;40.374378;1;22433;
7;933;925314;17157;0;56.149025;40.375515;189.000000;255.477722;56.148861;40.374378;1;22103;
7;934;926317;17158;0;56.149014;40.375530;189.399994;256.625244;56.148861;40.374378;1;40405;
7;935;927316;17159;0;56.149006;40.375553;190.000000;257.511810;56.148861;40.374378;1;11198;
7;936;928314;17160;0;56.148991;40.375576;190.000000;259.000153;56.148861;40.374378;1;7537;
7;937;929318;17161;0;56.148979;40.375595;190.100006;260.104462;56.148861;40.374378;1;12854;
7;938;930327;17162;0;56.148972;40.375614;190.600006;260.872101;56.148861;40.374378;1;14266;
7;939;931326;17163;0;56.148968;40.375633;191.399994;261.313812;56.148861;40.374378;1;49934;
7;940;932328;17164;0;56.148956;40.375656;191.699997;262.369965;56.148861;40.374378;1;60327;
7;941;933327;17165;0;56.148945;40.375671;191.899994;263.355347;56.148861;40.374378;1;58318;
7;942;934325;17166;0;56.148933;40.375687;192.100006;264.321533;56.148861;40.374378;1;58475;
7;943;935299;17167;0;56.148918;40.375706;191.800003;265.575836;56.148861;40.374378;1;7167;
7;944;936294;17168;0;56.148903;40.375729;191.600006;266.807709;56.148861;40.374378;1;51901;
7;945;937302;17169;0;56.148888;40.375751;191.500000;268.001373;56.148861;40.374378;1;9057;
7;946;938312;17170;0;56.148876;40.375774;191.899994;268.876587;56.148861;40.374378;1;23304;
7;947;939306;17171;0;56.148865;40.375790;192.199997;269.722595;56.148861;40.374378;1;40629;
7;948;940307;17172;0;56.148853;40.375805;192.399994;270.550629;56.148861;40.374378;1;12641;
7;949;941306;17173;0;56.148849;40.375820;192.899994;270.816864;56.148861;40.374378;1;49171;
7;950;942305;17174;0;56.148834;40.375832;192.600006;271.889709;56.148861;40.374378;1;18751;
7;951;943305;17175;0;56.148834;40.375835;192.699997;271.884766;56.148861;40.374378;1;25749;
7;952;944301;17176;0;56.148830;40.375839;192.600006;272.148071;56.148861;40.374378;1;529;
7;953;945279;17177;0;56.148827;40.375843;192.500000;272.409912;56.148861;40.374378;1;53781;
7;954;946290;17178;0;56.148819;40.375851;192.199997;272.929260;56.148861;40.374378;1;64094;
7;955;947284;17179;0;56.148815;40.375862;192.199997;273.170380;56.148861;40.374378;1;52669;
7;956;948293;17180;0;56.148804;40.375877;192.199997;273.920380;56.148861;40.374378;1;2338;
7;957;949288;17181;0;56.148796;40.375885;192.199997;274.418640;56.148861;40.374378;1;23944;
7;958;950282;17182;0;56.148788;40.375893;192.199997;274.911255;56.148861;40.374378;1;23892;
7;959;951284;17183;0;56.148788;40.375896;192.100006;274.898956;56.148861;40.374378;1;55562;
7;960;952280;17184;0;56.148788;40.375900;192.100006;274.886749;56.148861;40.374378;1;62460;
7;961;953279;17185;0;56.148788;40.375900;192.100006;274.886749;56.148861;40.374378;1;50613;
7;962;954295;17186;0;56.148788;40.375904;192.000000;274.874603;56.148861;40.374378;1;37945;
7;963;955266;17187;0;56.148785;40.375904;191.899994;275.129791;56.148861;40.374378;1;10843;
7;964;956272;17188;0;56.148785;40.375904;191.800003;275.129791;56.148861;40.374378;1;47790;
7;965;957266;17189;0;56.148785;40.375908;191.800003;275.117065;56.148861;40.374378;1;6139;
7;966;958265;17190;0;56.148785;40.375908;191.800003;275.117065;56.148861;40.374378;1;3750;
7;967;959267;17191;0;56.148785;40.375904;191.699997;275.129791;56.148861;40.374378;1;44324;
7;968;960267;17192;0;56.148785;40.375904;191.500000;275.129791;56.148861;40.374378;1;21826;
7;969;961265;17193;0;56.148785;40.375904;191.300003;275.129791;56.148861;40.374378;1;35723;
7;970;962278;17194;0;56.148785;40.375904;191.199997;275.129791;56.148861;40.374378;1;17575;
7;971;963273;17195;0;56.148785;40.375900;190.899994;275.142578;56.148861;40.374378;1;37959;
7;972;964275;17196;0;56.148781;40.375900;189.600006;275.398193;56.148861;40.374378;1;62008;
7;973;965253;17197;0;56.148773;40.375900;188.600006;275.908752;56.148861;40.374378;1;39653;
7;974;966251;17198;0;56.148773;40.375900;188.600006;275.908752;56.148861;40.374378;1;27873;
7;975;967247;17199;0;56.148773;40.375900;188.600006;275.908752;56.148861;40.374378;1;40631;
7;976;968248;17200;0;56.148773;40.375900;188.600006;275.908752;56.148861;40.374378;1;37344;
7;977;969245;17201;0;56.148773;40.375900;188.600006;275.908752;56.148861;40.374378;1;43552;
7;978;970255;17202;0;56.148773;40.375904;188.500000;275.894104;56.148861;40.374378;1;36513;
7;979;971261;17203;0;56.148777;40.375904;188.500000;275.639557;56.148861;40.374378;1;23150;
7;980;972259;17204;0;56.148777;40.375904;188.600006;275.639557;56.148861;40.374378;1;13093;
7;981;973257;17205;0;56.148781;40.375904;189.000000;275.384766;56.148861;40.374378;1;54958;
7;982;974256;17206;0;56.148785;40.375904;189.500000;275.129791;56.148861;40.374378;1;4187;
7;983;975231;17207;0;56.148785;40.375900;189.899994;275.142578;56.148861;40.374378;1;62777;
7;984;976231;17208;0;56.148788;40.375900;190.199997;274.886749;56.148861;40.374378;1;31718;
7;985;977228;17209;0;56.148788;40.375900;190.600006;274.886749;56.148861;40.374378;1;53008;
7;986;978240;17210;0;56.148788;40.375900;191.000000;274.886749;56.148861;40.374378;1;49316;
7;987;979242;17211;0;56.148792;40.375904;191.399994;274.619202;56.148861;40.374378;1;20536;
7;988;980240;17212;0;56.148792;40.375904;191.699997;274.619202;56.148861;40.374378;1;51743;
7;989;981235;17213;0;56.148792;40.375904;191.800003;274.619202;56.148861;40.374378;1;4474;
7;990;982241;17214;0;56.148792;40.375904;191.800003;274.619202;56.148861;40.374378;1;5165;
7;991;983240;17215;0;56.148792;40.375904;191.800003;274.619202;56.148861;40.374378;1;46272;
7;992;984234;17216;0;56.148792;40.375904;191.800003;274.619202;56.148861;40.374378;1;21657;
7;993;985213;17217;0;56.148792;40.375904;191.800003;274.619202;56.148861;40.374378;1;22349;
7;994;986222;17218;0;56.148792;40.375904;191.800003;274.619202;56.148861;40.374378;1;42577;
7;995;987227;17219;0;56.148792;40.375904;191.800003;274.619202;56.148861;40.374378;1;40092;
7;996;988227;17220;0;56.148792;40.375904;191.800003;274.619202;56.148861;40.374378;1;15961;
7;997;989222;17221;0;56.148792;40.375904;191.800003;274.619202;56.148861;40.374378;1;61607;
7;998;990222;17222;0;56.148788;40.375904;191.800003;274.874603;56.148861;40.374378;1;61491;
7;999;991220;17223;0;56.148788;40.375904;191.800003;274.874603;56.148861;40.374378;1;51757;
7;1000;992216;17224;0;56.148788;40.375904;191.800003;274.874603;56.148861;40.374378;1;56204;
7;1001;993220;17225;0;56.148788;40.375904;191.800003;274.874603;56.148861;40.374378;1;21329;
7;1002;994230;17226;0;56.148788;40.375904;191.800003;274.874603;56.148861;40.374378;1;33678;
7;1003;995208;17227;0;56.148788;40.375904;191.800003;274.874603;56.148861;40.374378;1;35195;
7;1004;996206;17228;0;56.148788;40.375904;191.800003;274.874603;56.148861;40.374378;1;52769;
7;1005;997202;17229;0;56.148788;40.375904;191.800003;274.874603;56.148861;40.374378;1;15459;
7;1006;998212;17230;0;56.148788;40.375904;191.699997;274.874603;56.148861;40.374378;1;23853;
7;1007;999217;17231;0;56.148788;40.375904;191.600006;274.874603;56.148861;40.374378;1;12453;
7;1008;1000216;17232;0;56.148785;40.375904;191.500000;275.129791;56.148861;40.374378;1;1792;
7;1009;1001214;17233;0;56.148785;40.375904;191.500000;275.129791;56.148861;40.374378;1;19511;
7;1010;1002227;17234;0;56.148785;40.375904;191.399994;275.129791;56.148861;40.374378;1;48550;
7;1011;1003227;17235;0;56.148785;40.375904;191.399994;275.129791;56.148861;40.374378;1;7156;
7;1012;1004229;17236;0;56.148785;40.375904;191.399994;275.129791;56.148861;40.374378;1;20146;
7;1013;1005199;17237;0;56.148785;40.375904;191.399994;275.129791;56.148861;40.374378;1;40950;
7;1014;1006202;17238;0;56.148785;40.375904;191.399994;275.129791;56.148861;40.374378;1;22727;
7;1015;1007201;17239;0;56.148785;40.375904;191.500000;275.129791;56.148861;40.374378;1;6421;
7;1016;1008202;17240;0;56.148785;40.375904;191.500000;275.129791;56.148861;40.374378;1;58631;
7;1017;1009213;17241;0;56.148785;40.375904;191.399994;275.129791;56.148861;40.374378;1;6276;
7;1018;1010228;17242;0;56.148781;40.375912;191.199997;275.358154;56.148861;40.374378;1;14019;
7;1019;1011227;17243;0;56.148777;40.375927;190.899994;275.556763;56.148861;40.374378;1;33417;
7;1020;1012225;17244;0;56.148766;40.375942;190.600006;276.247620;56.148861;40.374378;1;4715;
7;1021;1013228;17245;0;56.148754;40.375957;190.600006;276.923340;56.148861;40.374378;1;43598;
7;1022;1014223;17246;0;56.148743;40.375973;190.699997;277.584290;56.148861;40.374378;1;39873;
7;1023;1015201;17247;0;56.148735;40.375984;190.399994;278.010559;56.148861;40.374378;1;1231;
7;1024;1016199;17248;0;56.148727;40.375999;190.399994;278.410400;56.148861;40.374378;1;7647;
7;1025;1017198;17249;0;56.148720;40.376019;190.699997;278.781830;56.148861;40.374378;1;34614;
7;1026;1018211;17250;0;56.148705;40.376026;189.800003;279.669830;56.148861;40.374378;1;22009;
7;1027;1019209;17251;0;56.148693;40.376034;189.399994;280.315765;56.148861;40.374378;1;61995;
7;1028;1020212;17252;0;56.148685;40.376041;189.100006;280.725616;56.148861;40.374378;1;29046;
7;1029;1021212;17253;0;56.148678;40.376053;188.899994;281.105927;56.148861;40.374378;1;20021;
7;1030;1022208;17254;0;56.148666;40.376068;188.699997;281.677734;56.148861;40.374378;1;24835;
7;1031;1023206;17255;0;56.148663;40.376083;188.899994;281.796753;56.148861;40.374378;1;24157;
7;1032;1024204;17256;0;56.148663;40.376083;188.600006;281.796753;56.148861;40.374378;1;43199;
7;1033;1025179;17257;0;56.148659;40.376083;188.500000;282.017059;56.148861;40.374378;1;25599;
7;1034;1026195;17258;0;56.148659;40.376083;188.399994;282.017059;56.148861;40.374378;1;34666;
7;1035;1027191;17259;0;56.148651;40.376095;188.600006;282.376129;56.148861;40.374378;1;53428;
7;1036;1028190;17260;0;56.148640;40.376110;188.699997;282.917755;56.148861;40.374378;1;8175;
7;1037;1029192;17261;0;56.148632;40.376125;188.699997;283.235046;56.148861;40.374378;1;59012;
7;1038;1030186;17262;0;56.148624;40.376141;188.899994;283.546051;56.148861;40.374378;1;64820;
7;1039;1031188;17263;0;56.148621;40.376160;189.100006;283.614502;56.148861;40.374378;1;51888;
7;1040;1032190;17264;0;56.148613;40.376171;189.000000;283.943848;56.148861;40.374378;1;36083;
7;1041;1033185;17265;0;56.148605;40.376179;188.899994;284.297058;56.148861;40.374378;1;60426;
7;1042;1034198;17266;0;56.148605;40.376183;188.800003;284.268066;56.148861;40.374378;1;19426;
7;1043;1035173;17267;0;56.148602;40.376183;188.199997;284.472137;56.148861;40.374378;1;60368;
7;1044;1036183;17268;0;56.148602;40.376183;188.100006;284.472137;56.148861;40.374378;1;21890;
7;1045;1037228;17269;0;56.148602;40.376186;188.100006;284.442871;56.148861;40.374378;1;17596;
7;1046;1038223;17270;0;56.148602;40.376186;188.000000;284.442871;56.148861;40.374378;1;43030;
7;1047;1039219;17271;0;56.148602;40.376186;188.000000;284.442871;56.148861;40.374378;1;3870;
7;1048;1040223;17272;0;56.148602;40.376186;188.000000;284.442871;56.148861;40.374378;1;34881;
7;1049;1041232;17273;0;56.148602;40.376190;188.000000;284.413727;56.148861;40.374378;1;58709;
7;1050;1042231;17274;0;56.148602;40.376190;187.899994;284.413727;56.148861;40.374378;1;37843;
7;1051;1043234;17275;0;56.148602;40.376194;187.899994;284.384735;56.148861;40.374378;1;53864;
7;1052;1044209;17276;0;56.148602;40.376194;187.899994;284.384735;56.148861;40.374378;1;35020;
7;1053;1045207;17277;0;56.148602;40.376198;188.199997;284.355804;56.148861;40.374378;1;3385;
7;1054;1046206;17278;0;56.148605;40.376198;188.500000;284.153259;56.148861;40.374378;1;44517;
7;1055;1047204;17279;0;56.148602;40.376190;188.000000;284.413727;56.148861;40.374378;1;51412;
7;1056;1048210;17280;0;56.148602;40.376186;189.399994;284.442871;56.148861;40.374378;1;1796;
7;1057;1049220;17281;0;56.148602;40.376179;189.899994;284.501495;56.148861;40.374378;1;54144;
7;1058;1050219;17282;0;56.148605;40.376179;191.500000;284.297058;56.148861;40.374378;1;12796;
7;1059;1051223;17283;0;56.148609;40.376175;192.399994;284.120941;56.148861;40.374378;1;55241;
7;1060;1052218;17284;0;56.148605;40.376171;192.100006;284.355377;56.148861;40.374378;1;3928;
7;1061;1053220;17285;0;56.148605;40.376175;192.000000;284.326141;56.148861;40.374378;1;8925;
7;1062;1054194;17286;0;56.148602;40.376175;191.899994;284.530975;56.148861;40.374378;1;1945;
7;1063;1055193;17287;0;56.148594;40.376175;192.399994;284.939484;56.148861;40.374378;1;38034;
7;1064;1056193;17288;0;56.148594;40.376175;192.300003;284.939484;56.148861;40.374378;1;20614;
7;1065;1057203;17289;0;56.148594;40.376175;192.300003;284.939484;56.148861;40.374378;1;2627;
7;1066;1058204;17290;0;56.148590;40.376175;192.300003;285.143158;56.148861;40.374378;1;55978;
7;1067;1059208;17291;0;56.148590;40.376179;192.300003;285.112549;56.148861;40.374378;1;53528;
7;1068;1060202;17292;0;56.148590;40.376179;192.300003;285.112549;56.148861;40.374378;1;39286;
7;1069;1061201;17293;0;56.148586;40.376179;192.300003;285.315460;56.148861;40.374378;1;34452;
7;1070;1062203;17294;0;56.148586;40.376179;192.300003;285.315460;56.148861;40.374378;1;27522;
7;1071;1063197;17295;0;56.148586;40.376183;192.199997;285.284607;56.148861;40.374378;1;15060;
7;1072;1064174;17296;0;56.148586;40.376183;192.199997;285.284607;56.148861;40.374378;1;2000;
7;1073;1065187;17297;0;56.148586;40.376183;192.300003;285.284607;56.148861;40.374378;1;30354;
7;1074;1066190;17298;0;56.148582;40.376179;192.399994;285.517975;56.148861;40.374378;1;40785;
7;1075;1067193;17299;0;56.148582;40.376179;192.500000;285.517975;56.148861;40.374378;1;14587;
7;1076;1068196;17300;0;56.148586;40.376179;192.500000;285.315460;56.148861;40.374378;1;18355;
7;1077;1069198;17301;0;56.148586;40.376179;192.600006;285.315460;56.148861;40.374378;1;9563;
7;1078;1070198;17302;0;56.148586;40.376179;192.699997;285.315460;56.148861;40.374378;1;13304;
7;1079;1071193;17303;0;56.148586;40.376179;192.500000;285.315460;56.148861;40.374378;1;48198;
7;1080;1072192;17304;0;56.148586;40.376175;191.899994;285.346436;56.148861;40.374378;1;50834;
7;1081;1073206;17305;0;56.148594;40.376171;191.800003;284.969849;56.148861;40.374378;1;46701;
7;1082;1074184;17306;0;56.148594;40.376171;192.100006;284.969849;56.148861;40.374378;1;50974;
7;1083;1075181;17307;0;56.148598;40.376171;192.199997;284.765411;56.148861;40.374378;1;25990;
7;1084;1076179;17308;0;56.148598;40.376175;192.199997;284.735413;56.148861;40.374378;1;32933;
7;1085;1077181;17309;0;56.148579;40.376183;191.600006;285.688507;56.148861;40.374378;1;14397;
7;1086;1078179;17310;0;56.148560;40.376190;191.000000;286.624847;56.148861;40.374378;1;24328;
7;1087;1079178;17311;0;56.148556;40.376190;190.899994;286.823456;56.148861;40.374378;1;42671;
7;1088;1080178;17312;0;56.148556;40.376190;191.000000;286.823456;56.148861;40.374378;1;43837;
7;1089;1081195;17313;0;56.148556;40.376190;191.100006;286.823456;56.148861;40.374378;1;58514;
7;1090;1082193;17314;0;56.148556;40.376190;191.100006;286.823456;56.148861;40.374378;1;56356;
7;1091;1083187;17315;0;56.148563;40.376186;190.399994;286.458618;56.148861;40.374378;1;17960;
7;1092;1084162;17316;0;56.148567;40.376179;189.600006;286.324036;56.148861;40.374378;1;56287;
7;1093;1085164;17317;0;56.148575;40.376175;189.000000;285.953888;56.148861;40.374378;1;58693;
7;1094;1086167;17318;0;56.148575;40.376175;189.300003;285.953888;56.148861;40.374378;1;4875;
7;1095;1087165;17319;0;56.148575;40.376175;189.399994;285.953888;56.148861;40.374378;1;54548;
7;1096;1088161;17320;0;56.148575;40.376179;189.500000;285.921814;56.148861;40.374378;1;11547;
7;1097;1089178;17321;0;56.148575;40.376179;189.600006;285.921814;56.148861;40.374378;1;57500;
7;1098;1090177;17322;0;56.148579;40.376167;188.199997;285.815643;56.148861;40.374378;1;15372;
7;1099;1091175;17323;0;56.148582;40.376160;187.000000;285.675964;56.148861;40.374378;1;919;
7;1100;1092178;17324;0;56.148586;40.376160;187.199997;285.471588;56.148861;40.374378;1;3588;
7;1101;1093176;17325;0;56.148586;40.376160;187.399994;285.471588;56.148861;40.374378;1;5988;
7;1102;1094151;17326;0;56.148586;40.376163;187.699997;285.440125;56.148861;40.374378;1;59259;
7;1103;1095149;17327;0;56.148586;40.376163;187.699997;285.440125;56.148861;40.374378;1;52542;
7;1104;1096148;17328;0;56.148598;40.376160;187.699997;284.856079;56.148861;40.374378;1;5838;
7;1105;1097166;17329;0;56.148609;40.376160;187.800003;284.237000;56.148861;40.374378;1;29728;
7;1106;1098164;17330;0;56.148624;40.376156;188.000000;283.434021;56.148861;40.374378;1;29734;
7;1107;1099161;17331;0;56.148636;40.376163;188.300003;282.753021;56.148861;40.374378;1;39303;
7;1108;1100163;17332;0;56.148647;40.376163;188.600006;282.124268;56.148861;40.374378;1;7506;
7;1109;1101161;17333;0;56.148651;40.376163;188.199997;281.914032;56.148861;40.374378;1;63929;
7;1110;1102164;17334;0;56.148655;40.376163;187.899994;281.703461;56.148861;40.374378;1;32728;
7;1111;1103162;17335;0;56.148659;40.376160;187.399994;281.516510;56.148861;40.374378;1;37680;
7;1112;1104137;17336;0;56.148659;40.376156;186.800003;281.540558;56.148861;40.374378;1;27827;
7;1113;1105150;17337;0;56.148659;40.376148;186.300003;281.588959;56.148861;40.374378;1;792;
7;1114;1106146;17338;0;56.148655;40.376141;185.899994;281.851166;56.148861;40.374378;1;2611;
7;1115;1107146;17339;0;56.148655;40.376133;186.000000;281.901215;56.148861;40.374378;1;26388;
7;1116;1108151;17340;0;56.148651;40.376122;185.800003;282.192291;56.148861;40.374378;1;37734;
7;1117;1109145;17341;0;56.148655;40.376114;185.399994;282.028198;56.148861;40.374378;1;56068;
7;1118;1110145;17342;0;56.148655;40.376099;184.699997;282.131714;56.148861;40.374378;1;434;
7;1119;1111146;17343;0;56.148655;40.376087;184.399994;282.210510;56.148861;40.374378;1;21731;
7;1120;1112140;17344;0;56.148659;40.376076;183.800003;282.069458;56.148861;40.374378;1;44988;
7;1121;1113157;17345;0;56.148663;40.376072;183.300003;281.874176;56.148861;40.374378;1;10468;
7;1122;1114131;17346;0;56.148666;40.376064;183.000000;281.703400;56.148861;40.374378;1;51884;
7;1123;1115130;17347;0;56.148670;40.376057;183.199997;281.530884;56.148861;40.374378;1;39339;
7;1124;1116131;17348;0;56.148678;40.376053;183.300003;281.105927;56.148861;40.374378;1;9953;
7;1125;1117127;17349;0;56.148678;40.376057;183.300003;281.081299;56.148861;40.374378;1;15559;
7;1126;1118126;17350;0;56.148674;40.376057;183.300003;281.306274;56.148861;40.374378;1;41379;
7;1127;1119129;17351;0;56.148674;40.376053;183.300003;281.331360;56.148861;40.374378;1;27507;
7;1128;1120124;17352;0;56.148682;40.376038;182.199997;280.977753;56.148861;40.374378;1;18714;
7;1129;1121136;17353;0;56.148678;40.376026;180.600006;281.281281;56.148861;40.374378;1;43027;
7;1130;1122134;17354;0;56.148670;40.376019;178.899994;281.791595;56.148861;40.374378;1;58514;
7;1131;1123132;17355;0;56.148663;40.376007;177.800003;282.332672;56.148861;40.374378;1;26788;
7;1132;1124139;17356;0;56.148655;40.375992;176.500000;282.908569;56.148861;40.374378;1;29766;
7;1133;1125110;17357;0;56.148651;40.375973;175.699997;283.290985;56.148861;40.374378;1;26942;
7;1134;1126108;17358;0;56.148655;40.375954;175.500000;283.210236;56.148861;40.374378;1;9253;
7;1135;1127109;17359;0;56.148651;40.375938;174.800003;283.572693;56.148861;40.374378;1;59460;
7;1136;1128104;17360;0;56.148655;40.375919;174.199997;283.493866;56.148861;40.374378;1;17349;
7;1137;1129121;17361;0;56.148651;40.375908;173.800003;283.833160;56.148861;40.374378;1;50605;
7;1138;1130125;17362;0;56.148651;40.375893;173.000000;283.967102;56.148861;40.374378;1;26737;
7;1139;1131124;17363;0;56.148655;40.375877;172.100006;283.857147;56.148861;40.374378;1;24741;
7;1140;1132122;17364;0;56.148659;40.375862;171.600006;283.744843;56.148861;40.374378;1;20699;
7;1141;1133116;17365;0;56.148663;40.375847;170.699997;283.630066;56.148861;40.374378;1;39942;
7;1142;1134118;17366;0;56.148666;40.375835;169.600006;283.478699;56.148861;40.374378;1;64090;
7;1143;1135096;17367;0;56.148666;40.375820;168.699997;283.616028;56.148861;40.374378;1;30230;
7;1144;1136091;17368;0;56.148670;40.375809;167.699997;283.461700;56.148861;40.374378;1;4316;
7;1145;1137105;17369;0;56.148674;40.375797;166.600006;283.304688;56.148861;40.374378;1;35139;
7;1146;1138107;17370;0;56.148682;40.375782;166.000000;282.914124;56.148861;40.374378;1;38888;
7;1147;1139105;17371;0;56.148689;40.375767;165.600006;282.513702;56.148861;40.374378;1;12595;
7;1148;1140108;17372;0;56.148697;40.375759;165.300003;282.038208;56.148861;40.374378;1;62178;
7;1149;1141103;17373;0;56.148693;40.375759;165.399994;282.309692;56.148861;40.374378;1;19391;
7;1150;1142105;17374;0;56.148697;40.375755;165.600006;282.070557;56.148861;40.374378;1;54816;
7;1151;1143104;17375;0;56.148697;40.375755;165.699997;282.070557;56.148861;40.374378;1;59778;
7;1152;1144098;17376;0;56.148705;40.375736;162.699997;281.681976;56.148861;40.374378;1;49477;
7;1153;1145088;17377;0;56.148708;40.375717;160.699997;281.562714;56.148861;40.374378;1;35572;
7;1154;1146090;17378;0;56.148708;40.375710;159.399994;281.627167;56.148861;40.374378;1;10278;
7;1155;1147091;17379;0;56.148708;40.375710;158.000000;281.627167;56.148861;40.374378;1;55440;
7;1156;1148089;17380;0;56.148708;40.375706;156.199997;281.659668;56.148861;40.374378;1;63880;
7;1157;1149087;17381;0;56.148716;40.375694;155.699997;281.185547;56.148861;40.374378;1;44668;
7;1158;1150085;17382;0;56.148720;40.375675;154.300003;281.054688;56.148861;40.374378;1;7962;
7;1159;1151086;17383;0;56.148720;40.375660;152.899994;281.182983;56.148861;40.374378;1;5343;
7;1160;1152081;17384;0;56.148720;40.375645;151.000000;281.314240;56.148861;40.374378;1;28751;
7;1161;1153102;17385;0;56.148712;40.375633;148.899994;282.014191;56.148861;40.374378;1;59799;
7;1162;1154097;17386;0;56.148705;40.375614;146.699997;282.799286;56.148861;40.374378;1;54655;
7;1163;1155072;17387;0;56.148701;40.375599;145.300003;283.258789;56.148861;40.374378;1;28276;
7;1164;1156070;17388;0;56.148708;40.375591;145.300003;282.725189;56.148861;40.374378;1;28317;
7;1165;1157072;17389;0;56.148724;40.375587;145.500000;281.523621;56.148861;40.374378;1;52763;
7;1166;1158028;17390;0;56.148735;40.375580;145.000000;280.651672;56.148861;40.374378;1;47963;
7;1167;1159030;17391;0;56.148735;40.375576;145.199997;280.684814;56.148861;40.374378;1;28512;
7;1168;1160026;17392;0;56.148735;40.375572;145.500000;280.718170;56.148861;40.374378;1;24573;
7;1169;1161028;17393;0;56.148735;40.375568;145.600006;280.751709;56.148861;40.374378;1;27927;
7;1170;1162005;17394;0;56.148746;40.375557;145.000000;279.887390;56.148861;40.374378;1;28135;
7;1171;1163014;17395;0;56.148773;40.375549;146.100006;277.660492;56.148861;40.374378;1;64918;
7;1172;1164016;17396;0;56.148785;40.375546;145.800003;276.692627;56.148861;40.374378;1;3969;
7;1173;1165014;17397;0;56.148785;40.375542;145.899994;276.714355;56.148861;40.374378;1;11687;
7;1174;1166010;17398;0;56.148785;40.375542;146.100006;276.714355;56.148861;40.374378;1;38543;
7;1175;1167010;17399;0;56.148777;40.375534;143.699997;277.426849;56.148861;40.374378;1;60769;
7;1176;1168008;17400;0;56.148777;40.375523;143.000000;277.500275;56.148861;40.374378;1;12077;
7;1177;1169012;17401;0;56.148781;40.375507;142.100006;277.258759;56.148861;40.374378;1;57821;
7;1178;1170010;17402;0;56.148785;40.375492;141.199997;277.010345;56.148861;40.374378;1;62782;
7;1179;1171019;17403;0;56.148785;40.375473;140.399994;277.131195;56.148861;40.374378;1;59811;
7;1180;1171998;17404;0;56.148792;40.375454;139.100006;276.537323;56.148861;40.374378;1;1655;
7;1181;1172996;17405;0;56.148804;40.375431;138.600006;275.572906;56.148861;40.374378;1;25026;
7;1182;1173990;17406;0;56.148811;40.375408;137.600006;274.940582;56.148861;40.374378;1;56351;
7;1183;1174991;17407;0;56.148808;40.375389;136.399994;275.418213;56.148861;40.374378;1;36531;
7;1184;1175989;17408;0;56.148808;40.375366;135.399994;275.542938;56.148861;40.374378;1;42544;
7;1185;1176988;17409;0;56.148819;40.375340;135.800003;274.481079;56.148861;40.374378;1;30833;
7;1186;1177996;17410;0;56.148823;40.375313;135.300003;274.191193;56.148861;40.374378;1;55997;
7;1187;1179009;17411;0;56.148823;40.375286;134.800003;274.313965;56.148861;40.374378;1;27821;
7;1188;1180014;17412;0;56.148823;40.375259;135.199997;274.444153;56.148861;40.374378;1;5174;
7;1189;1181009;17413;0;56.148823;40.375237;135.300003;274.562164;56.148861;40.374378;1;41509;
7;1190;1181979;17414;0;56.148827;40.375214;135.399994;274.219757;56.148861;40.374378;1;6309;
7;1191;1182981;17415;0;56.148830;40.375187;135.500000;273.875854;56.148861;40.374378;1;46203;
7;1192;1183983;17416;0;56.148834;40.375160;135.699997;273.508179;56.148861;40.374378;1;55949;
7;1193;1184977;17417;0;56.148838;40.375134;135.800003;273.114166;56.148861;40.374378;1;30951;
7;1194;1185979;17418;0;56.148846;40.375107;136.800003;272.153381;56.148861;40.374378;1;11412;
7;1195;1186993;17419;0;56.148846;40.375084;137.300003;272.223145;56.148861;40.374378;1;30753;
7;1196;1187994;17420;0;56.148846;40.375061;137.399994;272.297546;56.148861;40.374378;1;16621;
7;1197;1189005;17421;0;56.148849;40.375042;137.699997;271.773132;56.148861;40.374378;1;30730;
7;1198;1190000;17422;0;56.148853;40.375023;137.899994;271.217346;56.148861;40.374378;1;21272;
7;1199;1191006;17423;0;56.148857;40.375000;138.399994;270.631256;56.148861;40.374378;1;43900;
7;1200;1191977;17424;0;56.148861;40.374981;138.600006;270.000244;56.148861;40.374378;1;60642;
7;1201;1192975;17425;0;56.148865;40.374962;138.800003;269.328003;56.148861;40.374378;1;25644;
7;1202;1193973;17426;0;56.148869;40.374935;139.199997;268.591492;56.148861;40.374378;1;29715;
7;1203;1194992;17427;0;56.148872;40.374905;139.699997;267.765289;56.148861;40.374378;1;2139;
7;1204;1195993;17428;0;56.148880;40.374882;140.100006;266.110077;56.148861;40.374378;1;48736;
7;1205;1196988;17429;0;56.148895;40.374855;142.800003;262.635284;56.148861;40.374378;1;28416;
7;1206;1197986;17430;0;56.148903;40.374832;143.899994;260.578094;56.148861;40.374378;1;60095;
7;1207;1198989;17431;0;56.148907;40.374813;145.199997;259.299133;56.148861;40.374378;1;10439;
7;1208;1199987;17432;0;56.148911;40.374794;146.500000;259.299133;56.148861;40.374378;1;57937;
7;1209;1200987;17433;0;56.148914;40.374771;147.300003;256.287445;56.148861;40.374378;1;40841;
7;1210;1201965;17434;0;56.148918;40.374752;147.699997;256.287445;56.148861;40.374378;1;54447;
7;1211;1202975;17435;0;56.148918;40.374733;148.500000;254.635727;56.148861;40.374378;1;18259;
7;1212;1203973;17436;0;56.148918;40.374706;149.100006;252.613846;56.148861;40.374378;1;47986;
7;1213;1204972;17437;0;56.148922;40.374687;149.199997;250.475021;56.148861;40.374378;1;19673;
7;1214;1205975;17438;0;56.148922;40.374664;149.100006;249.044220;56.148861;40.374378;1;56954;
7;1215;1206977;17439;0;56.148930;40.374641;150.000000;244.905670;56.148861;40.374378;1;58414;
7;1216;1207971;17440;0;56.148933;40.374619;150.500000;241.568604;56.148861;40.374378;1;55240;
7;1217;1208972;17441;0;56.148937;40.374599;150.699997;238.241287;56.148861;40.374378;1;2052;
7;1218;1209974;17442;0;56.148941;40.374580;151.000000;238.241287;56.148861;40.374378;1;59531;
7;1219;1210987;17443;0;56.148941;40.374561;150.699997;234.575378;56.148861;40.374378;1;49341;
7;1220;1211966;17444;0;56.148945;40.374542;151.100006;231.853912;56.148861;40.374378;1;54587;
7;1221;1212960;17445;0;56.148949;40.374519;151.100006;227.433395;56.148861;40.374378;1;7348;
7;1222;1213957;17446;0;56.148949;40.374493;151.300003;221.862259;56.148861;40.374378;1;39908;
7;1223;1214960;17447;0;56.148949;40.374466;151.300003;209.121292;56.148861;40.374378;1;43238;
7;1224;1215954;17448;0;56.148952;40.374435;151.300003;209.121292;56.148861;40.374378;1;57585;
7;1225;1216961;17449;0;56.148956;40.374409;151.199997;190.099762;56.148861;40.374378;1;43105;
7;1226;1217959;17450;0;56.148964;40.374386;151.300003;182.357956;56.148861;40.374378;1;53032;
7;1227;1218968;17451;0;56.148972;40.374363;151.899994;182.357956;56.148861;40.374378;1;24549;
7;1228;1219972;17452;0;56.148983;40.374340;152.800003;175.613876;56.148861;40.374378;1;30518;
7;1229;1220970;17453;0;56.148987;40.374317;153.600006;170.125015;56.148861;40.374378;1;57873;
7;1230;1221949;17454;0;56.148991;40.374298;153.800003;164.885880;56.148861;40.374378;1;42401;
7;1231;1222947;17455;0;56.148991;40.374275;153.899994;161.012299;56.148861;40.374378;1;1773;
7;1232;1223944;17456;0;56.148998;40.374252;154.600006;156.138672;56.148861;40.374378;1;51737;
7;1233;1224951;17457;0;56.149006;40.374229;155.399994;152.950882;56.148861;40.374378;1;50576;
7;1234;1225946;17458;0;56.149006;40.374210;155.500000;150.244720;56.148861;40.374378;1;1834;
7;1235;1226960;17459;0;56.148998;40.374191;155.600006;147.177887;56.148861;40.374378;1;19774;
7;1236;1227967;17460;0;56.148987;40.374172;155.600006;142.830399;56.148861;40.374378;1;51376;
7;1237;1228962;17461;0;56.148983;40.374157;155.699997;134.725128;56.148861;40.374378;1;54225;
7;1238;1229963;17462;0;56.148983;40.374142;156.100006;134.725128;56.148861;40.374378;1;53336;
7;1239;1230958;17463;0;56.148979;40.374126;156.699997;132.816895;56.148861;40.374378;1;46360;
7;1240;1231932;17464;0;56.148975;40.374107;156.899994;130.137604;56.148861;40.374378;1;35973;
7;1241;1232935;17465;0;56.148972;40.374088;157.199997;127.181808;56.148861;40.374378;1;18079;
7;1242;1233929;17466;0;56.148972;40.374069;157.600006;124.411766;56.148861;40.374378;1;61303;
7;1243;1234942;17467;0;56.148968;40.374050;157.600006;122.730286;56.148861;40.374378;1;25435;
7;1244;1235943;17468;0;56.148964;40.374031;157.500000;120.305763;56.148861;40.374378;1;62871;
7;1245;1236938;17469;0;56.148964;40.374012;157.699997;118.041786;56.148861;40.374378;1;22740;
7;1246;1237949;17470;0;56.148968;40.374012;158.100006;117.636642;56.148861;40.374378;1;7204;
7;1247;1238960;17471;0;56.148968;40.374008;158.699997;117.393478;56.148861;40.374378;1;38238;
7;1248;1239955;17472;0;56.148975;40.374001;159.300003;117.393478;56.148861;40.374378;1;1606;
7;1249;1240952;17473;0;56.148968;40.373981;158.800003;118.546379;56.148861;40.374378;1;38586;
7;1250;1241923;17474;0;56.148964;40.373962;158.500000;115.795624;56.148861;40.374378;1;12844;
7;1251;1242942;17475;0;56.148960;40.373947;158.100006;113.973946;56.148861;40.374378;1;35748;
7;1252;1243938;17476;0;56.148968;40.373943;159.000000;112.443298;56.148861;40.374378;1;10952;
7;1253;1244933;17477;0;56.148975;40.373940;159.800003;113.793968;56.148861;40.374378;1;63212;
7;1254;1245936;17478;0;56.148979;40.373936;160.399994;115.094368;56.148861;40.374378;1;52332;
7;1255;1246934;17479;0;56.148983;40.373932;160.899994;115.629471;56.148861;40.374378;1;45330;
7;1256;1247932;17480;0;56.148983;40.373928;161.300003;116.150826;56.148861;40.374378;1;47972;
7;1257;1248933;17481;0;56.148987;40.373924;161.800003;115.958374;56.148861;40.374378;1;39377;
7;1258;1249927;17482;0;56.148991;40.373920;162.199997;116.465378;56.148861;40.374378;1;32697;
7;1259;1250946;17483;0;56.148994;40.373920;162.500000;116.959656;56.148861;40.374378;1;30841;
7;1260;1251945;17484;0;56.149002;40.373913;164.199997;117.636566;56.148861;40.374378;1;41660;
7;1261;1252915;17485;0;56.149002;40.373909;164.100006;118.565895;56.148861;40.374378;1;6550;
7;1262;1253915;17486;0;56.149002;40.373909;164.399994;118.369858;56.148861;40.374378;1;53045;
7;1263;1254914;17487;0;56.149002;40.373905;164.800003;118.369858;56.148861;40.374378;1;22882;
7;1264;1255913;17488;0;56.149006;40.373905;165.500000;118.176323;56.148861;40.374378;1;59627;
7;1265;1256911;17489;0;56.149006;40.373901;165.399994;118.817146;56.148861;40.374378;1;15175;
7;1266;1257909;17490;0;56.149006;40.373901;165.500000;118.623131;56.148861;40.374378;1;55061;
7;1267;1258922;17491;0;56.149006;40.373901;165.699997;118.623131;56.148861;40.374378;1;52546;
7;1268;1259923;17492;0;56.149002;40.373901;165.899994;118.623131;56.148861;40.374378;1;19573;
7;1269;1260917;17493;0;56.149002;40.373901;166.100006;117.985245;56.148861;40.374378;1;39559;
7;1270;1261922;17494;0;56.149006;40.373901;166.300003;117.985245;56.148861;40.374378;1;15339;
7;1271;1262892;17495;0;56.149006;40.373901;166.600006;118.623131;56.148861;40.374378;1;12677;
7;1272;1263889;17496;0;56.149006;40.373905;166.699997;118.623131;56.148861;40.374378;1;13329;
7;1273;1264887;17497;0;56.149006;40.373901;167.000000;118.817146;56.148861;40.374378;1;60663;
7;1274;1265888;17498;0;56.149010;40.373901;167.399994;118.623131;56.148861;40.374378;1;36370;
7;1275;1266902;17499;0;56.149010;40.373901;167.699997;119.253349;56.148861;40.374378;1;63268;
7;1276;1267900;17500;0;56.149010;40.373901;167.899994;119.253349;56.148861;40.374378;1;32570;
7;1277;1268894;17501;0;56.149010;40.373898;168.000000;119.253349;56.148861;40.374378;1;52622;
7;1278;1269900;17502;0;56.149010;40.373898;168.199997;119.059204;56.148861;40.374378;1;18003;
7;1279;1270897;17503;0;56.149010;40.373898;168.300003;119.059204;56.148861;40.374378;1;36934;
7;1280;1271894;17504;0;56.149006;40.373898;168.199997;119.059204;56.148861;40.374378;1;4302;
7;1281;1272868;17505;0;56.149006;40.373898;168.199997;118.431541;56.148861;40.374378;1;23072;
7;1282;1273865;17506;0;56.149006;40.373898;168.100006;118.431541;56.148861;40.374378;1;3520;
7;1283;1274878;17507;0;56.149002;40.373894;168.100006;118.431541;56.148861;40.374378;1;24615;
7;1284;1275874;17508;0;56.149002;40.373894;167.899994;117.610054;56.148861;40.374378;1;44745;
7;1285;1276880;17509;0;56.149002;40.373894;167.899994;117.610054;56.148861;40.374378;1;52709;
7;1286;1277909;17510;0;56.148998;40.373890;167.899994;117.610054;56.148861;40.374378;1;13896;
7;1287;1278934;17511;0;56.148998;40.373890;167.899994;116.789223;56.148861;40.374378;1;34798;
7;1288;1279931;17512;0;56.148998;40.373890;168.000000;116.789223;56.148861;40.374378;1;31402;
7;1289;1280933;17513;0;56.148998;40.373890;168.000000;116.789223;56.148861;40.374378;1;20713;
7;1290;1281931;17514;0;56.148998;40.373890;168.100006;116.789223;56.148861;40.374378;1;31736;
7;1291;1282919;17515;0;56.148998;40.373890;168.199997;116.789223;56.148861;40.374378;1;37373;
7;1292;1283917;17516;0;56.148998;40.373890;168.199997;116.789223;56.148861;40.374378;1;1103;
7;1293;1284919;17517;0;56.148994;40.373886;168.399994;116.789223;56.148861;40.374378;1;25115;
7;1294;1285918;17518;0;56.148994;40.373886;168.399994;115.969383;56.148861;40.374378;1;20026;
7;1295;1286912;17519;0;56.148994;40.373886;168.600006;115.969383;56.148861;40.374378;1;24164;
7;1296;1287913;17520;0;56.148994;40.373886;168.699997;115.969383;56.148861;40.374378;1;45111;
7;1297;1288916;17521;0;56.149002;40.373886;168.199997;115.969383;56.148861;40.374378;1;27135;
7;1298;1289910;17522;0;56.149006;40.373882;167.699997;117.243980;56.148861;40.374378;1;24506;
7;1299;1290924;17523;0;56.149010;40.373882;167.899994;117.688278;56.148861;40.374378;1;23506;
7;1300;1291925;17524;0;56.149010;40.373882;168.100006;118.305161;56.148861;40.374378;1;34869;
7;1301;1292903;17525;0;56.149010;40.373882;168.100006;118.305161;56.148861;40.374378;1;58490;
7;1302;1293902;17526;0;56.149010;40.373882;168.199997;118.305161;56.148861;40.374378;1;48302;
7;1303;1294895;17527;0;56.149010;40.373882;168.199997;118.305161;56.148861;40.374378;1;44738;
7;1304;1295898;17528;0;56.149010;40.373882;168.300003;118.305161;56.148861;40.374378;1;25929;
7;1305;1296897;17529;0;56.148998;40.373882;169.000000;118.305161;56.148861;40.374378;1;63166;
7;1306;1297891;17530;0;56.149002;40.373882;169.199997;116.433388;56.148861;40.374378;1;44187;
7;1307;1298907;17531;0;56.149002;40.373882;169.199997;117.064346;56.148861;40.374378;1;5882;
7;1308;1299904;17532;0;56.149002;40.373882;169.199997;117.064346;56.148861;40.374378;1;47299;
7;1309;1300901;17533;0;56.148998;40.373882;169.199997;117.064346;56.148861;40.374378;1;48656;
7;1310;1301898;17534;0;56.148998;40.373882;169.199997;116.433388;56.148861;40.374378;1;62507;
7;1311;1302868;17535;0;56.149010;40.373871;168.899994;116.433388;56.148861;40.374378;1;9364;
7;1312;1303875;17536;0;56.149025;40.373856;168.800003;117.762817;56.148861;40.374378;1;20016;
7;1313;1304869;17537;0;56.149036;40.373837;169.199997;119.399551;56.148861;40.374378;1;53671;
7;1314;1305863;17538;0;56.149044;40.373817;169.899994;120.179970;56.148861;40.374378;1;18205;
7;1315;1306880;17539;0;56.149048;40.373802;170.399994;120.378311;56.148861;40.374378;1;345;
7;1316;1307878;17540;0;56.149048;40.373783;171.000000;120.222786;56.148861;40.374378;1;43819;
7;1317;1308880;17541;0;56.149044;40.373772;171.000000;119.417603;56.148861;40.374378;1;65059;
7;1318;1309881;17542;0;56.149036;40.373756;171.500000;118.455315;56.148861;40.374378;1;14966;
7;1319;1310879;17543;0;56.149021;40.373737;171.300003;116.867699;56.148861;40.374378;1;16731;
7;1320;1311880;17544;0;56.149014;40.373722;171.500000;114.170471;56.148861;40.374378;1;37174;
7;1321;1312850;17544;0;56.149014;40.373722;171.500000;112.659904;56.148861;40.374378;1;13225;
7;1322;1313844;17545;0;56.149006;40.373703;172.000000;111.077080;56.148861;40.374378;1;34502;
7;1323;1314867;17546;0;56.148998;40.373688;171.899994;109.649315;56.148861;40.374378;1;6040;
7;1324;1315863;17548;0;56.148975;40.373665;171.800003;108.351677;56.148861;40.374378;1;25801;
7;1325;1316863;17549;0;56.148968;40.373661;171.800003;106.066238;56.148861;40.374378;1;4818;
7;1326;1317856;17549;0;56.148968;40.373661;171.800003;104.968880;56.148861;40.374378;1;54987;
7;1327;1318850;17550;0;56.148952;40.373653;171.600006;102.776245;56.148861;40.374378;1;23684;
7;1328;1319853;17551;0;56.148937;40.373642;171.399994;100.538109;56.148861;40.374378;1;38371;
7;1329;1320848;17553;0;56.148933;40.373634;171.800003;99.921402;56.148861;40.374378;1;47802;
7;1330;1321847;17553;0;56.148933;40.373634;171.800003;99.921402;56.148861;40.374378;1;46630;
7;1331;1322837;17554;0;56.148933;40.373634;172.000000;99.921402;56.148861;40.374378;1;10;
7;1332;1323830;17555;0;56.148933;40.373634;172.100006;99.921402;56.148861;40.374378;1;26324;
7;1333;1324832;17556;0;56.148933;40.373631;172.100006;99.871780;56.148861;40.374378;1;46562;
7;1334;1325830;17557;0;56.148926;40.373623;171.899994;98.761993;56.148861;40.374378;1;56937;
7;1335;1326831;17558;0;56.148918;40.373611;172.000000;97.630219;56.148861;40.374378;1;48103;
7;1336;1327828;17559;0;56.148907;40.373600;172.100006;96.027824;56.148861;40.374378;1;52582;
7;1337;1328822;17560;0;56.148891;40.373589;171.699997;93.968513;56.148861;40.374378;1;65316;
7;1338;1329828;17561;0;56.148872;40.373577;171.500000;91.468750;56.148861;40.374378;1;19701;
7;1339;1330841;17562;0;56.148857;40.373569;171.100006;89.514496;56.148861;40.374378;1;58979;
7;1340;1331837;17563;0;56.148842;40.373562;169.899994;87.597839;56.148861;40.374378;1;32451;
7;1341;1332811;17564;0;56.148834;40.373558;169.699997;86.654594;56.148861;40.374378;1;40323;
7;1342;1333805;17565;0;56.148830;40.373554;169.500000;86.195694;56.148861;40.374378;1;55795;
7;1343;1334805;17566;0;56.148823;40.373543;169.500000;85.313416;56.148861;40.374378;1;4866;
7;1344;1335803;17567;0;56.148827;40.373531;170.300003;85.837059;56.148861;40.374378;1;10096;
7;1345;1336806;17568;0;56.148823;40.373528;170.199997;85.397102;56.148861;40.374378;1;20080;
7;1346;1337808;17569;0;56.148819;40.373524;170.000000;84.961601;56.148861;40.374378;1;42436;
7;1347;1338818;17570;0;56.148815;40.373520;169.899994;84.530556;56.148861;40.374378;1;30001;
7;1348;1339815;17571;0;56.148808;40.373508;170.100006;83.709198;56.148861;40.374378;1;55712;
7;1349;1340814;17572;0;56.148785;40.373493;168.000000;81.202354;56.148861;40.374378;1;60012;
7;1350;1341819;17573;0;56.148773;40.373478;167.000000;80.075775;56.148861;40.374378;1;10395;
7;1351;1342789;17574;0;56.148758;40.373463;166.100006;78.581688;56.148861;40.374378;1;26796;
7;1352;1343785;17575;0;56.148739;40.373451;164.800003;76.698738;56.148861;40.374378;1;48231;
7;1353;1344784;17576;0;56.148727;40.373440;164.100006;75.671684;56.148861;40.374378;1;61284;
7;1354;1345788;17577;0;56.148716;40.373432;163.399994;74.619499;56.148861;40.374378;1;3513;
7;1355;1346809;17578;0;56.148712;40.373425;163.800003;74.354576;56.148861;40.374378;1;5380;
7;1356;1347807;17579;0;56.148701;40.373413;163.500000;73.404556;56.148861;40.374378;1;40692;
7;1357;1348805;17580;0;56.148689;40.373402;163.500000;72.485786;56.148861;40.374378;1;46073;
7;1358;1349807;17581;0;56.148701;40.373390;165.699997;73.768539;56.148861;40.374378;1;23720;
7;1359;1350805;17582;0;56.148697;40.373383;166.500000;73.523384;56.148861;40.374378;1;60482;
7;1360;1351802;17583;0;56.148685;40.373371;166.800003;72.629799;56.148861;40.374378;1;10079;
7;1361;1352776;17584;0;56.148678;40.373360;167.199997;72.112915;56.148861;40.374378;1;22976;
7;1362;1353778;17585;0;56.148666;40.373352;167.800003;71.203293;56.148861;40.374378;1;32031;
7;1363;1354791;17586;0;56.148659;40.373344;168.100006;70.653778;56.148861;40.374378;1;2071;
7;1364;1355785;17587;0;56.148647;40.373341;168.699997;69.715172;56.148861;40.374378;1;7327;
7;1365;1356791;17588;0;56.148643;40.373341;169.300003;69.383186;56.148861;40.374378;1;28929;
7;1366;1357784;17589;0;56.148643;40.373337;170.699997;69.452385;56.148861;40.374378;1;57775;
7;1367;1358787;17590;0;56.148640;40.373333;171.399994;69.192421;56.148861;40.374378;1;13619;
7;1368;1359784;17591;0;56.148636;40.373325;172.100006;69.004852;56.148861;40.374378;1;51470;
7;1369;1360782;17592;0;56.148628;40.373314;172.800003;68.569542;56.148861;40.374378;1;15486;
7;1370;1361784;17593;0;56.148621;40.373302;172.800003;68.145950;56.148861;40.374378;1;33881;
7;1371;1362769;17594;0;56.148613;40.373287;172.500000;67.804008;56.148861;40.374378;1;63580;
7;1372;1363764;17595;0;56.148605;40.373272;172.000000;67.473091;56.148861;40.374378;1;2948;
7;1373;1364768;17596;0;56.148598;40.373260;171.500000;67.082726;56.148861;40.374378;1;38421;
7;1374;1365762;17597;0;56.148586;40.373249;170.899994;66.409988;56.148861;40.374378;1;48444;
7;1375;1366761;17598;0;56.148579;40.373241;169.899994;65.972725;56.148861;40.374378;1;39684;
7;1376;1367758;17599;0;56.148575;40.373230;169.199997;65.900078;56.148861;40.374378;1;35367;
7;1377;1368756;17600;0;56.148571;40.373226;168.800003;65.687332;56.148861;40.374378;1;42761;
7;1378;1369761;17601;0;56.148571;40.373215;168.399994;65.899117;56.148861;40.374378;1;38477;
7;1379;1370771;17602;0;56.148567;40.373207;167.699997;65.759216;56.148861;40.374378;1;50097;
7;1380;1371767;17603;0;56.148552;40.373199;166.800003;64.798424;56.148861;40.374378;1;19627;
7;1381;1372749;17604;0;56.148540;40.373192;166.100006;64.131752;56.148861;40.374378;1;4616;
7;1382;1373743;17605;0;56.148525;40.373184;165.300003;63.218414;56.148861;40.374378;1;7824;
7;1383;1374745;17606;0;56.148510;40.373177;164.699997;62.330856;56.148861;40.374378;1;28844;
7;1384;1375747;17607;0;56.148499;40.373169;164.399994;61.719475;56.148861;40.374378;1;18845;
7;1385;1376742;17608;0;56.148487;40.373161;164.100006;61.122551;56.148861;40.374378;1;24698;
7;1386;1377744;17609;0;56.148472;40.373154;163.699997;60.297386;56.148861;40.374378;1;59919;
7;1387;1378757;17610;0;56.148460;40.373142;163.399994;59.809547;56.148861;40.374378;1;42782;
7;1388;1379757;17611;0;56.148445;40.373135;163.199997;59.025764;56.148861;40.374378;1;12782;
7;1389;1380756;17612;0;56.148430;40.373127;163.399994;58.263966;56.148861;40.374378;1;51681;
7;1390;1381750;17613;0;56.148415;40.373112;163.600006;57.680138;56.148861;40.374378;1;7283;
7;1391;1382726;17614;0;56.148407;40.373096;163.800003;57.551258;56.148861;40.374378;1;51780;
7;1392;1383724;17615;0;56.148399;40.373085;163.899994;57.349117;56.148861;40.374378;1;9878;
7;1393;1384718;17616;0;56.148392;40.373077;163.600006;57.074944;56.148861;40.374378;1;38924;
7;1394;1385716;17617;0;56.148380;40.373070;163.000000;56.596130;56.148861;40.374378;1;30209;
7;1395;1386730;17618;0;56.148365;40.373066;162.399994;55.845745;56.148861;40.374378;1;55858;
7;1396;1387731;17619;0;56.148354;40.373062;161.800003;55.313782;56.148861;40.374378;1;13012;
7;1397;1388730;17620;0;56.148342;40.373062;161.600006;54.713436;56.148861;40.374378;1;10262;
7;1398;1389725;17621;0;56.148335;40.373062;161.500000;54.318081;56.148861;40.374378;1;25452;
7;1399;1390730;17622;0;56.148323;40.373062;161.500000;53.732323;56.148861;40.374378;1;61938;
7;1400;1391728;17623;0;56.148312;40.373062;162.000000;53.155197;56.148861;40.374378;1;52761;
7;1401;1392702;17624;0;56.148304;40.373058;163.100006;52.855072;56.148861;40.374378;1;14567;
7;1402;1393700;17625;0;56.148296;40.373055;163.399994;52.559021;56.148861;40.374378;1;45330;
7;1403;1394713;17626;0;56.148289;40.373043;163.600006;52.425797;56.148861;40.374378;1;47961;
7;1404;1395714;17627;0;56.148277;40.373032;163.899994;52.113335;56.148861;40.374378;1;29360;
7;1405;1396709;17628;0;56.148270;40.373020;164.100006;51.987614;56.148861;40.374378;1;24651;
7;1406;1397711;17629;0;56.148258;40.373013;163.699997;51.609837;56.148861;40.374378;1;41063;
7;1407;1398712;17630;0;56.148247;40.373005;163.199997;51.240116;56.148861;40.374378;1;45963;
7;1408;1399705;17631;0;56.148235;40.372993;162.600006;50.955521;56.148861;40.374378;1;1168;
7;1409;1400680;17632;0;56.148224;40.372990;162.100006;50.523853;56.148861;40.374378;1;43884;
7;1410;1401677;17633;0;56.148212;40.372990;162.000000;50.022396;56.148861;40.374378;1;701;
7;1411;1402695;17634;0;56.148201;40.372990;161.899994;49.528221;56.148861;40.374378;1;8939;
7;1412;1403701;17635;0;56.148190;40.372993;161.800003;48.963135;56.148861;40.374378;1;36723;
7;1413;1404699;17636;0;56.148178;40.372986;161.899994;48.639244;56.148861;40.374378;1;32133;
7;1414;1405697;17637;0;56.148170;40.372986;162.000000;48.323284;56.148861;40.374378;1;60597;
7;1415;1406700;17638;0;56.148159;40.372982;162.000000;47.933067;56.148861;40.374378;1;39077;
7;1416;1407693;17639;0;56.148148;40.372978;162.100006;47.549683;56.148861;40.374378;1;16305;
7;1417;1408696;17640;0;56.148136;40.372978;162.199997;47.095264;56.148861;40.374378;1;20643;
7;1418;1409693;17641;0;56.148129;40.372978;162.500000;46.795979;56.148861;40.374378;1;43074;
7;1419;1410686;17642;0;56.148117;40.372974;162.699997;46.430340;56.148861;40.374378;1;54652;
7;1420;1411680;17643;0;56.148109;40.372971;162.899994;46.216003;56.148861;40.374378;1;49396;
7;1421;1412678;17644;0;56.148098;40.372963;163.300003;45.938072;56.148861;40.374378;1;22043;
7;1422;1413680;17645;0;56.148094;40.372955;164.199997;45.949188;56.148861;40.374378;1;27759;
7;1423;1414686;17646;0;56.148087;40.372948;164.699997;45.818810;56.148861;40.374378;1;50812;
7;1424;1415684;17647;0;56.148075;40.372940;164.600006;45.550999;56.148861;40.374378;1;49158;
7;1425;1416679;17648;0;56.148064;40.372929;165.000000;45.363903;56.148861;40.374378;1;2743;
7;1426;1417681;17649;0;56.148052;40.372921;165.300003;45.105995;56.148861;40.374378;1;3213;
7;1427;1418693;17650;0;56.148041;40.372913;165.600006;44.853050;56.148861;40.374378;1;39554;
7;1428;1419689;17651;0;56.148029;40.372902;165.800003;44.679024;56.148861;40.374378;1;1323;
7;1429;1420662;17652;0;56.148022;40.372890;166.500000;44.638626;56.148861;40.374378;1;37725;
7;1430;1421658;17653;0;56.148014;40.372883;167.100006;44.525898;56.148861;40.374378;1;33508;
7;1431;1422656;17654;0;56.148003;40.372879;167.500000;44.214439;56.148861;40.374378;1;50324;
7;1432;1423653;17655;0;56.147995;40.372871;167.500000;44.106388;56.148861;40.374378;1;59731;
7;1433;1424650;17656;0;56.147984;40.372860;167.199997;43.947094;56.148861;40.374378;1;1481;
7;1434;1425654;17657;0;56.147972;40.372849;166.699997;43.791092;56.148861;40.374378;1;53206;
7;1435;1426663;17658;0;56.147964;40.372845;166.399994;43.617779;56.148861;40.374378;1;62282;
7;1436;1427659;17659;0;56.147949;40.372837;166.199997;43.276943;56.148861;40.374378;1;63095;
7;1437;1428656;17660;0;56.147938;40.372829;166.000000;43.061485;56.148861;40.374378;1;54317;
7;1438;1429653;17661;0;56.147930;40.372818;165.699997;43.036655;56.148861;40.374378;1;2386;
7;1439;1430633;17662;0;56.147915;40.372810;165.500000;42.711479;56.148861;40.374378;1;46621;
7;1440;1431628;17663;0;56.147903;40.372795;165.399994;42.644684;56.148861;40.374378;1;42564;
7;1441;1432620;17664;0;56.147888;40.372780;165.399994;42.467201;56.148861;40.374378;1;1505;
7;1442;1433625;17665;0;56.147877;40.372765;165.899994;42.404579;56.148861;40.374378;1;3850;
7;1443;1434634;17666;0;56.147865;40.372753;166.300003;42.276402;56.148861;40.374378;1;32455;
7;1444;1435634;17667;0;56.147850;40.372742;166.699997;42.042877;56.148861;40.374378;1;57206;
7;1445;1436636;17668;0;56.147831;40.372738;167.399994;41.576981;56.148861;40.374378;1;26990;
7;1446;1437630;17669;0;56.147816;40.372734;168.300003;41.225044;56.148861;40.374378;1;62808;
7;1447;1438630;17670;0;56.147800;40.372726;169.399994;40.945095;56.148861;40.374378;1;36342;
7;1448;1439623;17671;0;56.147789;40.372715;170.399994;40.836544;56.148861;40.374378;1;41558;
7;1449;1440596;17672;0;56.147785;40.372700;172.000000;40.994781;56.148861;40.374378;1;56714;
7;1450;1441597;17673;0;56.147774;40.372684;172.899994;40.951313;56.148861;40.374378;1;5827;
7;1451;1442605;17674;0;56.147762;40.372669;172.800003;40.908699;56.148861;40.374378;1;32425;
7;1452;1443607;17675;0;56.147751;40.372658;173.000000;40.804131;56.148861;40.374378;1;15752;
7;1453;1444604;17676;0;56.147743;40.372646;173.300003;40.797909;56.148861;40.374378;1;32712;
7;1454;1445596;17677;0;56.147736;40.372635;173.699997;40.791759;56.148861;40.374378;1;48332;
7;1455;1446599;17678;0;56.147728;40.372623;173.899994;40.785698;56.148861;40.374378;1;48415;
7;1456;1447592;17679;0;56.147720;40.372616;174.300003;40.718464;56.148861;40.374378;1;15574;
7;1457;1448597;17680;0;56.147713;40.372604;174.600006;40.712967;56.148861;40.374378;1;42327;
7;1458;1449589;17681;0;56.147705;40.372593;175.100006;40.707535;56.148861;40.374378;1;49063;
7;1459;1450573;17682;0;56.147694;40.372585;175.699997;40.549320;56.148861;40.374378;1;14838;
7;1460;1451574;17683;0;56.147682;40.372574;176.399994;40.453293;56.148861;40.374378;1;48460;
7;1461;1452573;17684;0;56.147671;40.372559;177.100006;40.418186;56.148861;40.374378;1;60557;
7;1462;1453570;17685;0;56.147659;40.372547;177.600006;40.324898;56.148861;40.374378;1;22684;
7;1463;1454566;17686;0;56.147648;40.372532;178.399994;40.291538;56.148861;40.374378;1;10896;
7;1464;1455562;17687;0;56.147636;40.372520;178.500000;40.200825;56.148861;40.374378;1;18845;
7;1465;1456562;17688;0;56.147625;40.372509;178.800003;40.111553;56.148861;40.374378;1;45278;
7;1466;1457559;17689;0;56.147614;40.372498;178.500000;40.023693;56.148861;40.374378;1;47481;
7;1467;1458572;17690;0;56.147606;40.372490;178.600006;39.965889;56.148861;40.374378;1;31625;
7;1468;1459571;17691;0;56.147594;40.372475;178.699997;39.936871;56.148861;40.374378;1;38069;
7;1469;1460540;17692;0;56.147579;40.372463;179.300003;39.768238;56.148861;40.374378;1;48942;
7;1470;1461537;17693;0;56.147564;40.372444;180.199997;39.714077;56.148861;40.374378;1;2117;
7;1471;1462534;17694;0;56.147552;40.372429;180.500000;39.687992;56.148861;40.374378;1;12265;
7;1472;1463539;17695;0;56.147545;40.372414;181.600006;39.743835;56.148861;40.374378;1;28583;
7;1473;1464536;17696;0;56.147533;40.372402;182.399994;39.663589;56.148861;40.374378;1;42961;
7;1474;1465530;17697;0;56.147522;40.372387;183.699997;39.638496;56.148861;40.374378;1;40541;
7;1475;1466542;17698;0;56.147511;40.372372;184.199997;39.613815;56.148861;40.374378;1;33537;
7;1476;1467542;17699;0;56.147503;40.372356;185.000000;39.668465;56.148861;40.374378;1;17008;
7;1477;1468542;17700;0;56.147491;40.372349;185.600006;39.538311;56.148861;40.374378;1;30214;
7;1478;1469535;17701;0;56.147480;40.372345;186.199997;39.357159;56.148861;40.374378;1;35497;
7;1479;1470507;17702;0;56.147469;40.372337;186.500000;39.230576;56.148861;40.374378;1;54527;
7;1480;1471508;17703;0;56.147457;40.372330;186.500000;39.105595;56.148861;40.374378;1;23856;
7;1481;1472504;17704;0;56.147446;40.372326;186.600006;38.930214;56.148861;40.374378;1;54403;
7;1482;1473502;17705;0;56.147438;40.372311;186.800003;38.987091;56.148861;40.374378;1;37076;
7;1483;1474515;17706;0;56.147430;40.372295;186.800003;39.043297;56.148861;40.374378;1;57576;
7;1484;1475515;17707;0;56.147423;40.372276;186.899994;39.149750;56.148861;40.374378;1;6396;
7;1485;1476512;17708;0;56.147411;40.372261;187.300003;39.130325;56.148861;40.374378;1;35901;
7;1486;1477509;17709;0;56.147404;40.372246;187.399994;39.184521;56.148861;40.374378;1;1152;
7;1487;1478510;17710;0;56.147392;40.372231;187.699997;39.165085;56.148861;40.374378;1;34209;
7;1488;1479506;17711;0;56.147381;40.372219;188.100006;39.096432;56.148861;40.374378;1;2912;
7;1489;1480479;17712;0;56.147373;40.372211;188.399994;39.051178;56.148861;40.374378;1;17772;
7;1490;1481477;17713;0;56.147366;40.372204;188.699997;39.006329;56.148861;40.374378;1;41976;
7;1491;1482491;17714;0;56.147354;40.372196;188.699997;38.890892;56.148861;40.374378;1;16029;
7;1492;1483498;17715;0;56.147343;40.372189;188.699997;38.776825;56.148861;40.374378;1;59569;
7;1493;1484490;17716;0;56.147335;40.372177;188.300003;38.782425;56.148861;40.374378;1;34144;
7;1494;1485491;17717;0;56.147327;40.372169;188.199997;38.739704;56.148861;40.374378;1;33435;
7;1495;1486491;17718;0;56.147316;40.372158;188.300003;38.676319;56.148861;40.374378;1;17658;
7;1496;1487485;17719;0;56.147308;40.372147;187.899994;38.682331;56.148861;40.374378;1;57883;
7;1497;1488485;17720;0;56.147297;40.372135;187.399994;38.620037;56.148861;40.374378;1;62057;
7;1498;1489478;17721;0;56.147285;40.372124;187.399994;38.558544;56.148861;40.374378;1;57032;
7;1499;1490469;17722;0;56.147274;40.372116;187.699997;38.450813;56.148861;40.374378;1;22728;
7;1500;1491470;17723;0;56.147266;40.372105;188.199997;38.457798;56.148861;40.374378;1;38759;
7;1501;1492463;17724;0;56.147259;40.372097;188.500000;38.418079;56.148861;40.374378;1;5157;
7;1502;1493469;17725;0;56.147247;40.372086;189.000000;38.359150;56.148861;40.374378;1;48343;
7;1503;1494461;17726;0;56.147240;40.372074;189.300003;38.366455;56.148861;40.374378;1;39988;
7;1504;1495455;17727;0;56.147236;40.372063;189.899994;38.439102;56.148861;40.374378;1;6820;
7;1505;1496457;17728;0;56.147224;40.372051;190.300003;38.380878;56.148861;40.374378;1;63671;
7;1506;1497453;17729;0;56.147217;40.372044;190.199997;38.342449;56.148861;40.374378;1;56625;
7;1507;1498465;17730;0;56.147209;40.372036;190.199997;38.304348;56.148861;40.374378;1;40647;
7;1508;1499461;17731;0;56.147198;40.372028;190.000000;38.202606;56.148861;40.374378;1;63999;
7;1509;1500430;17732;0;56.147186;40.372021;189.399994;38.101963;56.148861;40.374378;1;33412;
7;1510;1501437;17733;0;56.147175;40.372009;188.399994;38.047226;56.148861;40.374378;1;31327;
7;1511;1502431;17734;0;56.147167;40.372002;187.899994;38.011101;56.148861;40.374378;1;20527;
7;1512;1503428;17735;0;56.147156;40.371990;187.199997;37.957451;56.148861;40.374378;1;3153;
7;1513;1504429;17736;0;56.147144;40.371986;186.399994;37.816029;56.148861;40.374378;1;35800;
7;1514;1505422;17737;0;56.147133;40.371975;185.699997;37.764118;56.148861;40.374378;1;2374;
7;1515;1506436;17738;0;56.147118;40.371967;185.199997;37.608284;56.148861;40.374378;1;40127;
7;1516;1507432;17739;0;56.147110;40.371960;184.899994;37.574856;56.148861;40.374378;1;49333;
7;1517;1508431;17740;0;56.147102;40.371952;185.000000;37.541676;56.148861;40.374378;1;49174;
7;1518;1509429;17741;0;56.147091;40.371944;184.899994;37.449074;56.148861;40.374378;1;30968;
7;1519;1510398;17742;0;56.147079;40.371941;185.199997;37.314220;56.148861;40.374378;1;37510;
7;1520;1511395;17743;0;56.147068;40.371937;185.600006;37.180626;56.148861;40.374378;1;43751;
7;1521;1512399;17744;0;56.147057;40.371925;185.399994;37.134121;56.148861;40.374378;1;53293;
7;1522;1513391;17745;0;56.147045;40.371918;185.100006;37.045452;56.148861;40.374378;1;8672;
7;1523;1514403;17746;0;56.147030;40.371914;185.199997;36.857754;56.148861;40.374378;1;54333;
7;1524;1515409;17747;0;56.147015;40.371914;184.600006;36.629818;56.148861;40.374378;1;36820;
7;1525;1516411;17748;0;56.147003;40.371906;184.100006;36.545147;56.148861;40.374378;1;3149;
7;1526;1517409;17749;0;56.146992;40.371899;184.000000;36.461327;56.148861;40.374378;1;51902;
7;1527;1518406;17750;0;56.146980;40.371895;183.800003;36.336357;56.148861;40.374378;1;43226;
7;1528;1519413;17751;0;56.146969;40.371883;183.399994;36.296188;56.148861;40.374378;1;3306;
7;1529;1520379;17752;0;56.146961;40.371872;183.399994;36.311291;56.148861;40.374378;1;38605;
7;1530;1521376;17753;0;56.146954;40.371861;183.500000;36.326263;56.148861;40.374378;1;7188;
7;1531;1522384;17754;0;56.146946;40.371849;183.399994;36.341114;56.148861;40.374378;1;56145;
7;1532;1523384;17755;0;56.146935;40.371841;183.300003;36.260582;56.148861;40.374378;1;51639;
7;1533;1524384;17756;0;56.146919;40.371841;183.399994;36.045254;56.148861;40.374378;1;64433;
7;1534;1525381;17757;0;56.146908;40.371838;182.899994;35.926094;56.148861;40.374378;1;13073;
7;1535;1526378;17758;0;56.146896;40.371830;182.500000;35.848713;56.148861;40.374378;1;44259;
7;1536;1527372;17759;0;56.146885;40.371822;182.699997;35.772087;56.148861;40.374378;1;15209;
7;1537;1528373;17760;0;56.146873;40.371811;182.600006;35.736568;56.148861;40.374378;1;59006;
7;1538;1529374;17761;0;56.146862;40.371796;182.600006;35.741573;56.148861;40.374378;1;23651;
7;1539;1530362;17762;0;56.146851;40.371784;182.800003;35.706612;56.148861;40.374378;1;3033;
7;1540;1531358;17763;0;56.146843;40.371777;183.000000;35.683502;56.148861;40.374378;1;38554;
7;1541;1532356;17764;0;56.146835;40.371765;183.500000;35.700214;56.148861;40.374378;1;26314;
7;1542;1533353;17765;0;56.146828;40.371758;183.699997;35.677299;56.148861;40.374378;1;3475;
7;1543;1534353;17766;0;56.146820;40.371746;183.600006;35.693913;56.148861;40.374378;1;27842;
7;1544;1535351;17767;0;56.146812;40.371731;183.600006;35.749557;56.148861;40.374378;1;51330;
7;1545;1536347;17768;0;56.146801;40.371719;183.800003;35.715397;56.148861;40.374378;1;56117;
7;1546;1537344;17769;0;56.146790;40.371708;184.100006;35.681587;56.148861;40.374378;1;19998;
7;1547;1538356;17770;0;56.146774;40.371693;184.300003;35.637039;56.148861;40.374378;1;8844;
7;1548;1539355;17771;0;56.146759;40.371681;184.100006;35.554768;56.148861;40.374378;1;50089;
7;1549;1540331;17772;0;56.146748;40.371674;183.899994;35.484192;56.148861;40.374378;1;28319;
7;1550;1541335;17773;0;56.146732;40.371666;183.699997;35.365726;56.148861;40.374378;1;64232;
7;1551;1542332;17774;0;56.146721;40.371662;182.699997;35.258808;56.148861;40.374378;1;38338;
7;1552;1543328;17775;0;56.146709;40.371655;181.800003;35.190552;56.148861;40.374378;1;55637;
7;1553;1544329;17776;0;56.146702;40.371647;181.600006;35.170509;56.148861;40.374378;1;483;
7;1554;1545322;17777;0;56.146694;40.371639;181.500000;35.150612;56.148861;40.374378;1;14569;
7;1555;1546340;17778;0;56.146687;40.371635;181.500000;35.093361;56.148861;40.374378;1;4986;
7;1556;1547336;17779;0;56.146679;40.371628;181.699997;35.073826;56.148861;40.374378;1;56984;
7;1557;1548329;17780;0;56.146671;40.371624;182.000000;35.017143;56.148861;40.374378;1;64881;
7;1558;1549330;17781;0;56.146664;40.371628;182.100006;34.886284;56.148861;40.374378;1;18067;
7;1559;1550300;17782;0;56.146656;40.371635;182.100006;34.718628;56.148861;40.374378;1;42298;
7;1560;1551301;17783;0;56.146656;40.371624;182.300003;34.830387;56.148861;40.374378;1;7563;
7;1561;1552301;17784;0;56.146667;40.371601;182.800003;35.193302;56.148861;40.374378;1;5877;
7;1562;1553294;17785;0;56.146679;40.371578;183.800003;35.556767;56.148861;40.374378;1;4921;
7;1563;1554307;17786;0;56.146687;40.371559;184.800003;35.836174;56.148861;40.374378;1;3018;
7;1564;1555307;17787;0;56.146687;40.371540;185.300003;36.019745;56.148861;40.374378;1;54540;
7;1565;1556300;17788;0;56.146679;40.371525;184.699997;36.070423;56.148861;40.374378;1;21219;
7;1566;1557306;17789;0;56.146667;40.371510;184.399994;36.073212;56.148861;40.374378;1;33565;
7;1567;1558303;17790;0;56.146656;40.371494;183.800003;36.075970;56.148861;40.374378;1;7648;
7;1568;1559296;17791;0;56.146641;40.371479;182.699997;36.031818;56.148861;40.374378;1;24384;
7;1569;1560272;17792;0;56.146637;40.371471;182.300003;36.056656;56.148861;40.374378;1;12914;
7;1570;1561265;17793;0;56.146637;40.371471;182.399994;36.056656;56.148861;40.374378;1;35073;
7;1571;1562289;17794;0;56.146626;40.371471;182.399994;35.916836;56.148861;40.374378;1;47059;
7;1572;1563282;17795;0;56.146603;40.371471;181.500000;35.640003;56.148861;40.374378;1;41788;
7;1573;1564276;17796;0;56.146584;40.371464;180.899994;35.483070;56.148861;40.374378;1;29075;
7;1574;1565286;17797;0;56.146572;40.371460;180.199997;35.382812;56.148861;40.374378;1;27058;
7;1575;1566283;17798;0;56.146557;40.371452;179.899994;35.273788;56.148861;40.374378;1;23237;
7;1576;1567281;17799;0;56.146545;40.371441;179.600006;35.245403;56.148861;40.374378;1;30436;
7;1577;1568279;17800;0;56.146530;40.371426;179.399994;35.207958;56.148861;40.374378;1;40843;
7;1578;1569274;17801;0;56.146515;40.371418;178.899994;35.101562;56.148861;40.374378;1;7879;
7;1579;1570266;17802;0;56.146500;40.371407;178.600006;35.030849;56.148861;40.374378;1;30844;
7;1580;1571260;17803;0;56.146488;40.371399;178.300003;34.969719;56.148861;40.374378;1;9162;
7;1581;1572254;17804;0;56.146481;40.371387;178.000000;34.986504;56.148861;40.374378;1;36280;
7;1582;1573260;17805;0;56.146477;40.371368;178.100006;35.114613;56.148861;40.374378;1;15015;
7;1583;1574253;17806;0;56.146469;40.371361;178.399994;35.096729;56.148861;40.374378;1;43042;
7;1584;1575253;17807;0;56.146454;40.371357;179.500000;34.959503;56.148861;40.374378;1;39616;
7;1585;1576246;17808;0;56.146439;40.371353;180.300003;34.823551;56.148861;40.374378;1;43495;
7;1586;1577243;17809;0;56.146420;40.371346;180.699997;34.680679;56.148861;40.374378;1;38404;
7;1587;1578259;17810;0;56.146408;40.371342;180.899994;34.589062;56.148861;40.374378;1;48499;
7;1588;1579255;17811;0;56.146397;40.371334;181.199997;34.531635;56.148861;40.374378;1;1757;
7;1589;1580228;17812;0;56.146389;40.371323;181.399994;34.549324;56.148861;40.374378;1;45673;
7;1590;1581227;17813;0;56.146378;40.371315;181.399994;34.492470;56.148861;40.374378;1;13253;
7;1591;1582222;17814;0;56.146366;40.371304;181.600006;34.469242;56.148861;40.374378;1;38518;
7;1592;1583223;17815;0;56.146351;40.371296;181.699997;34.372551;56.148861;40.374378;1;39779;
7;1593;1584224;17816;0;56.146339;40.371288;182.199997;34.317120;56.148861;40.374378;1;61102;
7;1594;1585221;17817;0;56.146324;40.371281;182.500000;34.222019;56.148861;40.374378;1;22124;
7;1595;1586234;17818;0;56.146313;40.371277;182.899994;34.134937;56.148861;40.374378;1;9111;
7;1596;1587226;17819;0;56.146297;40.371273;183.000000;34.008881;56.148861;40.374378;1;56367;
7;1597;1588231;17820;0;56.146282;40.371262;183.199997;33.948975;56.148861;40.374378;1;16904;
7;1598;1589224;17821;0;56.146267;40.371254;183.699997;33.857334;56.148861;40.374378;1;58979;
7;1599;1590200;17822;0;56.146255;40.371246;183.800003;33.805321;56.148861;40.374378;1;4416;
7;1600;1591197;17823;0;56.146244;40.371239;183.899994;33.753696;56.148861;40.374378;1;43527;
7;1601;1592194;17824;0;56.146233;40.371227;184.000000;33.734509;56.148861;40.374378;1;23659;
7;1602;1593192;17825;0;56.146217;40.371220;184.100006;33.645382;56.148861;40.374378;1;19356;
7;1603;1594204;17826;0;56.146206;40.371212;184.399994;33.594997;56.148861;40.374378;1;9751;
7;1604;1595201;17827;0;56.146198;40.371204;184.699997;33.582783;56.148861;40.374378;1;28453;
7;1605;1596206;17828;0;56.146191;40.371193;184.800003;33.602272;56.148861;40.374378;1;9164;
7;1606;1597199;17829;0;56.146183;40.371185;184.699997;33.590099;56.148861;40.374378;1;53077;
7;1607;1598196;17830;0;56.146172;40.371178;184.600006;33.540535;56.148861;40.374378;1;51944;
7;1608;1599196;17831;0;56.146160;40.371166;184.699997;33.522675;56.148861;40.374378;1;26041;
7;1609;1600165;17832;0;56.146152;40.371159;184.699997;33.510845;56.148861;40.374378;1;60515;
7;1610;1601165;17833;0;56.146145;40.371147;184.800003;33.530235;56.148861;40.374378;1;40999;
7;1611;1602176;17834;0;56.146137;40.371136;185.000000;33.549519;56.148861;40.374378;1;48900;
7;1612;1603177;17835;0;56.146130;40.371132;184.399994;33.506741;56.148861;40.374378;1;32090;
7;1613;1604173;17836;0;56.146126;40.371136;183.399994;33.438957;56.148861;40.374378;1;35735;
7;1614;1605166;17837;0;56.146118;40.371140;182.399994;33.334637;56.148861;40.374378;1;19272;
7;1615;1606165;17838;0;56.146114;40.371143;181.600006;33.267113;56.148861;40.374378;1;20620;
7;1616;1607165;17839;0;56.146107;40.371143;181.100006;33.194260;56.148861;40.374378;1;57247;
7;1617;1608160;17840;0;56.146099;40.371140;181.100006;33.152592;56.148861;40.374378;1;60230;
7;1618;1609153;17841;0;56.146084;40.371136;181.100006;33.039043;56.148861;40.374378;1;50849;
7;1619;1610140;17842;0;56.146072;40.371132;181.000000;32.962185;56.148861;40.374378;1;62470;
7;1620;1611141;17843;0;56.146065;40.371124;181.100006;32.952122;56.148861;40.374378;1;28503;
7;1621;1612142;17844;0;56.146053;40.371117;181.300003;32.906567;56.148861;40.374378;1;58150;
7;1622;1613135;17845;0;56.146042;40.371113;181.300003;32.830856;56.148861;40.374378;1;50318;
7;1623;1614134;17846;0;56.146027;40.371109;181.100006;32.720524;56.148861;40.374378;1;30798;
7;1624;1615137;17847;0;56.146011;40.371101;180.899994;32.641415;56.148861;40.374378;1;17998;
7;1625;1616134;17848;0;56.146000;40.371090;180.699997;32.627842;56.148861;40.374378;1;36479;
7;1626;1617135;17849;0;56.145992;40.371082;180.899994;32.618851;56.148861;40.374378;1;38071;
7;1627;1618147;17850;0;56.145981;40.371071;180.699997;32.605446;56.148861;40.374378;1;54891;
7;1628;1619143;17851;0;56.145973;40.371059;180.600006;32.626480;56.148861;40.374378;1;51625;
7;1629;1620116;17852;0;56.145958;40.371056;181.000000;32.519348;56.148861;40.374378;1;46344;
7;1630;1621113;17853;0;56.145947;40.371052;181.100006;32.447010;56.148861;40.374378;1;41540;
7;1631;1622109;17854;0;56.145931;40.371056;181.399994;32.282005;56.148861;40.374378;1;32691;
7;1632;1623110;17855;0;56.145920;40.371052;181.500000;32.210873;56.148861;40.374378;1;11887;
7;1633;1624108;17856;0;56.145908;40.371048;181.500000;32.140179;56.148861;40.374378;1;32277;
7;1634;1625108;17857;0;56.145897;40.371044;181.399994;32.069927;56.148861;40.374378;1;45634;
7;1635;1626116;17858;0;56.145889;40.371040;181.500000;32.033146;56.148861;40.374378;1;55381;
7;1636;1627112;17859;0;56.145874;40.371033;181.300003;31.960062;56.148861;40.374378;1;13839;
7;1637;1628112;17860;0;56.145866;40.371025;180.800003;31.953033;56.148861;40.374378;1;30349;
7;1638;1629109;17861;0;56.145855;40.371017;180.300003;31.913383;56.148861;40.374378;1;4669;
7;1639;1630082;17862;0;56.145844;40.371010;180.000000;31.873999;56.148861;40.374378;1;65131;
7;1640;1631080;17863;0;56.145832;40.370998;179.600006;31.863884;56.148861;40.374378;1;20020;
7;1641;1632076;17864;0;56.145821;40.370991;179.800003;31.824942;56.148861;40.374378;1;7598;
7;1642;1633073;17865;0;56.145805;40.370983;179.500000;31.754223;56.148861;40.374378;1;22680;
7;1643;1634093;17866;0;56.145790;40.370979;179.100006;31.655380;56.148861;40.374378;1;57293;
7;1644;1635086;17867;0;56.145779;40.370975;178.800003;31.588919;56.148861;40.374378;1;184;
7;1645;1636081;17868;0;56.145771;40.370964;178.500000;31.611561;56.148861;40.374378;1;38223;
7;1646;1637083;17869;0;56.145756;40.370956;178.300003;31.542700;56.148861;40.374378;1;36964;
7;1647;1638076;17870;0;56.145748;40.370945;178.300003;31.565310;56.148861;40.374378;1;50198;
7;1648;1639075;17871;0;56.145737;40.370937;178.500000;31.528267;56.148861;40.374378;1;5763;
7;1649;1640048;17872;0;56.145725;40.370926;178.699997;31.519688;56.148861;40.374378;1;17932;
7;1650;1641058;17873;0;56.145714;40.370918;179.500000;31.483047;56.148861;40.374378;1;42493;
7;1651;1642067;17874;0;56.145702;40.370911;179.899994;31.446640;56.148861;40.374378;1;21975;
7;1652;1643063;17875;0;56.145687;40.370907;179.699997;31.351864;56.148861;40.374378;1;18299;
7;1653;1644060;17876;0;56.145676;40.370899;179.699997;31.316133;56.148861;40.374378;1;25982;
7;1654;1645065;17877;0;56.145660;40.370892;179.600006;31.250322;56.148861;40.374378;1;6873;
7;1655;1646057;17878;0;56.145653;40.370880;179.500000;31.273088;56.148861;40.374378;1;37472;
7;1656;1647053;17879;0;56.145645;40.370869;179.500000;31.295740;56.148861;40.374378;1;53261;
7;1657;1648056;17880;0;56.145634;40.370861;179.600006;31.260632;56.148861;40.374378;1;64416;
7;1658;1649052;17881;0;56.145626;40.370850;179.800003;31.283186;56.148861;40.374378;1;47005;
7;1659;1650040;17882;0;56.145618;40.370842;179.300003;31.278208;56.148861;40.374378;1;1588;
7;1660;1651036;17883;0;56.145607;40.370838;178.899994;31.216080;56.148861;40.374378;1;462;
7;1661;1652038;17884;0;56.145588;40.370831;178.600006;31.122406;56.148861;40.374378;1;24269;
7;1662;1653034;17885;0;56.145576;40.370819;179.100006;31.115566;56.148861;40.374378;1;21987;
7;1663;1654027;17886;0;56.145561;40.370808;178.600006;31.079464;56.148861;40.374378;1;52959;
7;1664;1655024;17887;0;56.145546;40.370796;178.600006;31.043665;56.148861;40.374378;1;63646;
7;1665;1656029;17888;0;56.145535;40.370785;178.800003;31.037170;56.148861;40.374378;1;39620;
7;1666;1657025;17889;0;56.145523;40.370770;179.399994;31.057495;56.148861;40.374378;1;58495;
7;1667;1658037;17890;0;56.145515;40.370754;179.500000;31.106544;56.148861;40.374378;1;15662;
7;1668;1659030;17891;0;56.145504;40.370739;179.300003;31.126486;56.148861;40.374378;1;52232;
7;1669;1660008;17892;0;56.145493;40.370724;179.000000;31.146280;56.148861;40.374378;1;9078;
7;1670;1661006;17893;0;56.145477;40.370708;179.000000;31.137329;56.148861;40.374378;1;56900;
7;1671;1662002;17894;0;56.145466;40.370701;179.199997;31.104382;56.148861;40.374378;1;15010;
7;1672;1663000;17895;0;56.145454;40.370689;178.600006;31.097841;56.148861;40.374378;1;38139;
7;1673;1663998;17896;0;56.145443;40.370682;178.199997;31.065220;56.148861;40.374378;1;25370;
7;1674;1664994;17897;0;56.145428;40.370678;178.199997;30.978605;56.148861;40.374378;1;3676;
7;1675;1666006;17898;0;56.145416;40.370674;178.199997;30.920547;56.148861;40.374378;1;27639;
7;1676;1667006;17899;0;56.145405;40.370670;178.500000;30.862806;56.148861;40.374378;1;62500;
7;1677;1668002;17900;0;56.145393;40.370670;178.600006;30.779470;56.148861;40.374378;1;34919;
7;1678;1668999;17901;0;56.145382;40.370678;178.600006;30.644758;56.148861;40.374378;1;7197;
7;1679;1669971;17902;0;56.145370;40.370689;178.600006;30.644758;56.148861;40.374378;1;25661;
7;1680;1670973;17903;0;56.145359;40.370697;178.800003;30.484667;56.148861;40.374378;1;36456;
7;1681;1671969;17904;0;56.145351;40.370716;179.399994;30.350988;56.148861;40.374378;1;31039;
7;1682;1672968;17905;0;56.145344;40.370731;179.500000;30.167170;56.148861;40.374378;1;11567;
7;1683;1673980;17906;0;56.145344;40.370747;180.600006;30.009432;56.148861;40.374378;1;45637;
7;1684;1674975;17907;0;56.145340;40.370758;181.199997;29.905500;56.148861;40.374378;1;51214;
7;1685;1675976;17908;0;56.145336;40.370770;181.800003;29.800615;56.148861;40.374378;1;18985;
7;1686;1676969;17909;0;56.145340;40.370770;182.199997;29.695740;56.148861;40.374378;1;50346;
7;1687;1677971;17910;0;56.145348;40.370777;182.800003;29.722443;56.148861;40.374378;1;32231;
7;1688;1678971;17911;0;56.145351;40.370796;183.600006;29.723747;56.148861;40.374378;1;38241;
7;1689;1679940;17912;0;56.145355;40.370815;184.500000;29.619644;56.148861;40.374378;1;39395;
7;1690;1680937;17913;0;56.145351;40.370838;184.500000;29.515104;56.148861;40.374378;1;11469;
7;1691;1681949;17914;0;56.145344;40.370853;184.100006;29.330444;56.148861;40.374378;1;53247;
7;1692;1682950;17915;0;56.145336;40.370869;183.699997;29.171892;56.148861;40.374378;1;12138;
7;1693;1683960;17916;0;56.145336;40.370888;183.500000;29.013535;56.148861;40.374378;1;29374;
7;1694;1684955;17917;0;56.145336;40.370888;183.600006;28.881292;56.148861;40.374378;1;43326;
7;1695;1685953;17918;0;56.145340;40.370884;183.899994;28.881292;56.148861;40.374378;1;12550;
7;1696;1686950;17919;0;56.145340;40.370884;183.899994;28.934029;56.148861;40.374378;1;13217;
7;1697;1687944;17920;0;56.145332;40.370895;184.300003;28.934029;56.148861;40.374378;1;30482;
7;1698;1688948;17921;0;56.145325;40.370903;184.699997;28.802130;56.148861;40.374378;1;11871;
7;1699;1689936;17922;0;56.145313;40.370907;185.000000;28.696962;56.148861;40.374378;1;3611;
7;1700;1690928;17923;0;56.145302;40.370911;186.100006;28.592607;56.148861;40.374378;1;43812;
7;1701;1691929;17924;0;56.145294;40.370914;187.000000;28.488716;56.148861;40.374378;1;62897;
7;1702;1692923;17925;0;56.145287;40.370918;187.699997;28.410913;56.148861;40.374378;1;37935;
7;1703;1693927;17926;0;56.145275;40.370922;188.000000;28.333328;56.148861;40.374378;1;40016;
7;1704;1694924;17927;0;56.145264;40.370930;188.399994;28.230537;56.148861;40.374378;1;48099;
7;1705;1695917;17928;0;56.145248;40.370934;188.300003;28.101877;56.148861;40.374378;1;4824;
7;1706;1696917;17929;0;56.145241;40.370941;187.899994;27.974949;56.148861;40.374378;1;18142;
7;1707;1697929;17930;0;56.145233;40.370941;187.300003;27.872366;56.148861;40.374378;1;39096;
7;1708;1698924;17930;0;56.145233;40.370941;187.300003;27.822548;56.148861;40.374378;1;52790;
7;1709;1699902;17931;0;56.145226;40.370945;187.100006;27.746670;56.148861;40.374378;1;33256;
7;1710;1700895;17932;0;56.145214;40.370953;187.100006;27.620148;56.148861;40.374378;1;56446;
7;1711;1701894;17934;0;56.145195;40.370960;186.800003;27.544806;56.148861;40.374378;1;50757;
7;1712;1702892;17934;0;56.145195;40.370960;186.800003;27.445269;56.148861;40.374378;1;46235;
7;1713;1703887;17935;0;56.145184;40.370964;186.600006;27.346176;56.148861;40.374378;1;14946;
7;1714;1704894;17937;0;56.145157;40.370975;185.699997;27.197350;56.148861;40.374378;1;10589;
7;1715;1705902;17937;0;56.145157;40.370975;185.699997;27.099298;56.148861;40.374378;1;6777;
7;1716;1706899;17939;0;56.145134;40.370987;184.399994;26.975666;56.148861;40.374378;1;13771;
7;1717;1707896;17940;0;56.145123;40.370995;184.000000;26.878513;56.148861;40.374378;1;10810;
7;1718;1708892;17940;0;56.145123;40.370995;184.000000;26.755833;56.148861;40.374378;1;45102;
7;1719;1709869;17941;0;56.145111;40.371006;183.699997;26.607693;56.148861;40.374378;1;13988;
7;1720;1710864;17942;0;56.145100;40.371017;183.500000;26.460064;56.148861;40.374378;1;57293;
7;1721;1711856;17943;0;56.145088;40.371025;183.500000;26.338884;56.148861;40.374378;1;61661;
7;1722;1712860;17944;0;56.145077;40.371029;183.399994;26.244072;56.148861;40.374378;1;59549;
7;1723;1713869;17945;0;56.145065;40.371037;183.500000;26.123831;56.148861;40.374378;1;34897;
7;1724;1714862;17946;0;56.145050;40.371048;183.399994;25.955635;56.148861;40.374378;1;29610;
7;1725;1715865;17947;0;56.145031;40.371059;183.300003;25.765949;56.148861;40.374378;1;53938;
7;1726;1716863;17948;0;56.145020;40.371059;183.199997;25.699089;56.148861;40.374378;1;1244;
7;1727;1717863;17949;0;56.145012;40.371059;183.199997;25.654696;56.148861;40.374378;1;38483;
7;1728;1718856;17950;0;56.145004;40.371059;183.600006;25.610445;56.148861;40.374378;1;8047;
7;1729;1719825;17951;0;56.144993;40.371063;184.000000;25.518711;56.148861;40.374378;1;46534;
7;1730;1720828;17952;0;56.144981;40.371063;184.500000;25.452967;56.148861;40.374378;1;38262;
7;1731;1721841;17953;0;56.144966;40.371067;184.800003;25.340269;56.148861;40.374378;1;39897;
7;1732;1722841;17954;0;56.144955;40.371075;185.000000;25.224312;56.148861;40.374378;1;443;
7;1733;1723840;17955;0;56.144939;40.371090;185.199997;25.036444;56.148861;40.374378;1;14267;
7;1734;1724840;17956;0;56.144924;40.371101;185.500000;24.874926;56.148861;40.374378;1;21395;
7;1735;1725839;17957;0;56.144909;40.371109;185.699997;24.739647;56.148861;40.374378;1;39245;
7;1736;1726831;17958;0;56.144901;40.371113;185.899994;24.672289;56.148861;40.374378;1;19522;
7;1737;1727832;17959;0;56.144890;40.371117;185.699997;24.584278;56.148861;40.374378;1;31201;
7;1738;1728834;17960;0;56.144886;40.371124;185.600006;24.512783;56.148861;40.374378;1;58307;
7;1739;1729818;17961;0;56.144878;40.371128;185.500000;24.446005;56.148861;40.374378;1;29251;
7;1740;1730821;17962;0;56.144871;40.371128;185.399994;24.404718;56.148861;40.374378;1;4069;
7;1741;1731826;17963;0;56.144863;40.371128;185.300003;24.363562;56.148861;40.374378;1;41908;
7;1742;1732823;17964;0;56.144852;40.371132;184.800003;24.276850;56.148861;40.374378;1;55325;
7;1743;1733824;17965;0;56.144840;40.371136;184.699997;24.190508;56.148861;40.374378;1;45197;
7;1744;1734817;17966;0;56.144829;40.371136;184.399994;24.129696;56.148861;40.374378;1;46397;
7;1745;1735818;17967;0;56.144817;40.371140;184.100006;24.044064;56.148861;40.374378;1;1251;
7;1746;1736815;17968;0;56.144802;40.371147;183.800003;23.913754;56.148861;40.374378;1;54801;
7;1747;1737824;17969;0;56.144791;40.371159;184.000000;23.778931;56.148861;40.374378;1;46218;
7;1748;1738827;17970;0;56.144779;40.371166;184.000000;23.669609;56.148861;40.374378;1;46009;
7;1749;1739799;17971;0;56.144768;40.371170;184.199997;23.585705;56.148861;40.374378;1;23787;
7;1750;1740792;17972;0;56.144756;40.371178;184.199997;23.477215;56.148861;40.374378;1;11142;
7;1751;1741791;17973;0;56.144745;40.371181;184.199997;23.394070;56.148861;40.374378;1;9624;
7;1752;1742789;17974;0;56.144730;40.371189;184.000000;23.267187;56.148861;40.374378;1;28185;
7;1753;1743794;17975;0;56.144718;40.371193;184.000000;23.184898;56.148861;40.374378;1;10240;
7;1754;1744787;17976;0;56.144707;40.371197;184.199997;23.102961;56.148861;40.374378;1;24889;
7;1755;1745795;17977;0;56.144695;40.371204;183.699997;22.996614;56.148861;40.374378;1;40537;
7;1756;1746798;17978;0;56.144680;40.371208;183.399994;22.896664;56.148861;40.374378;1;62585;
7;1757;1747791;17979;0;56.144669;40.371212;183.000000;22.815916;56.148861;40.374378;1;50608;
7;1758;1748784;17980;0;56.144650;40.371212;182.800003;22.723104;56.148861;40.374378;1;12556;
7;1759;1749759;17981;0;56.144638;40.371204;182.399994;22.716835;56.148861;40.374378;1;17429;
7;1760;1750757;17982;0;56.144627;40.371197;182.100006;22.710602;56.148861;40.374378;1;65336;
7;1761;1751757;17983;0;56.144623;40.371189;181.899994;22.741119;56.148861;40.374378;1;34527;
7;1762;1752750;17984;0;56.144615;40.371181;181.600006;22.753193;56.148861;40.374378;1;11654;
7;1763;1753758;17985;0;56.144604;40.371174;181.199997;22.746897;56.148861;40.374378;1;40459;
7;1764;1754763;17986;0;56.144588;40.371162;181.199997;22.746635;56.148861;40.374378;1;13653;
7;1765;1755756;17987;0;56.144577;40.371155;181.699997;22.740398;56.148861;40.374378;1;26268;
7;1766;1756753;17988;0;56.144562;40.371143;181.199997;22.740162;56.148861;40.374378;1;32512;
7;1767;1757755;17989;0;56.144543;40.371136;181.000000;22.697891;56.148861;40.374378;1;1642;
7;1768;1758748;17990;0;56.144527;40.371128;181.000000;22.673891;56.148861;40.374378;1;55918;
7;1769;1759724;17991;0;56.144516;40.371120;181.000000;22.667927;56.148861;40.374378;1;40809;
7;1770;1760720;17992;0;56.144501;40.371113;181.399994;22.644165;56.148861;40.374378;1;7845;
7;1771;1761736;17993;0;56.144493;40.371109;181.699997;22.632345;56.148861;40.374378;1;58793;
7;1772;1762735;17994;0;56.144485;40.371105;182.100006;22.620565;56.148861;40.374378;1;23693;
7;1773;1763730;17995;0;56.144478;40.371109;182.600006;22.561460;56.148861;40.374378;1;1570;
7;1774;1764728;17996;0;56.144470;40.371117;183.000000;22.478849;56.148861;40.374378;1;54888;
7;1775;1765731;17997;0;56.144470;40.371124;183.600006;22.431482;56.148861;40.374378;1;54006;
7;1776;1766724;17998;0;56.144466;40.371132;184.600006;22.366568;56.148861;40.374378;1;2852;
7;1777;1767701;17999;0;56.144455;40.371140;185.600006;22.266869;56.148861;40.374378;1;51018;
7;1778;1768694;18000;0;56.144447;40.371151;186.300003;22.161186;56.148861;40.374378;1;20997;
7;1779;1769707;18001;0;56.144436;40.371159;187.199997;22.062155;56.148861;40.374378;1;30714;
7;1780;1770706;18002;0;56.144428;40.371166;187.899994;21.980597;56.148861;40.374378;1;57256;
7;1781;1771703;18003;0;56.144421;40.371170;188.399994;21.922829;56.148861;40.374378;1;19025;
7;1782;1772700;18004;0;56.144409;40.371170;189.300003;21.871799;56.148861;40.374378;1;55359;
7;1783;1773701;18005;0;56.144394;40.371166;190.199997;21.827591;56.148861;40.374378;1;8251;
7;1784;1774694;18006;0;56.144386;40.371162;191.199997;21.817318;56.148861;40.374378;1;54114;
7;1785;1775695;18007;0;56.144379;40.371166;192.300003;21.760237;56.148861;40.374378;1;5983;
7;1786;1776696;18008;0;56.144371;40.371166;193.300003;21.726709;56.148861;40.374378;1;37459;
7;1787;1777683;18009;0;56.144371;40.371178;194.000000;21.656475;56.148861;40.374378;1;56496;
7;1788;1778680;18010;0;56.144371;40.371193;194.800003;21.562723;56.148861;40.374378;1;64103;
7;1789;1779674;18011;0;56.144367;40.371204;195.500000;21.475748;56.148861;40.374378;1;38807;
7;1790;1780677;18012;0;56.144360;40.371220;196.300003;21.348869;56.148861;40.374378;1;14689;
7;1791;1781670;18013;0;56.144356;40.371231;197.699997;21.262039;56.148861;40.374378;1;32887;
7;1792;1782671;18014;0;56.144352;40.371239;198.899994;21.198732;56.148861;40.374378;1;33153;
7;1793;1783669;18015;0;56.144356;40.371243;199.899994;21.191595;56.148861;40.374378;1;2371;
7;1794;1784664;18016;0;56.144356;40.371246;200.899994;21.168100;56.148861;40.374378;1;361;
7;1795;1785676;18017;0;56.144348;40.371243;202.000000;21.158941;56.148861;40.374378;1;15794;
7;1796;1786673;18018;0;56.144344;40.371246;203.000000;21.119200;56.148861;40.374378;1;18075;
7;1797;1787646;18019;0;56.144344;40.371246;203.000000;21.119200;56.148861;40.374378;1;20935;
7;1798;1788650;18020;0;56.144341;40.371246;203.000000;21.102945;56.148861;40.374378;1;20149;
7;1799;1789643;18021;0;56.144341;40.371246;203.100006;21.102945;56.148861;40.374378;1;7269;
7;1800;1790641;18022;0;56.144341;40.371246;203.000000;21.102945;56.148861;40.374378;1;51192;
7;1801;1791643;18023;0;56.144337;40.371250;203.100006;21.063288;56.148861;40.374378;1;60996;
7;1802;1792638;18024;0;56.144337;40.371250;203.100006;21.063288;56.148861;40.374378;1;42364;
7;1803;1793654;18025;0;56.144337;40.371250;203.100006;21.063288;56.148861;40.374378;1;31153;
7;1804;1794650;18026;0;56.144333;40.371254;203.100006;21.023672;56.148861;40.374378;1;58095;
7;1805;1795643;18027;0;56.144333;40.371254;203.199997;21.023672;56.148861;40.374378;1;56183;
7;1806;1796647;18028;0;56.144333;40.371254;203.199997;21.023672;56.148861;40.374378;1;22652;
7;1807;1797617;18029;0;56.144333;40.371262;203.899994;20.976807;56.148861;40.374378;1;27284;
7;1808;1798612;18030;0;56.144333;40.371262;204.000000;20.976807;56.148861;40.374378;1;2779;
7;1809;1799614;18031;0;56.144333;40.371265;204.000000;20.953362;56.148861;40.374378;1;10781;
7;1810;1800610;18032;0;56.144333;40.371265;204.000000;20.953362;56.148861;40.374378;1;56250;
7;1811;1801619;18033;0;56.144329;40.371265;204.000000;20.937252;56.148861;40.374378;1;65530;
7;1812;1802619;18034;0;56.144325;40.371265;204.000000;20.921165;56.148861;40.374378;1;26980;
7;1813;1803616;18035;0;56.144321;40.371269;204.000000;20.881697;56.148861;40.374378;1;48193;
7;1814;1804616;18036;0;56.144321;40.371269;204.000000;20.881697;56.148861;40.374378;1;4549;
7;1815;1805738;18037;0;56.144318;40.371269;204.100006;20.865675;56.148861;40.374378;1;35623;
7;1816;1806707;18038;0;56.144318;40.371273;204.100006;20.842274;56.148861;40.374378;1;27700;
7;1817;1807711;18039;0;56.144318;40.371273;204.199997;20.842274;56.148861;40.374378;1;26409;
7;1818;1808720;18040;0;56.144314;40.371277;204.199997;20.802896;56.148861;40.374378;1;59194;
7;1819;1809717;18041;0;56.144314;40.371281;204.300003;20.779497;56.148861;40.374378;1;42591;
7;1820;1810717;18042;0;56.144314;40.371284;204.399994;20.756088;56.148861;40.374378;1;17230;
7;1821;1811714;18043;0;56.144310;40.371288;204.500000;20.716768;56.148861;40.374378;1;3048;
7;1822;1812710;18044;0;56.144310;40.371292;204.600006;20.693361;56.148861;40.374378;1;60767;
7;1823;1813708;18045;0;56.144310;40.371292;204.600006;20.693361;56.148861;40.374378;1;46010;
7;1824;1814702;18046;0;56.144310;40.371296;204.699997;20.669947;56.148861;40.374378;1;54567;
7;1825;1815706;18047;0;56.144310;40.371300;204.699997;20.646526;56.148861;40.374378;1;52506;
7;1826;1816694;18048;0;56.144306;40.371300;204.600006;20.630688;56.148861;40.374378;1;35526;
7;1827;1817687;18049;0;56.144306;40.371304;204.600006;20.607275;56.148861;40.374378;1;4372;
7;1828;1818684;18050;0;56.144306;40.371304;204.600006;20.607275;56.148861;40.374378;1;62741;
7;1829;1819683;18051;0;56.144306;40.371307;204.500000;20.583855;56.148861;40.374378;1;8278;
7;1830;1820684;18052;0;56.144306;40.371307;204.500000;20.583855;56.148861;40.374378;1;24673;
7;1831;1821678;18053;0;56.144306;40.371311;204.500000;20.560425;56.148861;40.374378;1;50979;
7;1832;1822675;18054;0;56.144306;40.371311;204.500000;20.560425;56.148861;40.374378;1;14398;
7;1833;1823676;18055;0;56.144306;40.371315;204.500000;20.536989;56.148861;40.374378;1;6706;
7;1834;1824686;18056;0;56.144306;40.371315;204.600006;20.536989;56.148861;40.374378;1;62533;
7;1835;1825685;18057;0;56.144306;40.371319;204.699997;20.513542;56.148861;40.374378;1;59619;
7;1836;1826658;18058;0;56.144306;40.371319;204.800003;20.513542;56.148861;40.374378;1;51355;
7;1837;1827659;18059;0;56.144306;40.371323;204.899994;20.490095;56.148861;40.374378;1;43883;
7;1838;1828657;18060;0;56.144306;40.371323;205.000000;20.490095;56.148861;40.374378;1;28240;
7;1839;1829651;18061;0;56.144306;40.371326;205.100006;20.466635;56.148861;40.374378;1;19952;
7;1840;1830652;18062;0;56.144306;40.371326;205.100006;20.466635;56.148861;40.374378;1;37829;
7;1841;1831651;18063;0;56.144306;40.371326;205.100006;20.466635;56.148861;40.374378;1;63903;
7;1842;1832660;18064;0;56.144310;40.371334;204.800003;20.435400;56.148861;40.374378;1;56353;
7;1843;1833659;18065;0;56.144310;40.371338;204.500000;20.411905;56.148861;40.374378;1;56539;
7;1844;1834656;18066;0;56.144314;40.371342;204.300003;20.404099;56.148861;40.374378;1;29646;
7;1845;1835651;18067;0;56.144314;40.371342;204.100006;20.404099;56.148861;40.374378;1;10443;
7;1846;1836627;18068;0;56.144314;40.371346;204.100006;20.380575;56.148861;40.374378;1;57784;
7;1847;1837623;18069;0;56.144314;40.371346;204.199997;20.380575;56.148861;40.374378;1;38669;
7;1848;1838619;18070;0;56.144314;40.371346;204.100006;20.380575;56.148861;40.374378;1;25860;
7;1849;1839618;18071;0;56.144314;40.371349;204.100006;20.357044;56.148861;40.374378;1;21167;
7;1850;1840627;18072;0;56.144318;40.371349;204.000000;20.372734;56.148861;40.374378;1;60839;
7;1851;1841619;18073;0;56.144318;40.371353;203.899994;20.349182;56.148861;40.374378;1;41155;
7;1852;1842626;18074;0;56.144318;40.371353;203.899994;20.349182;56.148861;40.374378;1;13248;
7;1853;1843621;18075;0;56.144318;40.371353;203.800003;20.349182;56.148861;40.374378;1;42138;
7;1854;1844621;18076;0;56.144318;40.371357;203.800003;20.325621;56.148861;40.374378;1;31322;
7;1855;1845614;18077;0;56.144318;40.371361;203.800003;20.302052;56.148861;40.374378;1;3381;
7;1856;1846587;18078;0;56.144318;40.371361;203.699997;20.302052;56.148861;40.374378;1;38086;
7;1857;1847586;18079;0;56.144318;40.371365;203.600006;20.278477;56.148861;40.374378;1;28840;
7;1858;1848598;18080;0;56.144318;40.371365;203.500000;20.278477;56.148861;40.374378;1;6368;
7;1859;1849598;18081;0;56.144318;40.371368;203.399994;20.254896;56.148861;40.374378;1;30121;
7;1860;1850596;18082;0;56.144318;40.371368;203.300003;20.254896;56.148861;40.374378;1;21805;
7;1861;1851589;18083;0;56.144318;40.371368;203.199997;20.254896;56.148861;40.374378;1;27904;
7;1862;1852596;18084;0;56.144318;40.371372;203.100006;20.231306;56.148861;40.374378;1;54886;
7;1863;1853600;18085;0;56.144321;40.371372;203.000000;20.246925;56.148861;40.374378;1;57578;
7;1864;1854594;18086;0;56.144321;40.371376;202.899994;20.223318;56.148861;40.374378;1;11109;
7;1865;1855592;18087;0;56.144321;40.371376;202.899994;20.223318;56.148861;40.374378;1;38040;
7;1866;1856580;18088;0;56.144321;40.371380;202.800003;20.199697;56.148861;40.374378;1;25985;
7;1867;1857581;18089;0;56.144321;40.371380;202.699997;20.199697;56.148861;40.374378;1;18416;
7;1868;1858580;18090;0;56.144325;40.371384;202.699997;20.191671;56.148861;40.374378;1;60883;
7;1869;1859577;18091;0;56.144325;40.371384;202.600006;20.191671;56.148861;40.374378;1;49953;
7;1870;1860574;18092;0;56.144325;40.371384;202.600006;20.191671;56.148861;40.374378;1;40318;
7;1871;1861574;18093;0;56.144329;40.371387;202.500000;20.183630;56.148861;40.374378;1;12423;
7;1872;1862567;18094;0;56.144329;40.371391;202.399994;20.159958;56.148861;40.374378;1;56587;
7;1873;1863564;18095;0;56.144329;40.371395;202.199997;20.136286;56.148861;40.374378;1;3990;
7;1874;1864580;18096;0;56.144329;40.371395;202.199997;20.136286;56.148861;40.374378;1;7795;
7;1875;1865582;18097;0;56.144329;40.371395;202.100006;20.136286;56.148861;40.374378;1;1013;
7;1876;1866551;18098;0;56.144329;40.371395;202.199997;20.136286;56.148861;40.374378;1;41310;
7;1877;1867548;18099;0;56.144329;40.371395;202.100006;20.136286;56.148861;40.374378;1;18416;
7;1878;1868548;18100;0;56.144333;40.371395;202.100006;20.151884;56.148861;40.374378;1;53411;
7;1879;1869542;18101;0;56.144333;40.371399;202.100006;20.128187;56.148861;40.374378;1;54943;
7;1880;1870548;18102;0;56.144333;40.371399;202.100006;20.128187;56.148861;40.374378;1;19623;
7;1881;1871541;18103;0;56.144333;40.371403;202.000000;20.104477;56.148861;40.374378;1;902;
7;1882;1872554;18104;0;56.144333;40.371403;201.899994;20.104477;56.148861;40.374378;1;53726;
7;1883;1873553;18105;0;56.144333;40.371403;201.899994;20.104477;56.148861;40.374378;1;52783;
7;1884;1874546;18106;0;56.144333;40.371403;201.899994;20.104477;56.148861;40.374378;1;16145;
7;1885;1875546;18107;0;56.144333;40.371403;201.800003;20.104477;56.148861;40.374378;1;62599;
7;1886;1876523;18108;0;56.144333;40.371403;201.800003;20.104477;56.148861;40.374378;1;62273;
7;1887;1877516;18109;0;56.144337;40.371403;201.800003;20.120070;56.148861;40.374378;1;38637;
7;1888;1878515;18110;0;56.144337;40.371403;201.699997;20.120070;56.148861;40.374378;1;49047;
7;1889;1879508;18111;0;56.144337;40.371403;201.699997;20.120070;56.148861;40.374378;1;9929;
7;1890;1880521;18112;0;56.144337;40.371403;201.800003;20.120070;56.148861;40.374378;1;37529;
7;1891;1881524;18113;0;56.144337;40.371403;201.800003;20.120070;56.148861;40.374378;1;25006;
7;1892;1882518;18114;0;56.144337;40.371403;201.800003;20.120070;56.148861;40.374378;1;27576;
7;1893;1883522;18115;0;56.144337;40.371403;201.800003;20.120070;56.148861;40.374378;1;12762;
7;1894;1884526;18116;0;56.144337;40.371403;201.899994;20.120070;56.148861;40.374378;1;8811;
7;1895;1885519;18117;0;56.144337;40.371399;201.899994;20.143793;56.148861;40.374378;1;51412;
7;1896;1886496;18118;0;56.144337;40.371399;201.899994;20.143793;56.148861;40.374378;1;54582;
7;1897;1887494;18119;0;56.144337;40.371403;201.899994;20.120070;56.148861;40.374378;1;53818;
7;1898;1888504;18120;0;56.144337;40.371391;202.500000;20.191214;56.148861;40.374378;1;56630;
7;1899;1889502;18121;0;56.144337;40.371391;202.399994;20.191214;56.148861;40.374378;1;38047;
7;1900;1890498;18122;0;56.144337;40.371395;202.300003;20.167507;56.148861;40.374378;1;33111;
7;1901;1891495;18123;0;56.144337;40.371395;202.300003;20.167507;56.148861;40.374378;1;5504;
7;1902;1892508;18124;0;56.144337;40.371395;202.300003;20.167507;56.148861;40.374378;1;52592;
7;1903;1893501;18125;0;56.144337;40.371395;202.199997;20.167507;56.148861;40.374378;1;40394;
7;1904;1894498;18126;0;56.144337;40.371395;202.199997;20.167507;56.148861;40.374378;1;61492;
7;1905;1895497;18127;0;56.144333;40.371395;202.300003;20.151884;56.148861;40.374378;1;14034;
7;1906;1896481;18128;0;56.144333;40.371395;202.300003;20.151884;56.148861;40.374378;1;43158;
7;1907;1897477;18129;0;56.144333;40.371395;202.199997;20.151884;56.148861;40.374378;1;57931;
7;1908;1898479;18130;0;56.144333;40.371395;202.199997;20.151884;56.148861;40.374378;1;45423;
7;1909;1899476;18131;0;56.144333;40.371399;202.100006;20.128187;56.148861;40.374378;1;5363;
7;1910;1900473;18132;0;56.144337;40.371399;202.000000;20.143793;56.148861;40.374378;1;44854;
7;1911;1901469;18133;0;56.144337;40.371399;202.000000;20.143793;56.148861;40.374378;1;51296;
7;1912;1902467;18134;0;56.144337;40.371399;201.899994;20.143793;56.148861;40.374378;1;34439;
7;1913;1903468;18135;0;56.144337;40.371399;201.899994;20.143793;56.148861;40.374378;1;38956;
7;1914;1904480;18136;0;56.144337;40.371399;201.800003;20.143793;56.148861;40.374378;1;47089;
7;1915;1905477;18137;0;56.144337;40.371399;201.800003;20.143793;56.148861;40.374378;1;14435;
7;1916;1906446;18138;0;56.144337;40.371399;201.800003;20.143793;56.148861;40.374378;1;49417;
7;1917;1907449;18139;0;56.144337;40.371399;201.800003;20.143793;56.148861;40.374378;1;37123;
7;1918;1908452;18140;0;56.144337;40.371399;201.800003;20.143793;56.148861;40.374378;1;48234;
7;1919;1909455;18141;0;56.144337;40.371399;201.800003;20.143793;56.148861;40.374378;1;32826;
7;1920;1910457;18142;0;56.144337;40.371399;201.899994;20.143793;56.148861;40.374378;1;43587;
7;1921;1911449;18143;0;56.144337;40.371399;201.899994;20.143793;56.148861;40.374378;1;33927;
7;1922;1912462;18144;0;56.144337;40.371399;201.899994;20.143793;56.148861;40.374378;1;18650;
7;1923;1913458;18145;0;56.144337;40.371399;201.899994;20.143793;56.148861;40.374378;1;23424;
7;1924;1914459;18146;0;56.144337;40.371399;201.899994;20.143793;56.148861;40.374378;1;54780;
7;1925;1915460;18147;0;56.144337;40.371399;201.899994;20.143793;56.148861;40.374378;1;3060;
7;1926;1916429;18148;0;56.144333;40.371403;202.399994;20.104477;56.148861;40.374378;1;64012;
7;1927;1917422;18149;0;56.144333;40.371407;202.300003;20.080763;56.148861;40.374378;1;29760;
7;1928;1918425;18150;0;56.144333;40.371407;202.199997;20.080763;56.148861;40.374378;1;32298;
7;1929;1919418;18151;0;56.144333;40.371407;202.199997;20.080763;56.148861;40.374378;1;43308;
7;1930;1920430;18152;0;56.144333;40.371407;202.199997;20.080763;56.148861;40.374378;1;36053;
7;1931;1921429;18153;0;56.144333;40.371407;202.199997;20.080763;56.148861;40.374378;1;32095;
7;1932;1922425;18154;0;56.144337;40.371414;202.899994;20.048862;56.148861;40.374378;1;40730;
7;1933;1923424;18155;0;56.144341;40.371414;203.600006;20.064430;56.148861;40.374378;1;39432;
7;1934;1924421;18156;0;56.144341;40.371418;203.500000;20.040663;56.148861;40.374378;1;44278;
7;1935;1925418;18157;0;56.144341;40.371418;203.399994;20.040663;56.148861;40.374378;1;41067;
7;1936;1926398;18158;0;56.144341;40.371418;203.399994;20.040663;56.148861;40.374378;1;28637;
7;1937;1927391;18159;0;56.144341;40.371418;203.399994;20.040663;56.148861;40.374378;1;46418;
7;1938;1928400;18160;0;56.144341;40.371418;203.399994;20.040663;56.148861;40.374378;1;42879;
7;1939;1929400;18161;0;56.144341;40.371422;203.399994;20.016891;56.148861;40.374378;1;51968;
7;1940;1930397;18162;0;56.144337;40.371422;203.399994;20.001352;56.148861;40.374378;1;53504;
7;1941;1931399;18163;0;56.144337;40.371422;203.300003;20.001352;56.148861;40.374378;1;30664;
7;1942;1932395;18164;0;56.144341;40.371418;203.100006;20.040663;56.148861;40.374378;1;35794;
7;1943;1933388;18165;0;56.144348;40.371418;202.600006;20.071842;56.148861;40.374378;1;64232;
7;1944;1934392;18166;0;56.144356;40.371422;202.399994;20.079277;56.148861;40.374378;1;31262;
7;1945;1935384;18167;0;56.144356;40.371422;202.600006;20.079277;56.148861;40.374378;1;41488;
7;1946;1936372;18168;0;56.144356;40.371422;202.699997;20.079277;56.148861;40.374378;1;1842;
7;1947;1937374;18169;0;56.144356;40.371422;202.800003;20.079277;56.148861;40.374378;1;34472;
7;1948;1938369;18170;0;56.144360;40.371426;200.699997;20.071075;56.148861;40.374378;1;36763;
7;1949;1939370;18171;0;56.144356;40.371426;198.600006;20.055435;56.148861;40.374378;1;11326;
7;1950;1940363;18172;0;56.144356;40.371422;196.500000;20.079277;56.148861;40.374378;1;21584;
7;1951;1941359;18173;0;56.144356;40.371426;194.399994;20.055435;56.148861;40.374378;1;20727;
7;1952;1942364;18174;0;56.144356;40.371426;192.399994;20.055435;56.148861;40.374378;1;24748;
7;1953;1943357;18175;0;56.144348;40.371429;190.399994;20.000408;56.148861;40.374378;1;8067;
7;1954;1944371;18176;0;56.144341;40.371437;188.399994;19.921726;56.148861;40.374378;1;29728;
7;1955;1945371;18177;0;56.144325;40.371441;186.600006;19.836206;56.148861;40.374378;1;2481;
7;1956;1946341;18178;0;56.144318;40.371449;184.800003;19.758034;56.148861;40.374378;1;49236;
7;1957;1947344;18179;0;56.144314;40.371464;183.000000;19.647808;56.148861;40.374378;1;47126;
7;1958;1948340;18180;0;56.144306;40.371479;181.199997;19.522490;56.148861;40.374378;1;62508;
7;1959;1949334;18181;0;56.144295;40.371498;179.500000;19.358669;56.148861;40.374378;1;6631;
7;1960;1950336;18182;0;56.144283;40.371513;177.800003;19.219059;56.148861;40.374378;1;16353;
7;1961;1951328;18183;0;56.144272;40.371521;176.199997;19.127281;56.148861;40.374378;1;37000;
7;1962;1952347;18184;0;56.144264;40.371525;174.500000;19.074184;56.148861;40.374378;1;19254;
7;1963;1953344;18185;0;56.144249;40.371521;172.899994;19.039211;56.148861;40.374378;1;30411;
7;1964;1954337;18186;0;56.144238;40.371517;171.199997;19.019005;56.148861;40.374378;1;26094;
7;1965;1955338;18187;0;56.144230;40.371521;169.399994;18.966412;56.148861;40.374378;1;35042;
7;1966;1956310;18188;0;56.144222;40.371525;167.500000;18.913954;56.148861;40.374378;1;22168;
7;1967;1957303;18189;0;56.144211;40.371529;165.699997;18.847258;56.148861;40.374378;1;61514;
7;1968;1958306;18190;0;56.144207;40.371532;163.800003;18.809465;56.148861;40.374378;1;49424;
7;1969;1959299;18191;0;56.144199;40.371540;161.800003;18.734007;56.148861;40.374378;1;46963;
7;1970;1960316;18192;0;56.144196;40.371548;159.899994;18.672928;56.148861;40.374378;1;46141;
7;1971;1961312;18193;0;56.144188;40.371555;158.000000;18.597754;56.148861;40.374378;1;63130;
7;1972;1962306;18194;0;56.144184;40.371563;156.100006;18.536839;56.148861;40.374378;1;4845;
7;1973;1963303;18195;0;56.144184;40.371574;154.300003;18.466608;56.148861;40.374378;1;30085;
7;1974;1964307;18196;0;56.144096;40.371571;193.100006;18.172106;56.148861;40.374378;1;52799;
7;1975;1965300;18197;0;56.144093;40.371574;193.100006;18.135464;56.148861;40.374378;1;34569;
7;1976;1966273;18198;0;56.144112;40.371628;195.500000;17.879040;56.148861;40.374378;1;51437;
7;1977;1967270;18199;0;56.144104;40.371616;195.600006;17.921722;56.148861;40.374378;1;63042;
7;1978;1968296;18200;0;56.144104;40.371616;192.600006;17.921722;56.148861;40.374378;1;62944;
7;1979;1969293;18201;0;56.144104;40.371616;189.800003;17.921722;56.148861;40.374378;1;60650;
7;1980;1970289;18202;0;56.144104;40.371605;189.800003;17.991207;56.148861;40.374378;1;52857;
7;1981;1971290;18203;0;56.144112;40.371613;189.699997;17.971865;56.148861;40.374378;1;12561;
7;1982;1972286;18204;0;56.144119;40.371620;189.699997;17.952459;56.148861;40.374378;1;63489;
7;1983;1973279;18205;0;56.144119;40.371620;190.000000;17.952459;56.148861;40.374378;1;3461;
7;1984;1974276;18206;0;56.144123;40.371628;190.899994;17.919468;56.148861;40.374378;1;60591;
7;1985;1975282;18207;0;56.144123;40.371635;186.500000;17.872927;56.148861;40.374378;1;50138;
7;1986;1976270;18208;0;56.144127;40.371651;183.300003;17.793201;56.148861;40.374378;1;37865;
7;1987;1977264;18209;0;56.144135;40.371662;180.100006;17.750036;56.148861;40.374378;1;1939;
7;1988;1978262;18210;0;56.144135;40.371662;180.100006;17.750036;56.148861;40.374378;1;46819;
7;1989;1979259;18211;0;56.144138;40.371658;180.199997;17.786850;56.148861;40.374378;1;18655;
7;1990;1980255;18212;0;56.144142;40.371651;180.300003;17.847088;56.148861;40.374378;1;57862;
7;1991;1981252;18213;0;56.144150;40.371647;180.600006;17.897558;56.148861;40.374378;1;64923;
7;1992;1982249;18214;0;56.144157;40.371639;180.899994;17.971586;56.148861;40.374378;1;30676;
7;1993;1983246;18215;0;56.144165;40.371635;176.399994;18.022348;56.148861;40.374378;1;15879;
7;1994;1984261;18216;0;56.144173;40.371624;172.500000;18.120176;56.148861;40.374378;1;22679;
7;1995;1985253;18217;0;56.144180;40.371624;168.800003;18.147778;56.148861;40.374378;1;17478;
7;1996;1986226;18218;0;56.144188;40.371620;165.199997;18.198975;56.148861;40.374378;1;59799;
7;1997;1987231;18219;0;56.144199;40.371620;161.800003;18.240698;56.148861;40.374378;1;2535;
7;1998;1988223;18220;0;56.144215;40.371620;158.500000;18.296612;56.148861;40.374378;1;37752;
7;1999;1989221;18221;0;56.144230;40.371616;155.399994;18.376545;56.148861;40.374378;1;20956;
7;2000;1990224;18222;0;56.144241;40.371616;152.399994;18.419003;56.148861;40.374378;1;23104;
7;2001;1991221;18223;0;56.144249;40.371613;152.500000;18.471163;56.148861;40.374378;1;44134;
7;2002;1992233;18224;0;56.144260;40.371616;152.500000;18.490181;56.148861;40.374378;1;15592;
7;2003;1993229;18225;0;56.144276;40.371620;152.500000;18.523640;56.148861;40.374378;1;56579;
7;2004;1994226;18226;0;56.144287;40.371624;152.500000;18.542889;56.148861;40.374378;1;26709;
7;2005;1995222;18227;0;56.144299;40.371632;152.500000;18.538250;56.148861;40.374378;1;39691;
7;2006;1996195;18228;0;56.144314;40.371643;149.300003;18.524004;56.148861;40.374378;1;29189;
7;2007;1997195;18229;0;56.144325;40.371651;146.300003;18.519283;56.148861;40.374378;1;47489;
7;2008;1998191;18230;0;56.144337;40.371655;143.399994;18.538738;56.148861;40.374378;1;30896;
7;2009;1999186;18231;0;56.144348;40.371662;140.600006;18.534035;56.148861;40.374378;1;8734;
7;2010;2000198;18232;0;56.144363;40.371666;138.000000;18.568275;56.148861;40.374378;1;29582;
7;2011;2001190;18233;0;56.144371;40.371677;135.399994;18.524553;56.148861;40.374378;1;55328;
7;2012;2002194;18234;0;56.144382;40.371685;132.899994;18.519777;56.148861;40.374378;1;32726;
7;2013;2003192;18235;0;56.144382;40.371662;130.699997;18.666307;56.148861;40.374378;1;51665;
7;2014;2004298;18236;0;56.144386;40.371655;130.699997;18.729935;56.148861;40.374378;1;59577;
7;2015;2005272;18237;0;56.144390;40.371651;130.600006;18.769218;56.148861;40.374378;1;1593;
7;2016;2006268;18238;0;56.144394;40.371647;130.500000;18.808546;56.148861;40.374378;1;18296;
7;2017;2007281;18239;0;56.144402;40.371635;130.300003;18.911789;56.148861;40.374378;1;19087;
7;2018;2008282;18240;0;56.144417;40.371628;127.900002;19.021072;56.148861;40.374378;1;4144;
7;2019;2009278;18241;0;56.144432;40.371620;125.500000;19.130959;56.148861;40.374378;1;33833;
7;2020;2010275;18242;0;56.144447;40.371620;123.099998;19.192270;56.148861;40.374378;1;38523;
7;2021;2011272;18243;0;56.144463;40.371624;120.800003;19.229284;56.148861;40.374378;1;556;
7;2022;2012270;18244;0;56.144478;40.371628;118.599998;19.266539;56.148861;40.374378;1;37350;
7;2023;2013271;18245;0;56.144493;40.371632;116.500000;19.304037;56.148861;40.374378;1;20552;
7;2024;2014264;18246;0;56.144505;40.371643;114.500000;19.276314;56.148861;40.374378;1;62184;
7;2025;2015252;18247;0;56.144512;40.371647;112.599998;19.282692;56.148861;40.374378;1;4884;
7;2026;2016248;18248;0;56.144520;40.371655;110.699997;19.264105;56.148861;40.374378;1;14218;
7;2027;2017249;18249;0;56.144520;40.371655;110.699997;19.264105;56.148861;40.374378;1;43603;
7;2028;2018242;18250;0;56.144516;40.371651;110.699997;19.273407;56.148861;40.374378;1;16690;
7;2029;2019242;18251;0;56.144527;40.371655;110.599998;19.295515;56.148861;40.374378;1;7405;
7;2030;2020238;18252;0;56.144535;40.371662;110.599998;19.276888;56.148861;40.374378;1;32274;
7;2031;2021241;18253;0;56.144547;40.371674;108.699997;19.248817;56.148861;40.374378;1;44336;
7;2032;2022246;18254;0;56.144558;40.371685;106.800003;19.220581;56.148861;40.374378;1;10939;
7;2033;2023254;18255;0;56.144573;40.371693;105.000000;19.233328;56.148861;40.374378;1;27505;
7;2034;2024254;18256;0;56.144588;40.371708;103.300003;19.195347;56.148861;40.374378;1;57728;
7;2035;2025230;18257;0;56.144604;40.371723;101.599998;19.157080;56.148861;40.374378;1;47118;
7;2036;2026223;18258;0;56.144623;40.371735;100.000000;19.160112;56.148861;40.374378;1;40278;
7;2037;2027220;18259;0;56.144642;40.371758;98.500000;19.085894;56.148861;40.374378;1;54591;
7;2038;2028217;18260;0;56.144657;40.371784;97.000000;18.969021;56.148861;40.374378;1;51739;
7;2039;2029218;18261;0;56.144672;40.371815;95.599998;18.825102;56.148861;40.374378;1;9775;
7;2040;2030218;18262;0;56.144688;40.371849;94.199997;18.653690;56.148861;40.374378;1;45680;
7;2041;2031226;18263;0;56.144703;40.371883;92.900002;18.480667;56.148861;40.374378;1;50976;
7;2042;2032222;18264;0;56.144718;40.371918;91.599998;18.306025;56.148861;40.374378;1;54871;
7;2043;2033225;18265;0;56.144733;40.371952;90.400002;18.129726;56.148861;40.374378;1;4233;
7;2044;2034221;18266;0;56.144749;40.371986;89.199997;17.951759;56.148861;40.374378;1;23347;
7;2045;2035197;18267;0;56.144768;40.372021;88.099998;17.787626;56.148861;40.374378;1;20583;
7;2046;2036196;18268;0;56.144783;40.372059;86.900002;17.579060;56.148861;40.374378;1;36770;
7;2047;2037192;18269;0;56.144798;40.372097;85.900002;17.368433;56.148861;40.374378;1;21514;
7;2048;2038187;18270;0;56.144814;40.372131;84.800003;17.183184;56.148861;40.374378;1;12574;
7;2049;2039195;18271;0;56.144829;40.372169;83.800003;16.968540;56.148861;40.374378;1;1656;
7;2050;2040195;18272;0;56.144840;40.372227;82.800003;16.597824;56.148861;40.374378;1;34725;
7;2051;2041196;18273;0;56.144852;40.372269;81.800003;16.335459;56.148861;40.374378;1;59472;
7;2052;2042192;18274;0;56.144859;40.372299;80.900002;16.140610;56.148861;40.374378;1;4725;
7;2053;2043188;18275;0;56.144867;40.372330;80.000000;15.944626;56.148861;40.374378;1;49634;
7;2054;2044184;18276;0;56.144875;40.372360;79.099998;15.747511;56.148861;40.374378;1;49808;
7;2055;2045157;18277;0;56.144882;40.372391;78.300003;15.549243;56.148861;40.374378;1;15071;
7;2056;2046153;18278;0;56.144890;40.372410;77.400002;15.435338;56.148861;40.374378;1;23515;
7;2057;2047165;18279;0;56.144894;40.372421;76.599998;15.363906;56.148861;40.374378;1;19557;
7;2058;2048171;18280;0;56.144897;40.372429;75.800003;15.320861;56.148861;40.374378;1;45475;
7;2059;2049163;18281;0;56.144886;40.372402;75.699997;15.478139;56.148861;40.374378;1;38757;
7;2060;2050160;18282;0;56.144894;40.372395;75.500000;15.563447;56.148861;40.374378;1;8880;
7;2061;2051155;18283;0;56.144901;40.372383;75.400002;15.677518;56.148861;40.374378;1;63318;
7;2062;2052155;18284;0;56.144901;40.372368;75.199997;15.791464;56.148861;40.374378;1;5718;
7;2063;2053152;18285;0;56.144901;40.372349;75.000000;15.933710;56.148861;40.374378;1;37428;
7;2064;2054148;18286;0;56.144905;40.372326;74.300003;16.118870;56.148861;40.374378;1;44151;
7;2065;2055136;18287;0;56.144905;40.372303;73.900002;16.289152;56.148861;40.374378;1;60996;
7;2066;2056136;18288;0;56.144897;40.372276;73.400002;16.457417;56.148861;40.374378;1;32954;
7;2067;2057129;18289;0;56.144886;40.372253;72.000000;16.581543;56.148861;40.374378;1;36178;
7;2068;2058129;18290;0;56.144875;40.372231;70.800003;16.704800;56.148861;40.374378;1;53491;
7;2069;2059129;18291;0;56.144867;40.372223;69.500000;16.730591;56.148861;40.374378;1;11516;
7;2070;2060121;18292;0;56.144855;40.372223;68.400002;16.685448;56.148861;40.374378;1;38877;
7;2071;2061121;18293;0;56.144840;40.372211;67.300003;16.708996;56.148861;40.374378;1;12217;
7;2072;2062114;18294;0;56.144829;40.372200;66.300003;16.747305;56.148861;40.374378;1;2662;
7;2073;2063134;18295;0;56.144825;40.372192;65.300003;16.787680;56.148861;40.374378;1;52979;
7;2074;2064129;18296;0;56.144821;40.372185;64.400002;16.827950;56.148861;40.374378;1;3204;
7;2075;2065098;18297;0;56.144817;40.372169;63.500000;16.923269;56.148861;40.374378;1;38428;
7;2076;2066094;18298;0;56.144802;40.372158;62.700001;16.945641;56.148861;40.374378;1;3576;
7;2077;2067090;18299;0;56.144791;40.372154;61.900002;16.928095;56.148861;40.374378;1;21623;
7;2078;2068088;18300;0;56.144764;40.372135;61.200001;16.960056;56.148861;40.374378;1;8999;
7;2079;2069089;18301;0;56.144764;40.372150;60.299999;16.851244;56.148861;40.374378;1;3813;
7;2080;2070090;18302;0;56.144779;40.372204;59.200001;16.527624;56.148861;40.374378;1;63164;
7;2081;2071102;18303;0;56.144772;40.372208;58.500000;16.471094;56.148861;40.374378;1;62823;
7;2082;2072093;18304;0;56.144764;40.372208;57.799999;16.442081;56.148861;40.374378;1;9328;
7;2083;2073090;18305;0;56.144756;40.372215;57.200001;16.358559;56.148861;40.374378;1;47733;
7;2084;2074090;18306;0;56.144753;40.372219;56.500000;16.316893;56.148861;40.374378;1;1706;
7;2085;2075059;18307;0;56.144749;40.372227;56.400002;16.247997;56.148861;40.374378;1;29122;
7;2086;2076055;18308;0;56.144741;40.372211;56.099998;16.328411;56.148861;40.374378;1;10446;
7;2087;2077050;18309;0;56.144733;40.372200;55.599998;16.381323;56.148861;40.374378;1;59290;
7;2088;2078048;18310;0;56.144726;40.372185;55.099998;16.461090;56.148861;40.374378;1;54800;
7;2089;2079063;18311;0;56.144718;40.372169;54.500000;16.540497;56.148861;40.374378;1;6291;
7;2090;2080059;18312;0;56.144711;40.372154;54.000000;16.619541;56.148861;40.374378;1;49937;
7;2091;2081059;18313;0;56.144695;40.372135;53.500000;16.696173;56.148861;40.374378;1;1527;
7;2092;2082066;18314;0;56.144688;40.372116;53.099998;16.801119;56.148861;40.374378;1;20509;
7;2093;2083058;18315;0;56.144676;40.372101;52.599998;16.864391;56.148861;40.374378;1;40459;
7;2094;2084053;18316;0;56.144669;40.372089;52.200001;16.915220;56.148861;40.374378;1;57512;
7;2095;2085025;18317;0;56.144661;40.372082;51.799999;16.939306;56.148861;40.374378;1;50050;
7;2096;2086026;18318;0;56.144650;40.372082;51.400002;16.895906;56.148861;40.374378;1;36923;
7;2097;2087041;18319;0;56.144642;40.372086;51.000000;16.840654;56.148861;40.374378;1;50753;
7;2098;2088033;18320;0;56.144634;40.372093;50.599998;16.759169;56.148861;40.374378;1;31697;
7;2099;2089026;18321;0;56.144623;40.372101;50.200001;16.663731;56.148861;40.374378;1;1207;
7;2100;2090028;18322;0;56.144619;40.372097;49.900002;16.675913;56.148861;40.374378;1;59269;
7;2101;2091024;18323;0;56.144619;40.372093;49.500000;16.702244;56.148861;40.374378;1;24776;
7;2102;2092017;18324;0;56.144615;40.372089;49.200001;16.714384;56.148861;40.374378;1;18734;
7;2103;2093022;18325;0;56.144611;40.372086;48.799999;16.726496;56.148861;40.374378;1;23142;
7;2104;2094015;18326;0;56.144608;40.372086;48.500000;16.712332;56.148861;40.374378;1;21373;
7;2105;2095002;18327;0;56.144600;40.372086;48.099998;16.684072;56.148861;40.374378;1;39378;
7;2106;2095998;18328;0;56.144592;40.372093;47.799999;16.603535;56.148861;40.374378;1;39169;
7;2107;2097000;18329;0;56.144581;40.372101;47.500000;16.509296;56.148861;40.374378;1;12951;
7;2108;2097998;18330;0;56.144569;40.372112;47.200001;16.389360;56.148861;40.374378;1;11644;
7;2109;2098994;18331;0;56.144554;40.372116;46.900002;16.308357;56.148861;40.374378;1;15388;
7;2110;2099988;18332;0;56.144543;40.372108;46.599998;16.319370;56.148861;40.374378;1;34665;
7;2111;2100992;18333;0;56.144535;40.372093;46.299999;16.395777;56.148861;40.374378;1;56554;
7;2112;2101989;18334;0;56.144524;40.372078;46.000000;16.458157;56.148861;40.374378;1;26686;
7;2113;2103001;18335;0;56.144512;40.372059;45.799999;16.545897;56.148861;40.374378;1;33228;
7;2114;2103995;18336;0;56.144505;40.372036;45.500000;16.672499;56.148861;40.374378;1;58872;
7;2115;2104968;18337;0;56.144497;40.372009;45.200001;16.824059;56.148861;40.374378;1;65246;
7;2116;2105964;18338;0;56.144493;40.371979;45.200001;17.014313;56.148861;40.374378;1;5193;
7;2117;2106956;18339;0;56.144489;40.371952;45.200001;17.178438;56.148861;40.374378;1;32778;
7;2118;2107965;18340;0;56.144485;40.371922;45.200001;17.367332;56.148861;40.374378;1;49893;
7;2119;2108959;18341;0;56.144485;40.371895;45.200001;17.544579;56.148861;40.374378;1;50224;
7;2120;2109955;18342;0;56.144485;40.371861;45.099998;17.771961;56.148861;40.374378;1;15592;
7;2121;2110967;18343;0;56.144482;40.371834;45.099998;17.933783;56.148861;40.374378;1;54133;
7;2122;2111963;18344;0;56.144478;40.371811;45.000000;18.069923;56.148861;40.374378;1;11675;
7;2123;2112960;18345;0;56.144474;40.371807;45.000000;18.080317;56.148861;40.374378;1;60375;
7;2124;2113961;18346;0;56.144474;40.371792;44.900002;18.180576;56.148861;40.374378;1;13055;
7;2125;2114930;18347;0;56.144478;40.371765;44.900002;18.370657;56.148861;40.374378;1;59266;
7;2126;2115933;18348;0;56.144478;40.371754;44.400002;18.445675;56.148861;40.374378;1;41598;
7;2127;2116925;18349;0;56.144482;40.371731;43.900002;18.610607;56.148861;40.374378;1;13927;
7;2128;2117917;18350;0;56.144482;40.371708;43.400002;18.760290;56.148861;40.374378;1;60315;
7;2129;2118937;18351;0;56.144485;40.371685;42.799999;18.925022;56.148861;40.374378;1;49889;
7;2130;2119933;18352;0;56.144489;40.371658;42.400002;19.114582;56.148861;40.374378;1;18305;
7;2131;2120926;18353;0;56.144489;40.371632;41.900002;19.288441;56.148861;40.374378;1;9505;
7;2132;2121929;18354;0;56.144489;40.371601;41.900002;19.486681;56.148861;40.374378;1;14589;
7;2133;2122921;18355;0;56.144489;40.371567;41.500000;19.486681;56.148861;40.374378;1;31161;
7;2134;2123920;18356;0;56.144508;40.371582;41.200001;19.709127;56.148861;40.374378;1;15120;
7;2135;2124897;18357;0;56.144524;40.371586;40.900002;19.689676;56.148861;40.374378;1;62336;
7;2136;2125887;18358;0;56.144547;40.371586;40.500000;19.728725;56.148861;40.374378;1;46052;
7;2137;2126884;18359;0;56.144562;40.371574;40.200001;19.825251;56.148861;40.374378;1;43687;
7;2138;2127896;18360;0;56.144581;40.371555;39.900002;19.965189;56.148861;40.374378;1;2864;
7;2139;2128893;18361;0;56.144608;40.371529;39.599998;20.172503;56.148861;40.374378;1;16286;
7;2140;2129894;18362;0;56.144630;40.371506;39.200001;20.464922;56.148861;40.374378;1;15400;
7;2141;2130894;18363;0;56.144650;40.371475;38.900002;20.717606;56.148861;40.374378;1;26614;
7;2142;2131889;18364;0;56.144669;40.371437;38.599998;21.005241;56.148861;40.374378;1;55608;
7;2143;2132858;18365;0;56.144688;40.371403;38.400002;21.344784;56.148861;40.374378;1;30898;
7;2144;2133856;18366;0;56.144703;40.371380;38.200001;21.660641;56.148861;40.374378;1;21223;
7;2145;2134856;18367;0;56.144714;40.371346;38.000000;21.884165;56.148861;40.374378;1;46231;
7;2146;2135868;18368;0;56.144726;40.371319;37.799999;22.165834;56.148861;40.374378;1;48905;
7;2147;2136864;18369;0;56.144737;40.371296;37.599998;22.397612;56.148861;40.374378;1;22236;
7;2148;2137862;18370;0;56.144745;40.371281;37.400002;22.604738;56.148861;40.374378;1;25286;
7;2149;2138857;18371;0;56.144745;40.371262;37.299999;22.743120;56.148861;40.374378;1;60476;
7;2150;2139859;18372;0;56.144753;40.371243;37.099998;22.868793;56.148861;40.374378;1;18790;
7;2151;2140857;18373;0;56.144756;40.371223;36.900002;23.032478;56.148861;40.374378;1;2351;
7;2152;2141849;18374;0;56.144768;40.371201;36.799999;23.177095;56.148861;40.374378;1;50631;
7;2153;2142830;18375;0;56.144779;40.371170;36.599998;23.385550;56.148861;40.374378;1;50792;
7;2154;2143838;18376;0;56.144783;40.371151;36.500000;23.644585;56.148861;40.374378;1;30581;
7;2155;2144831;18377;0;56.144791;40.371117;36.400002;23.789383;56.148861;40.374378;1;39628;
7;2156;2145834;18378;0;56.144802;40.371078;36.200001;24.053875;56.148861;40.374378;1;47234;
7;2157;2146831;18379;0;56.144817;40.371037;36.099998;24.363369;56.148861;40.374378;1;50808;
7;2158;2147832;18380;0;56.144829;40.370991;36.000000;24.718447;56.148861;40.374378;1;6588;
7;2159;2148824;18381;0;56.144840;40.370941;35.900002;25.078138;56.148861;40.374378;1;11137;
7;2160;2149818;18382;0;56.144855;40.370880;35.799999;25.462446;56.148861;40.374378;1;29151;
7;2161;2150818;18383;0;56.144875;40.370804;35.700001;25.941673;56.148861;40.374378;1;2989;
7;2162;2151825;18383;0;56.144875;40.370804;35.700001;26.540352;56.148861;40.374378;1;62179;
7;2163;2152798;18385;0;56.144913;40.370651;35.500000;27.162807;56.148861;40.374378;1;48540;
7;2164;2153800;18386;0;56.144928;40.370583;35.400002;27.736023;56.148861;40.374378;1;33382;
7;2165;2154792;18386;0;56.144928;40.370583;35.400002;28.261530;56.148861;40.374378;1;53278;
7;2166;2155791;18387;0;56.144951;40.370506;35.299999;28.880869;56.148861;40.374378;1;58331;
7;2167;2156787;18388;0;56.144974;40.370426;35.200001;29.523787;56.148861;40.374378;1;36401;
7;2168;2157790;18389;0;56.145004;40.370335;35.099998;30.285994;56.148861;40.374378;1;58412;
