flag; num; time_ms; gps_time_s; gps_time_us; lat; lon; alt; angle; lat_base; lon_base; fix; crc
7;100;98811;29491;8000;56.409901;40.976463;55.000000;226.196838;0.000000;0.000000;6;1035;
7;101;99803;29492;0;56.409897;40.976463;56.599998;226.196838;0.000000;0.000000;1;15187;
7;102;100799;29493;0;56.409893;40.976463;59.299999;226.196838;0.000000;0.000000;1;27126;
7;103;101798;29494;0;56.409885;40.976467;62.700001;226.196838;0.000000;0.000000;1;16443;
7;104;102795;29495;0;56.409870;40.976467;66.699997;226.196838;0.000000;0.000000;1;29546;
7;105;103808;29496;0;56.409859;40.976471;70.900002;226.196854;0.000000;0.000000;1;39132;
7;106;104804;29497;0;56.409836;40.976456;77.599998;226.196838;0.000000;0.000000;1;11422;
7;107;105804;29498;0;56.409847;40.976418;83.000000;226.196808;0.000000;0.000000;1;3959;
7;108;106797;29499;0;56.409863;40.976383;88.000000;226.196762;0.000000;0.000000;1;25310;
7;109;107796;29500;0;56.409866;40.976368;92.000000;226.196747;0.000000;0.000000;1;5432;
7;110;108767;29501;0;56.409855;40.976360;95.099998;226.196747;0.000000;0.000000;1;9080;
7;111;109766;29502;0;56.409840;40.976360;98.099998;226.196747;0.000000;0.000000;1;14052;
7;112;110767;29503;0;56.409828;40.976364;100.800003;226.196762;0.000000;0.000000;1;5475;
7;113;111775;29504;0;56.409817;40.976364;103.099998;226.196762;0.000000;0.000000;1;4614;
7;114;112767;29505;0;56.409813;40.976364;105.000000;226.196762;0.000000;0.000000;1;22346;
7;115;113770;29506;0;56.409809;40.976368;106.599998;226.196762;0.000000;0.000000;1;3889;
7;116;114762;29507;0;56.409805;40.976372;108.800003;226.196777;0.000000;0.000000;1;57939;
7;117;115763;29508;0;56.409801;40.976376;110.300003;226.196777;0.000000;0.000000;1;50197;
7;118;116759;29509;0;56.409794;40.976376;112.000000;226.196777;0.000000;0.000000;1;30924;
7;119;117756;29510;0;56.409786;40.976376;113.599998;226.196777;0.000000;0.000000;1;55611;
7;120;118731;29511;0;56.409782;40.976379;114.900002;226.196793;0.000000;0.000000;1;20030;
7;121;119742;29512;0;56.409775;40.976383;116.099998;226.196793;0.000000;0.000000;1;10393;
7;122;120736;29513;0;56.409767;40.976387;117.400002;226.196793;0.000000;0.000000;1;27858;
7;123;121739;29514;0;56.409763;40.976391;118.500000;226.196808;0.000000;0.000000;1;29356;
7;124;122735;29515;0;56.409756;40.976398;119.599998;226.196808;0.000000;0.000000;1;45107;
7;125;123730;29516;0;56.409752;40.976402;120.800003;226.196823;0.000000;0.000000;1;43350;
7;126;124722;29517;0;56.409744;40.976406;121.900002;226.196823;0.000000;0.000000;1;58857;
7;127;125724;29518;0;56.409740;40.976410;122.900002;226.196823;0.000000;0.000000;1;54083;
7;128;126723;29519;0;56.409733;40.976414;124.000000;226.196838;0.000000;0.000000;1;63959;
7;129;127730;29520;0;56.409725;40.976418;125.199997;226.196838;0.000000;0.000000;1;65248;
7;130;128702;29521;0;56.409718;40.976421;126.300003;226.196854;0.000000;0.000000;1;16468;
7;131;129705;29522;0;56.409714;40.976425;127.099998;226.196854;0.000000;0.000000;1;742;
7;132;130697;29523;0;56.409710;40.976429;128.000000;226.196854;0.000000;0.000000;1;1424;
7;133;131694;29524;0;56.409706;40.976433;128.600006;226.196869;0.000000;0.000000;1;36277;
7;134;132698;29525;0;56.409698;40.976437;129.800003;226.196869;0.000000;0.000000;1;33537;
7;135;133692;29526;0;56.409698;40.976437;129.899994;226.196869;0.000000;0.000000;1;10078;
7;136;134688;29527;0;56.409695;40.976437;129.800003;226.196869;0.000000;0.000000;1;62725;
7;137;135699;29528;0;56.409695;40.976437;129.800003;226.196869;0.000000;0.000000;1;58623;
7;138;136698;29529;0;56.409695;40.976437;129.800003;226.196869;0.000000;0.000000;1;36626;
7;139;137690;29530;0;56.409695;40.976440;129.899994;226.196884;0.000000;0.000000;1;51048;
7;140;138670;29531;0;56.409691;40.976440;129.899994;226.196884;0.000000;0.000000;1;32995;
7;141;139666;29532;0;56.409691;40.976440;130.000000;226.196884;0.000000;0.000000;1;16237;
7;142;140664;29533;0;56.409691;40.976444;130.000000;226.196884;0.000000;0.000000;1;63049;
7;143;141660;29534;0;56.409691;40.976444;130.100006;226.196884;0.000000;0.000000;1;57389;
7;144;142657;29535;0;56.409687;40.976448;130.399994;226.196884;0.000000;0.000000;1;31368;
7;145;143668;29536;0;56.409683;40.976448;130.500000;226.196884;0.000000;0.000000;1;996;
7;146;144672;29537;0;56.409683;40.976452;130.300003;226.196899;0.000000;0.000000;1;18702;
7;147;145664;29538;0;56.409683;40.976452;130.300003;226.196899;0.000000;0.000000;1;27731;
7;148;146657;29539;0;56.409683;40.976452;130.199997;226.196899;0.000000;0.000000;1;49748;
7;149;147654;29540;0;56.409683;40.976452;130.300003;226.196899;0.000000;0.000000;1;65322;
7;150;148634;29541;0;56.409679;40.976456;130.199997;226.196899;0.000000;0.000000;1;53583;
7;151;149633;29542;0;56.409679;40.976456;130.199997;226.196899;0.000000;0.000000;1;58769;
7;152;150625;29543;0;56.409676;40.976460;130.000000;226.196899;0.000000;0.000000;1;25254;
7;153;151637;29544;0;56.409676;40.976460;129.899994;226.196899;0.000000;0.000000;1;22902;
7;154;152637;29545;0;56.409676;40.976460;129.899994;226.196899;0.000000;0.000000;1;18254;
7;155;153630;29546;0;56.409676;40.976460;129.899994;226.196899;0.000000;0.000000;1;28399;
7;156;154626;29547;0;56.409676;40.976460;129.800003;226.196899;0.000000;0.000000;1;23562;
7;157;155632;29548;0;56.409676;40.976460;129.699997;226.196899;0.000000;0.000000;1;30591;
7;158;156624;29549;0;56.409676;40.976460;129.600006;226.196899;0.000000;0.000000;1;37944;
7;159;157624;29550;0;56.409676;40.976460;129.500000;226.196899;0.000000;0.000000;1;7867;
7;160;158596;29551;0;56.409676;40.976460;129.500000;226.196899;0.000000;0.000000;1;39803;
7;161;159603;29552;0;56.409676;40.976460;129.500000;226.196899;0.000000;0.000000;1;54814;
7;162;160601;29553;0;56.409676;40.976460;129.399994;226.196899;0.000000;0.000000;1;3944;
7;163;161602;29554;0;56.409676;40.976460;129.500000;226.196899;0.000000;0.000000;1;17699;
7;164;162596;29555;0;56.409676;40.976460;129.500000;226.196899;0.000000;0.000000;1;20701;
7;165;163595;29556;0;56.409676;40.976460;129.500000;226.196899;0.000000;0.000000;1;1943;
7;166;164591;29557;0;56.409676;40.976460;129.399994;226.196899;0.000000;0.000000;1;18494;
7;167;165587;29558;0;56.409676;40.976460;129.399994;226.196899;0.000000;0.000000;1;45541;
7;168;166582;29559;0;56.409676;40.976460;129.300003;226.196899;0.000000;0.000000;1;57426;
7;169;167597;29560;0;56.409676;40.976460;129.300003;226.196899;0.000000;0.000000;1;47091;
7;170;168575;29561;0;56.409676;40.976460;129.300003;226.196899;0.000000;0.000000;1;22565;
7;171;169578;29562;0;56.409676;40.976460;129.300003;226.196899;0.000000;0.000000;1;64917;
7;172;170575;29563;0;56.409676;40.976460;129.300003;226.196899;0.000000;0.000000;1;4521;
7;173;171576;29564;0;56.409676;40.976460;129.300003;226.196899;0.000000;0.000000;1;54333;
7;174;172571;29565;0;56.409676;40.976460;129.300003;226.196899;0.000000;0.000000;1;30598;
7;175;173569;29566;0;56.409676;40.976460;129.300003;226.196899;0.000000;0.000000;1;60730;
7;176;174562;29567;0;56.409672;40.976460;129.300003;226.196899;0.000000;0.000000;1;52497;
7;177;175573;29568;0;56.409672;40.976460;129.300003;226.196899;0.000000;0.000000;1;37764;
7;178;176573;29569;0;56.409672;40.976460;129.300003;226.196899;0.000000;0.000000;1;25543;
7;179;177567;29570;0;56.409672;40.976460;129.399994;226.196899;0.000000;0.000000;1;35264;
7;180;178542;29571;0;56.409672;40.976460;129.399994;226.196899;0.000000;0.000000;1;16015;
7;181;179541;29572;0;56.409672;40.976460;129.300003;226.196899;0.000000;0.000000;1;20497;
7;182;180537;29573;0;56.409672;40.976460;129.300003;226.196899;0.000000;0.000000;1;51346;
7;183;181533;29574;0;56.409672;40.976460;129.199997;226.196899;0.000000;0.000000;1;35286;
7;184;182532;29575;0;56.409668;40.976463;129.000000;226.196915;0.000000;0.000000;1;19505;
7;185;183548;29576;0;56.409668;40.976463;128.800003;226.196915;0.000000;0.000000;1;44117;
7;186;184546;29577;0;56.409668;40.976463;128.699997;226.196915;0.000000;0.000000;1;41071;
7;187;185539;29578;0;56.409668;40.976463;128.600006;226.196915;0.000000;0.000000;1;26448;
7;188;186539;29579;0;56.409668;40.976463;128.500000;226.196915;0.000000;0.000000;1;27551;
7;189;187535;29580;0;56.409668;40.976463;128.399994;226.196915;0.000000;0.000000;1;50730;
7;190;188507;29581;0;56.409668;40.976463;128.500000;226.196915;0.000000;0.000000;1;27709;
7;191;189508;29582;0;56.409668;40.976463;128.500000;226.196915;0.000000;0.000000;1;58245;
7;192;190501;29583;0;56.409668;40.976460;128.500000;226.196899;0.000000;0.000000;1;61806;
7;193;191512;29584;0;56.409668;40.976460;128.500000;226.196899;0.000000;0.000000;1;39264;
7;194;192512;29585;0;56.409668;40.976460;128.399994;226.196899;0.000000;0.000000;1;30561;
7;195;193506;29586;0;56.409668;40.976460;128.399994;226.196899;0.000000;0.000000;1;8454;
7;196;194500;29587;0;56.409668;40.976460;128.399994;226.196899;0.000000;0.000000;1;39919;
7;197;195516;29588;0;56.409668;40.976460;128.300003;226.196899;0.000000;0.000000;1;22170;
7;198;196508;29589;0;56.409668;40.976460;128.300003;226.196899;0.000000;0.000000;1;28451;
7;199;197505;29590;0;56.409668;40.976460;128.300003;226.196899;0.000000;0.000000;1;60120;
7;200;198503;29591;0;56.409668;40.976460;128.300003;226.196899;0.000000;0.000000;1;31267;
7;201;199493;29592;0;56.409668;40.976460;128.199997;226.196899;0.000000;0.000000;1;16864;
7;202;200491;29593;0;56.409668;40.976460;128.199997;226.196899;0.000000;0.000000;1;17952;
7;203;201488;29594;0;56.409668;40.976460;128.199997;226.196899;0.000000;0.000000;1;48179;
7;204;202484;29595;0;56.409668;40.976460;128.199997;226.196899;0.000000;0.000000;1;55375;
7;205;203481;29596;0;56.409668;40.976460;128.199997;226.196899;0.000000;0.000000;1;11675;
7;206;204474;29597;0;56.409668;40.976460;128.199997;226.196899;0.000000;0.000000;1;60896;
7;207;205474;29598;0;56.409668;40.976460;128.199997;226.196899;0.000000;0.000000;1;6421;
7;208;206472;29599;0;56.409668;40.976460;128.199997;226.196899;0.000000;0.000000;1;65439;
7;209;207487;29600;0;56.409668;40.976460;128.199997;226.196899;0.000000;0.000000;1;20803;
7;210;208484;29601;0;56.409668;40.976460;128.100006;226.196899;0.000000;0.000000;1;13689;
7;211;209456;29602;0;56.409668;40.976460;128.100006;226.196899;0.000000;0.000000;1;32711;
7;212;210462;29603;0;56.409668;40.976460;128.100006;226.196899;0.000000;0.000000;1;6033;
7;213;211462;29604;0;56.409668;40.976456;128.100006;226.196899;0.000000;0.000000;1;60791;
7;214;212460;29605;0;56.409668;40.976456;128.100006;226.196899;0.000000;0.000000;1;35430;
7;215;213457;29606;0;56.409668;40.976456;128.100006;226.196899;0.000000;0.000000;1;57346;
7;216;214454;29607;0;56.409668;40.976456;128.100006;226.196899;0.000000;0.000000;1;32495;
7;217;215470;29608;0;56.409668;40.976456;128.199997;226.196899;0.000000;0.000000;1;13211;
7;218;216462;29609;0;56.409668;40.976456;128.199997;226.196899;0.000000;0.000000;1;2594;
7;219;217462;29610;0;56.409668;40.976456;128.100006;226.196899;0.000000;0.000000;1;49070;
7;220;218458;29611;0;56.409668;40.976456;128.100006;226.196899;0.000000;0.000000;1;12111;
7;221;219434;29612;0;56.409668;40.976456;128.000000;226.196899;0.000000;0.000000;1;36663;
7;222;220430;29613;0;56.409668;40.976456;128.000000;226.196899;0.000000;0.000000;1;22465;
7;223;221426;29614;0;56.409668;40.976456;128.000000;226.196899;0.000000;0.000000;1;7878;
7;224;222420;29615;0;56.409668;40.976456;128.000000;226.196899;0.000000;0.000000;1;24184;
7;225;223439;29616;0;56.409668;40.976456;128.000000;226.196899;0.000000;0.000000;1;3896;
7;226;224435;29617;0;56.409668;40.976456;128.000000;226.196899;0.000000;0.000000;1;17680;
7;227;225428;29618;0;56.409668;40.976456;128.000000;226.196899;0.000000;0.000000;1;14764;
7;228;226425;29619;0;56.409668;40.976456;128.000000;226.196899;0.000000;0.000000;1;21093;
7;229;227426;29620;0;56.409668;40.976456;128.000000;226.196899;0.000000;0.000000;1;29065;
7;230;228419;29621;0;56.409668;40.976460;128.100006;226.196899;0.000000;0.000000;1;48123;
7;231;229397;29622;0;56.409668;40.976460;128.100006;226.196899;0.000000;0.000000;1;29256;
7;232;230394;29623;0;56.409668;40.976460;128.100006;226.196899;0.000000;0.000000;1;6784;
7;233;231408;29624;0;56.409668;40.976448;129.000000;226.196899;0.000000;0.000000;1;31039;
7;234;232400;29625;0;56.409668;40.976448;128.800003;226.196899;0.000000;0.000000;1;64811;
7;235;233397;29626;0;56.409668;40.976448;128.600006;226.196899;0.000000;0.000000;1;61722;
7;236;234393;29627;0;56.409668;40.976448;128.600006;226.196899;0.000000;0.000000;1;36736;
7;237;235393;29628;0;56.409668;40.976448;128.600006;226.196899;0.000000;0.000000;1;64185;
7;238;236391;29629;0;56.409668;40.976448;128.600006;226.196899;0.000000;0.000000;1;36786;
7;239;237388;29630;0;56.409668;40.976452;128.600006;226.196899;0.000000;0.000000;1;64371;
7;240;238380;29631;0;56.409668;40.976448;128.600006;226.196899;0.000000;0.000000;1;33223;
7;241;239379;29632;0;56.409668;40.976448;128.600006;226.196899;0.000000;0.000000;1;52207;
7;242;240374;29633;0;56.409668;40.976452;128.600006;226.196899;0.000000;0.000000;1;20143;
7;243;241367;29634;0;56.409668;40.976452;128.600006;226.196899;0.000000;0.000000;1;50576;
7;244;242368;29635;0;56.409672;40.976452;128.600006;226.196899;0.000000;0.000000;1;61245;
7;245;243364;29636;0;56.409672;40.976452;128.600006;226.196899;0.000000;0.000000;1;37642;
7;246;244358;29637;0;56.409672;40.976452;128.600006;226.196899;0.000000;0.000000;1;2093;
7;247;245358;29638;0;56.409672;40.976452;128.600006;226.196899;0.000000;0.000000;1;43653;
7;248;246355;29639;0;56.409672;40.976452;128.600006;226.196899;0.000000;0.000000;1;14837;
7;249;247370;29639;0;56.409672;40.976452;128.600006;226.196899;0.000000;0.000000;1;10736;
7;250;248365;29641;0;56.409672;40.976452;128.699997;226.196899;0.000000;0.000000;1;41470;
7;251;249337;29642;0;56.409672;40.976452;128.800003;226.196899;0.000000;0.000000;1;23514;
7;252;250333;29643;0;56.409672;40.976452;128.800003;226.196899;0.000000;0.000000;1;63487;
7;253;251331;29644;0;56.409672;40.976452;128.800003;226.196899;0.000000;0.000000;1;39742;
7;254;252335;29645;0;56.409672;40.976452;128.800003;226.196899;0.000000;0.000000;1;15968;
7;255;253328;29646;0;56.409672;40.976452;128.899994;226.196899;0.000000;0.000000;1;42627;
7;256;254327;29647;0;56.409672;40.976452;128.899994;226.196899;0.000000;0.000000;1;9099;
7;257;255353;29648;0;56.409668;40.976452;128.899994;226.196899;0.000000;0.000000;1;52493;
7;258;256345;29649;0;56.409668;40.976452;129.000000;226.196899;0.000000;0.000000;1;9437;
7;259;257341;29650;0;56.409668;40.976452;129.000000;226.196899;0.000000;0.000000;1;20440;
7;260;258342;29651;0;56.409668;40.976452;129.000000;226.196899;0.000000;0.000000;1;4913;
7;261;259317;29652;0;56.409668;40.976452;129.000000;226.196899;0.000000;0.000000;1;40553;
7;262;260313;29653;0;56.409668;40.976452;129.000000;226.196899;0.000000;0.000000;1;52745;
7;263;261309;29654;0;56.409668;40.976452;129.000000;226.196899;0.000000;0.000000;1;42252;
7;264;262302;29655;0;56.409668;40.976452;129.000000;226.196899;0.000000;0.000000;1;40955;
7;265;263321;29656;0;56.409668;40.976452;129.000000;226.196899;0.000000;0.000000;1;20213;
7;266;264318;29657;0;56.409668;40.976452;129.000000;226.196899;0.000000;0.000000;1;53173;
7;267;265311;29658;0;56.409668;40.976452;129.000000;226.196899;0.000000;0.000000;1;17546;
7;268;266309;29659;0;56.409672;40.976452;129.000000;226.196899;0.000000;0.000000;1;43420;
7;269;267309;29660;0;56.409672;40.976456;129.000000;226.196899;0.000000;0.000000;1;61403;
7;270;268306;29661;0;56.409672;40.976456;129.000000;226.196899;0.000000;0.000000;1;1560;
7;271;269281;29662;0;56.409672;40.976456;129.000000;226.196899;0.000000;0.000000;1;4459;
7;272;270278;29663;0;56.409672;40.976456;129.000000;226.196899;0.000000;0.000000;1;12378;
7;273;271292;29664;0;56.409672;40.976456;129.000000;226.196899;0.000000;0.000000;1;28599;
7;274;272284;29665;0;56.409672;40.976456;129.000000;226.196899;0.000000;0.000000;1;22030;
7;275;273280;29666;0;56.409672;40.976456;129.000000;226.196899;0.000000;0.000000;1;36707;
7;276;274287;29667;0;56.409672;40.976456;129.100006;226.196899;0.000000;0.000000;1;52843;
7;277;275279;29668;0;56.409672;40.976456;129.100006;226.196899;0.000000;0.000000;1;18518;
7;278;276275;29669;0;56.409672;40.976456;129.100006;226.196899;0.000000;0.000000;1;638;
7;279;277272;29670;0;56.409672;40.976456;129.100006;226.196899;0.000000;0.000000;1;63840;
7;280;278267;29670;0;56.409672;40.976456;129.100006;226.196899;0.000000;0.000000;1;55298;
7;281;279257;29671;0;56.409672;40.976456;129.100006;226.196899;0.000000;0.000000;1;13228;
7;282;280256;29672;0;56.409672;40.976456;129.100006;226.196899;0.000000;0.000000;1;53742;
7;283;281255;29673;0;56.409672;40.976456;129.100006;226.196899;0.000000;0.000000;1;59303;
7;284;282251;29674;0;56.409672;40.976456;129.100006;226.196899;0.000000;0.000000;1;31967;
7;285;283247;29675;0;56.409672;40.976456;129.100006;226.196899;0.000000;0.000000;1;2149;
7;286;284243;29676;0;56.409672;40.976456;129.100006;226.196899;0.000000;0.000000;1;43992;
7;287;285236;29677;0;56.409672;40.976456;129.100006;226.196899;0.000000;0.000000;1;40337;
7;288;286240;29678;0;56.409672;40.976456;129.100006;226.196899;0.000000;0.000000;1;57793;
7;289;287252;29679;0;56.409672;40.976456;129.100006;226.196899;0.000000;0.000000;1;22466;
7;290;288245;29680;0;56.409672;40.976456;129.100006;226.196899;0.000000;0.000000;1;32919;
7;291;289223;29681;0;56.409672;40.976456;129.100006;226.196899;0.000000;0.000000;1;58299;
7;292;290221;29682;0;56.409672;40.976456;129.100006;226.196899;0.000000;0.000000;1;37893;
7;293;291213;29683;0;56.409672;40.976456;129.000000;226.196899;0.000000;0.000000;1;56549;
7;294;292215;29684;0;56.409672;40.976456;129.100006;226.196899;0.000000;0.000000;1;48053;
7;295;293212;29685;0;56.409672;40.976456;129.000000;226.196899;0.000000;0.000000;1;39236;
7;296;294212;29686;0;56.409672;40.976456;129.000000;226.196899;0.000000;0.000000;1;2498;
7;297;295221;29687;0;56.409672;40.976456;129.000000;226.196899;0.000000;0.000000;1;23748;
7;298;296216;29688;0;56.409672;40.976456;129.000000;226.196899;0.000000;0.000000;1;36873;
7;299;297216;29689;0;56.409672;40.976456;129.000000;226.196899;0.000000;0.000000;1;41906;
7;300;298212;29690;0;56.409672;40.976456;129.000000;226.196899;0.000000;0.000000;1;52311;
7;301;299188;29691;0;56.409672;40.976456;129.000000;226.196899;0.000000;0.000000;1;27711;
7;302;300184;29692;0;56.409672;40.976456;129.000000;226.196899;0.000000;0.000000;1;31453;
7;303;301177;29693;0;56.409672;40.976456;129.000000;226.196899;0.000000;0.000000;1;44849;
7;304;302176;29694;0;56.409672;40.976456;129.000000;226.196899;0.000000;0.000000;1;33054;
7;305;303191;29695;0;56.409672;40.976456;129.000000;226.196899;0.000000;0.000000;1;15329;
7;306;304185;29696;0;56.409672;40.976456;129.000000;226.196899;0.000000;0.000000;1;53318;
7;307;305186;29697;0;56.409672;40.976456;129.000000;226.196899;0.000000;0.000000;1;61185;
7;308;306181;29698;0;56.409672;40.976456;128.899994;226.196899;0.000000;0.000000;1;8314;
7;309;307174;29699;0;56.409672;40.976456;128.899994;226.196899;0.000000;0.000000;1;35279;
7;310;308172;29700;0;56.409672;40.976456;128.899994;226.196899;0.000000;0.000000;1;26798;
7;311;309148;29701;0;56.409672;40.976456;128.899994;226.196899;0.000000;0.000000;1;9917;
7;312;310145;29702;0;56.409672;40.976456;128.899994;226.196899;0.000000;0.000000;1;63766;
7;313;311162;29703;0;56.409672;40.976456;128.899994;226.196899;0.000000;0.000000;1;59780;
7;314;312155;29704;0;56.409672;40.976456;128.899994;226.196899;0.000000;0.000000;1;29005;
7;315;313151;29705;0;56.409672;40.976456;128.899994;226.196899;0.000000;0.000000;1;4561;
7;316;314154;29706;0;56.409672;40.976456;128.899994;226.196899;0.000000;0.000000;1;14772;
7;317;315146;29707;0;56.409672;40.976456;129.000000;226.196899;0.000000;0.000000;1;50969;
7;318;316142;29708;0;56.409672;40.976456;129.000000;226.196899;0.000000;0.000000;1;51997;
7;319;317139;29709;0;56.409672;40.976456;129.000000;226.196899;0.000000;0.000000;1;52500;
7;320;318139;29710;0;56.409672;40.976456;129.000000;226.196899;0.000000;0.000000;1;55754;
7;321;319126;29711;0;56.409672;40.976456;129.000000;226.196899;0.000000;0.000000;1;27292;
7;322;320124;29712;0;56.409672;40.976456;129.000000;226.196899;0.000000;0.000000;1;36535;
7;323;321122;29713;0;56.409672;40.976456;129.000000;226.196899;0.000000;0.000000;1;65245;
7;324;322116;29714;0;56.409672;40.976456;129.000000;226.196899;0.000000;0.000000;1;5508;
7;325;323113;29715;0;56.409672;40.976456;128.899994;226.196899;0.000000;0.000000;1;55724;
7;326;324109;29716;0;56.409672;40.976456;128.899994;226.196899;0.000000;0.000000;1;62346;
7;327;325103;29717;0;56.409672;40.976456;128.899994;226.196899;0.000000;0.000000;1;2928;
7;328;326111;29718;0;56.409672;40.976456;128.899994;226.196899;0.000000;0.000000;1;27135;
7;329;327120;29719;0;56.409672;40.976456;128.899994;226.196899;0.000000;0.000000;1;22657;
7;330;328112;29720;0;56.409672;40.976456;128.899994;226.196899;0.000000;0.000000;1;21565;
7;331;329092;29721;0;56.409672;40.976456;128.899994;226.196899;0.000000;0.000000;1;29888;
7;332;330089;29722;0;56.409672;40.976456;128.899994;226.196899;0.000000;0.000000;1;20153;
7;333;331085;29723;0;56.409672;40.976456;128.899994;226.196899;0.000000;0.000000;1;56091;
7;334;332097;29724;0;56.409672;40.976456;128.899994;226.196899;0.000000;0.000000;1;22813;
7;335;333096;29725;0;56.409672;40.976456;128.899994;226.196899;0.000000;0.000000;1;65082;
7;336;334093;29726;0;56.409672;40.976456;128.899994;226.196899;0.000000;0.000000;1;30220;
7;337;335105;29727;0;56.409672;40.976456;128.899994;226.196899;0.000000;0.000000;1;19342;
7;338;336097;29728;0;56.409672;40.976456;128.899994;226.196899;0.000000;0.000000;1;5500;
7;339;337115;29729;0;56.409672;40.976456;128.899994;226.196899;0.000000;0.000000;1;65222;
7;340;338112;29730;0;56.409672;40.976456;128.899994;226.196899;0.000000;0.000000;1;7652;
7;341;339087;29731;0;56.409672;40.976456;128.899994;226.196899;0.000000;0.000000;1;55716;
7;342;340081;29732;0;56.409672;40.976456;128.899994;226.196899;0.000000;0.000000;1;25526;
7;343;341081;29733;0;56.409672;40.976456;128.899994;226.196899;0.000000;0.000000;1;50660;
7;344;342078;29734;0;56.409672;40.976456;128.899994;226.196899;0.000000;0.000000;1;2745;
7;345;343090;29735;0;56.409672;40.976456;128.899994;226.196899;0.000000;0.000000;1;14139;
7;346;344085;29736;0;56.409672;40.976456;128.899994;226.196899;0.000000;0.000000;1;46602;
7;347;345084;29737;0;56.409672;40.976456;128.899994;226.196899;0.000000;0.000000;1;13751;
7;348;346078;29738;0;56.409672;40.976456;128.899994;226.196899;0.000000;0.000000;1;25992;
7;349;347079;29739;0;56.409672;40.976456;128.899994;226.196899;0.000000;0.000000;1;41592;
7;350;348071;29740;0;56.409672;40.976456;129.000000;226.196899;0.000000;0.000000;1;63508;
7;351;349050;29741;0;56.409672;40.976456;129.000000;226.196899;0.000000;0.000000;1;26010;
7;352;350050;29742;0;56.409672;40.976456;129.000000;226.196899;0.000000;0.000000;1;10810;
7;353;351058;29743;0;56.409672;40.976456;129.000000;226.196899;0.000000;0.000000;1;45473;
7;354;352051;29744;0;56.409672;40.976456;129.000000;226.196899;0.000000;0.000000;1;59242;
7;355;353055;29745;0;56.409672;40.976452;129.000000;226.196899;0.000000;0.000000;1;16137;
7;356;354051;29746;0;56.409672;40.976452;129.000000;226.196899;0.000000;0.000000;1;27569;
7;357;355049;29747;0;56.409672;40.976452;129.000000;226.196899;0.000000;0.000000;1;18783;
7;358;356045;29748;0;56.409672;40.976452;129.000000;226.196899;0.000000;0.000000;1;36098;
7;359;357042;29749;0;56.409672;40.976452;129.000000;226.196899;0.000000;0.000000;1;26873;
7;360;358039;29750;0;56.409672;40.976452;129.100006;226.196899;0.000000;0.000000;1;8818;
7;361;359029;29751;0;56.409672;40.976452;129.100006;226.196899;0.000000;0.000000;1;64354;
7;362;360024;29752;0;56.409672;40.976452;129.100006;226.196899;0.000000;0.000000;1;14255;
7;363;361026;29753;0;56.409672;40.976452;129.100006;226.196899;0.000000;0.000000;1;13131;
7;364;362023;29754;0;56.409672;40.976452;129.100006;226.196899;0.000000;0.000000;1;31737;
7;365;363020;29755;0;56.409672;40.976452;129.100006;226.196899;0.000000;0.000000;1;35710;
7;366;364015;29756;0;56.409672;40.976452;129.100006;226.196899;0.000000;0.000000;1;54832;
7;367;365015;29757;0;56.409672;40.976452;129.100006;226.196899;0.000000;0.000000;1;11078;
7;368;366015;29758;0;56.409672;40.976452;129.100006;226.196899;0.000000;0.000000;1;52188;
7;369;367027;29759;0;56.409672;40.976452;129.100006;226.196899;0.000000;0.000000;1;44151;
7;370;368019;29760;0;56.409672;40.976452;129.100006;226.196899;0.000000;0.000000;1;8536;
7;371;368999;29761;0;56.409672;40.976452;129.100006;226.196899;0.000000;0.000000;1;38968;
7;372;369997;29762;0;56.409672;40.976452;129.100006;226.196899;0.000000;0.000000;1;6840;
7;373;370997;29763;0;56.409672;40.976452;129.100006;226.196899;0.000000;0.000000;1;42658;
7;374;371994;29764;0;56.409672;40.976452;129.199997;226.196899;0.000000;0.000000;1;61628;
7;375;372992;29765;0;56.409672;40.976452;129.199997;226.196899;0.000000;0.000000;1;36834;
7;376;373988;29766;0;56.409672;40.976452;129.199997;226.196899;0.000000;0.000000;1;50550;
7;377;374997;29767;0;56.409676;40.976440;128.300003;226.196884;0.000000;0.000000;1;47760;
7;378;376000;29768;0;56.409676;40.976433;127.900002;226.196869;0.000000;0.000000;1;16240;
7;379;376998;29769;0;56.409683;40.976440;127.400002;226.196884;0.000000;0.000000;1;14047;
7;380;377990;29770;0;56.409687;40.976448;127.099998;226.196884;0.000000;0.000000;1;46880;
7;381;378970;29771;0;56.409687;40.976444;126.800003;226.196884;0.000000;0.000000;1;41944;
7;382;379966;29772;0;56.409691;40.976437;126.900002;226.196869;0.000000;0.000000;1;6669;
7;383;380962;29773;0;56.409691;40.976429;127.000000;226.196869;0.000000;0.000000;1;27963;
7;384;381957;29774;0;56.409691;40.976429;127.300003;226.196869;0.000000;0.000000;1;17579;
7;385;382969;29775;0;56.409695;40.976429;127.199997;226.196869;0.000000;0.000000;1;54323;
7;386;383966;29776;0;56.409695;40.976425;127.300003;226.196854;0.000000;0.000000;1;55438;
7;387;384967;29777;0;56.409695;40.976425;127.300003;226.196854;0.000000;0.000000;1;17751;
7;388;385961;29778;0;56.409695;40.976425;127.400002;226.196854;0.000000;0.000000;1;54823;
7;389;386957;29779;0;56.409691;40.976429;127.099998;226.196869;0.000000;0.000000;1;52076;
7;390;387962;29780;0;56.409683;40.976429;127.000000;226.196869;0.000000;0.000000;1;63174;
7;391;388935;29781;0;56.409679;40.976437;126.599998;226.196884;0.000000;0.000000;1;47903;
7;392;389935;29782;0;56.409676;40.976448;125.800003;226.196884;0.000000;0.000000;1;55039;
7;393;390954;29783;0;56.409672;40.976456;125.099998;226.196899;0.000000;0.000000;1;62716;
7;394;391956;29784;0;56.409672;40.976456;125.400002;226.196899;0.000000;0.000000;1;3253;
7;395;392952;29785;0;56.409672;40.976456;125.500000;226.196899;0.000000;0.000000;1;35342;
7;396;393964;29786;0;56.409672;40.976456;125.599998;226.196899;0.000000;0.000000;1;44769;
7;397;394961;29787;0;56.409672;40.976456;125.599998;226.196899;0.000000;0.000000;1;43240;
7;398;395960;29788;0;56.409672;40.976452;125.599998;226.196899;0.000000;0.000000;1;3481;
7;399;396954;29789;0;56.409672;40.976452;125.599998;226.196899;0.000000;0.000000;1;33219;
7;400;397951;29790;0;56.409672;40.976452;125.699997;226.196899;0.000000;0.000000;1;127;
7;401;398942;29791;0;56.409672;40.976452;125.699997;226.196899;0.000000;0.000000;1;32985;
7;402;399945;29792;0;56.409672;40.976452;125.699997;226.196899;0.000000;0.000000;1;5805;
7;403;400938;29793;0;56.409672;40.976452;125.800003;226.196899;0.000000;0.000000;1;27976;
7;404;401935;29794;0;56.409672;40.976452;125.800003;226.196899;0.000000;0.000000;1;17978;
7;405;402935;29795;0;56.409672;40.976452;125.800003;226.196899;0.000000;0.000000;1;8599;
7;406;403928;29796;0;56.409672;40.976452;125.900002;226.196899;0.000000;0.000000;1;62175;
7;407;404925;29797;0;56.409672;40.976452;125.900002;226.196899;0.000000;0.000000;1;26120;
7;408;405925;29798;0;56.409672;40.976452;126.000000;226.196899;0.000000;0.000000;1;10522;
7;409;406936;29799;0;56.409668;40.976452;126.000000;226.196899;0.000000;0.000000;1;27303;
7;410;407934;29800;0;56.409668;40.976452;126.099998;226.196899;0.000000;0.000000;1;45845;
7;411;408907;29801;0;56.409668;40.976452;126.099998;226.196899;0.000000;0.000000;1;26531;
7;412;409899;29802;0;56.409668;40.976452;126.099998;226.196899;0.000000;0.000000;1;24033;
7;413;410907;29803;0;56.409668;40.976452;126.099998;226.196899;0.000000;0.000000;1;40019;
7;414;411900;29804;0;56.409668;40.976452;126.099998;226.196899;0.000000;0.000000;1;10489;
7;415;412899;29805;0;56.409668;40.976452;126.199997;226.196899;0.000000;0.000000;1;7779;
7;416;413895;29806;0;56.409672;40.976437;125.300003;226.196884;0.000000;0.000000;1;52340;
7;417;414906;29807;0;56.409679;40.976433;124.800003;226.196869;0.000000;0.000000;1;51099;
7;418;415902;29808;0;56.409687;40.976440;124.400002;226.196884;0.000000;0.000000;1;20044;
7;419;416902;29809;0;56.409691;40.976452;124.800003;226.196884;0.000000;0.000000;1;47802;
7;420;417895;29810;0;56.409691;40.976456;124.900002;226.196899;0.000000;0.000000;1;9289;
7;421;418877;29811;0;56.409695;40.976456;124.900002;226.196899;0.000000;0.000000;1;1510;
7;422;419870;29812;0;56.409691;40.976456;124.900002;226.196899;0.000000;0.000000;1;13205;
7;423;420864;29813;0;56.409691;40.976460;124.900002;226.196899;0.000000;0.000000;1;38409;
7;424;421864;29814;0;56.409691;40.976463;124.400002;226.196899;0.000000;0.000000;1;55340;
7;425;422880;29815;0;56.409683;40.976467;124.000000;226.196915;0.000000;0.000000;1;47135;
7;426;423876;29816;0;56.409679;40.976463;123.699997;226.196899;0.000000;0.000000;1;31105;
7;427;424872;29817;0;56.409679;40.976463;123.500000;226.196899;0.000000;0.000000;1;48454;
7;428;425872;29818;0;56.409679;40.976463;123.599998;226.196899;0.000000;0.000000;1;60504;
7;429;426868;29819;0;56.409679;40.976460;123.699997;226.196899;0.000000;0.000000;1;16344;
7;430;427870;29820;0;56.409679;40.976460;123.800003;226.196899;0.000000;0.000000;1;50696;
7;431;428846;29821;0;56.409679;40.976460;123.900002;226.196899;0.000000;0.000000;1;15314;
7;432;429842;29822;0;56.409679;40.976463;123.900002;226.196899;0.000000;0.000000;1;5213;
7;433;430854;29823;0;56.409679;40.976460;124.000000;226.196899;0.000000;0.000000;1;55509;
7;434;431851;29824;0;56.409679;40.976460;124.199997;226.196899;0.000000;0.000000;1;24236;
7;435;432848;29825;0;56.409676;40.976460;124.300003;226.196899;0.000000;0.000000;1;43018;
7;436;433846;29826;0;56.409676;40.976460;124.400002;226.196899;0.000000;0.000000;1;32571;
7;437;434843;29827;0;56.409679;40.976460;125.400002;226.196899;0.000000;0.000000;1;21246;
7;438;435840;29828;0;56.409679;40.976460;125.400002;226.196899;0.000000;0.000000;1;26223;
7;439;436835;29829;0;56.409679;40.976460;125.199997;226.196899;0.000000;0.000000;1;11905;
7;440;437831;29830;0;56.409679;40.976460;125.199997;226.196899;0.000000;0.000000;1;16951;
7;441;438822;29831;0;56.409676;40.976452;125.699997;226.196899;0.000000;0.000000;1;61162;
7;442;439820;29832;0;56.409672;40.976448;125.800003;226.196899;0.000000;0.000000;1;8820;
7;443;440814;29833;0;56.409672;40.976448;125.900002;226.196899;0.000000;0.000000;1;5080;
7;444;441812;29834;0;56.409672;40.976444;126.000000;226.196884;0.000000;0.000000;1;47745;
7;445;442809;29835;0;56.409672;40.976444;126.000000;226.196884;0.000000;0.000000;1;39709;
7;446;443802;29836;0;56.409672;40.976444;125.900002;226.196884;0.000000;0.000000;1;33564;
7;447;444805;29837;0;56.409672;40.976440;126.400002;226.196884;0.000000;0.000000;1;61557;
7;448;445802;29838;0;56.409672;40.976444;125.900002;226.196884;0.000000;0.000000;1;1037;
7;449;446810;29839;0;56.409672;40.976440;125.900002;226.196884;0.000000;0.000000;1;65074;
7;450;447809;29840;0;56.409668;40.976440;126.000000;226.196884;0.000000;0.000000;1;52308;
7;451;448781;29841;0;56.409668;40.976440;126.000000;226.196884;0.000000;0.000000;1;24257;
7;452;449781;29842;0;56.409668;40.976440;126.000000;226.196884;0.000000;0.000000;1;46987;
7;453;450785;29843;0;56.409668;40.976440;126.099998;226.196884;0.000000;0.000000;1;58721;
7;454;451779;29844;0;56.409668;40.976440;126.099998;226.196884;0.000000;0.000000;1;14532;
7;455;452785;29845;0;56.409668;40.976440;126.099998;226.196884;0.000000;0.000000;1;44758;
7;456;453752;29846;0;56.409668;40.976440;126.199997;226.196884;0.000000;0.000000;1;49820;
7;457;454761;29847;0;56.409668;40.976437;126.199997;226.196884;0.000000;0.000000;1;9729;
7;458;455741;29848;0;56.409668;40.976437;126.199997;226.196884;0.000000;0.000000;1;63174;
7;459;456736;29849;0;56.409668;40.976437;126.900002;226.196884;0.000000;0.000000;1;6960;
7;460;457733;29850;0;56.409668;40.976437;126.900002;226.196884;0.000000;0.000000;1;42684;
7;461;458734;29851;0;56.409668;40.976437;126.800003;226.196884;0.000000;0.000000;1;20169;
7;462;459727;29852;0;56.409668;40.976437;126.900002;226.196884;0.000000;0.000000;1;65051;
7;463;460728;29853;0;56.409668;40.976437;127.000000;226.196884;0.000000;0.000000;1;36217;
7;464;461725;29854;0;56.409668;40.976437;127.099998;226.196884;0.000000;0.000000;1;39737;
7;465;462737;29855;0;56.409668;40.976433;127.599998;226.196884;0.000000;0.000000;1;56753;
7;466;463733;29856;0;56.409668;40.976425;128.199997;226.196869;0.000000;0.000000;1;17488;
7;467;464730;29857;0;56.409672;40.976418;128.500000;226.196854;0.000000;0.000000;1;53201;
7;468;465706;29858;0;56.409672;40.976406;129.300003;226.196854;0.000000;0.000000;1;59310;
7;469;466705;29859;0;56.409668;40.976395;130.100006;226.196838;0.000000;0.000000;1;59113;
7;470;467702;29860;0;56.409672;40.976387;130.800003;226.196823;0.000000;0.000000;1;22096;
7;471;468705;29861;0;56.409676;40.976376;131.199997;226.196823;0.000000;0.000000;1;17430;
7;472;469700;29862;0;56.409676;40.976364;131.199997;226.196808;0.000000;0.000000;1;44442;
7;473;470708;29863;0;56.409679;40.976349;130.899994;226.196793;0.000000;0.000000;1;24714;
7;474;471704;29864;0;56.409679;40.976330;130.800003;226.196777;0.000000;0.000000;1;16285;
7;475;472705;29865;0;56.409683;40.976330;130.899994;226.196762;0.000000;0.000000;1;64803;
7;476;473707;29866;0;56.409683;40.976330;130.899994;226.196762;0.000000;0.000000;1;10985;
7;477;474703;29867;0;56.409683;40.976330;130.899994;226.196762;0.000000;0.000000;1;48971;
7;478;475697;29868;0;56.409683;40.976326;130.899994;226.196762;0.000000;0.000000;1;41853;
7;479;476675;29869;0;56.409683;40.976326;131.000000;226.196762;0.000000;0.000000;1;4152;
7;480;477672;29870;0;56.409687;40.976326;131.000000;226.196762;0.000000;0.000000;1;63385;
7;481;478680;29871;0;56.409683;40.976330;129.899994;226.196762;0.000000;0.000000;1;53004;
7;482;479681;29872;0;56.409679;40.976330;128.899994;226.196777;0.000000;0.000000;1;930;
7;483;480681;29873;0;56.409679;40.976326;128.100006;226.196762;0.000000;0.000000;1;35196;
7;484;481677;29874;0;56.409679;40.976326;128.199997;226.196762;0.000000;0.000000;1;54930;
7;485;482673;29875;0;56.409679;40.976326;128.300003;226.196762;0.000000;0.000000;1;62668;
7;486;483667;29876;0;56.409679;40.976326;128.399994;226.196762;0.000000;0.000000;1;53843;
7;487;484672;29877;0;56.409679;40.976330;128.500000;226.196777;0.000000;0.000000;1;28230;
7;488;485669;29878;0;56.409679;40.976330;128.600006;226.196777;0.000000;0.000000;1;35802;
7;489;486656;29879;0;56.409687;40.976334;126.699997;226.196777;0.000000;0.000000;1;23567;
7;490;487651;29880;0;56.409687;40.976334;127.000000;226.196777;0.000000;0.000000;1;23604;
7;491;488652;29881;0;56.409687;40.976334;127.500000;226.196777;0.000000;0.000000;1;47401;
7;492;489649;29882;0;56.409687;40.976334;127.599998;226.196777;0.000000;0.000000;1;21028;
7;493;490650;29883;0;56.409691;40.976337;128.600006;226.196777;0.000000;0.000000;1;12007;
7;494;491643;29884;0;56.409691;40.976337;128.600006;226.196777;0.000000;0.000000;1;25884;
7;495;492644;29885;0;56.409691;40.976337;128.600006;226.196777;0.000000;0.000000;1;57661;
7;496;493641;29886;0;56.409691;40.976337;128.500000;226.196777;0.000000;0.000000;1;27074;
7;497;494649;29887;0;56.409691;40.976337;128.500000;226.196777;0.000000;0.000000;1;23886;
7;498;495646;29888;0;56.409691;40.976341;128.600006;226.196777;0.000000;0.000000;1;28644;
7;499;496629;29889;0;56.409691;40.976341;128.600006;226.196777;0.000000;0.000000;1;5358;
7;500;497626;29890;0;56.409691;40.976341;128.600006;226.196777;0.000000;0.000000;1;33642;
7;501;498620;29891;0;56.409691;40.976341;128.600006;226.196777;0.000000;0.000000;1;16744;
7;502;499618;29892;0;56.409691;40.976341;128.699997;226.196777;0.000000;0.000000;1;11517;
7;503;500619;29893;0;56.409691;40.976341;128.600006;226.196777;0.000000;0.000000;1;42010;
7;504;501619;29894;0;56.409691;40.976341;128.699997;226.196777;0.000000;0.000000;1;3424;
7;505;502631;29895;0;56.409687;40.976349;129.000000;226.196793;0.000000;0.000000;1;44399;
7;506;503629;29896;0;56.409683;40.976360;129.800003;226.196793;0.000000;0.000000;1;61158;
7;507;504638;29897;0;56.409683;40.976372;130.500000;226.196808;0.000000;0.000000;1;59177;
7;508;505648;29898;0;56.409683;40.976383;131.100006;226.196823;0.000000;0.000000;1;34778;
7;509;506620;29899;0;56.409679;40.976391;131.300003;226.196838;0.000000;0.000000;1;60612;
7;510;507619;29900;0;56.409679;40.976406;131.600006;226.196854;0.000000;0.000000;1;32972;
7;511;508617;29901;0;56.409679;40.976425;131.899994;226.196869;0.000000;0.000000;1;10638;
7;512;509614;29902;0;56.409676;40.976444;131.699997;226.196884;0.000000;0.000000;1;24202;
7;513;510622;29903;0;56.409668;40.976456;131.800003;226.196899;0.000000;0.000000;1;57881;
7;514;511623;29904;0;56.409668;40.976456;131.899994;226.196899;0.000000;0.000000;1;12631;
7;515;512621;29905;0;56.409668;40.976456;131.899994;226.196899;0.000000;0.000000;1;36522;
7;516;513623;29906;0;56.409668;40.976456;132.100006;226.196899;0.000000;0.000000;1;14120;
7;517;514615;29907;0;56.409668;40.976456;132.100006;226.196899;0.000000;0.000000;1;60626;
7;518;515618;29908;0;56.409668;40.976460;132.199997;226.196899;0.000000;0.000000;1;35570;
7;519;516594;29909;0;56.409668;40.976460;132.199997;226.196899;0.000000;0.000000;1;54145;
7;520;517587;29910;0;56.409668;40.976460;132.199997;226.196899;0.000000;0.000000;1;43571;
7;521;518607;29911;0;56.409668;40.976460;132.199997;226.196899;0.000000;0.000000;1;30919;
7;522;519605;29912;0;56.409664;40.976452;132.500000;226.196899;0.000000;0.000000;1;2842;
7;523;520602;29913;0;56.409664;40.976444;132.800003;226.196884;0.000000;0.000000;1;38166;
7;524;521597;29914;0;56.409664;40.976437;133.300003;226.196884;0.000000;0.000000;1;59829;
7;525;522590;29915;0;56.409664;40.976437;133.399994;226.196884;0.000000;0.000000;1;42569;
7;526;523590;29916;0;56.409664;40.976437;133.399994;226.196884;0.000000;0.000000;1;40484;
7;527;524591;29917;0;56.409664;40.976437;133.399994;226.196884;0.000000;0.000000;1;32931;
7;528;525583;29918;0;56.409660;40.976437;133.500000;226.196884;0.000000;0.000000;1;9904;
7;529;526578;29919;0;56.409657;40.976444;132.600006;226.196899;0.000000;0.000000;1;49088;
7;530;527575;29920;0;56.409657;40.976444;132.699997;226.196899;0.000000;0.000000;1;2282;
7;531;528569;29921;0;56.409657;40.976444;132.699997;226.196899;0.000000;0.000000;1;44037;
7;532;529567;29922;0;56.409657;40.976444;132.699997;226.196899;0.000000;0.000000;1;7541;
7;533;530563;29923;0;56.409657;40.976444;132.699997;226.196899;0.000000;0.000000;1;53121;
7;534;531559;29924;0;56.409657;40.976444;132.699997;226.196899;0.000000;0.000000;1;1215;
7;537;534522;29927;0;56.409657;40.976448;132.800003;270.000000;56.409657;40.976444;1;60947;
7;538;535523;29928;0;56.409657;40.976448;132.699997;270.000000;56.409657;40.976444;1;35079;
7;539;536498;29929;0;56.409657;40.976448;132.800003;270.000000;56.409657;40.976444;1;60448;
7;540;537493;29930;0;56.409657;40.976448;132.800003;270.000000;56.409657;40.976444;1;18272;
7;541;538488;29931;0;56.409657;40.976448;132.800003;270.000000;56.409657;40.976444;1;64341;
7;542;539485;29932;0;56.409657;40.976448;132.800003;270.000000;56.409657;40.976444;1;37226;
7;543;540481;29933;0;56.409657;40.976448;132.800003;270.000000;56.409657;40.976444;1;6583;
7;544;541482;29934;0;56.409657;40.976448;132.800003;270.000000;56.409657;40.976444;1;2017;
7;545;542489;29935;0;56.409657;40.976448;132.800003;270.000000;56.409657;40.976444;1;51887;
7;546;543488;29936;0;56.409657;40.976448;132.800003;270.000000;56.409657;40.976444;1;11788;
7;547;544483;29937;0;56.409660;40.976444;133.300003;177.548462;56.409657;40.976444;1;12659;
7;548;545478;29938;0;56.409660;40.976448;133.199997;208.806107;56.409657;40.976444;1;17822;
7;549;546452;29939;0;56.409660;40.976448;133.100006;208.806107;56.409657;40.976444;1;48954;
7;550;547452;29940;0;56.409660;40.976444;133.100006;177.548462;56.409657;40.976444;1;58808;
7;551;548447;29941;0;56.409660;40.976448;133.000000;208.806107;56.409657;40.976444;1;47034;
7;552;549443;29942;0;56.409657;40.976448;133.100006;270.000000;56.409657;40.976444;1;40287;
7;553;550450;29943;0;56.409657;40.976448;133.000000;270.000000;56.409657;40.976444;1;36846;
7;554;551447;29944;0;56.409664;40.976452;132.699997;208.806107;56.409657;40.976444;1;31912;
7;555;552447;29945;0;56.409664;40.976452;133.000000;208.806107;56.409657;40.976444;1;38561;
7;556;553442;29946;0;56.409664;40.976452;133.100006;208.806107;56.409657;40.976444;1;2655;
7;557;554438;29947;0;56.409664;40.976452;133.199997;208.806107;56.409657;40.976444;1;54269;
7;558;555433;29948;0;56.409664;40.976452;133.399994;208.806107;56.409657;40.976444;1;54351;
7;559;556408;29949;0;56.409664;40.976452;133.399994;208.806107;56.409657;40.976444;1;37962;
7;560;557405;29950;0;56.409664;40.976456;132.800003;208.806107;56.409657;40.976444;1;4445;
7;561;558416;29951;0;56.409664;40.976456;132.800003;219.469757;56.409657;40.976444;1;11625;
7;562;559415;29952;0;56.409664;40.976456;132.899994;219.469757;56.409657;40.976444;1;4194;
7;563;560410;29953;0;56.409664;40.976456;132.899994;219.469757;56.409657;40.976444;1;41780;
7;564;561406;29954;0;56.409664;40.976456;132.899994;219.469757;56.409657;40.976444;1;8874;
7;565;562398;29955;0;56.409664;40.976456;132.800003;219.469757;56.409657;40.976444;1;15235;
7;566;563398;29956;0;56.409664;40.976456;132.800003;219.469757;56.409657;40.976444;1;22983;
7;567;564398;29957;0;56.409664;40.976456;132.800003;219.469757;56.409657;40.976444;1;2731;
7;568;565389;29958;0;56.409664;40.976452;132.800003;219.469757;56.409657;40.976444;1;5328;
7;569;566387;29959;0;56.409664;40.976452;132.800003;208.806107;56.409657;40.976444;1;58555;
7;570;567379;29960;0;56.409664;40.976452;132.699997;208.806107;56.409657;40.976444;1;27291;
7;571;568377;29961;0;56.409664;40.976452;132.699997;208.806107;56.409657;40.976444;1;49472;
7;572;569385;29962;0;56.409657;40.976460;132.199997;208.806107;56.409657;40.976444;1;5916;
7;573;570380;29963;0;56.409653;40.976471;131.600006;270.000000;56.409657;40.976444;1;41956;
7;574;571376;29964;0;56.409645;40.976471;131.300003;284.463989;56.409657;40.976444;1;34943;
7;575;572371;29965;0;56.409645;40.976471;131.500000;307.813324;56.409657;40.976444;1;31439;
7;576;573363;29966;0;56.409645;40.976471;131.500000;307.813324;56.409657;40.976444;1;59015;
7;577;574429;29966;0;56.409645;40.976471;131.500000;307.813324;56.409657;40.976444;1;17979;
7;578;575405;29968;0;56.409645;40.976467;131.500000;312.147827;56.409657;40.976444;1;48695;
7;579;576396;29969;0;56.409645;40.976467;131.500000;312.147827;56.409657;40.976444;1;25784;
7;580;577392;29970;0;56.409645;40.976467;131.500000;312.147827;56.409657;40.976444;1;17916;
7;581;578391;29971;0;56.409645;40.976467;131.500000;312.147827;56.409657;40.976444;1;13017;
7;582;579382;29972;0;56.409645;40.976467;131.600006;312.147827;56.409657;40.976444;1;50376;
7;583;580381;29973;0;56.409645;40.976467;131.600006;312.147827;56.409657;40.976444;1;13391;
7;584;581380;29974;0;56.409645;40.976463;131.699997;312.147827;56.409657;40.976444;1;51572;
7;585;582392;29975;0;56.409645;40.976463;131.699997;317.361938;56.409657;40.976444;1;19282;
7;586;583383;29976;0;56.409645;40.976463;131.800003;317.361938;56.409657;40.976444;1;41047;
7;587;584379;29977;0;56.409645;40.976463;131.800003;317.361938;56.409657;40.976444;1;18525;
7;588;585354;29978;0;56.409653;40.976467;133.100006;317.361938;56.409657;40.976444;1;46283;
7;589;586355;29979;0;56.409657;40.976467;134.399994;286.762848;56.409657;40.976444;1;37382;
7;590;587348;29980;0;56.409657;40.976467;134.199997;270.000000;56.409657;40.976444;1;8705;
7;591;588344;29981;0;56.409657;40.976467;133.899994;270.000000;56.409657;40.976444;1;37860;
7;592;589344;29982;0;56.409657;40.976467;133.899994;270.000000;56.409657;40.976444;1;18816;
7;593;590355;29983;0;56.409657;40.976467;133.800003;270.000000;56.409657;40.976444;1;7166;
7;594;591351;29984;0;56.409657;40.976467;133.800003;270.000000;56.409657;40.976444;1;24639;
7;595;592347;29985;0;56.409657;40.976467;133.800003;270.000000;56.409657;40.976444;1;32011;
7;596;593347;29986;0;56.409660;40.976467;133.800003;270.000000;56.409657;40.976444;1;1568;
7;597;594338;29987;0;56.409660;40.976467;133.800003;253.237167;56.409657;40.976444;1;42558;
7;598;595316;29988;0;56.409660;40.976467;133.800003;253.237167;56.409657;40.976444;1;23159;
7;599;596307;29989;0;56.409660;40.976467;133.800003;253.237167;56.409657;40.976444;1;39168;
7;600;597308;29990;0;56.409660;40.976467;133.800003;253.237167;56.409657;40.976444;1;57035;
7;601;598321;29991;0;56.409660;40.976463;133.899994;253.237167;56.409657;40.976444;1;14798;
7;602;599311;29992;0;56.409660;40.976463;133.899994;250.081390;56.409657;40.976444;1;8910;
7;603;600308;29993;0;56.409660;40.976463;133.899994;250.081390;56.409657;40.976444;1;16692;
7;604;601307;29994;0;56.409660;40.976463;133.899994;250.081390;56.409657;40.976444;1;54960;
7;605;602299;29995;0;56.409660;40.976463;133.899994;250.081390;56.409657;40.976444;1;47384;
7;606;603301;29996;0;56.409660;40.976463;133.899994;250.081390;56.409657;40.976444;1;39053;
7;607;604294;29996;0;56.409660;40.976463;133.899994;250.081390;56.409657;40.976444;1;14185;
7;608;605268;29997;0;56.409660;40.976463;133.899994;250.081390;56.409657;40.976444;1;22075;
7;609;606284;29998;0;56.409660;40.976463;133.899994;250.081390;56.409657;40.976444;1;21444;
7;610;607276;29999;0;56.409660;40.976467;134.500000;253.237167;56.409657;40.976444;1;60211;
7;611;608277;30000;0;56.409664;40.976463;135.899994;234.078049;56.409657;40.976444;1;32716;
7;612;609276;30001;0;56.409664;40.976463;135.800003;234.078049;56.409657;40.976444;1;17993;
7;613;610267;30002;0;56.409664;40.976463;135.699997;234.078049;56.409657;40.976444;1;3057;
7;614;611262;30003;0;56.409664;40.976463;135.600006;234.078049;56.409657;40.976444;1;28681;
7;615;612263;30004;0;56.409664;40.976463;135.500000;234.078049;56.409657;40.976444;1;8973;
7;616;613255;30005;0;56.409664;40.976463;135.500000;234.078049;56.409657;40.976444;1;65348;
7;617;614268;30006;0;56.409664;40.976460;135.500000;227.803345;56.409657;40.976444;1;9045;
7;618;615243;30007;0;56.409664;40.976460;135.500000;227.803345;56.409657;40.976444;1;54526;
7;619;616238;30008;0;56.409664;40.976460;135.500000;227.803345;56.409657;40.976444;1;29414;
7;620;617234;30009;0;56.409664;40.976448;135.800003;195.505905;56.409657;40.976444;1;52521;
7;621;618228;30010;0;56.409668;40.976440;135.800003;168.581406;56.409657;40.976444;1;10778;
7;622;619228;30011;0;56.409672;40.976429;136.199997;151.069122;56.409657;40.976444;1;64320;
7;623;620223;30012;0;56.409668;40.976421;136.300003;132.018463;56.409657;40.976444;1;13077;
7;624;621218;30013;0;56.409672;40.976421;136.199997;140.272751;56.409657;40.976444;1;29236;
7;625;622229;30014;0;56.409672;40.976421;136.199997;140.272751;56.409657;40.976444;1;21932;
7;626;623224;30015;0;56.409672;40.976421;136.199997;140.272751;56.409657;40.976444;1;12556;
7;627;624222;30016;0;56.409672;40.976418;136.600006;135.917847;56.409657;40.976444;1;40201;
7;628;625196;30017;0;56.409672;40.976418;136.500000;135.917847;56.409657;40.976444;1;3729;
7;629;626192;30018;0;56.409672;40.976418;136.500000;135.917847;56.409657;40.976444;1;63306;
7;630;627189;30019;0;56.409672;40.976418;136.500000;135.917847;56.409657;40.976444;1;16684;
7;631;628184;30020;0;56.409672;40.976418;136.500000;135.917847;56.409657;40.976444;1;61137;
7;632;629180;30021;0;56.409672;40.976418;136.500000;135.917847;56.409657;40.976444;1;9961;
7;633;630191;30022;0;56.409672;40.976418;136.500000;135.917847;56.409657;40.976444;1;39585;
7;634;631187;30023;0;56.409672;40.976418;136.500000;135.917847;56.409657;40.976444;1;45897;
7;635;632186;30024;0;56.409668;40.976418;136.500000;127.720627;56.409657;40.976444;1;25145;
7;636;633179;30025;0;56.409672;40.976418;136.500000;135.917847;56.409657;40.976444;1;53647;
7;637;634175;30026;0;56.409672;40.976418;136.500000;135.917847;56.409657;40.976444;1;47754;
7;638;635153;30027;0;56.409672;40.976418;136.500000;135.917847;56.409657;40.976444;1;42511;
7;639;636147;30028;0;56.409676;40.976406;136.199997;132.085571;56.409657;40.976444;1;26240;
7;640;637144;30029;0;56.409679;40.976395;136.100006;129.827148;56.409657;40.976444;1;17211;
7;641;638152;30030;0;56.409679;40.976395;136.199997;129.827148;56.409657;40.976444;1;49039;
7;642;639146;30031;0;56.409679;40.976395;136.300003;129.827148;56.409657;40.976444;1;13108;
7;643;640144;30032;0;56.409679;40.976395;136.300003;129.827148;56.409657;40.976444;1;46729;
7;644;641136;30033;0;56.409679;40.976391;136.300003;127.766861;56.409657;40.976444;1;19980;
7;645;642132;30034;0;56.409679;40.976391;136.300003;127.766861;56.409657;40.976444;1;53303;
7;646;643134;30035;0;56.409679;40.976391;136.300003;127.766861;56.409657;40.976444;1;55491;
7;647;644125;30036;0;56.409679;40.976391;136.300003;127.766861;56.409657;40.976444;1;48249;
7;648;645099;30037;0;56.409687;40.976387;135.800003;133.955322;56.409657;40.976444;1;13376;
7;649;646109;30038;0;56.409695;40.976387;135.300003;140.313644;56.409657;40.976444;1;45194;
7;650;647107;30039;0;56.409706;40.976387;134.699997;147.444214;56.409657;40.976444;1;4659;
7;651;648103;30040;0;56.409718;40.976379;134.100006;149.555801;56.409657;40.976444;1;48326;
7;652;649100;30041;0;56.409729;40.976376;133.800003;152.343063;56.409657;40.976444;1;62851;
7;653;650091;30042;0;56.409740;40.976376;133.500000;155.646164;56.409657;40.976444;1;26876;
7;654;651094;30043;0;56.409752;40.976372;133.199997;157.190155;56.409657;40.976444;1;60943;
7;655;652087;30044;0;56.409763;40.976368;132.800003;158.435150;56.409657;40.976444;1;56930;
7;656;653086;30045;0;56.409775;40.976360;132.800003;158.564606;56.409657;40.976444;1;23098;
7;657;654098;30046;0;56.409786;40.976357;132.699997;159.481689;56.409657;40.976444;1;21818;
7;658;655069;30047;0;56.409801;40.976353;132.500000;160.736465;56.409657;40.976444;1;25603;
7;659;656065;30048;0;56.409813;40.976349;132.399994;161.357254;56.409657;40.976444;1;42688;
7;660;657061;30049;0;56.409824;40.976349;132.300003;162.550079;56.409657;40.976444;1;56171;
7;661;658061;30050;0;56.409836;40.976349;132.000000;163.600204;56.409657;40.976444;1;61119;
7;662;659055;30051;0;56.409851;40.976349;132.100006;164.826065;56.409657;40.976444;1;30265;
7;663;660051;30052;0;56.409866;40.976345;131.899994;165.343338;56.409657;40.976444;1;59950;
7;664;661046;30053;0;56.409882;40.976341;132.000000;165.790985;56.409657;40.976444;1;57769;
7;665;662060;30054;0;56.409901;40.976341;132.199997;166.863144;56.409657;40.976444;1;17154;
7;666;663052;30055;0;56.409916;40.976337;132.500000;167.165756;56.409657;40.976444;1;40928;
7;667;664051;30056;0;56.409927;40.976334;132.699997;167.265762;56.409657;40.976444;1;58031;
7;668;665026;30057;0;56.409943;40.976337;132.600006;168.330765;56.409657;40.976444;1;45897;
7;669;666021;30058;0;56.409958;40.976337;132.600006;168.905975;56.409657;40.976444;1;60371;
7;670;667017;30059;0;56.409973;40.976337;132.800003;169.428589;56.409657;40.976444;1;52887;
7;671;668013;30060;0;56.409988;40.976337;132.899994;169.903488;56.409657;40.976444;1;24921;
7;672;669014;30061;0;56.410000;40.976341;132.699997;170.576370;56.409657;40.976444;1;53466;
7;673;670025;30062;0;56.410015;40.976345;132.600006;171.299026;56.409657;40.976444;1;7349;
7;674;671023;30063;0;56.410023;40.976345;132.300003;171.477692;56.409657;40.976444;1;43243;
7;675;672018;30064;0;56.410034;40.976345;132.199997;171.732910;56.409657;40.976444;1;11669;
7;676;673017;30065;0;56.410049;40.976345;131.800003;172.050186;56.409657;40.976444;1;8735;
7;677;674025;30066;0;56.410061;40.976345;131.500000;172.271545;56.409657;40.976444;1;34106;
7;678;675000;30067;0;56.410072;40.976349;131.500000;172.768509;56.409657;40.976444;1;9814;
7;679;675996;30068;0;56.410088;40.976353;131.500000;173.298569;56.409657;40.976444;1;34913;
7;680;676995;30069;0;56.410095;40.976353;131.399994;173.413437;56.409657;40.976444;1;42217;
7;681;678003;30070;0;56.410107;40.976353;131.199997;173.579865;56.409657;40.976444;1;42225;
7;682;678997;30071;0;56.410114;40.976357;130.800003;173.946518;56.409657;40.976444;1;54902;
7;683;679994;30072;0;56.410126;40.976360;130.600006;174.348526;56.409657;40.976444;1;34845;
7;684;680998;30073;0;56.410137;40.976368;130.399994;174.980515;56.409657;40.976444;1;19447;
7;685;681994;30074;0;56.410149;40.976364;130.300003;174.853378;56.409657;40.976444;1;44889;
7;686;682989;30075;0;56.410156;40.976353;130.300003;174.212036;56.409657;40.976444;1;29959;
7;687;683981;30076;0;56.410172;40.976341;130.500000;173.685623;56.409657;40.976444;1;52492;
7;688;684959;30077;0;56.410183;40.976334;129.800003;173.368408;56.409657;40.976444;1;28399;
7;689;685973;30078;0;56.410198;40.976334;129.300003;173.553009;56.409657;40.976444;1;25334;
7;690;686968;30079;0;56.410206;40.976334;128.600006;173.642471;56.409657;40.976444;1;335;
7;691;687961;30080;0;56.410217;40.976334;128.300003;173.771210;56.409657;40.976444;1;20793;
7;692;688959;30081;0;56.410229;40.976334;128.199997;173.895065;56.409657;40.976444;1;58728;
7;693;689954;30082;0;56.410240;40.976334;128.199997;174.013168;56.409657;40.976444;1;54364;
7;694;690949;30083;0;56.410252;40.976337;128.399994;174.329071;56.409657;40.976444;1;10365;
7;695;691946;30084;0;56.410263;40.976337;128.800003;174.436218;56.409657;40.976444;1;4592;
7;696;692946;30085;0;56.410275;40.976337;129.100006;174.537354;56.409657;40.976444;1;49777;
7;697;693956;30086;0;56.410290;40.976337;129.300003;174.668762;56.409657;40.976444;1;10802;
7;698;694931;30087;0;56.410305;40.976337;129.399994;174.792862;56.409657;40.976444;1;57771;
7;699;695923;30088;0;56.410316;40.976341;129.500000;175.064621;56.409657;40.976444;1;49850;
7;700;696874;30089;0;56.410324;40.976341;129.699997;175.121048;56.409657;40.976444;1;1601;
7;701;697868;30090;0;56.410336;40.976349;130.000000;175.557175;56.409657;40.976444;1;40343;
7;702;698860;30091;0;56.410343;40.976349;130.100006;175.605667;56.409657;40.976444;1;58982;
7;703;699856;30092;0;56.410355;40.976353;129.899994;175.849533;56.409657;40.976444;1;48670;
7;704;700855;30093;0;56.410366;40.976353;129.800003;175.917114;56.409657;40.976444;1;38057;
7;705;701864;30094;0;56.410378;40.976357;129.399994;176.147842;56.409657;40.976444;1;47075;
7;706;702842;30095;0;56.410385;40.976357;128.899994;176.188171;56.409657;40.976444;1;27360;
7;707;703835;30096;0;56.410397;40.976360;128.600006;176.410126;56.409657;40.976444;1;58218;
7;708;704834;30097;0;56.410404;40.976360;128.500000;176.446335;56.409657;40.976444;1;12304;
7;709;705830;30098;0;56.410416;40.976360;128.500000;176.500153;56.409657;40.976444;1;9282;
7;710;706820;30099;0;56.410431;40.976360;128.600006;176.568451;56.409657;40.976444;1;59762;
7;711;707821;30100;0;56.410442;40.976364;128.600006;176.771881;56.409657;40.976444;1;47417;
7;712;708818;30101;0;56.410454;40.976364;129.000000;176.818375;56.409657;40.976444;1;33792;
7;713;709828;30102;0;56.410465;40.976364;129.399994;176.863190;56.409657;40.976444;1;28528;
7;714;710823;30103;0;56.410477;40.976364;129.600006;176.906372;56.409657;40.976444;1;19171;
7;715;711814;30104;0;56.410492;40.976364;129.800003;176.963028;56.409657;40.976444;1;47075;
7;716;712793;30105;0;56.410503;40.976360;129.300003;176.861801;56.409657;40.976444;1;22707;
7;717;713791;30106;0;56.410519;40.976357;129.199997;176.777100;56.409657;40.976444;1;23425;
7;718;714786;30107;0;56.410530;40.976353;129.100006;176.681381;56.409657;40.976444;1;47796;
7;719;715782;30108;0;56.410545;40.976345;129.300003;176.467285;56.409657;40.976444;1;50045;
7;720;716778;30109;0;56.410561;40.976341;129.600006;176.393127;56.409657;40.976444;1;40738;
7;721;717788;30110;0;56.410572;40.976330;130.100006;176.043793;56.409657;40.976444;1;47727;
7;722;718783;30111;0;56.410587;40.976322;130.100006;175.849854;56.409657;40.976444;1;24312;
7;723;719782;30112;0;56.410599;40.976315;129.800003;175.644714;56.409657;40.976444;1;49630;
7;724;720779;30113;0;56.410610;40.976307;129.600006;175.444977;56.409657;40.976444;1;17164;
7;725;721774;30114;0;56.410622;40.976299;129.300003;175.249573;56.409657;40.976444;1;38099;
7;726;722748;30115;0;56.410629;40.976292;128.899994;175.040329;56.409657;40.976444;1;33051;
7;727;723747;30116;0;56.410633;40.976284;128.199997;174.813736;56.409657;40.976444;1;41146;
7;728;724743;30117;0;56.410633;40.976284;128.399994;174.813736;56.409657;40.976444;1;29998;
7;729;725754;30118;0;56.410633;40.976284;128.600006;174.813736;56.409657;40.976444;1;17965;
7;730;726749;30119;0;56.410633;40.976284;128.699997;174.813736;56.409657;40.976444;1;56871;
7;731;727746;30120;0;56.410633;40.976284;128.699997;174.813736;56.409657;40.976444;1;13024;
7;732;728742;30121;0;56.410633;40.976284;128.699997;174.813736;56.409657;40.976444;1;34176;
7;733;729738;30122;0;56.410637;40.976280;128.699997;174.711166;56.409657;40.976444;1;13403;
7;734;730734;30123;0;56.410645;40.976269;128.600006;174.388275;56.409657;40.976444;1;30485;
7;735;731737;30124;0;56.410652;40.976254;128.399994;173.949829;56.409657;40.976444;1;32222;
7;736;732707;30125;0;56.410660;40.976234;128.300003;173.400253;56.409657;40.976444;1;647;
7;737;733719;30126;0;56.410675;40.976223;128.199997;173.146729;56.409657;40.976444;1;48640;
7;738;734718;30127;0;56.410686;40.976212;128.000000;172.875351;56.409657;40.976444;1;13789;
7;739;735714;30128;0;56.410702;40.976196;127.699997;172.522781;56.409657;40.976444;1;38248;
7;740;736710;30129;0;56.410717;40.976181;127.500000;172.181229;56.409657;40.976444;1;38109;
7;741;737704;30130;0;56.410728;40.976173;127.599998;172.042084;56.409657;40.976444;1;34680;
7;742;738699;30131;0;56.410740;40.976158;127.599998;171.687775;56.409657;40.976444;1;58616;
7;743;739698;30132;0;56.410755;40.976154;127.699997;171.693710;56.409657;40.976444;1;26165;
7;744;740691;30133;0;56.410767;40.976151;128.000000;171.671417;56.409657;40.976444;1;3368;
7;745;741701;30134;0;56.410782;40.976143;128.300003;171.572235;56.409657;40.976444;1;15711;
7;746;742682;30135;0;56.410793;40.976131;128.899994;171.343979;56.409657;40.976444;1;5959;
7;747;743674;30136;0;56.410805;40.976116;129.399994;171.017456;56.409657;40.976444;1;62871;
7;748;744672;30137;0;56.410816;40.976105;129.600006;170.799637;56.409657;40.976444;1;62326;
7;749;745679;30138;0;56.410828;40.976093;129.500000;170.586273;56.409657;40.976444;1;32737;
7;750;746674;30139;0;56.410839;40.976086;129.199997;170.476685;56.409657;40.976444;1;55447;
7;751;747676;30140;0;56.410851;40.976078;128.800003;170.369370;56.409657;40.976444;1;48153;
7;752;748667;30141;0;56.410858;40.976074;128.199997;170.331497;56.409657;40.976444;1;52008;
7;753;749673;30142;0;56.410866;40.976067;127.900002;170.197128;56.409657;40.976444;1;42086;
7;754;750688;30143;0;56.410873;40.976059;127.699997;170.064438;56.409657;40.976444;1;61765;
7;755;751679;30144;0;56.410885;40.976051;127.699997;169.964218;56.409657;40.976444;1;34136;
7;756;752657;30145;0;56.410892;40.976044;127.599998;169.835129;56.409657;40.976444;1;21539;
7;757;753664;30146;0;56.410904;40.976032;127.500000;169.644791;56.409657;40.976444;1;55805;
7;758;754660;30147;0;56.410912;40.976021;127.500000;169.426926;56.409657;40.976444;1;62454;
7;759;755659;30148;0;56.410919;40.976006;127.599998;169.119476;56.409657;40.976444;1;45006;
7;760;756651;30149;0;56.410927;40.975998;127.599998;168.999741;56.409657;40.976444;1;23380;
7;761;757662;30150;0;56.410938;40.975990;127.699997;168.913681;56.409657;40.976444;1;5551;
7;762;758663;30151;0;56.410950;40.975983;127.900002;168.829346;56.409657;40.976444;1;43215;
7;763;759654;30152;0;56.410961;40.975975;128.000000;168.746414;56.409657;40.976444;1;49054;
7;764;760651;30153;0;56.410969;40.975964;127.900002;168.544464;56.409657;40.976444;1;33191;
7;765;761651;30154;0;56.410976;40.975956;127.800003;168.432953;56.409657;40.976444;1;21478;
7;766;762622;30155;0;56.410984;40.975952;127.900002;168.410233;56.409657;40.976444;1;40831;
7;767;763620;30156;0;56.410992;40.975948;127.900002;168.387741;56.409657;40.976444;1;5344;
7;768;764615;30157;0;56.410999;40.975941;127.900002;168.279175;56.409657;40.976444;1;6416;
7;769;765626;30158;0;56.411011;40.975937;128.000000;168.289856;56.409657;40.976444;1;55235;
7;770;766625;30159;0;56.411018;40.975933;128.100006;168.268478;56.409657;40.976444;1;9592;
7;771;767617;30160;0;56.411026;40.975925;128.300003;168.162827;56.409657;40.976444;1;12105;
7;772;768612;30161;0;56.411034;40.975918;128.600006;168.058304;56.409657;40.976444;1;31117;
7;773;769615;30162;0;56.411041;40.975903;128.899994;167.788162;56.409657;40.976444;1;4970;
7;774;770607;30163;0;56.411053;40.975891;129.399994;167.637146;56.409657;40.976444;1;42796;
7;775;771602;30164;0;56.411064;40.975876;129.600006;167.406891;56.409657;40.976444;1;62304;
7;776;772581;30165;0;56.411076;40.975864;129.800003;167.261856;56.409657;40.976444;1;28166;
7;777;773591;30166;0;56.411087;40.975857;129.800003;167.199600;56.409657;40.976444;1;40667;
7;778;774587;30167;0;56.411098;40.975849;129.800003;167.138351;56.409657;40.976444;1;9820;
7;779;775583;30168;0;56.411114;40.975845;129.800003;167.189651;56.409657;40.976444;1;8296;
7;780;776584;30169;0;56.411125;40.975838;129.899994;167.129639;56.409657;40.976444;1;63513;
7;781;777578;30170;0;56.411137;40.975830;129.899994;167.070587;56.409657;40.976444;1;24325;
7;782;778570;30171;0;56.411148;40.975822;130.199997;167.012451;56.409657;40.976444;1;62051;
7;783;779565;30172;0;56.411160;40.975819;130.500000;167.031586;56.409657;40.976444;1;2172;
7;784;780568;30173;0;56.411167;40.975811;130.800003;166.942871;56.409657;40.976444;1;9066;
7;785;781577;30174;0;56.411182;40.975803;130.800003;166.918564;56.409657;40.976444;1;24675;
7;786;782551;30175;0;56.411190;40.975796;130.600006;166.831848;56.409657;40.976444;1;57953;
7;787;783543;30176;0;56.411201;40.975792;130.100006;166.851746;56.409657;40.976444;1;62369;
7;788;784543;30177;0;56.411209;40.975788;129.699997;166.840302;56.409657;40.976444;1;5547;
7;789;785539;30178;0;56.411221;40.975780;129.399994;166.786591;56.409657;40.976444;1;17305;
7;790;786534;30179;0;56.411232;40.975769;129.699997;166.661026;56.409657;40.976444;1;17450;
7;791;787531;30180;0;56.411243;40.975761;129.699997;166.609528;56.409657;40.976444;1;7455;
7;792;788530;30181;0;56.411255;40.975758;129.699997;166.630356;56.409657;40.976444;1;60224;
7;793;789542;30182;0;56.411266;40.975750;129.800003;166.579742;56.409657;40.976444;1;23341;
7;794;790538;30183;0;56.411278;40.975739;129.800003;166.459473;56.409657;40.976444;1;59065;
7;795;791533;30184;0;56.411285;40.975731;129.800003;166.380249;56.409657;40.976444;1;60037;
7;796;792511;30185;0;56.411293;40.975716;129.800003;166.162399;56.409657;40.976444;1;35433;
7;797;793506;30186;0;56.411304;40.975700;130.100006;165.978226;56.409657;40.976444;1;20923;
7;798;794498;30187;0;56.411316;40.975685;130.300003;165.796890;56.409657;40.976444;1;57892;
7;799;795494;30188;0;56.411324;40.975670;130.600006;165.586761;56.409657;40.976444;1;19613;
7;800;796493;30189;0;56.411335;40.975658;130.899994;165.478256;56.409657;40.976444;1;16931;
7;801;797507;30190;0;56.411343;40.975643;131.000000;165.272537;56.409657;40.976444;1;41673;
7;802;798505;30191;0;56.411350;40.975628;131.199997;165.069077;56.409657;40.976444;1;11280;
7;803;799500;30192;0;56.411362;40.975616;131.600006;164.966217;56.409657;40.976444;1;64222;
7;804;800496;30193;0;56.411369;40.975605;131.800003;164.832687;56.409657;40.976444;1;53323;
7;805;801491;30194;0;56.411377;40.975590;131.899994;164.635132;56.409657;40.976444;1;64912;
7;806;802469;30195;0;56.411385;40.975574;131.899994;164.439682;56.409657;40.976444;1;49069;
7;807;803465;30196;0;56.411396;40.975563;132.000000;164.343643;56.409657;40.976444;1;38629;
7;808;804460;30197;0;56.411404;40.975555;132.100006;164.280319;56.409657;40.976444;1;25889;
7;809;805471;30198;0;56.411411;40.975544;132.300003;164.153809;56.409657;40.976444;1;29549;
7;810;806467;30199;0;56.411419;40.975533;132.399994;164.028534;56.409657;40.976444;1;40497;
7;811;807464;30200;0;56.411427;40.975525;132.199997;163.967590;56.409657;40.976444;1;52070;
7;812;808461;30201;0;56.411434;40.975517;132.000000;163.907227;56.409657;40.976444;1;18;
7;813;809457;30202;0;56.411442;40.975506;131.899994;163.784927;56.409657;40.976444;1;1830;
7;814;810451;30203;0;56.411446;40.975494;132.000000;163.784927;56.409657;40.976444;1;15076;
7;815;811446;30204;0;56.411453;40.975479;132.300003;163.630844;56.409657;40.976444;1;55959;
7;816;812421;30205;0;56.411453;40.975468;132.399994;163.448975;56.409657;40.976444;1;16867;
7;817;813435;30206;0;56.411457;40.975460;132.300003;163.263626;56.409657;40.976444;1;2418;
7;818;814426;30207;0;56.411461;40.975449;132.199997;163.173981;56.409657;40.976444;1;1471;
7;819;815425;30208;0;56.411469;40.975433;132.199997;163.023438;56.409657;40.976444;1;47082;
7;820;816431;30209;0;56.411480;40.975422;132.199997;162.846802;56.409657;40.976444;1;62753;
7;821;817476;30210;0;56.411488;40.975410;132.000000;162.653427;56.409657;40.976444;1;719;
7;822;818476;30211;0;56.411499;40.975395;131.899994;162.515640;56.409657;40.976444;1;47795;
7;823;819472;30212;0;56.411507;40.975384;131.800003;162.405029;56.409657;40.976444;1;17083;
7;824;820468;30213;0;56.411514;40.975372;131.800003;162.295471;56.409657;40.976444;1;35793;
7;825;821443;30214;0;56.411518;40.975361;131.899994;162.152756;56.409657;40.976444;1;18841;
7;826;822453;30215;0;56.411522;40.975361;131.699997;162.186920;56.409657;40.976444;1;58469;
7;827;823447;30216;0;56.411522;40.975372;131.399994;162.186920;56.409657;40.976444;1;29562;
7;828;824445;30217;0;56.411522;40.975372;131.199997;162.363373;56.409657;40.976444;1;13010;
7;829;825444;30218;0;56.411522;40.975368;130.899994;162.304520;56.409657;40.976444;1;34;
7;830;826442;30219;0;56.411522;40.975368;131.000000;162.304520;56.409657;40.976444;1;30876;
7;831;827433;30220;0;56.411522;40.975368;130.899994;162.304520;56.409657;40.976444;1;62886;
7;832;828430;30221;0;56.411522;40.975365;130.899994;162.245697;56.409657;40.976444;1;63282;
7;833;829425;30222;0;56.411522;40.975365;130.899994;162.245697;56.409657;40.976444;1;54193;
7;834;830441;30223;0;56.411522;40.975365;130.899994;162.245697;56.409657;40.976444;1;44382;
7;835;831413;30224;0;56.411518;40.975357;131.199997;162.245697;56.409657;40.976444;1;57245;
7;836;832408;30225;0;56.411518;40.975353;131.199997;162.093918;56.409657;40.976444;1;45278;
7;837;833403;30226;0;56.411518;40.975353;131.100006;162.035126;56.409657;40.976444;1;8967;
7;838;834402;30227;0;56.411518;40.975353;131.100006;162.035126;56.409657;40.976444;1;43427;
7;839;835393;30228;0;56.411518;40.975353;131.100006;162.035126;56.409657;40.976444;1;52505;
7;840;836393;30229;0;56.411518;40.975353;131.000000;162.035126;56.409657;40.976444;1;55674;
7;841;837389;30230;0;56.411518;40.975353;131.000000;162.035126;56.409657;40.976444;1;18241;
7;842;838403;30231;0;56.411518;40.975353;131.000000;162.035126;56.409657;40.976444;1;38153;
7;843;839399;30232;0;56.411518;40.975353;131.000000;162.035126;56.409657;40.976444;1;5190;
7;844;840390;30233;0;56.411518;40.975353;131.000000;162.035126;56.409657;40.976444;1;44391;
7;845;841369;30234;0;56.411518;40.975353;131.000000;162.035126;56.409657;40.976444;1;55265;
7;846;842371;30235;0;56.411518;40.975353;131.000000;162.035126;56.409657;40.976444;1;20921;
7;847;843373;30236;0;56.411518;40.975353;131.000000;162.035126;56.409657;40.976444;1;64987;
7;848;844369;30237;0;56.411518;40.975353;131.000000;162.035126;56.409657;40.976444;1;8456;
7;849;845364;30238;0;56.411518;40.975349;131.000000;162.035126;56.409657;40.976444;1;27568;
7;850;846376;30238;0;56.411518;40.975349;131.000000;161.976364;56.409657;40.976444;1;26566;
7;851;847382;30240;0;56.411518;40.975349;131.100006;161.976364;56.409657;40.976444;1;58638;
7;852;848374;30241;0;56.411518;40.975349;131.100006;161.976364;56.409657;40.976444;1;56516;
7;853;849369;30242;0;56.411518;40.975349;131.100006;161.976364;56.409657;40.976444;1;40124;
7;854;850364;30243;0;56.411518;40.975349;131.100006;161.976364;56.409657;40.976444;1;7958;
7;855;851336;30244;0;56.411518;40.975349;131.100006;161.976364;56.409657;40.976444;1;9024;
7;856;852331;30245;0;56.411518;40.975349;131.100006;161.976364;56.409657;40.976444;1;21579;
7;857;853334;30246;0;56.411522;40.975349;131.100006;161.976364;56.409657;40.976444;1;38663;
7;858;854342;30246;0;56.411522;40.975349;131.100006;162.010834;56.409657;40.976444;1;34117;
7;859;855340;30248;0;56.411522;40.975349;131.000000;162.010834;56.409657;40.976444;1;17403;
7;860;856333;30249;0;56.411522;40.975349;131.000000;162.010834;56.409657;40.976444;1;64218;
7;861;857333;30250;0;56.411522;40.975349;131.000000;162.010834;56.409657;40.976444;1;50284;
7;862;858331;30251;0;56.411522;40.975349;131.000000;162.010834;56.409657;40.976444;1;27835;
7;863;859323;30252;0;56.411522;40.975349;131.000000;162.010834;56.409657;40.976444;1;61891;
7;864;860324;30252;0;56.411522;40.975349;131.000000;162.010834;56.409657;40.976444;1;17259;
7;865;861320;30253;0;56.411522;40.975349;131.000000;162.010834;56.409657;40.976444;1;1142;
7;866;862309;30254;0;56.411522;40.975349;130.899994;162.010834;56.409657;40.976444;1;12007;
7;867;863305;30255;0;56.411518;40.975353;130.899994;162.035126;56.409657;40.976444;1;24340;
7;868;864301;30256;0;56.411518;40.975353;130.899994;162.035126;56.409657;40.976444;1;26632;
7;869;865304;30257;0;56.411518;40.975353;130.899994;162.035126;56.409657;40.976444;1;48318;
7;870;866296;30258;0;56.411518;40.975353;130.899994;162.035126;56.409657;40.976444;1;24378;
7;871;867292;30259;0;56.411518;40.975353;130.899994;162.035126;56.409657;40.976444;1;37041;
7;872;868288;30260;0;56.411518;40.975353;131.000000;162.035126;56.409657;40.976444;1;31754;
7;873;869288;30261;0;56.411518;40.975353;130.899994;162.035126;56.409657;40.976444;1;49874;
7;874;870299;30262;0;56.411518;40.975353;130.899994;162.035126;56.409657;40.976444;1;18769;
7;875;871294;30263;0;56.411518;40.975353;130.899994;162.035126;56.409657;40.976444;1;32242;
7;876;872265;30264;0;56.411518;40.975353;130.899994;162.035126;56.409657;40.976444;1;46272;
7;877;873268;30265;0;56.411518;40.975353;130.899994;162.035126;56.409657;40.976444;1;43404;
7;878;874259;30266;0;56.411518;40.975353;130.899994;162.035126;56.409657;40.976444;1;30239;
7;879;875256;30267;0;56.411518;40.975349;131.000000;161.976364;56.409657;40.976444;1;57606;
7;880;876259;30268;0;56.411518;40.975349;131.000000;161.976364;56.409657;40.976444;1;8364;
7;881;877251;30269;0;56.411518;40.975349;131.000000;161.976364;56.409657;40.976444;1;49855;
7;882;878258;30270;0;56.411518;40.975349;131.000000;161.976364;56.409657;40.976444;1;17589;
7;883;879259;30271;0;56.411518;40.975349;131.000000;161.976364;56.409657;40.976444;1;19589;
7;884;880255;30272;0;56.411518;40.975349;131.000000;161.976364;56.409657;40.976444;1;46382;
7;885;881256;30273;0;56.411522;40.975349;131.000000;162.010834;56.409657;40.976444;1;61657;
7;886;882227;30274;0;56.411522;40.975349;131.100006;162.010834;56.409657;40.976444;1;62514;
7;887;883220;30275;0;56.411522;40.975349;131.100006;162.010834;56.409657;40.976444;1;14149;
7;888;884217;30276;0;56.411522;40.975349;131.199997;162.010834;56.409657;40.976444;1;21141;
7;889;885213;30277;0;56.411522;40.975349;131.199997;162.010834;56.409657;40.976444;1;21238;
7;890;886223;30278;0;56.411522;40.975346;131.199997;161.952209;56.409657;40.976444;1;59074;
7;891;887222;30279;0;56.411522;40.975346;131.199997;161.952209;56.409657;40.976444;1;44691;
7;892;888214;30280;0;56.411522;40.975349;131.199997;162.010834;56.409657;40.976444;1;36398;
7;893;889214;30281;0;56.411518;40.975353;131.699997;162.035126;56.409657;40.976444;1;63483;
7;894;890211;30282;0;56.411518;40.975365;132.000000;162.211624;56.409657;40.976444;1;61050;
7;895;891203;30283;0;56.411518;40.975365;132.100006;162.211624;56.409657;40.976444;1;4808;
7;896;892190;30284;0;56.411518;40.975365;132.199997;162.211624;56.409657;40.976444;1;43675;
7;897;893181;30285;0;56.411518;40.975365;132.199997;162.211624;56.409657;40.976444;1;25174;
7;898;894189;30286;0;56.411518;40.975365;132.300003;162.211624;56.409657;40.976444;1;16585;
7;899;895188;30287;0;56.411518;40.975368;132.300003;162.270538;56.409657;40.976444;1;8085;
7;900;896183;30288;0;56.411518;40.975368;132.300003;162.270538;56.409657;40.976444;1;11073;
7;901;897183;30289;0;56.411518;40.975368;132.199997;162.270538;56.409657;40.976444;1;48151;
7;902;898178;30290;0;56.411518;40.975368;132.199997;162.270538;56.409657;40.976444;1;34380;
7;903;899170;30291;0;56.411518;40.975368;132.199997;162.270538;56.409657;40.976444;1;42987;
7;904;900170;30292;0;56.411518;40.975368;132.199997;162.270538;56.409657;40.976444;1;61343;
7;905;901165;30293;0;56.411518;40.975368;132.199997;162.270538;56.409657;40.976444;1;58379;
7;906;902155;30294;0;56.411518;40.975368;132.300003;162.270538;56.409657;40.976444;1;4268;
7;907;903149;30295;0;56.411518;40.975368;132.300003;162.270538;56.409657;40.976444;1;44061;
7;908;904149;30296;0;56.411518;40.975368;132.300003;162.270538;56.409657;40.976444;1;10;
7;909;905145;30297;0;56.411522;40.975368;133.399994;162.304520;56.409657;40.976444;1;57361;
7;910;906137;30298;0;56.411530;40.975368;134.199997;162.372116;56.409657;40.976444;1;56578;
7;911;907132;30299;0;56.411530;40.975368;134.100006;162.372116;56.409657;40.976444;1;65416;
7;912;908134;30300;0;56.411530;40.975368;134.100006;162.372116;56.409657;40.976444;1;36928;
7;913;909126;30301;0;56.411530;40.975368;134.100006;162.372116;56.409657;40.976444;1;58541;
7;914;910142;30302;0;56.411530;40.975368;134.100006;162.372116;56.409657;40.976444;1;53933;
7;915;911134;30303;0;56.411530;40.975368;134.100006;162.372116;56.409657;40.976444;1;42560;
7;916;912113;30304;0;56.411530;40.975368;134.100006;162.372116;56.409657;40.976444;1;37313;
7;917;913110;30305;0;56.411530;40.975368;134.100006;162.372116;56.409657;40.976444;1;2207;
7;918;914105;30306;0;56.411530;40.975368;134.000000;162.372116;56.409657;40.976444;1;52352;
7;919;915106;30307;0;56.411530;40.975368;134.000000;162.372116;56.409657;40.976444;1;43502;
7;920;916102;30308;0;56.411530;40.975368;134.000000;162.372116;56.409657;40.976444;1;34883;
7;921;917094;30309;0;56.411530;40.975368;134.000000;162.372116;56.409657;40.976444;1;62413;
7;922;918120;30310;0;56.411530;40.975368;134.000000;162.372116;56.409657;40.976444;1;19627;
7;923;919120;30311;0;56.411530;40.975368;134.000000;162.372116;56.409657;40.976444;1;24486;
7;924;920112;30312;0;56.411530;40.975368;134.000000;162.372116;56.409657;40.976444;1;24943;
7;925;921110;30313;0;56.411530;40.975368;134.000000;162.372116;56.409657;40.976444;1;3194;
7;926;922081;30314;0;56.411530;40.975368;133.899994;162.372116;56.409657;40.976444;1;15348;
7;927;923081;30315;0;56.411530;40.975368;133.899994;162.372116;56.409657;40.976444;1;40358;
7;928;924076;30316;0;56.411530;40.975380;132.500000;162.548218;56.409657;40.976444;1;2615;
7;929;925072;30317;0;56.411530;40.975380;132.600006;162.548218;56.409657;40.976444;1;10755;
7;930;926086;30318;0;56.411530;40.975380;132.600006;162.548218;56.409657;40.976444;1;22757;
7;931;927082;30319;0;56.411530;40.975380;132.600006;162.548218;56.409657;40.976444;1;4251;
7;932;928074;30320;0;56.411530;40.975384;132.600006;162.606995;56.409657;40.976444;1;22626;
7;933;929074;30321;0;56.411530;40.975384;132.600006;162.606995;56.409657;40.976444;1;48721;
7;934;930066;30322;0;56.411530;40.975384;132.600006;162.606995;56.409657;40.976444;1;25098;
7;935;931067;30323;0;56.411533;40.975384;132.600006;162.640213;56.409657;40.976444;1;57630;
7;936;932042;30324;0;56.411533;40.975384;132.500000;162.640213;56.409657;40.976444;1;45726;
7;937;933034;30325;0;56.411533;40.975384;132.500000;162.640213;56.409657;40.976444;1;13133;
7;938;934048;30326;0;56.411533;40.975380;132.500000;162.581528;56.409657;40.976444;1;2051;
7;939;935045;30327;0;56.411533;40.975380;132.600006;162.581528;56.409657;40.976444;1;48028;
7;940;936040;30328;0;56.411533;40.975380;132.600006;162.581528;56.409657;40.976444;1;47283;
7;941;937039;30329;0;56.411533;40.975380;132.600006;162.581528;56.409657;40.976444;1;8685;
7;942;938091;30330;0;56.411533;40.975380;132.600006;162.581528;56.409657;40.976444;1;7417;
7;943;939093;30331;0;56.411530;40.975388;131.699997;162.665787;56.409657;40.976444;1;61126;
7;944;940085;30332;0;56.411530;40.975388;131.800003;162.665787;56.409657;40.976444;1;20103;
7;945;941071;30333;0;56.411530;40.975388;131.899994;162.665787;56.409657;40.976444;1;51449;
7;946;942072;30334;0;56.411530;40.975388;132.000000;162.665787;56.409657;40.976444;1;12218;
7;947;943068;30335;0;56.411530;40.975391;131.000000;162.724655;56.409657;40.976444;1;60706;
7;948;944060;30336;0;56.411530;40.975388;131.100006;162.665787;56.409657;40.976444;1;41660;
7;949;945060;30337;0;56.411530;40.975388;131.100006;162.665787;56.409657;40.976444;1;37127;
7;950;946053;30338;0;56.411530;40.975388;131.100006;162.665787;56.409657;40.976444;1;22380;
7;951;947055;30339;0;56.411530;40.975388;131.199997;162.665787;56.409657;40.976444;1;42129;
7;952;948051;30340;0;56.411530;40.975388;131.199997;162.665787;56.409657;40.976444;1;47349;
7;953;949058;30341;0;56.411530;40.975388;131.199997;162.665787;56.409657;40.976444;1;44474;
7;954;950053;30342;0;56.411530;40.975388;131.199997;162.665787;56.409657;40.976444;1;34583;
7;955;951033;30343;0;56.411530;40.975388;131.199997;162.665787;56.409657;40.976444;1;48169;
7;956;952025;30344;0;56.411530;40.975388;131.300003;162.665787;56.409657;40.976444;1;62088;
7;957;953028;30345;0;56.411530;40.975388;131.300003;162.665787;56.409657;40.976444;1;54327;
7;958;954025;30346;0;56.411530;40.975388;131.300003;162.665787;56.409657;40.976444;1;54418;
7;959;955021;30347;0;56.411530;40.975388;131.300003;162.665787;56.409657;40.976444;1;44875;
7;960;956017;30348;0;56.411533;40.975388;131.300003;162.698929;56.409657;40.976444;1;40044;
7;961;957024;30349;0;56.411533;40.975384;131.300003;162.640213;56.409657;40.976444;1;49116;
7;962;958029;30350;0;56.411533;40.975384;131.300003;162.640213;56.409657;40.976444;1;19015;
7;963;959020;30351;0;56.411533;40.975384;131.300003;162.640213;56.409657;40.976444;1;43297;
7;964;960017;30352;0;56.411533;40.975384;131.300003;162.640213;56.409657;40.976444;1;5843;
7;965;960991;30353;0;56.411533;40.975384;131.300003;162.640213;56.409657;40.976444;1;64879;
7;966;961987;30354;0;56.411533;40.975388;131.300003;162.698929;56.409657;40.976444;1;1408;
7;967;962982;30355;0;56.411533;40.975388;131.300003;162.698929;56.409657;40.976444;1;32556;
7;968;963980;30356;0;56.411530;40.975388;131.300003;162.665787;56.409657;40.976444;1;2880;
7;969;964987;30357;0;56.411530;40.975388;131.300003;162.665787;56.409657;40.976444;1;29195;
7;970;965986;30358;0;56.411530;40.975388;131.300003;162.665787;56.409657;40.976444;1;43295;
7;971;966981;30359;0;56.411530;40.975388;131.300003;162.665787;56.409657;40.976444;1;22453;
7;972;967979;30360;0;56.411530;40.975388;131.300003;162.665787;56.409657;40.976444;1;63506;
7;973;968976;30361;0;56.411530;40.975388;131.300003;162.665787;56.409657;40.976444;1;48586;
7;974;969975;30362;0;56.411530;40.975388;131.300003;162.665787;56.409657;40.976444;1;17531;
7;975;970950;30363;0;56.411530;40.975388;131.300003;162.665787;56.409657;40.976444;1;40953;
7;976;971945;30364;0;56.411530;40.975388;131.300003;162.665787;56.409657;40.976444;1;34274;
7;977;972952;30365;0;56.411530;40.975388;131.300003;162.665787;56.409657;40.976444;1;59954;
7;978;973956;30366;0;56.411530;40.975388;131.300003;162.665787;56.409657;40.976444;1;9250;
7;979;974952;30367;0;56.411530;40.975388;131.300003;162.665787;56.409657;40.976444;1;64162;
7;980;975948;30368;0;56.411530;40.975388;131.300003;162.665787;56.409657;40.976444;1;28523;
7;981;976943;30369;0;56.411530;40.975388;131.199997;162.665787;56.409657;40.976444;1;26386;
7;982;977939;30370;0;56.411530;40.975388;131.199997;162.665787;56.409657;40.976444;1;54173;
7;983;978935;30371;0;56.411530;40.975388;131.199997;162.665787;56.409657;40.976444;1;38811;
7;984;979930;30372;0;56.411530;40.975388;131.199997;162.665787;56.409657;40.976444;1;9360;
7;985;980920;30373;0;56.411530;40.975388;131.199997;162.665787;56.409657;40.976444;1;24052;
7;986;981917;30374;0;56.411530;40.975388;131.300003;162.665787;56.409657;40.976444;1;65414;
7;987;982915;30375;0;56.411530;40.975388;131.300003;162.665787;56.409657;40.976444;1;36844;
7;988;983910;30376;0;56.411530;40.975388;131.300003;162.665787;56.409657;40.976444;1;63137;
7;989;984906;30377;0;56.411530;40.975388;131.300003;162.665787;56.409657;40.976444;1;45500;
7;990;985905;30378;0;56.411530;40.975388;131.300003;162.665787;56.409657;40.976444;1;18327;
7;991;986901;30379;0;56.411530;40.975388;131.300003;162.665787;56.409657;40.976444;1;53813;
7;992;987897;30380;0;56.411530;40.975388;131.300003;162.665787;56.409657;40.976444;1;27761;
7;993;988906;30381;0;56.411530;40.975388;131.300003;162.665787;56.409657;40.976444;1;56224;
7;994;989902;30382;0;56.411530;40.975388;131.300003;162.665787;56.409657;40.976444;1;21222;
7;995;990877;30383;0;56.411530;40.975388;131.300003;162.665787;56.409657;40.976444;1;4105;
7;996;991875;30384;0;56.411530;40.975388;131.300003;162.665787;56.409657;40.976444;1;20326;
7;997;992871;30385;0;56.411530;40.975384;131.300003;162.606995;56.409657;40.976444;1;53464;
7;998;993867;30386;0;56.411530;40.975384;131.300003;162.606995;56.409657;40.976444;1;35617;
7;999;994863;30387;0;56.411530;40.975384;131.300003;162.606995;56.409657;40.976444;1;60349;
7;1000;995855;30388;0;56.411530;40.975384;131.300003;162.606995;56.409657;40.976444;1;40717;
7;1001;996892;30389;0;56.411530;40.975384;131.399994;162.606995;56.409657;40.976444;1;17688;
7;1002;997883;30390;0;56.411530;40.975384;131.399994;162.606995;56.409657;40.976444;1;46082;
7;1003;998878;30391;0;56.411530;40.975384;131.399994;162.606995;56.409657;40.976444;1;54763;
7;1004;999876;30392;0;56.411530;40.975384;131.399994;162.606995;56.409657;40.976444;1;50697;
7;1005;1000850;30393;0;56.411533;40.975384;131.399994;162.640213;56.409657;40.976444;1;26317;
7;1006;1001846;30394;0;56.411533;40.975384;131.399994;162.640213;56.409657;40.976444;1;57576;
7;1007;1002844;30395;0;56.411533;40.975384;131.399994;162.640213;56.409657;40.976444;1;48653;
7;1008;1003835;30396;0;56.411533;40.975384;131.399994;162.640213;56.409657;40.976444;1;39122;
7;1009;1004851;30397;0;56.411533;40.975384;131.399994;162.640213;56.409657;40.976444;1;17439;
7;1010;1005846;30398;0;56.411533;40.975384;131.399994;162.640213;56.409657;40.976444;1;14610;
7;1011;1006838;30399;0;56.411533;40.975384;131.399994;162.640213;56.409657;40.976444;1;27613;
7;1012;1007842;30400;0;56.411533;40.975384;131.399994;162.640213;56.409657;40.976444;1;50219;
7;1013;1008837;30401;0;56.411533;40.975384;131.399994;162.640213;56.409657;40.976444;1;23925;
7;1014;1009829;30402;0;56.411533;40.975384;131.399994;162.640213;56.409657;40.976444;1;49218;
7;1015;1010811;30403;0;56.411533;40.975384;131.399994;162.640213;56.409657;40.976444;1;48971;
7;1016;1011814;30404;0;56.411533;40.975384;131.399994;162.640213;56.409657;40.976444;1;50048;
7;1017;1012830;30405;0;56.411533;40.975384;131.399994;162.640213;56.409657;40.976444;1;53389;
7;1018;1013825;30406;0;56.411533;40.975384;131.399994;162.640213;56.409657;40.976444;1;18504;
7;1019;1014817;30407;0;56.411533;40.975384;131.399994;162.640213;56.409657;40.976444;1;51611;
7;1020;1015819;30408;0;56.411533;40.975384;131.399994;162.640213;56.409657;40.976444;1;59276;
7;1021;1016810;30409;0;56.411533;40.975384;131.399994;162.640213;56.409657;40.976444;1;46734;
7;1022;1017802;30410;0;56.411533;40.975384;131.399994;162.640213;56.409657;40.976444;1;33966;
7;1023;1018807;30411;0;56.411533;40.975384;131.399994;162.640213;56.409657;40.976444;1;11696;
7;1024;1019801;30412;0;56.411533;40.975384;131.399994;162.640213;56.409657;40.976444;1;28770;
7;1025;1020790;30413;0;56.411530;40.975384;131.399994;162.606995;56.409657;40.976444;1;11700;
7;1026;1021786;30414;0;56.411530;40.975384;131.399994;162.606995;56.409657;40.976444;1;11364;
7;1027;1022778;30415;0;56.411530;40.975384;131.399994;162.606995;56.409657;40.976444;1;63390;
7;1028;1023780;30416;0;56.411530;40.975384;131.399994;162.606995;56.409657;40.976444;1;15887;
7;1029;1024775;30417;0;56.411530;40.975384;131.399994;162.606995;56.409657;40.976444;1;53472;
7;1030;1025768;30418;0;56.411530;40.975384;131.399994;162.606995;56.409657;40.976444;1;64494;
7;1031;1026767;30419;0;56.411530;40.975384;131.399994;162.606995;56.409657;40.976444;1;14489;
7;1032;1027762;30420;0;56.411530;40.975384;131.399994;162.606995;56.409657;40.976444;1;9608;
7;1033;1028773;30421;0;56.411530;40.975384;131.399994;162.606995;56.409657;40.976444;1;40301;
7;1034;1029772;30422;0;56.411530;40.975384;131.399994;162.606995;56.409657;40.976444;1;35257;
7;1035;1030743;30423;0;56.411530;40.975384;131.399994;162.606995;56.409657;40.976444;1;47517;
7;1036;1031744;30424;0;56.411530;40.975384;131.399994;162.606995;56.409657;40.976444;1;2608;
7;1037;1032739;30425;0;56.411530;40.975384;131.399994;162.606995;56.409657;40.976444;1;57579;
7;1038;1033733;30426;0;56.411530;40.975384;131.399994;162.606995;56.409657;40.976444;1;52019;
7;1039;1034737;30427;0;56.411530;40.975384;131.399994;162.606995;56.409657;40.976444;1;50503;
7;1040;1035733;30428;0;56.411530;40.975384;131.399994;162.606995;56.409657;40.976444;1;62497;
7;1041;1036742;30429;0;56.411530;40.975384;131.399994;162.606995;56.409657;40.976444;1;44427;
7;1042;1037737;30430;0;56.411530;40.975384;131.399994;162.606995;56.409657;40.976444;1;21913;
7;1043;1038731;30431;0;56.411530;40.975384;131.399994;162.606995;56.409657;40.976444;1;33770;
7;1044;1039727;30432;0;56.411530;40.975384;131.300003;162.606995;56.409657;40.976444;1;29828;
7;1045;1040706;30433;0;56.411530;40.975384;131.300003;162.606995;56.409657;40.976444;1;20780;
7;1046;1041698;30434;0;56.411530;40.975384;131.300003;162.606995;56.409657;40.976444;1;38450;
7;1047;1042698;30435;0;56.411530;40.975384;131.300003;162.606995;56.409657;40.976444;1;27209;
7;1048;1043693;30436;0;56.411530;40.975384;131.399994;162.606995;56.409657;40.976444;1;22231;
7;1049;1044704;30437;0;56.411530;40.975384;131.399994;162.606995;56.409657;40.976444;1;29029;
7;1050;1045696;30438;0;56.411530;40.975384;131.399994;162.606995;56.409657;40.976444;1;17221;
7;1051;1046698;30439;0;56.411530;40.975384;131.399994;162.606995;56.409657;40.976444;1;45751;
7;1052;1047695;30440;0;56.411530;40.975384;131.399994;162.606995;56.409657;40.976444;1;13933;
7;1053;1048691;30441;0;56.411530;40.975384;131.399994;162.606995;56.409657;40.976444;1;24954;
7;1054;1049684;30442;0;56.411530;40.975384;131.399994;162.606995;56.409657;40.976444;1;48873;
7;1055;1050659;30443;0;56.411530;40.975384;131.399994;162.606995;56.409657;40.976444;1;15871;
7;1056;1051657;30444;0;56.411530;40.975384;131.399994;162.606995;56.409657;40.976444;1;21018;
7;1057;1052668;30445;0;56.411530;40.975384;131.300003;162.606995;56.409657;40.976444;1;15052;
7;1058;1053660;30446;0;56.411530;40.975384;131.300003;162.606995;56.409657;40.976444;1;59031;
7;1059;1054660;30447;0;56.411530;40.975384;131.300003;162.606995;56.409657;40.976444;1;36613;
7;1060;1055657;30448;0;56.411530;40.975384;131.300003;162.606995;56.409657;40.976444;1;10943;
7;1061;1056655;30449;0;56.411530;40.975384;131.300003;162.606995;56.409657;40.976444;1;18346;
7;1062;1057650;30450;0;56.411530;40.975384;131.300003;162.606995;56.409657;40.976444;1;40691;
7;1063;1058703;30451;0;56.411530;40.975384;131.300003;162.606995;56.409657;40.976444;1;38809;
7;1064;1059694;30452;0;56.411530;40.975388;131.300003;162.665787;56.409657;40.976444;1;43308;
7;1065;1060689;30453;0;56.411530;40.975388;131.300003;162.665787;56.409657;40.976444;1;22418;
7;1066;1061689;30454;0;56.411530;40.975388;131.300003;162.665787;56.409657;40.976444;1;44104;
7;1067;1062684;30455;0;56.411530;40.975388;131.300003;162.665787;56.409657;40.976444;1;52641;
7;1068;1063679;30456;0;56.411533;40.975388;131.199997;162.698929;56.409657;40.976444;1;14168;
7;1069;1064675;30457;0;56.411537;40.975391;131.100006;162.790588;56.409657;40.976444;1;35886;
7;1070;1065673;30458;0;56.411545;40.975399;131.000000;162.973068;56.409657;40.976444;1;60385;
7;1071;1066666;30459;0;56.411549;40.975407;131.100006;163.122406;56.409657;40.976444;1;47027;
7;1072;1067680;30460;0;56.411549;40.975407;131.100006;163.122406;56.409657;40.976444;1;27940;
7;1073;1068675;30461;0;56.411549;40.975407;131.100006;163.122406;56.409657;40.976444;1;5429;
7;1074;1069654;30462;0;56.411545;40.975403;131.100006;163.031616;56.409657;40.976444;1;28017;
7;1075;1070645;30463;0;56.411545;40.975403;131.100006;163.031616;56.409657;40.976444;1;57438;
7;1076;1071640;30464;0;56.411545;40.975403;131.100006;163.031616;56.409657;40.976444;1;62735;
7;1077;1072636;30465;0;56.411545;40.975403;131.100006;163.031616;56.409657;40.976444;1;5133;
7;1078;1073639;30466;0;56.411545;40.975403;131.100006;163.031616;56.409657;40.976444;1;41296;
7;1079;1074631;30467;0;56.411545;40.975403;131.100006;163.031616;56.409657;40.976444;1;54717;
7;1080;1075642;30468;0;56.411545;40.975403;131.100006;163.031616;56.409657;40.976444;1;37509;
7;1081;1076637;30469;0;56.411545;40.975403;131.100006;163.031616;56.409657;40.976444;1;3035;
7;1082;1077636;30470;0;56.411545;40.975403;131.100006;163.031616;56.409657;40.976444;1;16052;
7;1083;1078631;30471;0;56.411545;40.975403;131.100006;163.031616;56.409657;40.976444;1;18886;
7;1084;1079606;30472;0;56.411545;40.975407;131.100006;163.090225;56.409657;40.976444;1;63650;
7;1085;1080601;30473;0;56.411545;40.975407;131.100006;163.090225;56.409657;40.976444;1;45891;
7;1086;1081600;30474;0;56.411545;40.975407;131.000000;163.090225;56.409657;40.976444;1;12256;
7;1087;1082592;30475;0;56.411545;40.975407;131.000000;163.090225;56.409657;40.976444;1;32047;
7;1088;1083603;30476;0;56.411545;40.975407;131.000000;163.090225;56.409657;40.976444;1;57569;
7;1089;1084606;30477;0;56.411545;40.975407;131.000000;163.090225;56.409657;40.976444;1;42633;
7;1090;1085601;30478;0;56.411545;40.975407;131.000000;163.090225;56.409657;40.976444;1;35358;
7;1091;1086597;30479;0;56.411545;40.975407;131.000000;163.090225;56.409657;40.976444;1;8124;
7;1092;1087589;30480;0;56.411545;40.975407;131.000000;163.090225;56.409657;40.976444;1;34784;
7;1093;1088589;30481;0;56.411545;40.975407;130.899994;163.090225;56.409657;40.976444;1;44018;
7;1094;1089567;30482;0;56.411545;40.975407;130.899994;163.090225;56.409657;40.976444;1;52581;
7;1095;1090561;30483;0;56.411545;40.975407;130.899994;163.090225;56.409657;40.976444;1;48399;
7;1096;1091574;30484;0;56.411545;40.975407;130.899994;163.090225;56.409657;40.976444;1;44684;
7;1097;1092584;30485;0;56.411545;40.975407;130.899994;163.090225;56.409657;40.976444;1;33999;
7;1098;1093579;30486;0;56.411545;40.975407;130.899994;163.090225;56.409657;40.976444;1;47635;
7;1099;1094574;30487;0;56.411545;40.975407;130.899994;163.090225;56.409657;40.976444;1;49343;
7;1100;1095572;30488;0;56.411545;40.975407;130.899994;163.090225;56.409657;40.976444;1;52790;
7;1101;1096570;30489;0;56.411545;40.975407;130.899994;163.090225;56.409657;40.976444;1;9430;
7;1102;1097566;30490;0;56.411545;40.975407;130.899994;163.090225;56.409657;40.976444;1;63417;
7;1103;1098558;30491;0;56.411545;40.975407;130.899994;163.090225;56.409657;40.976444;1;4510;
7;1104;1099548;30492;0;56.411545;40.975407;130.899994;163.090225;56.409657;40.976444;1;14592;
7;1105;1100548;30493;0;56.411545;40.975407;130.899994;163.090225;56.409657;40.976444;1;2747;
7;1106;1101544;30494;0;56.411545;40.975407;130.800003;163.090225;56.409657;40.976444;1;16525;
7;1107;1102539;30495;0;56.411552;40.975407;131.000000;163.154404;56.409657;40.976444;1;50398;
7;1108;1103535;30496;0;56.411560;40.975403;131.100006;163.159912;56.409657;40.976444;1;33009;
7;1109;1104530;30497;0;56.411568;40.975399;131.000000;163.165390;56.409657;40.976444;1;39390;
7;1110;1105525;30498;0;56.411579;40.975395;131.100006;163.202301;56.409657;40.976444;1;16782;
7;1111;1106535;30499;0;56.411587;40.975395;130.899994;163.264999;56.409657;40.976444;1;40484;
7;1112;1107553;30500;0;56.411598;40.975395;130.699997;163.358139;56.409657;40.976444;1;56634;
7;1113;1108544;30501;0;56.411610;40.975395;130.699997;163.450302;56.409657;40.976444;1;29650;
7;1114;1109519;30502;0;56.411621;40.975395;130.600006;163.541489;56.409657;40.976444;1;43734;
7;1115;1110516;30503;0;56.411629;40.975395;130.600006;163.601715;56.409657;40.976444;1;28702;
7;1116;1111515;30504;0;56.411636;40.975395;130.399994;163.661545;56.409657;40.976444;1;61687;
7;1117;1112511;30505;0;56.411648;40.975395;130.600006;163.750473;56.409657;40.976444;1;1556;
7;1118;1113507;30506;0;56.411659;40.975391;130.800003;163.782776;56.409657;40.976444;1;50620;
7;1119;1114502;30507;0;56.411671;40.975395;130.899994;163.925537;56.409657;40.976444;1;22718;
7;1120;1115515;30508;0;56.411682;40.975399;130.899994;164.066879;56.409657;40.976444;1;61870;
7;1121;1116509;30509;0;56.411686;40.975403;130.699997;164.150436;56.409657;40.976444;1;34302;
7;1122;1117502;30510;0;56.411694;40.975407;130.899994;164.261826;56.409657;40.976444;1;44917;
7;1123;1118501;30511;0;56.411694;40.975407;130.800003;164.261826;56.409657;40.976444;1;18852;
7;1124;1119476;30512;0;56.411694;40.975407;130.800003;164.261826;56.409657;40.976444;1;39195;
7;1125;1120471;30513;0;56.411694;40.975407;130.800003;164.261826;56.409657;40.976444;1;47907;
7;1126;1121467;30514;0;56.411694;40.975407;130.699997;164.261826;56.409657;40.976444;1;37042;
7;1127;1122462;30515;0;56.411694;40.975407;130.699997;164.261826;56.409657;40.976444;1;26533;
7;1128;1123480;30516;0;56.411694;40.975407;130.699997;164.261826;56.409657;40.976444;1;40457;
7;1129;1124472;30517;0;56.411694;40.975407;130.699997;164.261826;56.409657;40.976444;1;49070;
7;1130;1125465;30518;0;56.411694;40.975407;130.699997;164.261826;56.409657;40.976444;1;31173;
7;1131;1126467;30519;0;56.411694;40.975407;130.699997;164.261826;56.409657;40.976444;1;1691;
7;1132;1127463;30520;0;56.411690;40.975407;130.699997;164.233749;56.409657;40.976444;1;41052;
7;1133;1128454;30521;0;56.411694;40.975407;130.699997;164.261826;56.409657;40.976444;1;22971;
7;1134;1129433;30522;0;56.411694;40.975407;130.699997;164.261826;56.409657;40.976444;1;19187;
7;1135;1130428;30523;0;56.411694;40.975407;130.699997;164.261826;56.409657;40.976444;1;56868;
7;1136;1131439;30524;0;56.411694;40.975407;130.699997;164.261826;56.409657;40.976444;1;43717;
7;1137;1132436;30525;0;56.411694;40.975407;130.600006;164.261826;56.409657;40.976444;1;63796;
7;1138;1133431;30526;0;56.411694;40.975407;130.600006;164.261826;56.409657;40.976444;1;37538;
7;1139;1134429;30527;0;56.411694;40.975407;130.600006;164.261826;56.409657;40.976444;1;52295;
7;1140;1135424;30528;0;56.411694;40.975407;130.600006;164.261826;56.409657;40.976444;1;15808;
7;1141;1136415;30529;0;56.411694;40.975407;130.600006;164.261826;56.409657;40.976444;1;19679;
7;1142;1137411;30530;0;56.411694;40.975407;130.600006;164.261826;56.409657;40.976444;1;55526;
7;1143;1138414;30531;0;56.411694;40.975407;130.600006;164.261826;56.409657;40.976444;1;19858;
7;1144;1139403;30532;0;56.411694;40.975407;130.500000;164.261826;56.409657;40.976444;1;34517;
7;1145;1140396;30533;0;56.411694;40.975407;130.500000;164.261826;56.409657;40.976444;1;60085;
7;1146;1141396;30534;0;56.411694;40.975407;130.500000;164.261826;56.409657;40.976444;1;58716;
7;1147;1142390;30535;0;56.411694;40.975407;130.600006;164.261826;56.409657;40.976444;1;46099;
7;1148;1143382;30536;0;56.411694;40.975407;130.600006;164.261826;56.409657;40.976444;1;52150;
7;1149;1144381;30537;0;56.411694;40.975407;130.600006;164.261826;56.409657;40.976444;1;37926;
7;1150;1145380;30538;0;56.411694;40.975407;130.600006;164.261826;56.409657;40.976444;1;5403;
7;1151;1146372;30539;0;56.411694;40.975407;130.500000;164.261826;56.409657;40.976444;1;45952;
7;1152;1147387;30540;0;56.411694;40.975407;130.500000;164.261826;56.409657;40.976444;1;53668;
7;1153;1148378;30541;0;56.411694;40.975407;130.500000;164.261826;56.409657;40.976444;1;20738;
7;1154;1149357;30542;0;56.411694;40.975407;130.500000;164.261826;56.409657;40.976444;1;38105;
7;1155;1150354;30542;0;56.411694;40.975407;130.500000;164.261826;56.409657;40.976444;1;59323;
7;1156;1151345;30543;0;56.411694;40.975407;130.500000;164.261826;56.409657;40.976444;1;43342;
7;1157;1152346;30544;0;56.411694;40.975407;130.500000;164.261826;56.409657;40.976444;1;28135;
7;1158;1153340;30546;0;56.411694;40.975407;130.500000;164.261826;56.409657;40.976444;1;25844;
7;1159;1154333;30546;0;56.411694;40.975407;130.500000;164.261826;56.409657;40.976444;1;27022;
7;1160;1155351;30547;0;56.411694;40.975407;130.500000;164.261826;56.409657;40.976444;1;10631;
7;1161;1156342;30548;0;56.411694;40.975407;130.500000;164.261826;56.409657;40.976444;1;37800;
7;1162;1157337;30549;0;56.411694;40.975407;130.500000;164.261826;56.409657;40.976444;1;53044;
7;1163;1158336;30550;0;56.411694;40.975407;130.500000;164.261826;56.409657;40.976444;1;22900;
7;1164;1159307;30551;0;56.411694;40.975407;130.500000;164.261826;56.409657;40.976444;1;17916;
7;1165;1160304;30552;0;56.411694;40.975407;130.500000;164.261826;56.409657;40.976444;1;26529;
7;1166;1161302;30553;0;56.411694;40.975407;130.399994;164.261826;56.409657;40.976444;1;14709;
7;1167;1162295;30554;0;56.411694;40.975407;130.399994;164.261826;56.409657;40.976444;1;18292;
7;1168;1163305;30555;0;56.411694;40.975407;130.399994;164.261826;56.409657;40.976444;1;59525;
7;1169;1164301;30556;0;56.411694;40.975410;130.399994;164.316833;56.409657;40.976444;1;60486;
7;1170;1165300;30557;0;56.411694;40.975410;130.399994;164.316833;56.409657;40.976444;1;38896;
7;1171;1166297;30558;0;56.411694;40.975410;130.399994;164.316833;56.409657;40.976444;1;29974;
7;1172;1167292;30559;0;56.411694;40.975410;130.399994;164.316833;56.409657;40.976444;1;13885;
7;1173;1168289;30560;0;56.411694;40.975410;130.399994;164.316833;56.409657;40.976444;1;29511;
7;1174;1169260;30561;0;56.411694;40.975410;130.300003;164.316833;56.409657;40.976444;1;38269;
7;1175;1170257;30562;0;56.411694;40.975410;130.300003;164.316833;56.409657;40.976444;1;49860;
7;1176;1171272;30563;0;56.411694;40.975410;130.300003;164.316833;56.409657;40.976444;1;44432;
7;1177;1172267;30564;0;56.411694;40.975410;130.300003;164.316833;56.409657;40.976444;1;43754;
7;1178;1173263;30565;0;56.411694;40.975410;130.300003;164.316833;56.409657;40.976444;1;29212;
7;1179;1174258;30566;0;56.411694;40.975410;130.300003;164.316833;56.409657;40.976444;1;903;
7;1180;1175250;30567;0;56.411694;40.975410;130.300003;164.316833;56.409657;40.976444;1;41110;
7;1181;1176256;30568;0;56.411694;40.975410;130.300003;164.316833;56.409657;40.976444;1;16312;
7;1182;1177249;30569;0;56.411694;40.975410;130.300003;164.316833;56.409657;40.976444;1;1908;
7;1183;1178240;30570;0;56.411694;40.975410;130.300003;164.316833;56.409657;40.976444;1;54882;
7;1184;1179241;30571;0;56.411694;40.975407;130.300003;164.261826;56.409657;40.976444;1;11129;
7;1185;1180263;30572;0;56.411694;40.975407;130.300003;164.261826;56.409657;40.976444;1;52857;
7;1186;1181255;30573;0;56.411694;40.975407;130.300003;164.261826;56.409657;40.976444;1;63424;
7;1187;1182258;30574;0;56.411694;40.975407;130.300003;164.261826;56.409657;40.976444;1;34808;
7;1188;1183254;30575;0;56.411694;40.975407;130.300003;164.261826;56.409657;40.976444;1;50598;
7;1189;1184250;30576;0;56.411694;40.975407;130.300003;164.261826;56.409657;40.976444;1;30311;
7;1190;1185245;30577;0;56.411694;40.975407;130.300003;164.261826;56.409657;40.976444;1;41581;
7;1191;1186216;30578;0;56.411694;40.975407;130.300003;164.261826;56.409657;40.976444;1;53845;
7;1192;1187234;30579;0;56.411694;40.975407;130.199997;164.261826;56.409657;40.976444;1;56285;
7;1193;1188226;30580;0;56.411694;40.975407;130.199997;164.261826;56.409657;40.976444;1;9573;
7;1194;1189222;30581;0;56.411694;40.975407;130.199997;164.261826;56.409657;40.976444;1;62192;
7;1195;1190218;30582;0;56.411694;40.975407;130.199997;164.261826;56.409657;40.976444;1;58461;
7;1196;1191215;30583;0;56.411694;40.975407;130.199997;164.261826;56.409657;40.976444;1;42870;
7;1197;1192210;30584;0;56.411694;40.975407;130.199997;164.261826;56.409657;40.976444;1;32203;
7;1198;1193206;30585;0;56.411694;40.975407;130.199997;164.261826;56.409657;40.976444;1;33567;
7;1199;1194202;30586;0;56.411694;40.975407;130.199997;164.261826;56.409657;40.976444;1;38322;
7;1200;1195217;30587;0;56.411694;40.975407;130.199997;164.261826;56.409657;40.976444;1;65004;
7;1201;1196188;30588;0;56.411694;40.975407;130.199997;164.261826;56.409657;40.976444;1;47684;
7;1202;1197183;30589;0;56.411694;40.975407;130.199997;164.261826;56.409657;40.976444;1;32866;
7;1203;1198181;30590;0;56.411694;40.975407;130.199997;164.261826;56.409657;40.976444;1;16631;
7;1204;1199177;30591;0;56.411694;40.975407;130.199997;164.261826;56.409657;40.976444;1;53270;
7;1205;1200176;30592;0;56.411694;40.975407;130.199997;164.261826;56.409657;40.976444;1;24193;
7;1206;1201168;30593;0;56.411694;40.975407;130.199997;164.261826;56.409657;40.976444;1;26424;
7;1207;1202163;30594;0;56.411694;40.975407;130.199997;164.261826;56.409657;40.976444;1;50452;
7;1208;1203178;30595;0;56.411694;40.975407;130.199997;164.261826;56.409657;40.976444;1;61545;
7;1209;1204174;30596;0;56.411694;40.975407;130.199997;164.261826;56.409657;40.976444;1;31072;
7;1210;1205165;30597;0;56.411694;40.975407;130.199997;164.261826;56.409657;40.976444;1;12261;
7;1211;1206148;30598;0;56.411694;40.975407;130.199997;164.261826;56.409657;40.976444;1;30309;
7;1212;1207139;30599;0;56.411694;40.975407;130.199997;164.261826;56.409657;40.976444;1;28045;
7;1213;1208135;30600;0;56.411694;40.975407;130.199997;164.261826;56.409657;40.976444;1;51936;
7;1214;1209134;30601;0;56.411694;40.975407;130.199997;164.261826;56.409657;40.976444;1;52968;
7;1215;1210129;30602;0;56.411694;40.975407;130.199997;164.261826;56.409657;40.976444;1;15311;
7;1216;1211142;30603;0;56.411694;40.975407;130.199997;164.261826;56.409657;40.976444;1;8570;
7;1217;1212137;30604;0;56.411694;40.975407;130.199997;164.261826;56.409657;40.976444;1;20498;
7;1218;1213136;30605;0;56.411694;40.975407;130.199997;164.261826;56.409657;40.976444;1;28609;
7;1219;1214129;30606;0;56.411694;40.975407;130.199997;164.261826;56.409657;40.976444;1;4544;
7;1220;1215128;30607;0;56.411694;40.975407;130.199997;164.261826;56.409657;40.976444;1;52748;
7;1221;1216103;30608;0;56.411694;40.975407;130.199997;164.261826;56.409657;40.976444;1;20950;
7;1222;1217098;30609;0;56.411694;40.975407;130.199997;164.261826;56.409657;40.976444;1;16815;
7;1223;1218095;30610;0;56.411694;40.975407;130.199997;164.261826;56.409657;40.976444;1;57057;
7;1224;1219106;30611;0;56.411694;40.975407;130.199997;164.261826;56.409657;40.976444;1;49036;
7;1225;1220100;30612;0;56.411694;40.975407;130.300003;164.261826;56.409657;40.976444;1;4429;
7;1226;1221104;30613;0;56.411694;40.975407;130.300003;164.261826;56.409657;40.976444;1;40634;
7;1227;1222096;30614;0;56.411694;40.975407;130.300003;164.261826;56.409657;40.976444;1;57806;
7;1228;1223088;30615;0;56.411694;40.975407;130.300003;164.261826;56.409657;40.976444;1;60872;
7;1229;1224087;30616;0;56.411694;40.975407;130.300003;164.261826;56.409657;40.976444;1;18009;
7;1230;1225088;30617;0;56.411694;40.975407;130.300003;164.261826;56.409657;40.976444;1;46056;
7;1231;1226059;30618;0;56.411694;40.975407;130.300003;164.261826;56.409657;40.976444;1;26403;
7;1232;1227071;30619;0;56.411694;40.975407;130.300003;164.261826;56.409657;40.976444;1;20646;
7;1233;1228067;30620;0;56.411694;40.975407;130.300003;164.261826;56.409657;40.976444;1;50384;
7;1234;1229063;30621;0;56.411694;40.975407;130.300003;164.261826;56.409657;40.976444;1;31698;
7;1235;1230058;30622;0;56.411694;40.975407;130.300003;164.261826;56.409657;40.976444;1;58687;
7;1236;1231053;30623;0;56.411694;40.975407;130.300003;164.261826;56.409657;40.976444;1;61876;
7;1237;1232053;30624;0;56.411694;40.975407;130.300003;164.261826;56.409657;40.976444;1;49168;
7;1238;1233049;30625;0;56.411694;40.975407;130.300003;164.261826;56.409657;40.976444;1;9250;
7;1239;1234041;30626;0;56.411694;40.975407;130.300003;164.261826;56.409657;40.976444;1;21557;
7;1240;1235051;30627;0;56.411694;40.975407;130.399994;164.261826;56.409657;40.976444;1;53967;
7;1241;1236033;30628;0;56.411694;40.975407;130.399994;164.261826;56.409657;40.976444;1;36993;
7;1242;1237028;30629;0;56.411694;40.975407;130.399994;164.261826;56.409657;40.976444;1;57340;
7;1243;1238020;30630;0;56.411694;40.975407;130.399994;164.261826;56.409657;40.976444;1;41096;
7;1244;1239015;30631;0;56.411694;40.975407;130.399994;164.261826;56.409657;40.976444;1;57025;
7;1245;1240017;30632;0;56.411694;40.975407;130.399994;164.261826;56.409657;40.976444;1;28269;
7;1246;1241020;30633;0;56.411694;40.975407;130.399994;164.261826;56.409657;40.976444;1;25937;
7;1247;1242024;30634;0;56.411697;40.975407;130.399994;164.289764;56.409657;40.976444;1;26992;
7;1248;1243035;30635;0;56.411697;40.975407;130.399994;164.289764;56.409657;40.976444;1;35221;
7;1249;1244030;30636;0;56.411697;40.975407;130.399994;164.289764;56.409657;40.976444;1;41373;
7;1250;1245025;30637;0;56.411694;40.975407;130.399994;164.261826;56.409657;40.976444;1;56137;
7;1251;1245996;30638;0;56.411694;40.975407;130.399994;164.261826;56.409657;40.976444;1;7891;
7;1252;1246999;30639;0;56.411694;40.975407;130.399994;164.261826;56.409657;40.976444;1;55006;
7;1253;1247996;30640;0;56.411694;40.975407;130.399994;164.261826;56.409657;40.976444;1;28284;
7;1254;1248987;30641;0;56.411694;40.975407;130.399994;164.261826;56.409657;40.976444;1;47734;
7;1255;1249987;30642;0;56.411694;40.975407;130.399994;164.261826;56.409657;40.976444;1;13830;
7;1256;1250998;30643;0;56.411694;40.975407;130.399994;164.261826;56.409657;40.976444;1;58627;
7;1257;1251990;30644;0;56.411697;40.975407;130.399994;164.289764;56.409657;40.976444;1;25805;
7;1258;1252993;30645;0;56.411697;40.975407;130.399994;164.289764;56.409657;40.976444;1;32519;
7;1259;1253990;30646;0;56.411697;40.975407;130.399994;164.289764;56.409657;40.976444;1;29789;
7;1260;1254986;30647;0;56.411697;40.975407;130.399994;164.289764;56.409657;40.976444;1;58556;
7;1261;1255960;30648;0;56.411697;40.975407;130.399994;164.289764;56.409657;40.976444;1;15102;
7;1262;1256952;30649;0;56.411697;40.975407;130.399994;164.289764;56.409657;40.976444;1;30695;
7;1263;1257955;30650;0;56.411697;40.975407;130.399994;164.289764;56.409657;40.976444;1;63339;
7;1264;1258965;30651;0;56.411697;40.975407;130.399994;164.289764;56.409657;40.976444;1;38734;
7;1265;1259956;30652;0;56.411697;40.975407;130.399994;164.289764;56.409657;40.976444;1;42068;
7;1266;1260952;30653;0;56.411697;40.975407;130.399994;164.289764;56.409657;40.976444;1;44573;
7;1267;1261951;30654;0;56.411697;40.975407;130.500000;164.289764;56.409657;40.976444;1;28913;
7;1268;1262947;30655;0;56.411697;40.975407;130.500000;164.289764;56.409657;40.976444;1;12240;
7;1269;1263943;30656;0;56.411697;40.975407;130.500000;164.289764;56.409657;40.976444;1;21709;
7;1270;1264938;30657;0;56.411697;40.975407;130.500000;164.289764;56.409657;40.976444;1;24561;
7;1271;1265916;30658;0;56.411697;40.975407;130.500000;164.289764;56.409657;40.976444;1;16100;
7;1272;1266926;30659;0;56.411697;40.975407;130.500000;164.289764;56.409657;40.976444;1;36851;
7;1273;1267918;30660;0;56.411697;40.975407;130.500000;164.289764;56.409657;40.976444;1;48540;
7;1274;1268918;30661;0;56.411697;40.975407;130.500000;164.289764;56.409657;40.976444;1;5883;
7;1275;1269917;30662;0;56.411697;40.975407;130.500000;164.289764;56.409657;40.976444;1;8498;
7;1276;1270912;30663;0;56.411697;40.975407;130.500000;164.289764;56.409657;40.976444;1;35416;
7;1277;1271903;30664;0;56.411697;40.975407;130.399994;164.289764;56.409657;40.976444;1;19776;
7;1278;1272903;30665;0;56.411697;40.975407;130.399994;164.289764;56.409657;40.976444;1;27014;
7;1279;1273900;30666;0;56.411697;40.975407;130.399994;164.289764;56.409657;40.976444;1;54260;
7;1280;1274910;30667;0;56.411697;40.975407;130.399994;164.289764;56.409657;40.976444;1;28474;
7;1281;1275888;30668;0;56.411697;40.975407;130.399994;164.289764;56.409657;40.976444;1;7583;
7;1282;1276897;30669;0;56.411697;40.975407;130.399994;164.289764;56.409657;40.976444;1;17796;
7;1283;1277889;30670;0;56.411697;40.975407;130.399994;164.289764;56.409657;40.976444;1;15088;
7;1284;1278887;30671;0;56.411697;40.975407;130.399994;164.289764;56.409657;40.976444;1;57574;
7;1285;1279882;30672;0;56.411697;40.975407;130.399994;164.289764;56.409657;40.976444;1;15799;
7;1286;1280878;30673;0;56.411697;40.975407;130.399994;164.289764;56.409657;40.976444;1;45067;
7;1287;1281875;30674;0;56.411697;40.975407;130.399994;164.289764;56.409657;40.976444;1;48539;
7;1288;1282883;30675;0;56.411697;40.975407;130.399994;164.289764;56.409657;40.976444;1;6720;
7;1289;1283880;30676;0;56.411697;40.975407;130.399994;164.289764;56.409657;40.976444;1;22907;
7;1290;1284879;30677;0;56.411697;40.975407;130.399994;164.289764;56.409657;40.976444;1;55128;
7;1291;1285871;30678;0;56.411697;40.975407;130.399994;164.289764;56.409657;40.976444;1;36366;
7;1292;1286849;30679;0;56.411697;40.975407;130.399994;164.289764;56.409657;40.976444;1;28838;
7;1293;1287841;30680;0;56.411697;40.975407;130.399994;164.289764;56.409657;40.976444;1;50106;
7;1294;1288836;30681;0;56.411697;40.975407;130.399994;164.289764;56.409657;40.976444;1;46382;
7;1295;1289834;30682;0;56.411697;40.975407;130.399994;164.289764;56.409657;40.976444;1;3710;
7;1296;1290846;30683;0;56.411697;40.975407;130.399994;164.289764;56.409657;40.976444;1;30871;
7;1297;1291838;30684;0;56.411697;40.975407;130.399994;164.289764;56.409657;40.976444;1;58863;
7;1298;1292841;30685;0;56.411697;40.975407;130.399994;164.289764;56.409657;40.976444;1;41996;
7;1299;1293834;30686;0;56.411697;40.975407;130.300003;164.289764;56.409657;40.976444;1;47680;
7;1300;1294829;30687;0;56.411697;40.975407;130.300003;164.289764;56.409657;40.976444;1;59318;
7;1301;1295832;30688;0;56.411697;40.975407;130.300003;164.289764;56.409657;40.976444;1;58519;
7;1302;1296803;30689;0;56.411697;40.975407;130.300003;164.289764;56.409657;40.976444;1;6437;
7;1303;1297798;30690;0;56.411697;40.975407;130.300003;164.289764;56.409657;40.976444;1;29525;
7;1304;1298810;30691;0;56.411697;40.975407;130.300003;164.289764;56.409657;40.976444;1;37506;
7;1305;1299809;30692;0;56.411697;40.975407;130.300003;164.289764;56.409657;40.976444;1;60231;
7;1306;1300801;30693;0;56.411697;40.975407;130.300003;164.289764;56.409657;40.976444;1;35031;
7;1307;1301810;30694;0;56.411697;40.975407;130.300003;164.289764;56.409657;40.976444;1;47934;
7;1308;1302806;30695;0;56.411697;40.975407;130.300003;164.289764;56.409657;40.976444;1;28574;
7;1309;1303801;30696;0;56.411697;40.975407;130.300003;164.289764;56.409657;40.976444;1;12434;
7;1310;1304798;30697;0;56.411697;40.975407;130.300003;164.289764;56.409657;40.976444;1;48817;
7;1311;1305794;30698;0;56.411697;40.975407;130.300003;164.289764;56.409657;40.976444;1;15861;
7;1312;1306783;30699;0;56.411697;40.975407;130.300003;164.289764;56.409657;40.976444;1;30605;
7;1313;1307786;30700;0;56.411697;40.975407;130.300003;164.289764;56.409657;40.976444;1;50447;
7;1314;1308778;30701;0;56.411697;40.975407;130.300003;164.289764;56.409657;40.976444;1;43516;
7;1315;1309770;30702;0;56.411697;40.975407;130.300003;164.289764;56.409657;40.976444;1;54920;
7;1316;1310769;30703;0;56.411697;40.975407;130.300003;164.289764;56.409657;40.976444;1;23504;
7;1317;1311764;30704;0;56.411697;40.975407;130.300003;164.289764;56.409657;40.976444;1;21566;
7;1318;1312765;30705;0;56.411697;40.975407;130.300003;164.289764;56.409657;40.976444;1;39639;
7;1319;1313760;30706;0;56.411697;40.975407;130.300003;164.289764;56.409657;40.976444;1;47089;
7;1320;1314769;30707;0;56.411697;40.975407;130.300003;164.289764;56.409657;40.976444;1;28805;
7;1321;1315767;30708;0;56.411697;40.975407;130.300003;164.289764;56.409657;40.976444;1;6782;
7;1322;1316738;30709;0;56.411697;40.975410;130.300003;164.344696;56.409657;40.976444;1;51881;
7;1323;1317732;30710;0;56.411697;40.975410;130.300003;164.344696;56.409657;40.976444;1;63855;
7;1324;1318731;30711;0;56.411697;40.975410;130.300003;164.344696;56.409657;40.976444;1;25970;
7;1325;1319727;30712;0;56.411697;40.975410;130.300003;164.344696;56.409657;40.976444;1;41439;
7;1326;1320724;30713;0;56.411697;40.975410;130.300003;164.344696;56.409657;40.976444;1;62330;
7;1327;1321719;30714;0;56.411697;40.975410;130.300003;164.344696;56.409657;40.976444;1;64761;
7;1328;1322730;30715;0;56.411697;40.975410;130.300003;164.344696;56.409657;40.976444;1;14336;
7;1329;1323728;30716;0;56.411697;40.975410;130.300003;164.344696;56.409657;40.976444;1;8554;
7;1330;1324722;30717;0;56.411697;40.975410;130.199997;164.344696;56.409657;40.976444;1;51749;
7;1331;1325714;30718;0;56.411697;40.975410;130.199997;164.344696;56.409657;40.976444;1;61304;
7;1332;1326692;30719;0;56.411697;40.975410;130.199997;164.344696;56.409657;40.976444;1;61357;
7;1333;1327688;30720;0;56.411697;40.975410;130.199997;164.344696;56.409657;40.976444;1;51537;
7;1334;1328683;30721;0;56.411697;40.975410;130.199997;164.344696;56.409657;40.976444;1;2346;
7;1335;1329678;30722;0;56.411697;40.975410;130.199997;164.344696;56.409657;40.976444;1;14707;
7;1336;1330693;30723;0;56.411697;40.975410;130.199997;164.344696;56.409657;40.976444;1;7119;
7;1337;1331688;30724;0;56.411697;40.975410;130.199997;164.344696;56.409657;40.976444;1;12009;
7;1338;1332681;30725;0;56.411697;40.975410;130.199997;164.344696;56.409657;40.976444;1;58139;
7;1339;1333681;30726;0;56.411697;40.975410;130.199997;164.344696;56.409657;40.976444;1;21656;
7;1340;1334681;30727;0;56.411697;40.975410;130.199997;164.344696;56.409657;40.976444;1;9526;
7;1341;1335673;30728;0;56.411697;40.975410;130.199997;164.344696;56.409657;40.976444;1;64137;
7;1342;1336647;30729;0;56.411697;40.975410;130.199997;164.344696;56.409657;40.976444;1;48424;
7;1343;1337645;30730;0;56.411697;40.975410;130.199997;164.344696;56.409657;40.976444;1;18243;
7;1344;1338652;30731;0;56.411697;40.975410;130.199997;164.344696;56.409657;40.976444;1;25784;
7;1345;1339655;30732;0;56.411697;40.975410;130.199997;164.344696;56.409657;40.976444;1;62214;
7;1346;1340647;30733;0;56.411697;40.975410;130.199997;164.344696;56.409657;40.976444;1;60573;
7;1347;1341641;30734;0;56.411697;40.975410;130.199997;164.344696;56.409657;40.976444;1;647;
7;1348;1342640;30735;0;56.411697;40.975410;130.199997;164.344696;56.409657;40.976444;1;50947;
7;1349;1343631;30736;0;56.411697;40.975410;130.199997;164.344696;56.409657;40.976444;1;49787;
7;1350;1344631;30737;0;56.411697;40.975410;130.199997;164.344696;56.409657;40.976444;1;37697;
7;1351;1345629;30738;0;56.411697;40.975410;130.199997;164.344696;56.409657;40.976444;1;39956;
7;1352;1346616;30739;0;56.411697;40.975410;130.199997;164.344696;56.409657;40.976444;1;64078;
7;1353;1347613;30740;0;56.411697;40.975410;130.199997;164.344696;56.409657;40.976444;1;26999;
7;1354;1348619;30741;0;56.411697;40.975410;130.199997;164.344696;56.409657;40.976444;1;34550;
7;1355;1349614;30742;0;56.411697;40.975410;130.199997;164.344696;56.409657;40.976444;1;15650;
7;1356;1350617;30743;0;56.411697;40.975410;130.199997;164.344696;56.409657;40.976444;1;40182;
7;1357;1351608;30744;0;56.411697;40.975410;130.199997;164.344696;56.409657;40.976444;1;56225;
7;1358;1352604;30745;0;56.411697;40.975410;130.199997;164.344696;56.409657;40.976444;1;38313;
7;1359;1353603;30746;0;56.411697;40.975410;130.199997;164.344696;56.409657;40.976444;1;6673;
7;1360;1354610;30747;0;56.411697;40.975414;130.199997;164.399628;56.409657;40.976444;1;16209;
7;1361;1355609;30748;0;56.411697;40.975414;130.199997;164.399628;56.409657;40.976444;1;35156;
7;1362;1356589;30749;0;56.411697;40.975414;130.699997;164.399628;56.409657;40.976444;1;63433;
7;1363;1357580;30750;0;56.411694;40.975414;130.600006;164.371857;56.409657;40.976444;1;54797;
7;1364;1358575;30751;0;56.411694;40.975414;130.600006;164.371857;56.409657;40.976444;1;1515;
7;1365;1359571;30752;0;56.411694;40.975414;130.600006;164.371857;56.409657;40.976444;1;8254;
7;1366;1360569;30753;0;56.411694;40.975414;130.600006;164.371857;56.409657;40.976444;1;41285;
7;1367;1361564;30754;0;56.411694;40.975414;130.600006;164.371857;56.409657;40.976444;1;52021;
7;1368;1362573;30755;0;56.411694;40.975414;130.600006;164.371857;56.409657;40.976444;1;11511;
7;1369;1363571;30756;0;56.411694;40.975414;130.600006;164.371857;56.409657;40.976444;1;13770;
7;1370;1364566;30757;0;56.411694;40.975414;130.600006;164.371857;56.409657;40.976444;1;63244;
7;1371;1365565;30758;0;56.411694;40.975418;130.600006;164.426941;56.409657;40.976444;1;4258;
7;1372;1366539;30759;0;56.411694;40.975418;130.600006;164.426941;56.409657;40.976444;1;17725;
7;1373;1367530;30760;0;56.411694;40.975418;130.600006;164.426941;56.409657;40.976444;1;33780;
7;1374;1368532;30761;0;56.411694;40.975418;130.600006;164.426941;56.409657;40.976444;1;21163;
7;1375;1369523;30762;0;56.411694;40.975418;130.600006;164.426941;56.409657;40.976444;1;13650;
7;1376;1370529;30763;0;56.411694;40.975418;130.600006;164.426941;56.409657;40.976444;1;330;
7;1377;1371533;30764;0;56.411694;40.975418;130.600006;164.426941;56.409657;40.976444;1;23292;
7;1378;1372529;30765;0;56.411694;40.975418;130.600006;164.426941;56.409657;40.976444;1;1266;
7;1379;1373525;30766;0;56.411694;40.975418;130.600006;164.426941;56.409657;40.976444;1;39625;
7;1380;1374520;30767;0;56.411694;40.975414;130.600006;164.371857;56.409657;40.976444;1;58067;
7;1381;1375515;30768;0;56.411694;40.975414;130.600006;164.371857;56.409657;40.976444;1;62661;
7;1382;1376490;30769;0;56.411694;40.975414;130.600006;164.371857;56.409657;40.976444;1;22718;
7;1383;1377488;30770;0;56.411694;40.975414;130.699997;164.371857;56.409657;40.976444;1;62621;
7;1384;1378495;30771;0;56.411694;40.975414;130.699997;164.371857;56.409657;40.976444;1;58086;
7;1385;1379495;30772;0;56.411694;40.975414;130.699997;164.371857;56.409657;40.976444;1;38879;
7;1386;1380490;30773;0;56.411694;40.975414;130.699997;164.371857;56.409657;40.976444;1;34726;
7;1387;1381486;30774;0;56.411694;40.975414;130.699997;164.371857;56.409657;40.976444;1;5886;
7;1388;1382481;30775;0;56.411694;40.975414;130.699997;164.371857;56.409657;40.976444;1;26005;
7;1389;1383480;30776;0;56.411694;40.975414;130.699997;164.371857;56.409657;40.976444;1;61565;
7;1390;1384476;30777;0;56.411694;40.975414;130.699997;164.371857;56.409657;40.976444;1;48757;
7;1391;1385468;30778;0;56.411694;40.975414;130.699997;164.371857;56.409657;40.976444;1;4261;
7;1392;1386462;30779;0;56.411694;40.975414;130.699997;164.371857;56.409657;40.976444;1;9360;
7;1393;1387456;30780;0;56.411694;40.975414;130.699997;164.371857;56.409657;40.976444;1;4728;
7;1394;1388452;30781;0;56.411694;40.975414;130.699997;164.371857;56.409657;40.976444;1;16304;
7;1395;1389452;30782;0;56.411694;40.975414;130.699997;164.371857;56.409657;40.976444;1;31744;
7;1396;1390446;30783;0;56.411694;40.975414;130.699997;164.371857;56.409657;40.976444;1;10437;
7;1397;1391440;30784;0;56.411694;40.975414;130.699997;164.371857;56.409657;40.976444;1;52367;
7;1398;1392435;30785;0;56.411694;40.975414;130.699997;164.371857;56.409657;40.976444;1;3316;
7;1399;1393428;30786;0;56.411694;40.975414;130.699997;164.371857;56.409657;40.976444;1;63943;
7;1400;1394450;30787;0;56.411694;40.975414;130.699997;164.371857;56.409657;40.976444;1;7360;
7;1401;1395442;30788;0;56.411694;40.975414;130.699997;164.371857;56.409657;40.976444;1;2189;
7;1402;1396413;30789;0;56.411694;40.975414;130.699997;164.371857;56.409657;40.976444;1;33177;
7;1403;1397412;30790;0;56.411694;40.975414;130.699997;164.371857;56.409657;40.976444;1;63906;
7;1404;1398405;30791;0;56.411694;40.975414;130.699997;164.371857;56.409657;40.976444;1;44792;
7;1405;1399402;30792;0;56.411694;40.975414;130.699997;164.371857;56.409657;40.976444;1;33436;
7;1406;1400402;30793;0;56.411694;40.975414;130.699997;164.371857;56.409657;40.976444;1;56517;
7;1407;1401398;30794;0;56.411694;40.975414;130.699997;164.371857;56.409657;40.976444;1;8510;
7;1408;1402405;30795;0;56.411694;40.975414;130.699997;164.371857;56.409657;40.976444;1;63423;
7;1409;1403399;30796;0;56.411694;40.975414;130.699997;164.371857;56.409657;40.976444;1;15719;
7;1410;1404391;30797;0;56.411694;40.975414;130.699997;164.371857;56.409657;40.976444;1;28798;
7;1411;1405394;30798;0;56.411694;40.975414;130.699997;164.371857;56.409657;40.976444;1;16682;
7;1412;1406368;30799;0;56.411694;40.975414;130.699997;164.371857;56.409657;40.976444;1;23277;
7;1413;1407360;30800;0;56.411694;40.975414;130.699997;164.371857;56.409657;40.976444;1;6702;
7;1414;1408355;30801;0;56.411694;40.975414;130.699997;164.371857;56.409657;40.976444;1;8200;
7;1415;1409354;30802;0;56.411694;40.975414;130.699997;164.371857;56.409657;40.976444;1;60489;
7;1416;1410368;30803;0;56.411697;40.975414;130.699997;164.371857;56.409657;40.976444;1;62099;
7;1417;1411359;30804;0;56.411697;40.975414;130.699997;164.399628;56.409657;40.976444;1;60376;
7;1418;1412355;30805;0;56.411697;40.975414;130.699997;164.399628;56.409657;40.976444;1;11857;
7;1419;1413355;30806;0;56.411697;40.975414;130.699997;164.399628;56.409657;40.976444;1;19395;
7;1420;1414346;30807;0;56.411697;40.975414;130.699997;164.399628;56.409657;40.976444;1;7321;
7;1421;1415346;30808;0;56.411697;40.975414;130.699997;164.399628;56.409657;40.976444;1;37452;
7;1422;1416320;30809;0;56.411697;40.975414;130.699997;164.399628;56.409657;40.976444;1;58909;
7;1423;1417316;30810;0;56.411697;40.975414;130.699997;164.399628;56.409657;40.976444;1;57787;
7;1424;1418330;30811;0;56.411697;40.975414;130.699997;164.399628;56.409657;40.976444;1;21281;
7;1425;1419321;30812;0;56.411697;40.975414;130.699997;164.399628;56.409657;40.976444;1;39052;
7;1426;1420313;30812;0;56.411697;40.975414;130.699997;164.399628;56.409657;40.976444;1;11497;
7;1427;1421319;30814;0;56.411697;40.975414;130.699997;164.399628;56.409657;40.976444;1;13501;
7;1428;1422321;30814;0;56.411697;40.975414;130.699997;164.399628;56.409657;40.976444;1;26483;
7;1429;1423400;30815;0;56.411697;40.975414;130.699997;164.399628;56.409657;40.976444;1;28967;
7;1430;1424376;30817;0;56.411697;40.975414;130.699997;164.399628;56.409657;40.976444;1;3249;
7;1431;1425394;30818;0;56.411697;40.975414;130.699997;164.399628;56.409657;40.976444;1;9042;
7;1432;1426392;30819;0;56.411697;40.975414;130.699997;164.399628;56.409657;40.976444;1;59598;
7;1433;1427391;30820;0;56.411697;40.975414;130.600006;164.399628;56.409657;40.976444;1;54277;
7;1434;1428393;30821;0;56.411697;40.975414;130.600006;164.399628;56.409657;40.976444;1;25005;
7;1435;1429391;30822;0;56.411697;40.975414;130.600006;164.399628;56.409657;40.976444;1;1825;
7;1436;1430385;30823;0;56.411697;40.975414;130.600006;164.399628;56.409657;40.976444;1;15152;
7;1437;1431385;30824;0;56.411697;40.975414;130.600006;164.399628;56.409657;40.976444;1;44973;
7;1438;1432391;30825;0;56.411697;40.975414;130.600006;164.399628;56.409657;40.976444;1;51386;
7;1439;1433399;30826;0;56.411697;40.975414;130.600006;164.399628;56.409657;40.976444;1;63407;
7;1440;1434378;30827;0;56.411697;40.975414;130.600006;164.399628;56.409657;40.976444;1;19187;
7;1441;1435372;30828;0;56.411697;40.975414;130.600006;164.399628;56.409657;40.976444;1;7535;
7;1442;1436370;30829;0;56.411697;40.975414;130.600006;164.399628;56.409657;40.976444;1;231;
7;1443;1437376;30830;0;56.411697;40.975414;130.600006;164.399628;56.409657;40.976444;1;18660;
7;1444;1438370;30831;0;56.411697;40.975414;130.600006;164.399628;56.409657;40.976444;1;2055;
7;1445;1439364;30832;0;56.411697;40.975414;130.600006;164.399628;56.409657;40.976444;1;2837;
7;1446;1440370;30833;0;56.411697;40.975414;130.600006;164.399628;56.409657;40.976444;1;52033;
7;1447;1441379;30834;0;56.411697;40.975414;130.600006;164.399628;56.409657;40.976444;1;36798;
7;1448;1442380;30835;0;56.411697;40.975414;130.600006;164.399628;56.409657;40.976444;1;2636;
7;1449;1443377;30836;0;56.411697;40.975414;130.600006;164.399628;56.409657;40.976444;1;58832;
7;1450;1444353;30837;0;56.411697;40.975414;130.600006;164.399628;56.409657;40.976444;1;13087;
7;1451;1445355;30838;0;56.411697;40.975414;130.600006;164.399628;56.409657;40.976444;1;4803;
7;1452;1446351;30839;0;56.411697;40.975414;130.600006;164.399628;56.409657;40.976444;1;48870;
7;1453;1447349;30840;0;56.411697;40.975414;130.600006;164.399628;56.409657;40.976444;1;37549;
7;1454;1448353;30841;0;56.411697;40.975414;130.600006;164.399628;56.409657;40.976444;1;57266;
7;1455;1449362;30842;0;56.411697;40.975414;130.600006;164.399628;56.409657;40.976444;1;6501;
7;1456;1450357;30843;0;56.411697;40.975414;130.600006;164.399628;56.409657;40.976444;1;41417;
7;1457;1451359;30844;0;56.411697;40.975414;130.600006;164.399628;56.409657;40.976444;1;58247;
7;1458;1452353;30845;0;56.411697;40.975414;130.600006;164.399628;56.409657;40.976444;1;33936;
7;1459;1453351;30846;0;56.411697;40.975414;130.600006;164.399628;56.409657;40.976444;1;5922;
7;1460;1454333;30846;0;56.411697;40.975414;130.600006;164.399628;56.409657;40.976444;1;5246;
7;1461;1455348;30848;0;56.411697;40.975414;130.600006;164.399628;56.409657;40.976444;1;50096;
7;1462;1456341;30848;0;56.411697;40.975414;130.600006;164.399628;56.409657;40.976444;1;55735;
7;1463;1457355;30850;0;56.411697;40.975414;130.600006;164.399628;56.409657;40.976444;1;12184;
7;1464;1458352;30851;0;56.411697;40.975414;130.600006;164.399628;56.409657;40.976444;1;20526;
7;1465;1459355;30852;0;56.411697;40.975414;130.600006;164.399628;56.409657;40.976444;1;58923;
7;1466;1460355;30853;0;56.411697;40.975414;130.600006;164.399628;56.409657;40.976444;1;39108;
7;1467;1461353;30854;0;56.411697;40.975414;130.600006;164.399628;56.409657;40.976444;1;49883;
7;1468;1462351;30854;0;56.411697;40.975414;130.600006;164.399628;56.409657;40.976444;1;7061;
7;1469;1463368;30856;0;56.411697;40.975414;130.600006;164.399628;56.409657;40.976444;1;18247;
7;1470;1464339;30857;0;56.411697;40.975414;130.600006;164.399628;56.409657;40.976444;1;49258;
7;1471;1465350;30858;0;56.411697;40.975414;130.600006;164.399628;56.409657;40.976444;1;26074;
7;1472;1466350;30859;0;56.411697;40.975414;130.600006;164.399628;56.409657;40.976444;1;1070;
7;1473;1467351;30860;0;56.411697;40.975414;130.600006;164.399628;56.409657;40.976444;1;26941;
7;1474;1468344;30861;0;56.411697;40.975414;130.600006;164.399628;56.409657;40.976444;1;39606;
7;1475;1469346;30862;0;56.411697;40.975414;130.600006;164.399628;56.409657;40.976444;1;23075;
7;1476;1470348;30863;0;56.411697;40.975414;130.600006;164.399628;56.409657;40.976444;1;12917;
7;1477;1471347;30864;0;56.411697;40.975414;130.600006;164.399628;56.409657;40.976444;1;17364;
7;1478;1472345;30865;0;56.411697;40.975414;130.600006;164.399628;56.409657;40.976444;1;20581;
7;1479;1473357;30865;0;56.411697;40.975414;130.600006;164.399628;56.409657;40.976444;1;56818;
7;1480;1474332;30867;0;56.411697;40.975414;130.600006;164.399628;56.409657;40.976444;1;4962;
7;1481;1475332;30868;0;56.411697;40.975414;130.600006;164.399628;56.409657;40.976444;1;62362;
7;1482;1476329;30869;0;56.411697;40.975414;130.600006;164.399628;56.409657;40.976444;1;11194;
7;1483;1477332;30870;0;56.411697;40.975414;130.600006;164.399628;56.409657;40.976444;1;31747;
7;1484;1478329;30871;0;56.411697;40.975414;130.600006;164.399628;56.409657;40.976444;1;60823;
7;1485;1479327;30872;0;56.411697;40.975414;130.600006;164.399628;56.409657;40.976444;1;23606;
7;1486;1480321;30873;0;56.411697;40.975414;130.600006;164.399628;56.409657;40.976444;1;24840;
7;1487;1481356;30874;0;56.411697;40.975414;130.600006;164.399628;56.409657;40.976444;1;63857;
7;1488;1482354;30875;0;56.411697;40.975414;130.600006;164.399628;56.409657;40.976444;1;17544;
7;1489;1483348;30876;0;56.411697;40.975414;130.600006;164.399628;56.409657;40.976444;1;41928;
7;1490;1484326;30877;0;56.411697;40.975414;130.600006;164.399628;56.409657;40.976444;1;8871;
7;1491;1485326;30878;0;56.411697;40.975414;130.600006;164.399628;56.409657;40.976444;1;54597;
7;1492;1486325;30879;0;56.411697;40.975414;130.600006;164.399628;56.409657;40.976444;1;27112;
7;1493;1487327;30880;0;56.411697;40.975414;130.600006;164.399628;56.409657;40.976444;1;3809;
7;1494;1488325;30881;0;56.411697;40.975414;130.600006;164.399628;56.409657;40.976444;1;53904;
7;1495;1489339;30882;0;56.411697;40.975414;130.600006;164.399628;56.409657;40.976444;1;31979;
7;1496;1490337;30883;0;56.411697;40.975414;130.600006;164.399628;56.409657;40.976444;1;8003;
7;1497;1491331;30884;0;56.411697;40.975414;130.600006;164.399628;56.409657;40.976444;1;59462;
7;1498;1492336;30885;0;56.411697;40.975414;130.600006;164.399628;56.409657;40.976444;1;26431;
7;1499;1493334;30886;0;56.411697;40.975414;130.600006;164.399628;56.409657;40.976444;1;23450;
7;1500;1494304;30887;0;56.411697;40.975414;130.600006;164.399628;56.409657;40.976444;1;41234;
7;1501;1495301;30888;0;56.411697;40.975414;130.600006;164.399628;56.409657;40.976444;1;7247;
7;1502;1496301;30889;0;56.411697;40.975414;130.600006;164.399628;56.409657;40.976444;1;53611;
7;1503;1497319;30890;0;56.411697;40.975414;130.600006;164.399628;56.409657;40.976444;1;42145;
7;1504;1498312;30891;0;56.411697;40.975414;130.600006;164.399628;56.409657;40.976444;1;49899;
7;1505;1499310;30892;0;56.411697;40.975414;130.600006;164.399628;56.409657;40.976444;1;53397;
7;1506;1500311;30893;0;56.411697;40.975414;130.600006;164.399628;56.409657;40.976444;1;31367;
7;1507;1501305;30894;0;56.411697;40.975414;130.600006;164.399628;56.409657;40.976444;1;39934;
7;1508;1502303;30894;0;56.411697;40.975414;130.600006;164.399628;56.409657;40.976444;1;44235;
7;1509;1503308;30895;0;56.411697;40.975414;130.600006;164.399628;56.409657;40.976444;1;62817;
7;1510;1504279;30896;0;56.411697;40.975414;130.600006;164.399628;56.409657;40.976444;1;18018;
7;1511;1505296;30897;0;56.411697;40.975414;130.600006;164.399628;56.409657;40.976444;1;65418;
7;1512;1506290;30898;0;56.411697;40.975414;130.600006;164.399628;56.409657;40.976444;1;23392;
7;1513;1507289;30899;0;56.411697;40.975414;130.600006;164.399628;56.409657;40.976444;1;61902;
7;1514;1508296;30900;0;56.411697;40.975414;130.600006;164.399628;56.409657;40.976444;1;7587;
7;1515;1509289;30901;0;56.411697;40.975414;130.699997;164.399628;56.409657;40.976444;1;9275;
7;1516;1510286;30902;0;56.411697;40.975414;130.699997;164.399628;56.409657;40.976444;1;15145;
7;1517;1511290;30903;0;56.411697;40.975414;130.699997;164.399628;56.409657;40.976444;1;5303;
7;1518;1512284;30904;0;56.411697;40.975414;130.699997;164.399628;56.409657;40.976444;1;59458;
7;1519;1513296;30905;0;56.411697;40.975414;130.699997;164.399628;56.409657;40.976444;1;54720;
7;1520;1514279;30906;0;56.411697;40.975414;130.699997;164.399628;56.409657;40.976444;1;58656;
7;1521;1515273;30907;0;56.411697;40.975414;130.699997;164.399628;56.409657;40.976444;1;23178;
7;1522;1516285;30908;0;56.411697;40.975410;130.699997;164.344696;56.409657;40.976444;1;26312;
7;1523;1517282;30909;0;56.411697;40.975410;130.699997;164.344696;56.409657;40.976444;1;58089;
7;1524;1518284;30910;0;56.411697;40.975410;130.699997;164.344696;56.409657;40.976444;1;56079;
7;1525;1519282;30911;0;56.411697;40.975410;130.699997;164.344696;56.409657;40.976444;1;9412;
7;1526;1520280;30912;0;56.411697;40.975410;130.699997;164.344696;56.409657;40.976444;1;28056;
7;1527;1521294;30913;0;56.411697;40.975410;130.699997;164.344696;56.409657;40.976444;1;53069;
7;1528;1522296;30915;0;56.411697;40.975410;130.699997;164.344696;56.409657;40.976444;1;13957;
7;1529;1523290;30915;0;56.411697;40.975410;130.699997;164.344696;56.409657;40.976444;1;14083;
7;1530;1524265;30916;0;56.411697;40.975410;130.699997;164.344696;56.409657;40.976444;1;14712;
7;1531;1525265;30917;0;56.411697;40.975410;130.699997;164.344696;56.409657;40.976444;1;10869;
7;1532;1526269;30918;0;56.411697;40.975410;130.699997;164.344696;56.409657;40.976444;1;40836;
7;1533;1527263;30919;0;56.411697;40.975410;130.699997;164.344696;56.409657;40.976444;1;5086;
7;1534;1528261;30920;0;56.411697;40.975410;130.699997;164.344696;56.409657;40.976444;1;4891;
7;1535;1529279;30921;0;56.411697;40.975410;130.699997;164.344696;56.409657;40.976444;1;3487;
7;1536;1530278;30922;0;56.411697;40.975410;130.699997;164.344696;56.409657;40.976444;1;40234;
7;1537;1531278;30923;0;56.411697;40.975410;130.699997;164.344696;56.409657;40.976444;1;15224;
7;1538;1532273;30924;0;56.411697;40.975410;130.800003;164.344696;56.409657;40.976444;1;53979;
7;1539;1533272;30925;0;56.411697;40.975410;130.800003;164.344696;56.409657;40.976444;1;32962;
7;1540;1534251;30926;0;56.411697;40.975410;130.800003;164.344696;56.409657;40.976444;1;16126;
7;1541;1535245;30927;0;56.411697;40.975410;130.800003;164.344696;56.409657;40.976444;1;21483;
7;1542;1536243;30928;0;56.411697;40.975410;130.800003;164.344696;56.409657;40.976444;1;45588;
7;1543;1537264;30929;0;56.411697;40.975410;130.800003;164.344696;56.409657;40.976444;1;45210;
7;1544;1538257;30930;0;56.411697;40.975410;130.800003;164.344696;56.409657;40.976444;1;37633;
7;1545;1539255;30931;0;56.411697;40.975410;130.800003;164.344696;56.409657;40.976444;1;2858;
7;1546;1540254;30932;0;56.411697;40.975410;130.800003;164.344696;56.409657;40.976444;1;40205;
7;1547;1541256;30933;0;56.411697;40.975410;130.800003;164.344696;56.409657;40.976444;1;16344;
7;1548;1542254;30934;0;56.411697;40.975410;130.800003;164.344696;56.409657;40.976444;1;56290;
7;1549;1543262;30935;0;56.411697;40.975410;130.800003;164.344696;56.409657;40.976444;1;6736;
7;1550;1544415;30937;0;56.411697;40.975410;130.800003;164.344696;56.409657;40.976444;1;1544;
7;1551;1545391;30938;0;56.411697;40.975410;130.800003;164.344696;56.409657;40.976444;1;14621;
7;1552;1546389;30939;0;56.411697;40.975410;130.800003;164.344696;56.409657;40.976444;1;12513;
7;1553;1547387;30940;0;56.411697;40.975410;130.800003;164.344696;56.409657;40.976444;1;40067;
7;1554;1548386;30941;0;56.411697;40.975410;130.800003;164.344696;56.409657;40.976444;1;56048;
7;1555;1549384;30942;0;56.411697;40.975410;130.800003;164.344696;56.409657;40.976444;1;36748;
7;1556;1550383;30943;0;56.411697;40.975410;130.800003;164.344696;56.409657;40.976444;1;28217;
7;1557;1551377;30944;0;56.411697;40.975410;130.800003;164.344696;56.409657;40.976444;1;45915;
7;1558;1552402;30945;0;56.411697;40.975410;130.800003;164.344696;56.409657;40.976444;1;4858;
7;1559;1553396;30946;0;56.411697;40.975410;130.800003;164.344696;56.409657;40.976444;1;42450;
7;1560;1554390;30947;0;56.411697;40.975410;130.800003;164.344696;56.409657;40.976444;1;56069;
7;1561;1555369;30948;0;56.411697;40.975410;130.800003;164.344696;56.409657;40.976444;1;38407;
7;1562;1556367;30949;0;56.411697;40.975410;130.800003;164.344696;56.409657;40.976444;1;46662;
7;1563;1557365;30950;0;56.411697;40.975410;130.800003;164.344696;56.409657;40.976444;1;16114;
7;1564;1558367;30951;0;56.411697;40.975410;130.800003;164.344696;56.409657;40.976444;1;47083;
7;1565;1559366;30952;0;56.411697;40.975410;130.800003;164.344696;56.409657;40.976444;1;17108;
7;1566;1560379;30953;0;56.411697;40.975410;130.800003;164.344696;56.409657;40.976444;1;64695;
7;1567;1561378;30954;0;56.411697;40.975410;130.800003;164.344696;56.409657;40.976444;1;33932;
7;1568;1562372;30955;0;56.411697;40.975410;130.800003;164.344696;56.409657;40.976444;1;50226;
7;1569;1563379;30956;0;56.411697;40.975410;130.800003;164.344696;56.409657;40.976444;1;34963;
7;1570;1564377;30957;0;56.411697;40.975410;130.800003;164.344696;56.409657;40.976444;1;39714;
7;1571;1565371;30958;0;56.411697;40.975410;130.800003;164.344696;56.409657;40.976444;1;32545;
7;1572;1566346;30959;0;56.411697;40.975410;130.800003;164.344696;56.409657;40.976444;1;40228;
7;1573;1567353;30960;0;56.411697;40.975410;130.800003;164.344696;56.409657;40.976444;1;27431;
7;1574;1568371;30961;0;56.411697;40.975410;130.800003;164.344696;56.409657;40.976444;1;521;
7;1575;1569365;30962;0;56.411697;40.975410;130.800003;164.344696;56.409657;40.976444;1;35582;
7;1576;1570363;30963;0;56.411697;40.975410;130.800003;164.344696;56.409657;40.976444;1;13031;
7;1577;1571364;30964;0;56.411697;40.975414;130.800003;164.344696;56.409657;40.976444;1;9650;
7;1578;1572358;30965;0;56.411697;40.975414;130.800003;164.399628;56.409657;40.976444;1;52438;
7;1579;1573351;30966;0;56.411697;40.975414;130.800003;164.399628;56.409657;40.976444;1;35561;
7;1580;1574362;30967;0;56.411697;40.975414;130.800003;164.399628;56.409657;40.976444;1;23324;
7;1581;1575358;30968;0;56.411697;40.975414;130.800003;164.399628;56.409657;40.976444;1;21350;
7;1582;1576352;30969;0;56.411697;40.975414;130.800003;164.399628;56.409657;40.976444;1;28248;
7;1583;1577345;30970;0;56.411697;40.975414;130.800003;164.399628;56.409657;40.976444;1;2844;
7;1584;1578344;30971;0;56.411697;40.975414;130.800003;164.399628;56.409657;40.976444;1;60937;
7;1585;1579350;30972;0;56.411697;40.975414;130.800003;164.399628;56.409657;40.976444;1;41598;
7;1586;1580344;30973;0;56.411697;40.975414;130.800003;164.399628;56.409657;40.976444;1;42430;
7;1587;1581338;30974;0;56.411697;40.975414;130.800003;164.399628;56.409657;40.976444;1;46211;
7;1588;1582344;30975;0;56.411697;40.975414;130.800003;164.399628;56.409657;40.976444;1;8421;
7;1589;1583338;30976;0;56.411697;40.975414;130.800003;164.399628;56.409657;40.976444;1;64358;
7;1590;1584351;30977;0;56.411697;40.975414;130.800003;164.399628;56.409657;40.976444;1;25220;
7;1591;1585355;30978;0;56.411697;40.975414;130.800003;164.399628;56.409657;40.976444;1;56580;
7;1592;1586326;30979;0;56.411697;40.975414;130.800003;164.399628;56.409657;40.976444;1;42529;
7;1593;1587324;30980;0;56.411697;40.975414;130.800003;164.399628;56.409657;40.976444;1;45349;
7;1594;1588317;30981;0;56.411697;40.975414;130.800003;164.399628;56.409657;40.976444;1;31959;
7;1595;1589326;30982;0;56.411697;40.975414;130.800003;164.399628;56.409657;40.976444;1;42859;
7;1596;1590324;30983;0;56.411697;40.975414;130.800003;164.399628;56.409657;40.976444;1;28179;
7;1597;1591322;30984;0;56.411697;40.975414;130.800003;164.399628;56.409657;40.976444;1;47455;
7;1598;1592336;30985;0;56.411697;40.975414;130.800003;164.399628;56.409657;40.976444;1;53361;
7;1599;1593333;30986;0;56.411697;40.975414;130.800003;164.399628;56.409657;40.976444;1;27557;
7;1600;1594331;30987;0;56.411697;40.975414;130.800003;164.399628;56.409657;40.976444;1;11382;
7;1601;1595329;30987;0;56.411697;40.975414;130.800003;164.399628;56.409657;40.976444;1;12431;
7;1602;1596305;30989;0;56.411697;40.975418;130.800003;164.399628;56.409657;40.976444;1;61718;
7;1603;1597310;30990;0;56.411697;40.975418;130.800003;164.454620;56.409657;40.976444;1;44072;
7;1604;1598303;30990;0;56.411697;40.975418;130.800003;164.454620;56.409657;40.976444;1;57424;
7;1605;1599297;30991;0;56.411697;40.975418;130.699997;164.454620;56.409657;40.976444;1;20293;
7;1606;1600314;30992;0;56.411697;40.975418;130.699997;164.454620;56.409657;40.976444;1;56560;
7;1607;1601315;30994;0;56.411697;40.975418;130.699997;164.454620;56.409657;40.976444;1;51052;
7;1608;1602309;30995;0;56.411697;40.975418;130.699997;164.454620;56.409657;40.976444;1;46735;
7;1609;1603313;30996;0;56.411697;40.975418;130.699997;164.454620;56.409657;40.976444;1;44283;
7;1610;1604310;30997;0;56.411697;40.975418;130.699997;164.454620;56.409657;40.976444;1;8920;
7;1611;1605308;30997;0;56.411697;40.975418;130.699997;164.454620;56.409657;40.976444;1;1247;
7;1612;1606283;30998;0;56.411697;40.975418;130.699997;164.454620;56.409657;40.976444;1;24954;
7;1613;1607282;30999;0;56.411697;40.975418;130.699997;164.454620;56.409657;40.976444;1;35167;
7;1614;1608299;31000;0;56.411697;40.975418;130.699997;164.454620;56.409657;40.976444;1;12596;
7;1615;1609297;31001;0;56.411697;40.975418;130.699997;164.454620;56.409657;40.976444;1;55950;
7;1616;1610291;31002;0;56.411697;40.975418;130.699997;164.454620;56.409657;40.976444;1;65127;
7;1617;1611290;31003;0;56.411697;40.975418;130.699997;164.454620;56.409657;40.976444;1;44158;
7;1618;1612297;31004;0;56.411697;40.975418;130.699997;164.454620;56.409657;40.976444;1;4217;
7;1619;1613295;31005;0;56.411697;40.975418;130.699997;164.454620;56.409657;40.976444;1;2508;
7;1620;1614290;31006;0;56.411697;40.975418;130.699997;164.454620;56.409657;40.976444;1;17758;
7;1621;1615288;31007;0;56.411697;40.975418;130.699997;164.454620;56.409657;40.976444;1;61061;
7;1622;1616281;31008;0;56.411697;40.975418;130.699997;164.454620;56.409657;40.976444;1;44745;
7;1623;1617277;31009;0;56.411697;40.975418;130.699997;164.454620;56.409657;40.976444;1;13320;
7;1624;1618280;31010;0;56.411697;40.975418;130.699997;164.454620;56.409657;40.976444;1;36174;
7;1625;1619278;31011;0;56.411697;40.975418;130.699997;164.454620;56.409657;40.976444;1;57435;
7;1626;1620271;31012;0;56.411697;40.975418;130.699997;164.454620;56.409657;40.976444;1;40469;
7;1627;1621272;31013;0;56.411697;40.975418;130.699997;164.454620;56.409657;40.976444;1;45588;
7;1628;1622266;31014;0;56.411697;40.975418;130.699997;164.454620;56.409657;40.976444;1;41981;
7;1629;1623266;31015;0;56.411697;40.975418;130.699997;164.454620;56.409657;40.976444;1;51823;
7;1630;1624284;31016;0;56.411697;40.975418;130.699997;164.454620;56.409657;40.976444;1;58664;
7;1631;1625279;31017;0;56.411697;40.975418;130.699997;164.454620;56.409657;40.976444;1;26631;
7;1632;1626254;31018;0;56.411697;40.975418;130.699997;164.454620;56.409657;40.976444;1;38327;
7;1633;1627256;31019;0;56.411697;40.975418;130.699997;164.454620;56.409657;40.976444;1;17054;
7;1634;1628253;31020;0;56.411697;40.975418;130.699997;164.454620;56.409657;40.976444;1;10401;
7;1635;1629251;31021;0;56.411697;40.975418;130.699997;164.454620;56.409657;40.976444;1;22731;
7;1636;1630250;31022;0;56.411697;40.975418;130.699997;164.454620;56.409657;40.976444;1;46455;
7;1637;1631247;31023;0;56.411697;40.975418;130.699997;164.454620;56.409657;40.976444;1;54430;
7;1638;1632260;31024;0;56.411697;40.975418;130.699997;164.454620;56.409657;40.976444;1;32213;
7;1639;1633258;31025;0;56.411697;40.975418;130.699997;164.454620;56.409657;40.976444;1;5083;
7;1640;1634259;31026;0;56.411697;40.975418;130.699997;164.454620;56.409657;40.976444;1;3465;
7;1641;1635257;31027;0;56.411697;40.975418;130.699997;164.454620;56.409657;40.976444;1;18473;
7;1642;1636232;31028;0;56.411697;40.975418;130.699997;164.454620;56.409657;40.976444;1;11311;
7;1643;1637230;31029;0;56.411697;40.975418;130.699997;164.454620;56.409657;40.976444;1;5232;
7;1644;1638224;31030;0;56.411697;40.975418;130.699997;164.454620;56.409657;40.976444;1;49888;
7;1645;1639232;31031;0;56.411697;40.975418;130.699997;164.454620;56.409657;40.976444;1;35641;
7;1646;1640245;31032;0;56.411697;40.975418;130.699997;164.454620;56.409657;40.976444;1;54570;
7;1647;1641240;31033;0;56.411697;40.975418;130.699997;164.454620;56.409657;40.976444;1;15445;
7;1648;1642245;31034;0;56.411697;40.975418;130.699997;164.454620;56.409657;40.976444;1;62261;
7;1649;1643240;31035;0;56.411697;40.975418;130.699997;164.454620;56.409657;40.976444;1;34874;
7;1650;1644233;31036;0;56.411697;40.975418;130.699997;164.454620;56.409657;40.976444;1;22883;
7;1651;1645238;31037;0;56.411697;40.975418;130.699997;164.454620;56.409657;40.976444;1;2250;
7;1652;1646213;31038;0;56.411697;40.975418;130.699997;164.454620;56.409657;40.976444;1;6625;
7;1653;1647207;31039;0;56.411697;40.975418;130.699997;164.454620;56.409657;40.976444;1;3110;
7;1654;1648226;31040;0;56.411697;40.975418;130.699997;164.454620;56.409657;40.976444;1;61074;
7;1655;1649220;31041;0;56.411697;40.975418;130.699997;164.454620;56.409657;40.976444;1;55726;
7;1656;1650227;31042;0;56.411697;40.975418;130.699997;164.454620;56.409657;40.976444;1;63877;
7;1657;1651224;31043;0;56.411697;40.975418;130.699997;164.454620;56.409657;40.976444;1;48464;
7;1658;1652217;31044;0;56.411697;40.975418;130.600006;164.454620;56.409657;40.976444;1;21673;
7;1659;1653215;31045;0;56.411690;40.975414;131.899994;164.343964;56.409657;40.976444;1;46680;
7;1660;1654232;31046;0;56.411667;40.975399;132.699997;163.952148;56.409657;40.976444;1;26277;
7;1661;1655231;31047;0;56.411640;40.975380;133.399994;163.466934;56.409657;40.976444;1;12416;
7;1662;1656225;31048;0;56.411617;40.975353;134.199997;162.889496;56.409657;40.976444;1;56699;
7;1663;1657223;31049;0;56.411594;40.975319;135.199997;162.188889;56.409657;40.976444;1;34560;
7;1664;1658222;31050;0;56.411572;40.975273;136.300003;161.307068;56.409657;40.976444;1;38470;
7;1665;1659220;31051;0;56.411564;40.975243;128.199997;160.784027;56.409657;40.976444;1;64129;
7;1666;1660214;31052;0;56.411545;40.975204;128.000000;160.036591;56.409657;40.976444;1;21268;
7;1667;1661217;31053;0;56.411533;40.975147;127.900002;159.076660;56.409657;40.976444;1;35176;
7;1668;1662216;31054;0;56.411514;40.975090;127.699997;158.035995;56.409657;40.976444;1;30614;
7;1669;1663214;31055;0;56.411499;40.975105;125.400002;158.097229;56.409657;40.976444;1;63536;
7;1670;1664227;31056;0;56.411480;40.975067;121.400002;157.323181;56.409657;40.976444;1;65292;
7;1671;1665237;31057;0;56.411476;40.975101;115.900002;157.791245;56.409657;40.976444;1;34131;
7;1672;1666413;31058;0;56.411461;40.975132;109.599998;158.081818;56.409657;40.976444;1;49681;
7;1673;1667388;31059;0;56.411446;40.975132;100.500000;157.912796;56.409657;40.976444;1;49970;
7;1674;1668383;31061;0;56.411465;40.975159;93.199997;158.320190;56.409657;40.976444;1;6878;
7;1675;1669388;31062;0;56.411491;40.975117;87.900002;158.527969;56.409657;40.976444;1;24880;
7;1676;1670398;31063;0;56.411495;40.975052;82.599998;158.185028;56.409657;40.976444;1;24186;
7;1677;1671395;31064;0;56.411480;40.974998;77.400002;157.268387;56.409657;40.976444;1;16027;
7;1678;1672398;31065;0;56.411461;40.974987;72.300003;156.314499;56.409657;40.976444;1;37866;
7;1679;1673397;31066;0;56.411476;40.974991;67.000000;155.924255;56.409657;40.976444;1;29590;
7;1680;1674396;31067;0;56.411507;40.974926;61.000000;156.159042;56.409657;40.976444;1;26875;
7;1681;1675394;31068;0;56.411518;40.974842;54.200001;155.581451;56.409657;40.976444;1;49030;
7;1682;1676391;31069;0;56.411522;40.974781;46.700001;154.538010;56.409657;40.976444;1;60998;
7;1683;1677371;31070;0;56.411533;40.974762;40.500000;153.743317;56.409657;40.976444;1;11694;
7;1684;1678382;31071;0;56.411495;40.974720;27.100000;153.622955;56.409657;40.976444;1;37214;
7;1685;1679380;31072;0;56.411476;40.974709;19.000000;152.578812;56.409657;40.976444;1;21035;
7;1686;1680383;31073;0;56.411461;40.974739;11.500000;152.177704;56.409657;40.976444;1;33325;
7;1687;1681379;31074;0;56.411453;40.974747;1.800000;152.397491;56.409657;40.976444;1;28141;
7;1688;1682376;31075;0;56.411446;40.974781;-2.500000;152.403290;56.409657;40.976444;1;7270;
7;1689;1683378;31076;0;56.411434;40.974815;-9.700000;152.782059;56.409657;40.976444;1;34142;
7;1690;1684384;31077;0;56.411430;40.974812;-16.400000;153.117172;56.409657;40.976444;1;35596;
7;1691;1685389;31078;0;56.411400;40.974800;-23.100000;153.013351;56.409657;40.976444;1;30254;
7;1692;1686401;31079;0;56.411354;40.974823;-29.700001;152.445435;56.409657;40.976444;1;57262;
7;1693;1687377;31080;0;56.411312;40.974876;-36.400002;152.148499;56.409657;40.976444;1;65356;
7;1694;1688383;31081;0;56.411297;40.974903;-43.200001;152.348404;56.409657;40.976444;1;34415;
7;1695;1689377;31082;0;56.411224;40.974880;-49.599998;152.534515;56.409657;40.976444;1;38999;
7;1696;1690374;31083;0;56.411156;40.974861;-57.099998;151.105316;56.409657;40.976444;1;45812;
7;1697;1691376;31084;0;56.411102;40.974907;-64.500000;149.705414;56.409657;40.976444;1;11246;
7;1698;1692374;31085;0;56.411057;40.975002;-71.400002;149.532135;56.409657;40.976444;1;8387;
7;1699;1693373;31086;0;56.411030;40.975113;-78.000000;150.323929;56.409657;40.976444;1;11880;
7;1700;1694386;31087;0;56.411011;40.975185;-84.699997;151.793167;56.409657;40.976444;1;25616;
7;1701;1695389;31088;0;56.411026;40.975201;-90.800003;152.783600;56.409657;40.976444;1;3277;
7;1702;1696387;31089;0;56.411018;40.975231;-97.300003;153.325165;56.409657;40.976444;1;8574;
7;1703;1697358;31090;0;56.410992;40.975285;-103.599998;153.765259;56.409657;40.976444;1;115;
7;1704;1698355;31090;0;56.410992;40.975285;-103.599998;154.333832;56.409657;40.976444;1;7980;
7;1705;1699361;31092;0;56.410954;40.975433;-115.900002;155.477936;56.409657;40.976444;1;44236;
7;1706;1700360;31093;0;56.410915;40.975475;-124.199997;156.673721;56.409657;40.976444;1;7566;
7;1707;1701354;31094;0;56.410881;40.975567;-130.800003;156.933884;56.409657;40.976444;1;21354;
7;1708;1702372;31095;0;56.410870;40.975681;-135.899994;158.376068;56.409657;40.976444;1;47937;
7;1709;1703372;31096;0;56.410862;40.975773;-142.399994;160.814255;56.409657;40.976444;1;50127;
7;1710;1704370;31097;0;56.410847;40.975834;-146.100006;162.873825;56.409657;40.976444;1;36411;
7;1711;1705369;31098;0;56.410835;40.975914;-146.500000;164.160294;56.409657;40.976444;1;24912;
7;1712;1706371;31099;0;56.410858;40.976017;-147.300003;166.024506;56.409657;40.976444;1;12660;
7;1713;1707346;31099;0;56.410858;40.976017;-147.300003;168.871292;56.409657;40.976444;1;27028;
7;1714;1708343;31100;0;56.410881;40.976074;-145.199997;170.508926;56.409657;40.976444;1;9781;
7;1715;1709338;31102;0;56.410900;40.976116;-129.699997;170.868835;56.409657;40.976444;1;26785;
7;1716;1710359;31103;0;56.410873;40.976208;-118.599998;171.696335;56.409657;40.976444;1;54756;
7;1717;1711356;31104;0;56.410870;40.976299;-106.599998;173.862717;56.409657;40.976444;1;44157;
7;1718;1712355;31105;0;56.410889;40.976341;-93.599998;176.217346;56.409657;40.976444;1;2313;
7;1719;1713353;31106;0;56.410892;40.976379;-78.400002;177.352356;56.409657;40.976444;1;42051;
7;1720;1714352;31106;0;56.410892;40.976379;-78.400002;178.337021;56.409657;40.976444;1;21356;
7;1721;1715349;31107;0;56.410892;40.976452;-51.400002;180.199326;56.409657;40.976444;1;50367;
7;1722;1716351;31108;0;56.410931;40.976597;-19.700001;183.790665;56.409657;40.976444;1;52608;
7;1723;1717326;31110;0;56.411224;40.976833;82.099998;186.717346;56.409657;40.976444;1;65335;
7;1724;1718340;31110;0;56.411224;40.976833;82.099998;187.818008;56.409657;40.976444;1;7991;
7;1725;1719336;31111;0;56.411324;40.976871;106.099998;188.070465;56.409657;40.976444;1;21732;
7;1726;1720334;31113;0;56.411373;40.976852;124.599998;187.666351;56.409657;40.976444;1;62123;
7;1727;1721343;31114;0;56.411415;40.976875;123.800003;187.494370;56.409657;40.976444;1;8204;
7;1728;1722347;31115;0;56.411476;40.976891;123.800003;187.722961;56.409657;40.976444;1;2130;
7;1729;1723344;31116;0;56.411522;40.976864;121.900002;187.727951;56.409657;40.976444;1;29923;
7;1730;1724344;31117;0;56.411541;40.976814;116.900002;187.094177;56.409657;40.976444;1;12130;
7;1731;1725341;31117;0;56.411541;40.976814;116.900002;186.200012;56.409657;40.976444;1;41920;
7;1732;1726354;31118;0;56.411533;40.976799;110.400002;185.970200;56.409657;40.976444;1;45509;
7;1733;1727332;31120;0;56.411476;40.976864;96.500000;186.443222;56.409657;40.976444;1;35125;
7;1734;1728332;31121;0;56.411438;40.976902;89.599998;187.270752;56.409657;40.976444;1;63287;
7;1735;1729332;31122;0;56.411411;40.976921;83.500000;188.091171;56.409657;40.976444;1;37488;
7;1736;1730327;31122;0;56.411411;40.976921;83.500000;188.549789;56.409657;40.976444;1;57268;
7;1737;1731324;31123;0;56.411396;40.976936;81.500000;188.895309;56.409657;40.976444;1;41569;
7;1738;1732333;31125;0;56.411388;40.976948;79.800003;188.982544;56.409657;40.976444;1;27926;
7;1739;1733327;31126;0;56.411388;40.976952;77.900002;189.138123;56.409657;40.976444;1;7521;
7;1740;1734339;31126;0;56.411388;40.976952;77.900002;189.206207;56.409657;40.976444;1;27047;
7;1741;1735338;31128;0;56.411400;40.976952;75.900002;189.254196;56.409657;40.976444;1;59876;
7;1742;1736335;31128;0;56.411400;40.976952;75.900002;189.146805;56.409657;40.976444;1;52346;
7;1743;1737314;31129;0;56.411407;40.976944;75.800003;188.972870;56.409657;40.976444;1;42024;
7;1744;1738311;31130;0;56.411411;40.976940;74.699997;188.886444;56.409657;40.976444;1;27247;
7;1745;1739305;31131;0;56.411411;40.976944;74.099998;188.953674;56.409657;40.976444;1;15767;
7;1746;1740312;31132;0;56.411411;40.976952;74.300003;189.088135;56.409657;40.976444;1;59934;
7;1747;1741307;31133;0;56.411407;40.976955;74.400002;189.174911;56.409657;40.976444;1;51511;
7;1748;1742324;31134;0;56.411407;40.976955;75.199997;189.174911;56.409657;40.976444;1;3136;
7;1749;1743327;31136;0;56.411407;40.976944;77.400002;189.040283;56.409657;40.976444;1;7543;
7;1750;1744321;31136;0;56.411407;40.976944;77.400002;188.972870;56.409657;40.976444;1;38407;
7;1751;1745322;31137;0;56.411415;40.976944;79.000000;188.934631;56.409657;40.976444;1;57833;
7;1752;1746321;31138;0;56.411423;40.976940;80.800003;188.829834;56.409657;40.976444;1;44264;
7;1753;1747296;31139;0;56.411430;40.976936;82.300003;188.725800;56.409657;40.976444;1;2863;
7;1754;1748296;31140;0;56.411434;40.976933;82.900002;188.640900;56.409657;40.976444;1;16356;
7;1755;1749294;31141;0;56.411434;40.976933;83.699997;188.640900;56.409657;40.976444;1;25048;
7;1756;1750307;31142;0;56.411434;40.976929;84.699997;188.574402;56.409657;40.976444;1;37778;
7;1757;1751309;31144;0;56.411438;40.976921;86.500000;188.489929;56.409657;40.976444;1;20079;
7;1758;1752303;31145;0;56.411442;40.976917;87.500000;188.423508;56.409657;40.976444;1;12600;
7;1759;1753301;31146;0;56.411446;40.976913;88.699997;188.339462;56.409657;40.976444;1;49481;
7;1760;1754305;31147;0;56.411446;40.976910;90.099998;188.255768;56.409657;40.976444;1;61294;
7;1761;1755307;31147;0;56.411446;40.976910;90.099998;188.189560;56.409657;40.976444;1;35773;
7;1762;1756301;31148;0;56.411449;40.976910;91.099998;188.172379;56.409657;40.976444;1;35253;
7;1763;1757276;31149;0;56.411449;40.976906;92.400002;188.106323;56.409657;40.976444;1;56619;
7;1764;1758289;31150;0;56.411453;40.976902;93.199997;188.023315;56.409657;40.976444;1;36427;
7;1765;1759285;31151;0;56.411457;40.976898;94.400002;187.940674;56.409657;40.976444;1;47197;
7;1766;1760289;31152;0;56.411457;40.976894;95.500000;187.874741;56.409657;40.976444;1;10762;
7;1767;1761287;31153;0;56.411457;40.976894;96.199997;187.874741;56.409657;40.976444;1;23401;
7;1768;1762285;31154;0;56.411461;40.976891;96.900002;187.792557;56.409657;40.976444;1;17714;
7;1769;1763287;31155;0;56.411461;40.976891;97.500000;187.792557;56.409657;40.976444;1;43561;
7;1770;1764282;31156;0;56.411461;40.976891;98.300003;187.792557;56.409657;40.976444;1;17671;
7;1771;1765284;31157;0;56.411461;40.976887;99.099998;187.726746;56.409657;40.976444;1;23151;
7;1772;1766300;31158;0;56.411465;40.976883;100.099998;187.644958;56.409657;40.976444;1;10263;
7;1773;1767271;31159;0;56.411465;40.976883;101.000000;187.644958;56.409657;40.976444;1;60202;
7;1774;1768269;31160;0;56.411469;40.976883;101.599998;187.629089;56.409657;40.976444;1;32344;
7;1775;1769267;31161;0;56.411469;40.976879;102.400002;187.563492;56.409657;40.976444;1;27723;
7;1776;1770266;31162;0;56.411472;40.976879;102.900002;187.547821;56.409657;40.976444;1;5482;
7;1777;1771271;31163;0;56.411469;40.976879;102.699997;187.563492;56.409657;40.976444;1;51343;
7;1778;1772266;31164;0;56.411465;40.976883;102.800003;187.644958;56.409657;40.976444;1;15369;
7;1779;1773260;31165;0;56.411461;40.976891;103.300003;187.792557;56.409657;40.976444;1;30422;
7;1780;1774282;31166;0;56.411461;40.976891;103.599998;187.792557;56.409657;40.976444;1;47567;
7;1781;1775276;31167;0;56.411461;40.976891;104.300003;187.792557;56.409657;40.976444;1;29901;
7;1782;1776275;31168;0;56.411465;40.976887;104.900002;187.710663;56.409657;40.976444;1;27704;
7;1783;1777258;31169;0;56.411465;40.976883;105.599998;187.644958;56.409657;40.976444;1;41478;
7;1784;1778252;31170;0;56.411469;40.976883;106.300003;187.629089;56.409657;40.976444;1;17072;
7;1785;1779255;31171;0;56.411469;40.976879;106.900002;187.563492;56.409657;40.976444;1;55229;
7;1786;1780249;31172;0;56.411469;40.976875;107.500000;187.497940;56.409657;40.976444;1;34994;
7;1787;1781245;31173;0;56.411472;40.976875;108.099998;187.482407;56.409657;40.976444;1;28447;
7;1788;1782266;31174;0;56.411472;40.976875;108.699997;187.482407;56.409657;40.976444;1;41607;
7;1789;1783260;31175;0;56.411472;40.976871;109.099998;187.416931;56.409657;40.976444;1;58567;
7;1790;1784262;31176;0;56.411476;40.976871;109.599998;187.401443;56.409657;40.976444;1;2361;
7;1791;1785260;31177;0;56.411476;40.976868;110.099998;187.336121;56.409657;40.976444;1;63290;
7;1792;1786255;31178;0;56.411476;40.976868;110.599998;187.336121;56.409657;40.976444;1;51313;
7;1793;1787248;31179;0;56.411472;40.976860;110.900002;187.220398;56.409657;40.976444;1;27005;
7;1794;1788246;31180;0;56.411469;40.976852;111.000000;187.103989;56.409657;40.976444;1;10457;
7;1795;1789240;31181;0;56.411465;40.976852;111.199997;187.118774;56.409657;40.976444;1;38975;
7;1796;1790256;31182;0;56.411461;40.976852;111.599998;187.133698;56.409657;40.976444;1;42545;
7;1797;1791250;31183;0;56.411465;40.976845;112.099998;186.987091;56.409657;40.976444;1;2417;
7;1798;1792260;31184;0;56.411465;40.976833;112.699997;186.789368;56.409657;40.976444;1;63183;
7;1799;1793255;31185;0;56.411465;40.976830;113.099998;186.723389;56.409657;40.976444;1;34174;
7;1800;1794249;31186;0;56.411465;40.976830;113.500000;186.723389;56.409657;40.976444;1;26036;
7;1801;1795252;31187;0;56.411465;40.976830;114.000000;186.723389;56.409657;40.976444;1;60948;
7;1802;1796250;31188;0;56.411465;40.976830;114.400002;186.723389;56.409657;40.976444;1;4880;
7;1803;1797225;31189;0;56.411465;40.976830;114.900002;186.723389;56.409657;40.976444;1;32705;
7;1804;1798240;31190;0;56.411469;40.976826;115.199997;186.643524;56.409657;40.976444;1;23541;
7;1805;1799239;31191;0;56.411469;40.976826;115.699997;186.643524;56.409657;40.976444;1;27735;
7;1806;1800242;31192;0;56.411465;40.976814;117.300003;186.459427;56.409657;40.976444;1;57834;
7;1807;1801236;31193;0;56.411465;40.976803;118.400002;186.261215;56.409657;40.976444;1;44413;
7;1808;1802229;31194;0;56.411461;40.976788;118.699997;186.009369;56.409657;40.976444;1;48074;
7;1809;1803251;31195;0;56.411461;40.976780;119.199997;185.876801;56.409657;40.976444;1;4236;
7;1810;1804246;31196;0;56.411465;40.976776;119.800003;185.798294;56.409657;40.976444;1;31141;
7;1811;1805249;31197;0;56.411469;40.976768;120.599998;185.654007;56.409657;40.976444;1;52739;
7;1812;1806257;31198;0;56.411472;40.976757;121.000000;185.444412;56.409657;40.976444;1;29789;
7;1813;1807232;31199;0;56.411472;40.976742;121.199997;185.180222;56.409657;40.976444;1;4498;
7;1814;1808234;31200;0;56.411480;40.976730;121.400002;184.961227;56.409657;40.976444;1;58045;
7;1815;1809232;31201;0;56.411484;40.976734;121.800003;185.016556;56.409657;40.976444;1;10909;
7;1816;1810226;31202;0;56.411488;40.976742;122.300003;185.137283;56.409657;40.976444;1;22278;
7;1817;1811232;31203;0;56.411488;40.976746;123.000000;185.202835;56.409657;40.976444;1;36605;
7;1818;1812227;31204;0;56.411488;40.976746;123.400002;185.202835;56.409657;40.976444;1;61035;
7;1819;1813225;31205;0;56.411488;40.976746;123.699997;185.202835;56.409657;40.976444;1;1996;
7;1820;1814242;31206;0;56.411488;40.976746;124.000000;185.202835;56.409657;40.976444;1;30855;
7;1821;1815240;31207;0;56.411491;40.976746;124.199997;185.192032;56.409657;40.976444;1;50751;
7;1822;1816241;31208;0;56.411491;40.976742;124.400002;185.126602;56.409657;40.976444;1;59559;
7;1823;1817212;31209;0;56.411491;40.976742;124.599998;185.126602;56.409657;40.976444;1;3542;
7;1824;1818206;31210;0;56.411491;40.976742;124.800003;185.126602;56.409657;40.976444;1;58319;
7;1825;1819213;31211;0;56.411491;40.976742;125.000000;185.126602;56.409657;40.976444;1;2760;
7;1826;1820212;31212;0;56.411491;40.976742;125.199997;185.126602;56.409657;40.976444;1;25986;
7;1827;1821211;31213;0;56.411491;40.976742;125.500000;185.126602;56.409657;40.976444;1;63099;
7;1828;1822228;31214;0;56.411491;40.976742;125.699997;185.126602;56.409657;40.976444;1;14253;
7;1829;1823223;31215;0;56.411495;40.976742;125.900002;185.116119;56.409657;40.976444;1;36862;
7;1830;1824225;31216;0;56.411491;40.976734;126.000000;184.995895;56.409657;40.976444;1;4496;
7;1831;1825224;31217;0;56.411495;40.976730;125.900002;184.920303;56.409657;40.976444;1;30680;
7;1832;1826226;31218;0;56.411495;40.976730;126.099998;184.920303;56.409657;40.976444;1;16337;
7;1833;1827203;31219;0;56.411495;40.976730;126.199997;184.920303;56.409657;40.976444;1;11885;
7;1834;1828210;31220;0;56.411495;40.976730;126.300003;184.920303;56.409657;40.976444;1;46018;
7;1835;1829208;31221;0;56.411495;40.976730;126.400002;184.920303;56.409657;40.976444;1;9329;
7;1836;1830223;31222;0;56.411491;40.976711;126.599998;184.603226;56.409657;40.976444;1;25925;
7;1837;1831221;31223;0;56.411491;40.976688;125.699997;184.210190;56.409657;40.976444;1;59632;
7;1838;1832223;31224;0;56.411491;40.976669;125.199997;183.882309;56.409657;40.976444;1;18909;
7;1839;1833221;31225;0;56.411491;40.976650;124.800003;183.554214;56.409657;40.976444;1;11266;
7;1840;1834221;31226;0;56.411491;40.976627;125.199997;183.160110;56.409657;40.976444;1;1278;
7;1841;1835219;31227;0;56.411491;40.976608;125.199997;182.831528;56.409657;40.976444;1;2588;
7;1842;1836217;31228;0;56.411488;40.976585;125.599998;182.441986;56.409657;40.976444;1;1581;
7;1843;1837200;31229;0;56.411488;40.976562;125.900002;182.046539;56.409657;40.976444;1;32016;
7;1844;1838210;31230;0;56.411484;40.976543;126.199997;181.719955;56.409657;40.976444;1;54858;
7;1845;1839203;31231;0;56.411484;40.976524;126.400002;181.389267;56.409657;40.976444;1;14526;
7;1846;1840206;31232;0;56.411480;40.976505;126.599998;181.061157;56.409657;40.976444;1;33651;
7;1847;1841203;31233;0;56.411472;40.976490;126.400002;180.799606;56.409657;40.976444;1;34443;
7;1848;1842206;31234;0;56.411469;40.976471;126.300003;180.467789;56.409657;40.976444;1;44771;
7;1849;1843204;31235;0;56.411465;40.976448;126.400002;180.063568;56.409657;40.976444;1;20272;
7;1850;1844199;31236;0;56.411461;40.976421;126.599998;179.597992;56.409657;40.976444;1;50543;
7;1851;1845205;31237;0;56.411453;40.976398;126.900002;179.192474;56.409657;40.976444;1;8385;
7;1852;1846213;31238;0;56.411449;40.976376;127.300003;178.785980;56.409657;40.976444;1;54109;
7;1853;1847188;31239;0;56.411449;40.976353;127.699997;178.381561;56.409657;40.976444;1;39586;
7;1854;1848188;31240;0;56.411446;40.976337;127.900002;178.108109;56.409657;40.976444;1;31976;
7;1855;1849187;31241;0;56.411446;40.976318;128.199997;177.770721;56.409657;40.976444;1;12764;
7;1856;1850190;31242;0;56.411446;40.976303;128.399994;177.500809;56.409657;40.976444;1;12636;
7;1857;1851183;31243;0;56.411449;40.976284;128.500000;177.169525;56.409657;40.976444;1;56694;
7;1858;1852182;31244;0;56.411449;40.976265;128.300003;176.833237;56.409657;40.976444;1;29329;
7;1859;1853198;31245;0;56.411449;40.976246;128.399994;176.497116;56.409657;40.976444;1;59720;
7;1860;1854206;31246;0;56.411449;40.976227;128.399994;176.161301;56.409657;40.976444;1;53421;
7;1861;1855204;31247;0;56.411449;40.976204;128.500000;175.758682;56.409657;40.976444;1;9021;
7;1862;1856207;31248;0;56.411453;40.976181;128.500000;175.366257;56.409657;40.976444;1;51138;
7;1863;1857178;31249;0;56.411457;40.976162;128.600006;175.042618;56.409657;40.976444;1;58613;
7;1864;1858183;31250;0;56.411461;40.976147;128.899994;174.787109;56.409657;40.976444;1;65332;
7;1865;1859178;31251;0;56.411461;40.976128;129.000000;174.455017;56.409657;40.976444;1;1716;
7;1866;1860176;31252;0;56.411465;40.976109;128.800003;174.135544;56.409657;40.976444;1;20147;
7;1867;1861178;31253;0;56.411465;40.976093;128.800003;173.870926;56.409657;40.976444;1;55433;
7;1868;1862188;31254;0;56.411469;40.976074;129.000000;173.554016;56.409657;40.976444;1;60306;
7;1869;1863198;31255;0;56.411469;40.976055;129.199997;173.224808;56.409657;40.976444;1;49048;
7;1870;1864193;31256;0;56.411469;40.976036;129.199997;172.896011;56.409657;40.976444;1;38153;
7;1871;1865187;31257;0;56.411469;40.976017;129.300003;172.567673;56.409657;40.976444;1;33650;
7;1872;1866190;31258;0;56.411469;40.975994;129.600006;172.174332;56.409657;40.976444;1;177;
7;1873;1867165;31259;0;56.411469;40.975971;129.800003;171.781723;56.409657;40.976444;1;62788;
7;1874;1868158;31260;0;56.411469;40.975952;130.100006;171.455154;56.409657;40.976444;1;19403;
7;1875;1869162;31261;0;56.411472;40.975933;130.100006;171.147400;56.409657;40.976444;1;60070;
7;1876;1870171;31262;0;56.411472;40.975914;130.100006;170.822632;56.409657;40.976444;1;62206;
7;1877;1871177;31263;0;56.411472;40.975895;130.199997;170.498428;56.409657;40.976444;1;24719;
7;1878;1872172;31264;0;56.411476;40.975876;130.199997;170.195084;56.409657;40.976444;1;3326;
7;1879;1873168;31265;0;56.411476;40.975857;130.199997;169.872772;56.409657;40.976444;1;19610;
7;1880;1874170;31266;0;56.411472;40.975842;130.399994;169.593979;56.409657;40.976444;1;27500;
7;1881;1875172;31267;0;56.411469;40.975819;130.300003;169.185776;56.409657;40.976444;1;63180;
7;1882;1876170;31268;0;56.411469;40.975796;130.000000;168.799973;56.409657;40.976444;1;8255;
7;1883;1877141;31269;0;56.411469;40.975773;129.699997;168.415176;56.409657;40.976444;1;2093;
7;1884;1878154;31270;0;56.411469;40.975750;130.100006;168.031448;56.409657;40.976444;1;48405;
7;1885;1879155;31271;0;56.411469;40.975731;130.399994;167.712509;56.409657;40.976444;1;18528;
7;1886;1880156;31272;0;56.411469;40.975708;130.600006;167.330811;56.409657;40.976444;1;38074;
7;1887;1881159;31273;0;56.411465;40.975689;130.800003;166.987122;56.409657;40.976444;1;34578;
7;1888;1882156;31274;0;56.411461;40.975670;130.899994;166.642929;56.409657;40.976444;1;58023;
7;1889;1883154;31275;0;56.411457;40.975647;131.100006;166.234863;56.409657;40.976444;1;24803;
7;1890;1884153;31276;0;56.411457;40.975624;131.100006;165.855362;56.409657;40.976444;1;27928;
7;1891;1885151;31277;0;56.411453;40.975601;131.199997;165.447586;56.409657;40.976444;1;56235;
7;1892;1886168;31278;0;56.411457;40.975578;131.399994;165.100159;56.409657;40.976444;1;12172;
7;1893;1887144;31279;0;56.411457;40.975555;131.600006;164.724487;56.409657;40.976444;1;33006;
7;1894;1888137;31280;0;56.411457;40.975536;131.800003;164.412491;56.409657;40.976444;1;55011;
7;1895;1889139;31281;0;56.411457;40.975513;131.899994;164.039291;56.409657;40.976444;1;46664;
7;1896;1890138;31282;0;56.411457;40.975494;131.899994;163.729385;56.409657;40.976444;1;29939;
7;1897;1891138;31283;0;56.411457;40.975471;131.899994;163.358765;56.409657;40.976444;1;6940;
7;1898;1892137;31284;0;56.411465;40.975449;131.899994;163.057205;56.409657;40.976444;1;49220;
7;1899;1893132;31285;0;56.411472;40.975433;132.000000;162.880722;56.409657;40.976444;1;11601;
7;1900;1894153;31286;0;56.411484;40.975414;131.899994;162.679703;56.409657;40.976444;1;29861;
7;1901;1895147;31287;0;56.411491;40.975399;131.899994;162.507324;56.409657;40.976444;1;54180;
7;1902;1896148;31288;0;56.411503;40.975384;131.899994;162.370926;56.409657;40.976444;1;55697;
7;1903;1897127;31289;0;56.411514;40.975376;131.800003;162.354553;56.409657;40.976444;1;59837;
7;1904;1898121;31290;0;56.411526;40.975368;131.600006;162.338394;56.409657;40.976444;1;35400;
7;1905;1899120;31291;0;56.411533;40.975353;131.699997;162.171875;56.409657;40.976444;1;55261;
7;1906;1900118;31292;0;56.411537;40.975342;131.699997;162.031067;56.409657;40.976444;1;59974;
7;1907;1901116;31293;0;56.411533;40.975338;131.500000;161.938614;56.409657;40.976444;1;9853;
7;1908;1902138;31294;0;56.411530;40.975334;131.600006;161.845917;56.409657;40.976444;1;65494;
7;1909;1903133;31295;0;56.411522;40.975330;131.699997;161.718109;56.409657;40.976444;1;31196;
7;1910;1904135;31296;0;56.411522;40.975327;132.199997;161.659683;56.409657;40.976444;1;24908;
7;1911;1905134;31297;0;56.411522;40.975327;132.199997;161.659683;56.409657;40.976444;1;43406;
7;1912;1906128;31298;0;56.411522;40.975327;132.000000;161.659683;56.409657;40.976444;1;50201;
7;1913;1907418;31299;0;56.411522;40.975327;131.800003;161.659683;56.409657;40.976444;1;61542;
7;1914;1908402;31301;0;56.411518;40.975327;131.899994;161.624634;56.409657;40.976444;1;50099;
7;1915;1909447;31302;0;56.411518;40.975327;131.899994;161.624634;56.409657;40.976444;1;32604;
7;1916;1910446;31303;0;56.411518;40.975327;131.899994;161.624634;56.409657;40.976444;1;3975;
7;1917;1911445;31304;0;56.411518;40.975327;131.899994;161.624634;56.409657;40.976444;1;30864;
7;1918;1912443;31305;0;56.411518;40.975327;131.899994;161.624634;56.409657;40.976444;1;34061;
7;1919;1913446;31306;0;56.411518;40.975327;131.899994;161.624634;56.409657;40.976444;1;7289;
7;1920;1914444;31307;0;56.411518;40.975327;131.899994;161.624634;56.409657;40.976444;1;9164;
7;1921;1915454;31308;0;56.411518;40.975330;131.899994;161.683167;56.409657;40.976444;1;10481;
7;1922;1916457;31309;0;56.411518;40.975330;131.899994;161.683167;56.409657;40.976444;1;13115;
7;1923;1917455;31310;0;56.411518;40.975330;131.899994;161.683167;56.409657;40.976444;1;12867;
7;1924;1918457;31311;0;56.411518;40.975330;131.800003;161.683167;56.409657;40.976444;1;9361;
7;1925;1919428;31312;0;56.411518;40.975330;131.800003;161.683167;56.409657;40.976444;1;5814;
7;1926;1920431;31313;0;56.411518;40.975330;131.800003;161.683167;56.409657;40.976444;1;1138;
7;1927;1921429;31314;0;56.411518;40.975330;131.800003;161.683167;56.409657;40.976444;1;2602;
7;1928;1922423;31315;0;56.411518;40.975330;131.800003;161.683167;56.409657;40.976444;1;31646;
7;1929;1923442;31316;0;56.411518;40.975334;132.600006;161.683167;56.409657;40.976444;1;41913;
7;1930;1924443;31317;0;56.411522;40.975342;133.300003;161.741730;56.409657;40.976444;1;29054;
7;1931;1925437;31318;0;56.411522;40.975357;134.199997;162.128189;56.409657;40.976444;1;11176;
7;1932;1926441;31319;0;56.411526;40.975372;135.100006;162.397141;56.409657;40.976444;1;39618;
7;1933;1927439;31320;0;56.411526;40.975388;136.000000;162.397141;56.409657;40.976444;1;29998;
7;1934;1928436;31321;0;56.411522;40.975399;136.699997;162.632553;56.409657;40.976444;1;39273;
7;1935;1929415;31322;0;56.411514;40.975407;137.000000;162.776443;56.409657;40.976444;1;35012;
7;1936;1930409;31323;0;56.411499;40.975414;137.100006;162.828659;56.409657;40.976444;1;27068;
7;1937;1931427;31324;0;56.411491;40.975426;138.000000;162.814651;56.409657;40.976444;1;13632;
7;1938;1932425;31325;0;56.411488;40.975437;138.500000;162.927917;56.409657;40.976444;1;12080;
7;1939;1933419;31326;0;56.411488;40.975433;138.800003;163.075577;56.409657;40.976444;1;63850;
7;1940;1934424;31327;0;56.411491;40.975430;139.000000;163.015137;56.409657;40.976444;1;64355;
7;1941;1935422;31328;0;56.411491;40.975430;138.800003;162.988159;56.409657;40.976444;1;61735;
7;1942;1936420;31329;0;56.411491;40.975430;138.699997;162.988159;56.409657;40.976444;1;61993;
7;1943;1937419;31330;0;56.411491;40.975430;138.699997;162.988159;56.409657;40.976444;1;23594;
7;1944;1938413;31331;0;56.411491;40.975430;138.600006;162.988159;56.409657;40.976444;1;24086;
7;1945;1939410;31332;0;56.411491;40.975433;138.500000;162.988159;56.409657;40.976444;1;43139;
7;1946;1940408;31333;0;56.411491;40.975433;138.500000;163.048431;56.409657;40.976444;1;50520;
7;1947;1941403;31334;0;56.411491;40.975433;138.399994;163.048431;56.409657;40.976444;1;37484;
7;1948;1942404;31335;0;56.411495;40.975433;138.399994;163.081589;56.409657;40.976444;1;52077;
7;1949;1943402;31336;0;56.411495;40.975433;138.300003;163.081589;56.409657;40.976444;1;9391;
7;1950;1944396;31337;0;56.411495;40.975433;138.199997;163.081589;56.409657;40.976444;1;33208;
7;1951;1945403;31338;0;56.411495;40.975430;138.100006;163.081589;56.409657;40.976444;1;55784;
7;1952;1946402;31339;0;56.411495;40.975430;138.100006;163.021408;56.409657;40.976444;1;7050;
7;1953;1947418;31340;0;56.411495;40.975430;138.000000;163.021408;56.409657;40.976444;1;50778;
7;1954;1948412;31341;0;56.411499;40.975437;137.500000;163.021408;56.409657;40.976444;1;35783;
7;1955;1949383;31342;0;56.411507;40.975441;136.800003;163.174759;56.409657;40.976444;1;33647;
7;1956;1950389;31343;0;56.411510;40.975441;136.300003;163.300171;56.409657;40.976444;1;13839;
7;1957;1951387;31344;0;56.411510;40.975449;135.600006;163.332626;56.409657;40.976444;1;50555;
7;1958;1952382;31345;0;56.411510;40.975456;135.600006;163.452423;56.409657;40.976444;1;63165;
7;1959;1953386;31346;0;56.411507;40.975464;135.399994;163.572357;56.409657;40.976444;1;55219;
7;1960;1954384;31347;0;56.411503;40.975471;135.500000;163.660614;56.409657;40.976444;1;40667;
7;1961;1955400;31348;0;56.411507;40.975460;135.399994;163.749329;56.409657;40.976444;1;44365;
7;1962;1956397;31349;0;56.411507;40.975460;135.600006;163.600464;56.409657;40.976444;1;50428;
7;1963;1957391;31350;0;56.411507;40.975460;135.699997;163.600464;56.409657;40.976444;1;3903;
7;1964;1958396;31351;0;56.411507;40.975460;135.600006;163.600464;56.409657;40.976444;1;48083;
7;1965;1959367;31352;0;56.411507;40.975460;135.600006;163.600464;56.409657;40.976444;1;38637;
7;1966;1960362;31353;0;56.411507;40.975460;135.600006;163.600464;56.409657;40.976444;1;51192;
7;1967;1961364;31354;0;56.411507;40.975456;135.600006;163.600464;56.409657;40.976444;1;4962;
7;1968;1962369;31355;0;56.411507;40.975456;135.500000;163.540314;56.409657;40.976444;1;18530;
7;1969;1963398;31356;0;56.411507;40.975456;135.500000;163.540314;56.409657;40.976444;1;46856;
7;1970;1964391;31357;0;56.411507;40.975456;135.500000;163.540314;56.409657;40.976444;1;12208;
7;1971;1965386;31358;0;56.411507;40.975456;135.500000;163.540314;56.409657;40.976444;1;38783;
7;1972;1966393;31359;0;56.411507;40.975456;135.399994;163.540314;56.409657;40.976444;1;24785;
7;1973;1967392;31360;0;56.411507;40.975449;134.699997;163.540314;56.409657;40.976444;1;8295;
7;1974;1968385;31361;0;56.411507;40.975441;134.100006;163.420181;56.409657;40.976444;1;5466;
7;1975;1969368;31362;0;56.411507;40.975437;133.199997;163.300171;56.409657;40.976444;1;5668;
7;1976;1970362;31363;0;56.411507;40.975433;132.399994;163.240219;56.409657;40.976444;1;28418;
7;1977;1971378;31364;0;56.411507;40.975430;132.000000;163.180328;56.409657;40.976444;1;31546;
7;1978;1972375;31365;0;56.411507;40.975430;132.100006;163.120468;56.409657;40.976444;1;6416;
7;1979;1973377;31366;0;56.411507;40.975430;132.100006;163.120468;56.409657;40.976444;1;45148;
7;1980;1974380;31367;0;56.411507;40.975430;132.100006;163.120468;56.409657;40.976444;1;19819;
7;1981;1975374;31368;0;56.411507;40.975430;132.000000;163.120468;56.409657;40.976444;1;8584;
7;1982;1976368;31369;0;56.411507;40.975430;132.000000;163.120468;56.409657;40.976444;1;51518;
7;1983;1977375;31370;0;56.411507;40.975430;132.000000;163.120468;56.409657;40.976444;1;35142;
7;1984;1978372;31371;0;56.411507;40.975426;131.899994;163.120468;56.409657;40.976444;1;40332;
7;1985;1979361;31372;0;56.411507;40.975426;131.899994;163.060608;56.409657;40.976444;1;34446;
7;1986;1980359;31373;0;56.411507;40.975426;131.800003;163.060608;56.409657;40.976444;1;51979;
7;1987;1981358;31374;0;56.411507;40.975426;131.800003;163.060608;56.409657;40.976444;1;15772;
7;1988;1982361;31375;0;56.411507;40.975426;131.800003;163.060608;56.409657;40.976444;1;50785;
7;1989;1983359;31376;0;56.411507;40.975426;131.800003;163.060608;56.409657;40.976444;1;44516;
7;1990;1984357;31377;0;56.411503;40.975422;131.199997;163.060608;56.409657;40.976444;1;1660;
7;1991;1985359;31378;0;56.411507;40.975422;131.300003;162.967743;56.409657;40.976444;1;20282;
7;1992;1986353;31379;0;56.411507;40.975418;131.300003;163.000839;56.409657;40.976444;1;37376;
7;1993;1987371;31380;0;56.411507;40.975418;131.199997;162.941071;56.409657;40.976444;1;27266;
7;1994;1988368;31381;0;56.411507;40.975418;131.199997;162.941071;56.409657;40.976444;1;14375;
7;1995;1989343;31382;0;56.411507;40.975414;131.100006;162.941071;56.409657;40.976444;1;15179;
7;1996;1990347;31383;0;56.411507;40.975414;131.000000;162.881363;56.409657;40.976444;1;52905;
7;1997;1991340;31384;0;56.411507;40.975414;131.000000;162.881363;56.409657;40.976444;1;1784;
7;1998;1992342;31385;0;56.411503;40.975414;130.899994;162.881363;56.409657;40.976444;1;58506;
7;1999;1993341;31386;0;56.411503;40.975410;130.800003;162.848083;56.409657;40.976444;1;12149;
7;2000;1994339;31387;0;56.411503;40.975410;130.800003;162.788300;56.409657;40.976444;1;41762;
7;2001;1995355;31388;0;56.411499;40.975426;130.500000;162.788300;56.409657;40.976444;1;8697;
7;2002;1996353;31389;0;56.411491;40.975441;130.300003;162.994522;56.409657;40.976444;1;26589;
7;2003;1997347;31389;0;56.411491;40.975441;130.300003;163.169098;56.409657;40.976444;1;26996;
7;2004;1998363;31391;0;56.411476;40.975468;130.100006;163.284790;56.409657;40.976444;1;14340;
7;2005;1999334;31392;0;56.411465;40.975483;130.100006;163.462616;56.409657;40.976444;1;21066;
7;2006;2000342;31393;0;56.411457;40.975494;130.199997;163.609589;56.409657;40.976444;1;5956;
7;2007;2001336;31394;0;56.411449;40.975513;130.500000;163.729385;56.409657;40.976444;1;33881;
7;2008;2002332;31395;0;56.411442;40.975540;130.300003;163.974823;56.409657;40.976444;1;39968;
7;2009;2003349;31396;0;56.411430;40.975563;129.899994;164.348587;56.409657;40.976444;1;41352;
7;2010;2004347;31397;0;56.411419;40.975582;129.600006;164.632202;56.409657;40.976444;1;58569;
7;2011;2005346;31398;0;56.411411;40.975594;129.600006;164.856323;56.409657;40.976444;1;7750;
7;2012;2006349;31399;0;56.411400;40.975597;129.600006;164.986221;56.409657;40.976444;1;60218;
7;2013;2007343;31400;0;56.411388;40.975605;129.300003;164.956818;56.409657;40.976444;1;22693;
7;2014;2008348;31401;0;56.411377;40.975616;129.100006;164.992172;56.409657;40.976444;1;43886;
7;2015;2009318;31401;0;56.411377;40.975616;129.100006;165.093582;56.409657;40.976444;1;60629;
7;2016;2010312;31402;0;56.411369;40.975632;129.100006;165.294052;56.409657;40.976444;1;10503;
7;2017;2011334;31404;0;56.411358;40.975655;129.600006;165.461380;56.409657;40.976444;1;50374;
7;2018;2012332;31405;0;56.411346;40.975666;129.500000;165.598816;56.409657;40.976444;1;13510;
7;2019;2013330;31406;0;56.411339;40.975674;129.199997;165.706772;56.409657;40.976444;1;61174;
7;2020;2014329;31407;0;56.411331;40.975685;129.600006;165.779602;56.409657;40.976444;1;2617;
7;2021;2015327;31408;0;56.411324;40.975704;129.899994;165.921143;56.409657;40.976444;1;34833;
7;2022;2016331;31409;0;56.411312;40.975716;129.699997;166.200821;56.409657;40.976444;1;25876;
7;2023;2017326;31410;0;56.411304;40.975727;129.199997;166.315796;56.409657;40.976444;1;22410;
7;2024;2018320;31410;0;56.411304;40.975727;129.199997;166.462738;56.409657;40.976444;1;23369;
7;2025;2019319;31411;0;56.411293;40.975735;128.899994;166.511246;56.409657;40.976444;1;16060;
7;2026;2020312;31412;0;56.411278;40.975746;128.899994;166.600555;56.409657;40.976444;1;6304;
7;2027;2021317;31413;0;56.411263;40.975761;128.699997;166.762924;56.409657;40.976444;1;53594;
7;2028;2022325;31415;0;56.411236;40.975788;128.100006;166.928665;56.409657;40.976444;1;49649;
7;2029;2023323;31415;0;56.411236;40.975788;128.100006;167.055237;56.409657;40.976444;1;55869;
7;2030;2024323;31417;0;56.411213;40.975803;127.199997;167.110428;56.409657;40.976444;1;9648;
7;2031;2025318;31417;0;56.411213;40.975803;127.199997;167.166504;56.409657;40.976444;1;5886;
7;2032;2026312;31418;0;56.411201;40.975811;127.199997;167.223404;56.409657;40.976444;1;59347;
7;2033;2027336;31419;0;56.411190;40.975822;127.000000;167.356277;56.409657;40.976444;1;37605;
7;2034;2028341;31420;0;56.411179;40.975830;126.900002;167.415543;56.409657;40.976444;1;8859;
7;2035;2029316;31421;0;56.411171;40.975834;127.199997;167.430206;56.409657;40.976444;1;20796;
7;2036;2030318;31422;0;56.411160;40.975838;127.199997;167.414185;56.409657;40.976444;1;11787;
7;2037;2031311;31423;0;56.411152;40.975845;127.199997;167.506088;56.409657;40.976444;1;33133;
7;2038;2032315;31424;0;56.411144;40.975849;127.199997;167.521530;56.409657;40.976444;1;1236;
7;2039;2033315;31426;0;56.411129;40.975857;127.000000;167.459198;56.409657;40.976444;1;47338;
7;2040;2034313;31426;0;56.411129;40.975857;127.000000;167.552826;56.409657;40.976444;1;64916;
7;2041;2035331;31428;0;56.411102;40.975883;127.099998;167.695221;56.409657;40.976444;1;9269;
7;2042;2036324;31429;0;56.411091;40.975891;127.300003;167.888779;56.409657;40.976444;1;16478;
7;2043;2037321;31430;0;56.411079;40.975899;127.699997;167.956223;56.409657;40.976444;1;47227;
7;2044;2038326;31430;0;56.411079;40.975899;127.699997;168.024719;56.409657;40.976444;1;29308;
7;2045;2039297;31431;0;56.411068;40.975906;128.000000;168.094452;56.409657;40.976444;1;46533;
7;2046;2040295;31432;0;56.411053;40.975918;128.300003;168.216904;56.409657;40.976444;1;51044;
7;2047;2041294;31433;0;56.411041;40.975925;128.600006;168.289612;56.409657;40.976444;1;5499;
7;2048;2042292;31434;0;56.411034;40.975941;128.600006;168.563538;56.409657;40.976444;1;15656;
7;2049;2043309;31435;0;56.411022;40.975952;128.500000;168.725494;56.409657;40.976444;1;59759;
7;2050;2044306;31436;0;56.411007;40.975964;128.500000;168.859833;56.409657;40.976444;1;49429;
7;2051;2045305;31437;0;56.410995;40.975975;128.600006;169.027924;56.409657;40.976444;1;31862;
7;2052;2046308;31438;0;56.410984;40.975986;128.500000;169.199173;56.409657;40.976444;1;47875;
7;2053;2047303;31439;0;56.410973;40.976002;128.600006;169.462250;56.409657;40.976444;1;16307;
7;2054;2048301;31440;0;56.410961;40.976017;128.300003;169.730453;56.409657;40.976444;1;39400;
7;2055;2049284;31441;0;56.410950;40.976028;128.000000;169.913254;56.409657;40.976444;1;10135;
7;2056;2050278;31442;0;56.410938;40.976040;127.699997;170.099487;56.409657;40.976444;1;42819;
7;2057;2051291;31443;0;56.410931;40.976055;127.400002;170.410019;56.409657;40.976444;1;48224;
7;2058;2052288;31444;0;56.410919;40.976070;127.199997;170.697464;56.409657;40.976444;1;5947;
7;2059;2053289;31445;0;56.410908;40.976082;127.099998;170.896210;56.409657;40.976444;1;28721;
7;2060;2054291;31446;0;56.410896;40.976097;127.199997;171.194336;56.409657;40.976444;1;35135;
7;2061;2055286;31447;0;56.410885;40.976109;127.199997;171.402084;56.409657;40.976444;1;8921;
7;2062;2056284;31448;0;56.410873;40.976120;127.400002;171.613922;56.409657;40.976444;1;5093;
7;2063;2057287;31449;0;56.410858;40.976135;127.400002;171.903076;56.409657;40.976444;1;22688;
7;2064;2058281;31450;0;56.410843;40.976151;127.199997;172.200241;56.409657;40.976444;1;14471;
7;2065;2059271;31451;0;56.410828;40.976158;127.199997;172.302582;56.409657;40.976444;1;54565;
7;2066;2060273;31452;0;56.410816;40.976170;126.900002;172.534912;56.409657;40.976444;1;56250;
7;2067;2061276;31453;0;56.410801;40.976181;126.599998;172.748215;56.409657;40.976444;1;4461;
7;2068;2062273;31454;0;56.410789;40.976196;126.400002;173.096176;56.409657;40.976444;1;8450;
7;2069;2063268;31455;0;56.410778;40.976212;126.500000;173.451767;56.409657;40.976444;1;45527;
7;2070;2064266;31456;0;56.410763;40.976227;126.599998;173.793915;56.409657;40.976444;1;32910;
7;2071;2065271;31457;0;56.410751;40.976238;126.500000;174.057083;56.409657;40.976444;1;29795;
7;2072;2066269;31458;0;56.410736;40.976250;126.400002;174.306351;56.409657;40.976444;1;35142;
7;2073;2067279;31459;0;56.410725;40.976257;126.400002;174.469940;56.409657;40.976444;1;62364;
7;2074;2068277;31460;0;56.410713;40.976269;126.400002;174.750610;56.409657;40.976444;1;2779;
7;2075;2069256;31461;0;56.410698;40.976280;126.300003;175.019897;56.409657;40.976444;1;18841;
7;2076;2070255;31462;0;56.410683;40.976288;126.400002;175.179886;56.409657;40.976444;1;35555;
7;2077;2071252;31463;0;56.410667;40.976295;127.000000;175.344925;56.409657;40.976444;1;44570;
7;2078;2072254;31464;0;56.410652;40.976303;127.500000;175.515564;56.409657;40.976444;1;39864;
7;2079;2073253;31465;0;56.410641;40.976307;128.000000;175.585449;56.409657;40.976444;1;49950;
7;2080;2074251;31466;0;56.410629;40.976315;128.600006;175.781158;56.409657;40.976444;1;36418;
7;2081;2075261;31467;0;56.410614;40.976322;128.899994;175.965271;56.409657;40.976444;1;25739;
7;2082;2076267;31468;0;56.410603;40.976326;129.300003;176.043747;56.409657;40.976444;1;30253;
7;2083;2077266;31469;0;56.410587;40.976334;129.399994;176.237640;56.409657;40.976444;1;6974;
7;2084;2078260;31470;0;56.410572;40.976341;129.300003;176.438354;56.409657;40.976444;1;5307;
7;2085;2079235;31471;0;56.410557;40.976353;129.300003;176.779556;56.409657;40.976444;1;36735;
7;2086;2080236;31472;0;56.410542;40.976360;129.399994;176.996750;56.409657;40.976444;1;975;
7;2087;2081234;31473;0;56.410526;40.976364;129.600006;177.083130;56.409657;40.976444;1;62242;
7;2088;2082236;31474;0;56.410515;40.976368;129.699997;177.184952;56.409657;40.976444;1;10162;
7;2089;2083245;31475;0;56.410503;40.976368;129.899994;177.146439;56.409657;40.976444;1;63108;
7;2090;2084246;31476;0;56.410484;40.976372;130.100006;177.227142;56.409657;40.976444;1;8657;
7;2091;2085245;31477;0;56.410465;40.976376;130.199997;177.309982;56.409657;40.976444;1;39733;
7;2092;2086240;31478;0;56.410446;40.976379;130.100006;177.398453;56.409657;40.976444;1;53531;
7;2093;2087245;31479;0;56.410431;40.976383;129.800003;177.503387;56.409657;40.976444;1;47521;
7;2094;2088243;31480;0;56.410416;40.976383;129.699997;177.453140;56.409657;40.976444;1;63182;
7;2095;2089218;31481;0;56.410400;40.976383;129.800003;177.400696;56.409657;40.976444;1;24103;
7;2096;2090216;31482;0;56.410389;40.976383;130.100006;177.359711;56.409657;40.976444;1;39698;
7;2097;2091230;31483;0;56.410374;40.976383;130.100006;177.303284;56.409657;40.976444;1;12063;
7;2098;2092231;31484;0;56.410362;40.976383;129.699997;177.260452;56.409657;40.976444;1;56440;
7;2099;2093233;31485;0;56.410347;40.976379;129.600006;177.024673;56.409657;40.976444;1;35519;
7;2100;2094227;31486;0;56.410336;40.976379;130.000000;176.975815;56.409657;40.976444;1;29791;
7;2101;2095229;31487;0;56.410320;40.976376;130.199997;176.724289;56.409657;40.976444;1;3622;
7;2102;2096227;31488;0;56.410309;40.976376;130.199997;176.666840;56.409657;40.976444;1;22153;
7;2103;2097225;31489;0;56.410294;40.976372;130.100006;176.397736;56.409657;40.976444;1;388;
7;2104;2098227;31490;0;56.410282;40.976368;130.000000;176.140106;56.409657;40.976444;1;49557;
7;2105;2099217;31491;0;56.410271;40.976364;130.500000;175.872650;56.409657;40.976444;1;16551;
7;2106;2100216;31492;0;56.410255;40.976364;130.800003;175.767517;56.409657;40.976444;1;27474;
7;2107;2101215;31493;0;56.410244;40.976357;131.199997;175.276901;56.409657;40.976444;1;55074;
7;2108;2102209;31494;0;56.410236;40.976349;131.300003;174.801071;56.409657;40.976444;1;49919;
7;2109;2103216;31495;0;56.410225;40.976345;131.300003;174.485901;56.409657;40.976444;1;22467;
7;2110;2104213;31496;0;56.410210;40.976341;131.399994;174.118286;56.409657;40.976444;1;11752;
7;2111;2105211;31497;0;56.410198;40.976337;131.300003;173.773956;56.409657;40.976444;1;2140;
7;2112;2106212;31498;0;56.410191;40.976334;131.199997;173.462097;56.409657;40.976444;1;34337;
7;2113;2107221;31499;0;56.410191;40.976334;131.100006;173.462097;56.409657;40.976444;1;65496;
7;2114;2108219;31500;0;56.410191;40.976334;131.100006;173.462097;56.409657;40.976444;1;48794;
7;2115;2109197;31501;0;56.410191;40.976334;131.100006;173.462097;56.409657;40.976444;1;26320;
7;2116;2110194;31502;0;56.410191;40.976334;132.100006;173.462097;56.409657;40.976444;1;62661;
7;2117;2111196;31503;0;56.410187;40.976341;133.100006;173.865860;56.409657;40.976444;1;17162;
7;2118;2112191;31504;0;56.410187;40.976345;133.899994;174.091492;56.409657;40.976444;1;10628;
7;2119;2113193;31505;0;56.410187;40.976349;134.500000;174.317474;56.409657;40.976444;1;63685;
7;2120;2114192;31506;0;56.410183;40.976353;134.800003;174.504639;56.409657;40.976444;1;32389;
7;2121;2115205;31507;0;56.410183;40.976357;135.000000;174.731384;56.409657;40.976444;1;4950;
7;2122;2116203;31508;0;56.410183;40.976357;134.899994;174.731384;56.409657;40.976444;1;8713;
7;2123;2117200;31509;0;56.410183;40.976357;134.899994;174.731384;56.409657;40.976444;1;15864;
7;2124;2118198;31510;0;56.410183;40.976357;134.899994;174.731384;56.409657;40.976444;1;38861;
7;2125;2119176;31511;0;56.410179;40.976349;133.800003;174.235214;56.409657;40.976444;1;35765;
7;2126;2120173;31512;0;56.410175;40.976345;132.800003;173.962234;56.409657;40.976444;1;62143;
7;2127;2121167;31513;0;56.410172;40.976345;132.199997;173.917786;56.409657;40.976444;1;4312;
7;2128;2122171;31514;0;56.410168;40.976345;131.500000;173.872635;56.409657;40.976444;1;30600;
7;2129;2123183;31515;0;56.410164;40.976345;130.800003;173.826736;56.409657;40.976444;1;32423;
7;2130;2124176;31516;0;56.410160;40.976341;130.600006;173.543533;56.409657;40.976444;1;18306;
7;2131;2125185;31517;0;56.410145;40.976334;130.000000;172.855026;56.409657;40.976444;1;11135;
7;2132;2126180;31518;0;56.410133;40.976337;129.899994;172.935333;56.409657;40.976444;1;7311;
7;2133;2127180;31519;0;56.410126;40.976341;129.699997;173.074768;56.409657;40.976444;1;52766;
7;2134;2128173;31520;0;56.410118;40.976345;129.199997;173.220398;56.409657;40.976444;1;1933;
7;2135;2129150;31521;0;56.410110;40.976349;129.100006;173.371033;56.409657;40.976444;1;35882;
7;2136;2130151;31522;0;56.410099;40.976345;129.000000;172.931381;56.409657;40.976444;1;27978;
7;2137;2131165;31523;0;56.410084;40.976345;128.600006;172.681946;56.409657;40.976444;1;12239;
7;2138;2132163;31524;0;56.410072;40.976349;128.500000;172.768509;56.409657;40.976444;1;17709;
7;2139;2133166;31525;0;56.410057;40.976353;128.399994;172.792984;56.409657;40.976444;1;27252;
7;2140;2134160;31526;0;56.410046;40.976357;128.600006;172.888641;56.409657;40.976444;1;23677;
7;2141;2135161;31527;0;56.410030;40.976360;128.600006;172.920197;56.409657;40.976444;1;9449;
7;2142;2136159;31528;0;56.410015;40.976357;128.500000;172.289688;56.409657;40.976444;1;57544;
7;2143;2137158;31529;0;56.410000;40.976353;128.399994;171.608932;56.409657;40.976444;1;14352;
7;2144;2138160;31530;0;56.409981;40.976357;128.500000;171.485947;56.409657;40.976444;1;3437;
7;2145;2139146;31531;0;56.409962;40.976360;128.500000;171.350983;56.409657;40.976444;1;18627;
7;2146;2140151;31532;0;56.409943;40.976364;128.500000;171.194107;56.409657;40.976444;1;40795;
7;2147;2141146;31533;0;56.409927;40.976368;128.600006;171.141495;56.409657;40.976444;1;64956;
7;2148;2142144;31534;0;56.409912;40.976376;128.600006;171.544785;56.409657;40.976444;1;1219;
7;2149;2143146;31535;0;56.409897;40.976379;128.600006;171.508301;56.409657;40.976444;1;57254;
7;2150;2144147;31536;0;56.409885;40.976383;128.699997;171.606308;56.409657;40.976444;1;12849;
7;2151;2145141;31537;0;56.409870;40.976391;128.899994;172.124908;56.409657;40.976444;1;8743;
7;2152;2146143;31538;0;56.409855;40.976391;128.699997;171.530441;56.409657;40.976444;1;57543;
7;2153;2147156;31539;0;56.409843;40.976398;128.600006;172.284210;56.409657;40.976444;1;6905;
7;2154;2148160;31540;0;56.409828;40.976402;128.500000;172.294342;56.409657;40.976444;1;1545;
7;2155;2149131;31541;0;56.409813;40.976406;128.600006;172.312103;56.409657;40.976444;1;63715;
7;2156;2150125;31542;0;56.409801;40.976410;128.399994;172.528259;56.409657;40.976444;1;2265;
7;2157;2151174;31543;0;56.409786;40.976418;128.199997;173.492233;56.409657;40.976444;1;20492;
7;2158;2152173;31544;0;56.409771;40.976425;127.900002;174.728821;56.409657;40.976444;1;19575;
7;2159;2153186;31545;0;56.409756;40.976429;127.500000;175.111038;56.409657;40.976444;1;15710;
7;2160;2154202;31546;0;56.409737;40.976433;127.099998;175.475143;56.409657;40.976444;1;22097;
7;2161;2155199;31547;0;56.409721;40.976440;126.599998;178.066467;56.409657;40.976444;1;46025;
7;2162;2156196;31548;0;56.409706;40.976444;126.300003;179.576675;56.409657;40.976444;1;4822;
7;2163;2157193;31549;0;56.409695;40.976448;126.099998;183.047729;56.409657;40.976444;1;44348;
7;2164;2158170;31550;0;56.409679;40.976452;125.900002;190.630157;56.409657;40.976444;1;59550;
7;2165;2159176;31551;0;56.409668;40.976452;126.699997;200.947266;56.409657;40.976444;1;61078;
7;2166;2160170;31552;0;56.409660;40.976448;126.900002;208.806107;56.409657;40.976444;1;51483;
7;2167;2161164;31553;0;56.409649;40.976448;126.900002;344.494110;56.409657;40.976444;1;44169;
7;2168;2162180;31554;0;56.409641;40.976444;127.000000;2.451533;56.409657;40.976444;1;10784;
7;2169;2163175;31555;0;56.409641;40.976444;127.000000;2.451533;56.409657;40.976444;1;54373;
7;2170;2164175;31556;0;56.409641;40.976444;127.000000;2.451533;56.409657;40.976444;1;9160;
7;2171;2165173;31557;0;56.409641;40.976444;127.000000;2.451533;56.409657;40.976444;1;26469;
7;2172;2166165;31558;0;56.409641;40.976440;127.000000;8.171104;56.409657;40.976444;1;65387;
7;2173;2167165;31559;0;56.409641;40.976440;127.099998;8.171104;56.409657;40.976444;1;9815;
7;2174;2168138;31560;0;56.409641;40.976440;127.099998;8.171104;56.409657;40.976444;1;30157;
7;2175;2169132;31561;0;56.409641;40.976444;127.199997;2.451533;56.409657;40.976444;1;13810;
7;2176;2170143;31562;0;56.409641;40.976444;127.199997;2.451533;56.409657;40.976444;1;37493;
7;2177;2171163;31563;0;56.409641;40.976444;127.199997;2.451533;56.409657;40.976444;1;60342;
7;2178;2172159;31564;0;56.409641;40.976444;127.199997;2.451533;56.409657;40.976444;1;2505;
7;2179;2173150;31565;0;56.409641;40.976440;127.300003;8.171104;56.409657;40.976444;1;5386;
7;2180;2174146;31566;0;56.409641;40.976444;127.300003;2.451533;56.409657;40.976444;1;28980;
7;2181;2175150;31567;0;56.409641;40.976444;127.300003;2.451533;56.409657;40.976444;1;11628;
7;2182;2176141;31568;0;56.409641;40.976444;127.300003;2.451533;56.409657;40.976444;1;30254;
7;2183;2177140;31569;0;56.409641;40.976444;127.300003;2.451533;56.409657;40.976444;1;50210;
7;2184;2178128;31570;0;56.409641;40.976444;127.300003;2.451533;56.409657;40.976444;1;43156;
7;2185;2179120;31571;0;56.409641;40.976444;127.300003;2.451533;56.409657;40.976444;1;20147;
7;2186;2180125;31572;0;56.409641;40.976444;127.300003;2.451533;56.409657;40.976444;1;44058;
7;2187;2181118;31573;0;56.409641;40.976444;127.199997;2.451533;56.409657;40.976444;1;62309;
7;2188;2182111;31574;0;56.409645;40.976444;127.199997;56.409657;40.976444;1;12339;
7;2189;2183107;31575;0;56.409645;40.976444;127.199997;56.409657;40.976444;1;47342;
7;2190;2184095;31576;0;56.409645;40.976444;127.199997;56.409657;40.976444;1;21741;
7;2191;2185083;31577;0;56.409645;40.976444;127.300003;56.409657;40.976444;1;14566;
7;2192;2186098;31578;0;56.409645;40.976444;127.300003;56.409657;40.976444;1;63935;
7;2193;2187087;31579;0;56.409645;40.976444;127.300003;56.409657;40.976444;1;65462;
7;2194;2188056;31580;0;56.409645;40.976444;127.300003;56.409657;40.976444;1;39703;
7;2195;2189048;31581;0;56.409645;40.976444;127.400002;56.409657;40.976444;1;23207;
7;2196;2190042;31582;0;56.409645;40.976448;127.400002;350.228058;56.409657;40.976444;1;19733;
7;2197;2191062;31583;0;56.409645;40.976448;127.400002;350.228058;56.409657;40.976444;1;28823;
7;2198;2192065;31584;0;56.409645;40.976448;127.500000;350.228058;56.409657;40.976444;1;46389;
7;2199;2193066;31585;0;56.409645;40.976448;127.500000;350.228058;56.409657;40.976444;1;60069;
7;2200;2194077;31586;0;56.409645;40.976448;127.500000;350.228058;56.409657;40.976444;1;26009;
7;2201;2195074;31587;0;56.409645;40.976448;127.500000;350.228058;56.409657;40.976444;1;57784;
7;2202;2196072;31588;0;56.409645;40.976448;127.599998;350.228058;56.409657;40.976444;1;60022;
7;2203;2197073;31589;0;56.409645;40.976448;127.599998;350.228058;56.409657;40.976444;1;3376;
7;2204;2198048;31590;0;56.409645;40.976448;127.599998;350.228058;56.409657;40.976444;1;19387;
7;2205;2199045;31591;0;56.409645;40.976448;127.699997;350.228058;56.409657;40.976444;1;39145;
7;2206;2200038;31592;0;56.409645;40.976448;127.699997;350.228058;56.409657;40.976444;1;1464;
7;2207;2201046;31593;0;56.409645;40.976448;127.699997;350.228058;56.409657;40.976444;1;50186;
7;2208;2202055;31594;0;56.409645;40.976448;127.699997;350.228058;56.409657;40.976444;1;63351;
7;2209;2203053;31595;0;56.409645;40.976448;127.800003;350.228058;56.409657;40.976444;1;43622;
7;2210;2204070;31596;0;56.409645;40.976448;127.800003;350.228058;56.409657;40.976444;1;48470;
7;2211;2205076;31597;0;56.409645;40.976448;127.800003;350.228058;56.409657;40.976444;1;33875;
7;2212;2206074;31598;0;56.409645;40.976448;127.800003;350.228058;56.409657;40.976444;1;45782;
7;2213;2207070;31599;0;56.409649;40.976448;127.800003;344.494110;56.409657;40.976444;1;63041;
7;2214;2208049;31600;0;56.409649;40.976448;127.900002;344.494110;56.409657;40.976444;1;5833;
7;2215;2209049;31601;0;56.409649;40.976448;127.900002;344.494110;56.409657;40.976444;1;45211;
7;2216;2210062;31602;0;56.409649;40.976448;127.900002;344.494110;56.409657;40.976444;1;17720;
7;2217;2211056;31603;0;56.409649;40.976448;127.900002;344.494110;56.409657;40.976444;1;27119;
7;2218;2212060;31604;0;56.409649;40.976448;127.900002;344.494110;56.409657;40.976444;1;6393;
7;2219;2213054;31605;0;56.409649;40.976448;127.900002;344.494110;56.409657;40.976444;1;24989;
7;2220;2214060;31606;0;56.409649;40.976448;128.000000;344.494110;56.409657;40.976444;1;25605;
7;2221;2215055;31607;0;56.409649;40.976448;128.000000;344.494110;56.409657;40.976444;1;7188;
7;2222;2216054;31608;0;56.409649;40.976452;128.000000;330.700409;56.409657;40.976444;1;55920;
7;2223;2217056;31609;0;56.409649;40.976452;128.000000;330.700409;56.409657;40.976444;1;30885;
7;2224;2218042;31610;0;56.409649;40.976452;128.100006;330.700409;56.409657;40.976444;1;10007;
7;2225;2219039;31611;0;56.409649;40.976452;128.100006;330.700409;56.409657;40.976444;1;18174;
7;2226;2220045;31612;0;56.409649;40.976452;128.100006;330.700409;56.409657;40.976444;1;49765;
7;2227;2221039;31613;0;56.409649;40.976452;128.100006;330.700409;56.409657;40.976444;1;40859;
7;2228;2222037;31614;0;56.409649;40.976452;128.100006;330.700409;56.409657;40.976444;1;43076;
7;2229;2223040;31615;0;56.409649;40.976452;128.199997;330.700409;56.409657;40.976444;1;4164;
7;2230;2224034;31616;0;56.409649;40.976452;128.199997;330.700409;56.409657;40.976444;1;22240;
7;2231;2225037;31617;0;56.409649;40.976452;128.199997;330.700409;56.409657;40.976444;1;62330;
7;2232;2226050;31618;0;56.409649;40.976452;128.199997;330.700409;56.409657;40.976444;1;15120;
7;2233;2227048;31619;0;56.409649;40.976452;128.199997;330.700409;56.409657;40.976444;1;12479;
7;2234;2228024;31620;0;56.409649;40.976452;128.300003;330.700409;56.409657;40.976444;1;61484;
7;2235;2229022;31621;0;56.409649;40.976452;128.199997;330.700409;56.409657;40.976444;1;32472;
7;2236;2230024;31622;0;56.409649;40.976452;128.199997;330.700409;56.409657;40.976444;1;104;
7;2237;2231027;31623;0;56.409649;40.976452;128.199997;330.700409;56.409657;40.976444;1;25490;
7;2238;2232022;31624;0;56.409649;40.976452;128.300003;330.700409;56.409657;40.976444;1;41631;
7;2239;2233020;31625;0;56.409649;40.976452;128.300003;330.700409;56.409657;40.976444;1;59199;
7;2240;2234037;31626;0;56.409649;40.976452;128.300003;330.700409;56.409657;40.976444;1;53794;
7;2241;2235035;31627;0;56.409649;40.976452;128.300003;330.700409;56.409657;40.976444;1;14241;
7;2242;2236033;31628;0;56.409649;40.976452;128.300003;330.700409;56.409657;40.976444;1;63355;
7;2243;2237032;31629;0;56.409649;40.976456;128.300003;320.019501;56.409657;40.976444;1;47816;
7;2244;2238012;31630;0;56.409649;40.976456;128.399994;320.019501;56.409657;40.976444;1;42037;
7;2245;2239006;31631;0;56.409649;40.976456;128.399994;320.019501;56.409657;40.976444;1;29254;
7;2246;2240004;31632;0;56.409649;40.976456;128.399994;320.019501;56.409657;40.976444;1;49200;
7;2247;2241006;31633;0;56.409649;40.976456;128.399994;320.019501;56.409657;40.976444;1;1038;
7;2248;2242019;31634;0;56.409649;40.976456;128.399994;320.019501;56.409657;40.976444;1;13523;
7;2249;2243023;31635;0;56.409649;40.976456;128.399994;320.019501;56.409657;40.976444;1;10727;
7;2250;2244017;31636;0;56.409653;40.976456;128.399994;300.831818;56.409657;40.976444;1;26222;
7;2251;2245013;31637;0;56.409653;40.976456;128.399994;300.831818;56.409657;40.976444;1;37944;
7;2252;2246019;31638;0;56.409653;40.976456;128.500000;300.831818;56.409657;40.976444;1;52788;
7;2253;2247016;31639;0;56.409653;40.976456;128.500000;300.831818;56.409657;40.976444;1;12752;
7;2254;2247992;31640;0;56.409653;40.976456;128.500000;300.831818;56.409657;40.976444;1;88;
7;2255;2248993;31641;0;56.409653;40.976456;128.500000;300.831818;56.409657;40.976444;1;29690;
7;2256;2250002;31642;0;56.409653;40.976456;128.500000;300.831818;56.409657;40.976444;1;3394;
7;2257;2251004;31643;0;56.409641;40.976440;128.800003;8.171104;56.409657;40.976444;1;28266;
7;2258;2252000;31644;0;56.409634;40.976421;129.300003;28.917046;56.409657;40.976444;1;45904;
7;2259;2252996;31645;0;56.409634;40.976410;129.699997;39.698826;56.409657;40.976444;1;36255;
7;2260;2253995;31646;0;56.409634;40.976410;129.699997;39.698826;56.409657;40.976444;1;61221;
7;2261;2254987;31647;0;56.409634;40.976410;129.699997;39.698826;56.409657;40.976444;1;49633;
7;2262;2255986;31648;0;56.409634;40.976410;129.600006;39.698826;56.409657;40.976444;1;65287;
7;2263;2256983;31649;0;56.409645;40.976402;129.500000;63.742733;56.409657;40.976444;1;54363;
7;2264;2257972;31650;0;56.409653;40.976395;129.500000;82.085770;56.409657;40.976444;1;32275;
7;2265;2258972;31651;0;56.409660;40.976398;129.500000;98.565178;56.409657;40.976444;1;14816;
7;2266;2259968;31652;0;56.409668;40.976402;129.899994;116.226494;56.409657;40.976444;1;16801;
7;2267;2260964;31653;0;56.409679;40.976410;130.399994;140.301147;56.409657;40.976444;1;8196;
7;2268;2261967;31654;0;56.409687;40.976421;130.699997;157.447845;56.409657;40.976444;1;22348;
7;2269;2262964;31655;0;56.409687;40.976444;131.100006;179.062759;56.409657;40.976444;1;43197;
7;2270;2263969;31656;0;56.409683;40.976467;131.600006;205.361633;56.409657;40.976444;1;25647;
7;2271;2264964;31657;0;56.409676;40.976479;131.899994;224.908737;56.409657;40.976444;1;34164;
7;2272;2265973;31658;0;56.409672;40.976486;132.000000;236.687973;56.409657;40.976444;1;48092;
7;2273;2266976;31659;0;56.409672;40.976486;132.000000;236.687973;56.409657;40.976444;1;5621;
7;2274;2267955;31660;0;56.409672;40.976486;131.899994;236.687973;56.409657;40.976444;1;231;
7;2275;2268950;31661;0;56.409672;40.976486;131.899994;236.687973;56.409657;40.976444;1;24846;
7;2276;2269952;31662;0;56.409672;40.976486;131.899994;236.687973;56.409657;40.976444;1;35136;
7;2277;2270988;31663;0;56.409672;40.976475;131.300003;227.876526;56.409657;40.976444;1;42986;
7;2278;2271992;31664;0;56.409672;40.976463;130.199997;214.650726;56.409657;40.976444;1;37223;
7;2279;2272990;31665;0;56.409672;40.976460;129.100006;208.930878;56.409657;40.976444;1;63726;
7;2280;2274003;31666;0;56.409676;40.976456;128.300003;198.506210;56.409657;40.976444;1;46038;
7;2281;2275004;31667;0;56.409679;40.976452;127.699997;190.630157;56.409657;40.976444;1;32205;
7;2282;2276002;31668;0;56.409683;40.976456;128.000000;193.315323;56.409657;40.976444;1;30981;
7;2283;2276973;31669;0;56.409683;40.976456;128.100006;193.315323;56.409657;40.976444;1;38254;
7;2284;2277974;31670;0;56.409683;40.976456;128.199997;193.315323;56.409657;40.976444;1;32014;
7;2285;2278978;31671;0;56.409679;40.976452;128.699997;190.630157;56.409657;40.976444;1;62866;
7;2286;2279976;31672;0;56.409679;40.976452;128.699997;190.630157;56.409657;40.976444;1;31739;
7;2287;2280974;31673;0;56.409679;40.976452;128.699997;190.630157;56.409657;40.976444;1;5870;
7;2288;2281984;31674;0;56.409679;40.976448;128.699997;185.356155;56.409657;40.976444;1;57616;
7;2289;2282985;31675;0;56.409679;40.976448;128.699997;185.356155;56.409657;40.976444;1;51113;
7;2290;2283983;31676;0;56.409679;40.976448;128.800003;185.356155;56.409657;40.976444;1;32277;
7;2291;2284986;31677;0;56.409687;40.976433;129.100006;168.347031;56.409657;40.976444;1;4502;
7;2292;2285989;31678;0;56.409687;40.976429;129.800003;164.569351;56.409657;40.976444;1;12083;
7;2293;2286960;31679;0;56.409683;40.976425;130.399994;158.499405;56.409657;40.976444;1;29160;
7;2294;2287958;31680;0;56.409683;40.976425;130.399994;158.499405;56.409657;40.976444;1;48918;
7;2295;2288956;31681;0;56.409683;40.976429;130.399994;162.453918;56.409657;40.976444;1;23054;
7;2296;2289974;31682;0;56.409683;40.976429;130.399994;162.453918;56.409657;40.976444;1;26907;
7;2297;2290975;31683;0;56.409683;40.976421;130.300003;154.638367;56.409657;40.976444;1;55485;
7;2298;2291970;31684;0;56.409683;40.976421;130.399994;154.638367;56.409657;40.976444;1;49721;
7;2299;2292968;31685;0;56.409683;40.976421;130.399994;154.638367;56.409657;40.976444;1;47870;
7;2300;2293971;31686;0;56.409683;40.976421;130.399994;154.638367;56.409657;40.976444;1;35742;
7;2301;2294965;31687;0;56.409683;40.976421;130.399994;154.638367;56.409657;40.976444;1;5045;
7;2302;2295967;31688;0;56.409687;40.976433;131.100006;168.347031;56.409657;40.976444;1;59917;
7;2303;2296942;31689;0;56.409691;40.976444;131.699997;178.601318;56.409657;40.976444;1;56142;
7;2304;2297954;31690;0;56.409698;40.976452;132.300003;185.858002;56.409657;40.976444;1;53275;
7;2305;2298952;31691;0;56.409698;40.976452;132.199997;185.858002;56.409657;40.976444;1;20865;
7;2306;2299951;31692;0;56.409698;40.976452;132.000000;185.858002;56.409657;40.976444;1;43073;
7;2307;2300959;31693;0;56.409698;40.976452;132.000000;185.858002;56.409657;40.976444;1;27123;
7;2308;2301958;31694;0;56.409698;40.976452;132.000000;185.858002;56.409657;40.976444;1;48817;
7;2309;2302952;31695;0;56.409698;40.976452;132.000000;185.858002;56.409657;40.976444;1;53439;
7;2310;2303951;31696;0;56.409698;40.976452;132.100006;185.858002;56.409657;40.976444;1;47300;
7;2311;2304953;31697;0;56.409698;40.976452;132.100006;185.858002;56.409657;40.976444;1;53145;
7;2312;2305964;31698;0;56.409695;40.976448;131.899994;183.047729;56.409657;40.976444;1;14949;
7;2313;2306943;31699;0;56.409695;40.976448;131.800003;183.047729;56.409657;40.976444;1;360;
7;2314;2307938;31700;0;56.409695;40.976448;131.800003;183.047729;56.409657;40.976444;1;11265;
7;2315;2308940;31701;0;56.409695;40.976448;131.800003;183.047729;56.409657;40.976444;1;51586;
7;2316;2309937;31702;0;56.409695;40.976448;131.899994;183.047729;56.409657;40.976444;1;35604;
7;2317;2310930;31703;0;56.409695;40.976448;131.899994;183.047729;56.409657;40.976444;1;38129;
7;2318;2311936;31704;0;56.409691;40.976448;130.500000;183.754654;56.409657;40.976444;1;17316;
7;2319;2312934;31705;0;56.409695;40.976452;129.600006;186.212967;56.409657;40.976444;1;30112;
7;2320;2313947;31706;0;56.409695;40.976452;129.800003;186.212967;56.409657;40.976444;1;21280;
7;2321;2314946;31707;0;56.409695;40.976452;130.000000;186.212967;56.409657;40.976444;1;35551;
7;2322;2315940;31708;0;56.409695;40.976452;130.300003;186.212967;56.409657;40.976444;1;514;
7;2323;2316919;31709;0;56.409695;40.976460;131.199997;192.471710;56.409657;40.976444;1;43469;
7;2324;2317919;31710;0;56.409695;40.976467;132.000000;198.351166;56.409657;40.976444;1;14898;
7;2325;2318914;31711;0;56.409695;40.976486;132.199997;211.328613;56.409657;40.976444;1;17984;
7;2326;2319921;31712;0;56.409695;40.976505;132.199997;221.509537;56.409657;40.976444;1;1783;
7;2327;2320916;31713;0;56.409695;40.976521;132.199997;227.891144;56.409657;40.976444;1;52654;
7;2328;2321928;31714;0;56.409695;40.976532;132.600006;231.833847;56.409657;40.976444;1;33349;
7;2329;2322930;31715;0;56.409691;40.976543;133.199997;237.967728;56.409657;40.976444;1;14013;
7;2330;2323928;31716;0;56.409687;40.976551;133.800003;242.686172;56.409657;40.976444;1;49324;
7;2331;2324929;31717;0;56.409683;40.976559;134.199997;247.133072;56.409657;40.976444;1;32398;
7;2332;2325923;31718;0;56.409679;40.976562;134.600006;250.719925;56.409657;40.976444;1;58313;
7;2333;2326898;31719;0;56.409676;40.976562;134.800003;253.747864;56.409657;40.976444;1;46293;
7;2334;2327899;31720;0;56.409668;40.976566;135.000000;260.383331;56.409657;40.976444;1;5127;
7;2335;2328896;31721;0;56.409660;40.976566;135.500000;266.767120;56.409657;40.976444;1;54636;
7;2336;2329909;31722;0;56.409653;40.976562;135.600006;273.336761;56.409657;40.976444;1;46710;
7;2337;2330907;31723;0;56.409649;40.976551;135.699997;277.356262;56.409657;40.976444;1;57011;
7;2338;2331905;31724;0;56.409645;40.976540;135.500000;282.239075;56.409657;40.976444;1;4952;
7;2339;2332903;31725;0;56.409641;40.976536;135.399994;286.765137;56.409657;40.976444;1;18393;
7;2340;2333908;31726;0;56.409637;40.976532;135.100006;291.450256;56.409657;40.976444;1;41975;
7;2341;2334910;31727;0;56.409634;40.976528;134.500000;296.241913;56.409657;40.976444;1;41214;
7;2342;2335908;31728;0;56.409630;40.976517;134.199997;303.661133;56.409657;40.976444;1;15157;
7;2343;2336879;31729;0;56.409630;40.976501;134.199997;310.138153;56.409657;40.976444;1;37422;
7;2344;2337893;31730;0;56.409634;40.976494;134.399994;309.840851;56.409657;40.976444;1;19113;
7;2345;2338899;31731;0;56.409634;40.976494;134.399994;309.840851;56.409657;40.976444;1;31896;
7;2346;2339898;31732;0;56.409634;40.976494;134.399994;309.840851;56.409657;40.976444;1;35392;
7;2347;2340891;31733;0;56.409634;40.976494;134.399994;309.840851;56.409657;40.976444;1;20687;
7;2348;2341889;31734;0;56.409637;40.976498;134.699997;302.840942;56.409657;40.976444;1;30355;
7;2349;2342889;31735;0;56.409637;40.976501;133.899994;301.068542;56.409657;40.976444;1;8489;
7;2350;2343888;31736;0;56.409634;40.976501;133.300003;305.862488;56.409657;40.976444;1;3350;
7;2351;2344887;31737;0;56.409637;40.976505;132.699997;299.454803;56.409657;40.976444;1;52734;
7;2352;2345904;31738;0;56.409637;40.976505;133.000000;299.454803;56.409657;40.976444;1;65307;
7;2353;2346878;31739;0;56.409637;40.976505;132.899994;299.454803;56.409657;40.976444;1;48909;
7;2354;2347876;31740;0;56.409637;40.976505;132.899994;299.454803;56.409657;40.976444;1;37292;
7;2355;2348870;31741;0;56.409637;40.976498;132.500000;302.840942;56.409657;40.976444;1;9008;
7;2356;2349889;31742;0;56.409637;40.976498;132.699997;302.840942;56.409657;40.976444;1;55499;
7;2357;2350886;31743;0;56.409641;40.976498;132.800003;297.313873;56.409657;40.976444;1;57213;
7;2358;2351885;31744;0;56.409641;40.976498;132.899994;297.313873;56.409657;40.976444;1;12250;
7;2359;2352879;31745;0;56.409641;40.976498;132.899994;297.313873;56.409657;40.976444;1;34210;
7;2360;2353895;31746;0;56.409641;40.976494;132.899994;299.081909;56.409657;40.976444;1;38560;
7;2361;2354893;31747;0;56.409645;40.976501;133.500000;289.878540;56.409657;40.976444;1;707;
7;2362;2355893;31748;0;56.409645;40.976501;133.899994;289.878540;56.409657;40.976444;1;30649;
7;2363;2356864;31749;0;56.409649;40.976501;133.800003;283.543854;56.409657;40.976444;1;11954;
7;2364;2357865;31750;0;56.409649;40.976498;133.699997;284.475555;56.409657;40.976444;1;64736;
7;2365;2358866;31751;0;56.409649;40.976498;133.600006;284.475555;56.409657;40.976444;1;44817;
7;2366;2359872;31752;0;56.409649;40.976498;133.600006;284.475555;56.409657;40.976444;1;9083;
7;2367;2360878;31753;0;56.409649;40.976498;133.500000;284.475555;56.409657;40.976444;1;48025;
7;2368;2361892;31754;0;56.409649;40.976498;133.500000;284.475555;56.409657;40.976444;1;55377;
7;2369;2362886;31755;0;56.409649;40.976498;133.500000;284.475555;56.409657;40.976444;1;21515;
7;2370;2363891;31756;0;56.409649;40.976498;133.399994;284.475555;56.409657;40.976444;1;28453;
7;2371;2364890;31757;0;56.409649;40.976498;133.300003;284.475555;56.409657;40.976444;1;20728;
7;2372;2365885;31758;0;56.409649;40.976498;133.300003;284.475555;56.409657;40.976444;1;47828;
7;2373;2366867;31759;0;56.409649;40.976498;133.300003;284.475555;56.409657;40.976444;1;1406;
7;2374;2367861;31760;0;56.409649;40.976498;133.300003;284.475555;56.409657;40.976444;1;53925;
7;2375;2368863;31761;0;56.409649;40.976498;133.300003;284.475555;56.409657;40.976444;1;35904;
7;2376;2369875;31762;0;56.409649;40.976498;133.300003;284.475555;56.409657;40.976444;1;4863;
7;2377;2370868;31763;0;56.409649;40.976498;133.300003;284.475555;56.409657;40.976444;1;32415;
7;2378;2371873;31764;0;56.409649;40.976498;133.300003;284.475555;56.409657;40.976444;1;28466;
7;2379;2372871;31765;0;56.409649;40.976501;134.000000;283.543854;56.409657;40.976444;1;30224;
7;2380;2373871;31766;0;56.409645;40.976494;134.300003;292.645233;56.409657;40.976444;1;9076;
7;2381;2374869;31767;0;56.409637;40.976482;134.699997;312.108917;56.409657;40.976444;1;29887;
7;2382;2375867;31768;0;56.409626;40.976467;134.800003;337.447876;56.409657;40.976444;1;38866;
7;2383;2376846;31769;0;56.409618;40.976452;134.800003;353.658142;56.409657;40.976444;1;3640;
7;2384;2377857;31770;0;56.409607;40.976437;134.699997;4.839415;56.409657;40.976444;1;16055;
7;2385;2378848;31771;0;56.409603;40.976418;134.699997;15.456792;56.409657;40.976444;1;18863;
7;2386;2379853;31772;0;56.409595;40.976402;134.899994;20.824713;56.409657;40.976444;1;20620;
7;2387;2380846;31773;0;56.409592;40.976387;135.199997;26.017458;56.409657;40.976444;1;10841;
7;2388;2381837;31774;0;56.409584;40.976368;135.500000;30.210070;56.409657;40.976444;1;38348;
7;2389;2382840;31775;0;56.409580;40.976349;135.600006;34.664726;56.409657;40.976444;1;1432;
7;2390;2383837;31776;0;56.409573;40.976330;135.500000;37.032646;56.409657;40.976444;1;22201;
7;2391;2384838;31777;0;56.409565;40.976311;135.500000;38.898643;56.409657;40.976444;1;60667;
7;2392;2385845;31778;0;56.409557;40.976292;135.500000;40.404163;56.409657;40.976444;1;23738;
7;2393;2386814;31779;0;56.409546;40.976273;135.399994;40.645721;56.409657;40.976444;1;44830;
7;2394;2387819;31780;0;56.409538;40.976257;135.399994;41.169189;56.409657;40.976444;1;17086;
7;2395;2388816;31781;0;56.409531;40.976246;135.500000;41.081467;56.409657;40.976444;1;61966;
7;2396;2389814;31782;0;56.409523;40.976231;135.800003;41.515362;56.409657;40.976444;1;29304;
7;2397;2390814;31783;0;56.409512;40.976223;136.199997;40.179543;56.409657;40.976444;1;28846;
7;2398;2391861;31784;0;56.409500;40.976212;136.300003;39.458843;56.409657;40.976444;1;65197;
7;2399;2392876;31785;0;56.409496;40.976208;136.300003;39.238346;56.409657;40.976444;1;60520;
7;2400;2393873;31786;0;56.409496;40.976215;136.300003;38.321690;56.409657;40.976444;1;5413;
7;2401;2394870;31787;0;56.409500;40.976227;136.100006;37.566006;56.409657;40.976444;1;4341;
7;2402;2395847;31788;0;56.409504;40.976242;136.600006;36.243526;56.409657;40.976444;1;42304;
7;2403;2396839;31789;0;56.409515;40.976257;136.899994;36.229275;56.409657;40.976444;1;50805;
7;2404;2397837;31790;0;56.409527;40.976269;136.899994;36.815811;56.409657;40.976444;1;5977;
7;2405;2398837;31791;0;56.409538;40.976284;137.000000;36.854145;56.409657;40.976444;1;9166;
7;2406;2399835;31792;0;56.409546;40.976303;137.100006;35.216259;56.409657;40.976444;1;13184;
7;2407;2400851;31793;0;56.409554;40.976330;137.300003;31.580421;56.409657;40.976444;1;1456;
7;2408;2401844;31794;0;56.409561;40.976345;137.100006;29.915716;56.409657;40.976444;1;53704;
7;2409;2402844;31795;0;56.409573;40.976364;137.000000;27.842886;56.409657;40.976444;1;64556;
7;2410;2403842;31796;0;56.409584;40.976376;136.899994;27.656881;56.409657;40.976444;1;21345;
7;2411;2404838;31797;0;56.409595;40.976379;136.699997;30.451231;56.409657;40.976444;1;35780;
7;2412;2405820;31798;0;56.409603;40.976391;136.500000;28.948595;56.409657;40.976444;1;17924;
7;2413;2406812;31799;0;56.409615;40.976410;136.699997;24.364658;56.409657;40.976444;1;103;
7;2414;2407806;31800;0;56.409626;40.976425;136.699997;19.050024;56.409657;40.976444;1;8688;
7;2415;2408822;31801;0;56.409634;40.976440;136.800003;4.916245;56.409657;40.976444;1;15908;
7;2416;2409818;31802;0;56.409641;40.976452;136.800003;344.494110;56.409657;40.976444;1;10670;
7;2417;2410821;31803;0;56.409649;40.976456;136.699997;320.019501;56.409657;40.976444;1;20433;
7;2418;2411819;31804;0;56.409649;40.976456;136.600006;320.019501;56.409657;40.976444;1;6330;
7;2419;2412814;31805;0;56.409645;40.976456;136.500000;331.193909;56.409657;40.976444;1;55819;
7;2420;2413820;31806;0;56.409645;40.976456;136.399994;331.193909;56.409657;40.976444;1;15861;
7;2421;2414812;31807;0;56.409637;40.976444;136.000000;2.451533;56.409657;40.976444;1;24416;
7;2422;2415786;31808;0;56.409630;40.976429;135.699997;17.546066;56.409657;40.976444;1;63150;
7;2423;2416799;31809;0;56.409626;40.976421;135.699997;22.552137;56.409657;40.976444;1;52711;
7;2424;2417795;31810;0;56.409626;40.976421;135.699997;22.552137;56.409657;40.976444;1;48174;
7;2425;2418793;31811;0;56.409626;40.976421;135.699997;22.552137;56.409657;40.976444;1;46977;
7;2426;2419789;31812;0;56.409630;40.976421;135.699997;25.361620;56.409657;40.976444;1;10122;
7;2427;2420780;31813;0;56.409626;40.976418;136.000000;25.866068;56.409657;40.976444;1;1171;
7;2428;2421791;31814;0;56.409622;40.976410;136.000000;28.953857;56.409657;40.976444;1;35666;
7;2429;2422785;31815;0;56.409618;40.976402;136.600006;31.328577;56.409657;40.976444;1;57823;
7;2430;2423781;31816;0;56.409615;40.976387;137.100006;37.037678;56.409657;40.976444;1;4281;
7;2431;2424797;31817;0;56.409607;40.976372;137.100006;38.960682;56.409657;40.976444;1;11961;
7;2432;2425766;31818;0;56.409599;40.976357;137.199997;40.307468;56.409657;40.976444;1;28520;
7;2433;2426765;31819;0;56.409588;40.976345;137.399994;38.630180;56.409657;40.976444;1;58782;
7;2434;2427761;31820;0;56.409580;40.976334;137.600006;38.736153;56.409657;40.976444;1;9335;
7;2435;2428759;31821;0;56.409573;40.976318;137.500000;39.691265;56.409657;40.976444;1;15536;
7;2436;2429760;31822;0;56.409569;40.976307;137.500000;40.891327;56.409657;40.976444;1;31722;
7;2437;2430753;31823;0;56.409565;40.976295;137.500000;41.957989;56.409657;40.976444;1;56712;
7;2438;2431749;31824;0;56.409561;40.976284;137.500000;42.906071;56.409657;40.976444;1;38293;
7;2439;2432768;31825;0;56.409557;40.976269;137.399994;44.387890;56.409657;40.976444;1;11181;
7;2440;2433761;31826;0;56.409550;40.976254;137.300003;44.651970;56.409657;40.976444;1;46503;
7;2441;2434757;31827;0;56.409542;40.976238;137.199997;44.881329;56.409657;40.976444;1;19504;
7;2442;2435730;31828;0;56.409531;40.976223;137.399994;44.197655;56.409657;40.976444;1;56842;
7;2443;2436728;31829;0;56.409527;40.976208;137.500000;45.252510;56.409657;40.976444;1;12512;
7;2444;2437729;31830;0;56.409519;40.976196;137.199997;44.968777;56.409657;40.976444;1;57846;
7;2445;2438725;31831;0;56.409512;40.976185;137.300003;44.713669;56.409657;40.976444;1;25193;
7;2446;2439726;31832;0;56.409508;40.976170;137.600006;45.606354;56.409657;40.976444;1;8359;
7;2447;2440735;31833;0;56.409500;40.976158;137.699997;45.343182;56.409657;40.976444;1;19024;
7;2448;2441733;31834;0;56.409496;40.976151;137.699997;45.406525;56.409657;40.976444;1;41896;
7;2449;2442730;31835;0;56.409489;40.976139;137.199997;45.168869;56.409657;40.976444;1;65261;
7;2450;2443750;31836;0;56.409485;40.976128;136.500000;45.579727;56.409657;40.976444;1;14316;
7;2451;2444746;31837;0;56.409477;40.976120;136.100006;45.015987;56.409657;40.976444;1;58449;
7;2452;2445717;31838;0;56.409473;40.976112;135.500000;45.078938;56.409657;40.976444;1;55635;
7;2453;2446718;31839;0;56.409470;40.976112;135.600006;44.488743;56.409657;40.976444;1;15800;
7;2454;2447714;31840;0;56.409470;40.976112;135.699997;44.488743;56.409657;40.976444;1;14735;
7;2455;2448726;31841;0;56.409470;40.976112;135.699997;44.488743;56.409657;40.976444;1;6514;
7;2456;2449722;31842;0;56.409466;40.976120;134.899994;43.244698;56.409657;40.976444;1;42091;
7;2457;2450724;31843;0;56.409458;40.976120;134.199997;42.124672;56.409657;40.976444;1;8290;
7;2458;2451721;31844;0;56.409458;40.976120;134.199997;42.124672;56.409657;40.976444;1;39138;
7;2459;2452718;31845;0;56.409458;40.976120;134.300003;42.124672;56.409657;40.976444;1;63713;
7;2460;2453711;31846;0;56.409458;40.976120;134.300003;42.124672;56.409657;40.976444;1;19033;
7;2461;2454718;31847;0;56.409458;40.976105;135.000000;43.438286;56.409657;40.976444;1;6521;
7;2462;2455691;31848;0;56.409454;40.976093;135.500000;43.841518;56.409657;40.976444;1;57341;
7;2463;2456698;31849;0;56.409454;40.976082;136.199997;44.760456;56.409657;40.976444;1;60251;
7;2464;2457698;31850;0;56.409447;40.976067;136.600006;44.880844;56.409657;40.976444;1;24250;
7;2465;2458696;31851;0;56.409439;40.976055;136.899994;44.712940;56.409657;40.976444;1;30644;
7;2466;2459691;31852;0;56.409431;40.976040;136.899994;44.827045;56.409657;40.976444;1;21815;
7;2467;2460691;31853;0;56.409424;40.976028;137.199997;44.671440;56.409657;40.976444;1;50789;
7;2468;2461687;31854;0;56.409416;40.976017;137.300003;44.525013;56.409657;40.976444;1;53613;
7;2469;2462680;31855;0;56.409405;40.976006;137.399994;43.949928;56.409657;40.976444;1;50560;
7;2470;2463679;31856;0;56.409401;40.975998;137.199997;44.012943;56.409657;40.976444;1;31928;
7;2471;2464685;31857;0;56.409393;40.975986;136.800003;43.895557;56.409657;40.976444;1;10668;
7;2472;2465668;31858;0;56.409389;40.975979;136.399994;43.956924;56.409657;40.976444;1;27524;
7;2473;2466663;31859;0;56.409382;40.975971;135.899994;43.615868;56.409657;40.976444;1;12273;
7;2474;2467656;31860;0;56.409378;40.975967;135.199997;43.451153;56.409657;40.976444;1;36107;
7;2475;2468657;31861;0;56.409370;40.975960;134.699997;43.132156;56.409657;40.976444;1;29673;
7;2476;2469652;31862;0;56.409367;40.975952;134.500000;43.200184;56.409657;40.976444;1;12420;
7;2477;2470650;31863;0;56.409359;40.975948;134.600006;42.678570;56.409657;40.976444;1;33083;
7;2478;2471649;31864;0;56.409351;40.975937;134.500000;42.607140;56.409657;40.976444;1;52801;
7;2479;2472661;31865;0;56.409344;40.975925;134.699997;42.539078;56.409657;40.976444;1;49772;
7;2480;2473660;31866;0;56.409332;40.975914;134.699997;42.136402;56.409657;40.976444;1;26955;
7;2481;2474652;31867;0;56.409321;40.975903;134.600006;41.756596;56.409657;40.976444;1;34668;
7;2482;2475621;31868;0;56.409313;40.975895;134.300003;41.515121;56.409657;40.976444;1;38544;
7;2483;2476629;31869;0;56.409313;40.975895;133.500000;41.515121;56.409657;40.976444;1;42838;
7;2484;2477622;31870;0;56.409309;40.975887;133.100006;41.593201;56.409657;40.976444;1;4229;
7;2485;2478614;31871;0;56.409306;40.975880;132.500000;41.669312;56.409657;40.976444;1;46518;
7;2486;2479615;31872;0;56.409302;40.975872;132.000000;41.743736;56.409657;40.976444;1;33151;
7;2487;2480628;31873;0;56.409302;40.975868;131.899994;41.932899;56.409657;40.976444;1;30314;
7;2488;2481631;31874;0;56.409302;40.975861;131.600006;42.307919;56.409657;40.976444;1;55731;
7;2489;2482623;31875;0;56.409302;40.975861;131.699997;42.307919;56.409657;40.976444;1;33438;
7;2490;2483616;31876;0;56.409302;40.975861;131.699997;42.307919;56.409657;40.976444;1;22336;
7;2491;2484616;31877;0;56.409302;40.975861;131.800003;42.307919;56.409657;40.976444;1;29764;
7;2492;2485585;31878;0;56.409298;40.975861;131.699997;42.003117;56.409657;40.976444;1;29515;
7;2493;2486584;31879;0;56.409298;40.975861;131.699997;42.003117;56.409657;40.976444;1;14871;
7;2494;2487589;31880;0;56.409298;40.975861;131.699997;42.003117;56.409657;40.976444;1;14618;
7;2495;2488597;31881;0;56.409298;40.975861;131.600006;42.003117;56.409657;40.976444;1;61057;
7;2496;2489593;31882;0;56.409298;40.975861;131.600006;42.003117;56.409657;40.976444;1;37413;
7;2497;2490590;31883;0;56.409294;40.975864;131.000000;41.515316;56.409657;40.976444;1;8067;
7;2498;2491585;31884;0;56.409294;40.975864;131.000000;41.515316;56.409657;40.976444;1;51805;
7;2499;2492589;31885;0;56.409294;40.975864;131.000000;41.515316;56.409657;40.976444;1;8791;
7;2500;2493581;31886;0;56.409294;40.975864;131.000000;41.515316;56.409657;40.976444;1;35551;
7;2501;2494579;31887;0;56.409294;40.975864;131.000000;41.515316;56.409657;40.976444;1;24882;
7;2502;2495556;31888;0;56.409294;40.975864;131.000000;41.515316;56.409657;40.976444;1;28256;
7;2503;2496563;31889;0;56.409294;40.975864;131.000000;41.515316;56.409657;40.976444;1;60790;
7;2504;2497560;31890;0;56.409294;40.975864;130.899994;41.515316;56.409657;40.976444;1;13452;
